gse,title,n_samples,suppfile,pdat,ftplink
GSE348445,Identification and Characterization of Adrenergic and Mesenchymal Cancer Cell States in Neuroblastoma Using Spatial-Omics [RNA-Seq],33,COUNTS,2026/09/23,ftp://ftp.ncbi.nlm.nih.gov/geo/series/GSE348nnn/GSE348445/
GSE335477,Westernized diet related arachidonic acid metabolism expands DNA error-prone growth factor-dependent colonic quiescent stem cells in adolescent mice,10,TXT,2026/09/23,ftp://ftp.ncbi.nlm.nih.gov/geo/series/GSE335nnn/GSE335477/
GSE307013,Contractile function maintains cardiomyocyte differentiation and inhibits cell cycle activity,5,CSV,2026/09/23,ftp://ftp.ncbi.nlm.nih.gov/geo/series/GSE307nnn/GSE307013/
GSE278954,Liver Disease Reveals KIF12 as a Critical Regulator of Organelle Localization,10,TXT,2026/09/23,ftp://ftp.ncbi.nlm.nih.gov/geo/series/GSE278nnn/GSE278954/
GSE347768,Reprogramming tumor-colonizing bacteria into modular immune cell engagers,12,TXT,2026/09/22,ftp://ftp.ncbi.nlm.nih.gov/geo/series/GSE347nnn/GSE347768/
GSE342684,RNF43 p.G659fs Leads to Natural Killer Cell Dysfunction in MSI-high Colorectal Cancer Through PI3K/AKT/mTOR Signaling and HLA-E Upregulation,19,TXT,2026/09/21,ftp://ftp.ncbi.nlm.nih.gov/geo/series/GSE342nnn/GSE342684/
GSE317981,Circadian bulk RNA-seq profiling in human cerebral organoids,51,"CSV, TXT",2026/09/20,ftp://ftp.ncbi.nlm.nih.gov/geo/series/GSE317nnn/GSE317981/
GSE277686,Census of clustered protocaherins in human semi-guided organoids and 1st trimester embryo at single-cell resolution,17,"MTX, TSV",2026/09/19,ftp://ftp.ncbi.nlm.nih.gov/geo/series/GSE277nnn/GSE277686/
GSE277655,Census of clustered protocaherins in human semi-guided organoids and 1st trimester embryo at single-cell resolution [PCDH_human_embryo],12,"MTX, TSV",2026/09/19,ftp://ftp.ncbi.nlm.nih.gov/geo/series/GSE277nnn/GSE277655/
GSE277654,Census of clustered protocaherins in human semi-guided organoids and 1st trimester embryo at single-cell resolution [PCDH_merged],21,"MTX, TSV",2026/09/19,ftp://ftp.ncbi.nlm.nih.gov/geo/series/GSE277nnn/GSE277654/
GSE343459,IFNAR1-dependent transcriptomic changes in fibroblasts upon skin organoid development,6,TXT,2026/09/18,ftp://ftp.ncbi.nlm.nih.gov/geo/series/GSE343nnn/GSE343459/
GSE318014,CX3CL1 (fractalkine)-CX3CR1 Interface Drives CD8⁺ T Cell-Induced Neurodegeneration in Human Brain Organoids,11,XLSX,2026/09/18,ftp://ftp.ncbi.nlm.nih.gov/geo/series/GSE318nnn/GSE318014/
GSE347528,Transcriptomic comparison of colorectal cancer biopsies and human iPSC-derived intestinal organoids,20,TSV,2026/09/17,ftp://ftp.ncbi.nlm.nih.gov/geo/series/GSE347nnn/GSE347528/
GSE344192,Targeting a calcium-associated mitochondrial vulnerability in TET2-deficient myeloid cells,24,XLSX,2026/09/16,ftp://ftp.ncbi.nlm.nih.gov/geo/series/GSE344nnn/GSE344192/
GSE342984,Elevated glucose in kidney organoids induces tissue-intrinsic inflammation driving epithelial detachment,4,H5,2026/09/16,ftp://ftp.ncbi.nlm.nih.gov/geo/series/GSE342nnn/GSE342984/
GSE332574,Transcriptomic Convergence and the Female Protective Effect in Autism,126,"TSV, TXT",2026/09/16,ftp://ftp.ncbi.nlm.nih.gov/geo/series/GSE332nnn/GSE332574/
GSE329052,MEK inhibition induces persistent growth arrest through Wnt hyperactivation in KRAS wild-type colorectal cancer,12,TSV,2026/09/16,ftp://ftp.ncbi.nlm.nih.gov/geo/series/GSE329nnn/GSE329052/
GSE322665,Programmed ribosomal frameshifting triggers translational stress to promote viral replication,12,TSV,2026/09/16,ftp://ftp.ncbi.nlm.nih.gov/geo/series/GSE322nnn/GSE322665/
GSE307246,Transcriptomic Convergence and the Female Protective Effect in Autism (scRNA-seq),81,TSV,2026/09/16,ftp://ftp.ncbi.nlm.nih.gov/geo/series/GSE307nnn/GSE307246/
GSE301194,Developmental xenocortication using human-derived organoids in mice,8,"CSV, MTX, RDS, TSV",2026/09/16,ftp://ftp.ncbi.nlm.nih.gov/geo/series/GSE301nnn/GSE301194/
GSE312520,Reconstruction of the human nigrostriatal pathway in vitro reveals target-dependent dopamine neuron maturation,9,CSV,2026/09/15,ftp://ftp.ncbi.nlm.nih.gov/geo/series/GSE312nnn/GSE312520/
GSE307429,Stem-cell modeling of cerebellar dysfunction of Angelman syndrome,6,TXT,2026/09/15,ftp://ftp.ncbi.nlm.nih.gov/geo/series/GSE307nnn/GSE307429/
GSE306808,Engineering signaling centers to trigger human trunk morphogenesis in vitro,2,"CSV, H5",2026/09/15,ftp://ftp.ncbi.nlm.nih.gov/geo/series/GSE306nnn/GSE306808/
GSE294657,Chimeric antigen receptor-microglia targeting glioblastoma within cortical organoid,4,"MTX, TSV",2026/09/15,ftp://ftp.ncbi.nlm.nih.gov/geo/series/GSE294nnn/GSE294657/
GSE310576,Lipid Metabolism Remodeling in Human Cardiomyocyte Differentiation and Maturation,15,XLSX,2026/09/14,ftp://ftp.ncbi.nlm.nih.gov/geo/series/GSE310nnn/GSE310576/
GSE346902,Combinatorial E2F knockdown in the prostate cancer PM154 cell line,24,RESULTS,2026/09/11,ftp://ftp.ncbi.nlm.nih.gov/geo/series/GSE346nnn/GSE346902/
GSE346894,Longitudinal Analysis of Matched Patient Biospecimens Reveals Neural Reprogramming of Cancer-Associated Fibroblasts Following Chemotherapy in Pancreatic Cancer,24,"CSV, TXT",2026/09/11,ftp://ftp.ncbi.nlm.nih.gov/geo/series/GSE346nnn/GSE346894/
GSE346272,An Intra-BET Epigenetic Mechanism Driven by BRD4 Controls Pancreatic α-cell Expansion [scRNA-seq],6,"MTX, TSV",2026/09/10,ftp://ftp.ncbi.nlm.nih.gov/geo/series/GSE346nnn/GSE346272/
GSE345590,CRL5-WSB2 Inactivation Drives BIM/NOXA-Mediated Neuronal Apoptosis in Luo-Agrawal Syndrome [hCOs],6,TXT,2026/09/10,ftp://ftp.ncbi.nlm.nih.gov/geo/series/GSE345nnn/GSE345590/
GSE325111,Flash Assembloids: RNA-seq profiling of glioblastoma-brain organoid assembloids modelling early tumour invasion,10,TXT,2026/09/10,ftp://ftp.ncbi.nlm.nih.gov/geo/series/GSE325nnn/GSE325111/
GSE326273,Loss of ABCA4 from photoreceptor discs triggers changes in glial cell homeostasis,2,"CSV, MTX, TSV",2026/09/09,ftp://ftp.ncbi.nlm.nih.gov/geo/series/GSE326nnn/GSE326273/
GSE311792,A patient-specific lung tumoroid platform recapitulates tumor microenvironments for modeling in vitro therapeutic responses and immune-stromal interactions,24,TXT,2026/09/09,ftp://ftp.ncbi.nlm.nih.gov/geo/series/GSE311nnn/GSE311792/
GSE296079,Polarized neocortical organoids with areal signatures upon the formation of anterior and posterior organizers.,14,"CSV, H5AD, MTX, RDS, TXT",2026/09/09,ftp://ftp.ncbi.nlm.nih.gov/geo/series/GSE296nnn/GSE296079/
GSE346218,BRD4 maintains chromaffin-cell identity and promotes pheochromocytoma progression through a SMAD2-dependent transcriptional program,17,TAR,2026/09/08,ftp://ftp.ncbi.nlm.nih.gov/geo/series/GSE346nnn/GSE346218/
GSE345792,ABCA7 deficiency compromises astrocytic lipid homeostasis and impairs neuronal support,1,"CSV, H5AD, MTX, TXT",2026/09/07,ftp://ftp.ncbi.nlm.nih.gov/geo/series/GSE345nnn/GSE345792/
GSE341692,mTORC1 activation drives astrocyte reactivity in cortical tubers and brain organoid models of TSC [scRNA-seq],40,"MTX, TSV",2026/09/05,ftp://ftp.ncbi.nlm.nih.gov/geo/series/GSE341nnn/GSE341692/
GSE341690,mTORC1 activation drives astrocyte reactivity in cortical tubers and brain organoid models of TSC [Bulk RNA-seq],18,CSV,2026/09/05,ftp://ftp.ncbi.nlm.nih.gov/geo/series/GSE341nnn/GSE341690/
GSE346007,Benzo[a]pyrene-induced AHR activation in human ESCs primes premature neurogenesis in cerebral organoids,6,COUNTS,2026/09/03,ftp://ftp.ncbi.nlm.nih.gov/geo/series/GSE346nnn/GSE346007/
GSE331309,Transcriptional profiling of necroptotic signalling in IFNγ/TNF-treated human colonocyte organoids with BCL2-mediated apoptosis blockade,16,TXT,2026/09/03,ftp://ftp.ncbi.nlm.nih.gov/geo/series/GSE331nnn/GSE331309/
GSE330696,Bulk RNA-seq of human colonic organoids treated with IFNγ and TNF,24,TXT,2026/09/03,ftp://ftp.ncbi.nlm.nih.gov/geo/series/GSE330nnn/GSE330696/
GSE296285,Endothelialized callus organoids drive rapid regeneration of critical-size segmental long bone defects,6,"MTX, TSV",2026/09/03,ftp://ftp.ncbi.nlm.nih.gov/geo/series/GSE296nnn/GSE296285/
GSE335987,Effects of therapeutic acetaminophen exposure on human cortical organoid development,56,"MTX, TSV",2026/09/02,ftp://ftp.ncbi.nlm.nih.gov/geo/series/GSE335nnn/GSE335987/
GSE335985,Effects of therapeutic acetaminophen exposure on human cortical organoid development [snRNA-seq],8,"MTX, TSV",2026/09/02,ftp://ftp.ncbi.nlm.nih.gov/geo/series/GSE335nnn/GSE335985/
GSE335920,Effects of therapeutic acetaminophen exposure on human cortical organoid development [RNA-seq],48,CSV,2026/09/02,ftp://ftp.ncbi.nlm.nih.gov/geo/series/GSE335nnn/GSE335920/
GSE307604,METTL3-mediated Epitranscriptomic Regulation Safeguards the Specification of Neural Cell Fate From Human Embryonic Stem Cells,64,"BW, CSV, TXT",2026/09/02,ftp://ftp.ncbi.nlm.nih.gov/geo/series/GSE307nnn/GSE307604/
GSE344683,Characterization of patient-derived liver organoids,8,TXT,2026/09/01,ftp://ftp.ncbi.nlm.nih.gov/geo/series/GSE344nnn/GSE344683/
GSE343714,Patient-derived Colorectal Cancer Organoids Enable Functional Prioritization of Molecular Tumor Board-Recommended Therapies,24,CSV,2026/09/01,ftp://ftp.ncbi.nlm.nih.gov/geo/series/GSE343nnn/GSE343714/
GSE332970,Hepatitis B virus protein X promotes survival and loss of hepatocyte identity in a differentiated human liver organoid system.[RNA-seq],36,TXT,2026/09/01,ftp://ftp.ncbi.nlm.nih.gov/geo/series/GSE332nnn/GSE332970/
GSE307960,Reproducibility assessment of the hiPSC-derived Brain Spheroid model across multiple laboratories and cell lines,1,"MTX, TSV",2026/09/01,ftp://ftp.ncbi.nlm.nih.gov/geo/series/GSE307nnn/GSE307960/
GSE307503,Synergistic antitumor effects of combination therapy with MET TKI vabametkib and a third-generation EGFR TKI lazertinib in MET-amplified EGFR-mutant NSCLC,4,CSV,2026/09/01,ftp://ftp.ncbi.nlm.nih.gov/geo/series/GSE307nnn/GSE307503/
GSE306941,Tumor-Specific SVH-v2 Isoform Generated by PUF60 Promotes Lung Adenocarcinoma Progression by Driving Peripheral Mitochondrial Fission via FIS1 Mislocalization,9,XLSX,2026/09/01,ftp://ftp.ncbi.nlm.nih.gov/geo/series/GSE306nnn/GSE306941/
GSE282281,Single cell RNA seq profile of  Control and EPM1 patient's derived ventral brain organoids as single genotype or as mosaic at 40 days,8,"CSV, H5AD",2026/09/01,ftp://ftp.ncbi.nlm.nih.gov/geo/series/GSE282nnn/GSE282281/
GSE276117,Toxoplasma gondii dictates placental trophoblast lineage specification through induction of decidual signaling cues [TO_bulkRNA-seq],15,TXT,2026/09/01,ftp://ftp.ncbi.nlm.nih.gov/geo/series/GSE276nnn/GSE276117/
GSE276116,Toxoplasma gondii dictates placental trophoblast lineage specification through induction of decidual signaling cues [CV_bulkRNA-seq],6,TXT,2026/09/01,ftp://ftp.ncbi.nlm.nih.gov/geo/series/GSE276nnn/GSE276116/
GSE276115,Toxoplasma gondii dictates placental trophoblast lineage specification through induction of decidual signaling cues [TSC_scRNA-seq],1,"CSV, MTX",2026/09/01,ftp://ftp.ncbi.nlm.nih.gov/geo/series/GSE276nnn/GSE276115/
GSE345464,Compartment-specific PPARδ activity controls the outcome of cancer – immune cell competition and immunotherapy efficacy,58,"CSV, H5, TBI, TSV",2026/08/31,ftp://ftp.ncbi.nlm.nih.gov/geo/series/GSE345nnn/GSE345464/
GSE345254,Activated macrophages restrict invasive bacterial infection in a human intestinal organoid co-culture model,12,XLSX,2026/08/31,ftp://ftp.ncbi.nlm.nih.gov/geo/series/GSE345nnn/GSE345254/
GSE345168,Retinal Organoid–Based Evaluation of Icariin-Loaded Extracellular Vesicles for Hypoxia-Induced Retinal Injury via Mitochondrial Modulation,4,TXT,2026/08/31,ftp://ftp.ncbi.nlm.nih.gov/geo/series/GSE345nnn/GSE345168/
GSE317151,Chemical Induction and Reversal of Photoreceptor Dystrophy in Retinal Organoids,4,"MTX, TSV",2026/08/31,ftp://ftp.ncbi.nlm.nih.gov/geo/series/GSE317nnn/GSE317151/
GSE313206,β-Hydroxybutyrate promotes dopaminergic induction via H3K27ac remodeling in human midbrain organoids [RNA-seq],14,TSV,2026/08/31,ftp://ftp.ncbi.nlm.nih.gov/geo/series/GSE313nnn/GSE313206/
GSE307787,Molecular and Proteomic Profiling of Human Cerebral Organoid‑Derived Small Extracellular Vesicles,9,CSV,2026/08/31,ftp://ftp.ncbi.nlm.nih.gov/geo/series/GSE307nnn/GSE307787/
GSE307315,Clade 2.3.4.4b H5N1 Influenza A Virus Exhibits High Infectivity in Human Respiratory Tract Models,65,TXT,2026/08/31,ftp://ftp.ncbi.nlm.nih.gov/geo/series/GSE307nnn/GSE307315/
GSE289694,Identification of the tendon/ligament stem cell in mice and humans [RNA-seq],57,TSV,2026/08/31,ftp://ftp.ncbi.nlm.nih.gov/geo/series/GSE289nnn/GSE289694/
GSE305943,GBP2 Enhances Anti–PD-L1 Response in Colorectal Cancer by Non-Pyroptotic Inhibition of GSDMD-Mediated YAP Activation,6,TXT,2026/08/30,ftp://ftp.ncbi.nlm.nih.gov/geo/series/GSE305nnn/GSE305943/
GSE248008,A metabolic switch that boosts immune cell fitness against cancer,97,"CSV, H5, TBI",2026/08/28,ftp://ftp.ncbi.nlm.nih.gov/geo/series/GSE248nnn/GSE248008/
GSE325828,Corticothalamic assembloids recapitulate human fetal brain morphologies and enhance neuronal complexity,7,CSV,2026/08/27,ftp://ftp.ncbi.nlm.nih.gov/geo/series/GSE325nnn/GSE325828/
GSE303837,Therapeutic efficacy of sup-tRNA in CFTR-mutated human bronchial epithelial (HBE) cells,9,CSV,2026/08/27,ftp://ftp.ncbi.nlm.nih.gov/geo/series/GSE303nnn/GSE303837/
GSE337365,Generation of alveolar organoids from human induced pluripotent stem cells using a stirred-tank bioreactor,9,"CSV, MTX, TSV",2026/08/26,ftp://ftp.ncbi.nlm.nih.gov/geo/series/GSE337nnn/GSE337365/
GSE333892,Single-cell transcriptomic and organoid multi-omic profiling of NF1-regulated malignant progression in HPV-associated cervical epithelial lesions,64,"RDS, TXT",2026/08/26,ftp://ftp.ncbi.nlm.nih.gov/geo/series/GSE333nnn/GSE333892/
GSE330121,Simple 3D-Printed Stirred Bioreactor Enhances Retinal Organoid Production Via Improved Oxygenation,16,TSV,2026/08/26,ftp://ftp.ncbi.nlm.nih.gov/geo/series/GSE330nnn/GSE330121/
GSE312868,Definition of a transcriptional signature of proteasome stress across cell types and its occurrence with aging,116,,2026/08/26,ftp://ftp.ncbi.nlm.nih.gov/geo/series/GSE312nnn/GSE312868/
GSE312866,Definition of a transcriptional signature of proteasome stress across cell types and its occurrence with aging [RNA-Seq human],80,TXT,2026/08/26,ftp://ftp.ncbi.nlm.nih.gov/geo/series/GSE312nnn/GSE312866/
GSE312429,"Bacteriophage-Mediated Restoration of Epithelial Integrity, DNA Damage Response, and Transcriptomic Homeostasis in Colon Organoids Exposed to ETBF and pks+ E. coli",10,TXT,2026/08/26,ftp://ftp.ncbi.nlm.nih.gov/geo/series/GSE312nnn/GSE312429/
GSE304469,tRNA dosage regulates lineage plasticity and therapy resistance in prostate cancer through codon bias,121,BW,2026/08/26,ftp://ftp.ncbi.nlm.nih.gov/geo/series/GSE304nnn/GSE304469/
GSE338895,Epigenetic Reprogramming Alters Human Intestinal Stem Cell Fate in Pouchitis,42,"BIGWIG, BW, CSV, XLSX",2026/08/25,ftp://ftp.ncbi.nlm.nih.gov/geo/series/GSE338nnn/GSE338895/
GSE333837,Phosphorylation-dependent regulation of gene expression and alternative splicing by THRAP3 in prostate cancer,24,TXT,2026/08/25,ftp://ftp.ncbi.nlm.nih.gov/geo/series/GSE333nnn/GSE333837/
GSE327308,Butyrate Counteracts Maternal Obesity-Induced Cardiac Defects by Promoting PLEKHG3-Actin Binding,27,TXT,2026/08/25,ftp://ftp.ncbi.nlm.nih.gov/geo/series/GSE327nnn/GSE327308/
GSE344256,Human embryonic stem cell-derived hepatic organoids support HBV infection,6,TXT,2026/08/24,ftp://ftp.ncbi.nlm.nih.gov/geo/series/GSE344nnn/GSE344256/
GSE305512,Self-organizing human dual neural organoids model sensory ganglion-spinal cord co-development and region-specific disease defects [BulkRNA_PRDM12_KO],6,CSV,2026/08/24,ftp://ftp.ncbi.nlm.nih.gov/geo/series/GSE305nnn/GSE305512/
GSE305322,Self-organizing human dual neural organoids model sensory ganglion-spinal cord co-development and region-specific disease defects [snRNA_hPCO_D22],2,"MTX, TSV",2026/08/24,ftp://ftp.ncbi.nlm.nih.gov/geo/series/GSE305nnn/GSE305322/
GSE305321,Self-organizing human dual neural organoids model sensory ganglion-spinal cord co-development and region-specific disease defects [scRNA_hPCO_D6-D9-D16-D22],4,"MTX, TSV",2026/08/24,ftp://ftp.ncbi.nlm.nih.gov/geo/series/GSE305nnn/GSE305321/
GSE305320,Self-organizing human dual neural organoids model sensory ganglion-spinal cord co-development and region-specific disease defects [BulkRNA_Drug],12,XLSX,2026/08/24,ftp://ftp.ncbi.nlm.nih.gov/geo/series/GSE305nnn/GSE305320/
GSE305319,Self-organizing human dual neural organoids model sensory ganglion-spinal cord co-development and region-specific disease defects [BulkRNA_GFP],4,CSV,2026/08/24,ftp://ftp.ncbi.nlm.nih.gov/geo/series/GSE305nnn/GSE305319/
GSE333707,Human brain organoid record the passage of time over multiple years [scRNA-seq],34,"MTX, TSV",2026/08/21,ftp://ftp.ncbi.nlm.nih.gov/geo/series/GSE333nnn/GSE333707/
GSE310055,Identification and enrichment of human retinal organoid-derived red/green cone-competent precursors with enhanced axon dynamics,20,"CSV, TXT",2026/08/21,ftp://ftp.ncbi.nlm.nih.gov/geo/series/GSE310nnn/GSE310055/
GSE305425,Self-organizing human dual neural organoids model regional disease defects and teratogenicity,29,"H5, MTX, TSV",2026/08/20,ftp://ftp.ncbi.nlm.nih.gov/geo/series/GSE305nnn/GSE305425/
GSE300985,A standardized patient-derived glioblastoma organoid platform for evaluating radiotherapy efficacy and overcoming resistance,147,CSV,2026/08/20,ftp://ftp.ncbi.nlm.nih.gov/geo/series/GSE300nnn/GSE300985/
GSE343846,HIF-1 Signaling Contributes to Lenvatinib Resistance in Patient-Derived HCC Organoids,6,TXT,2026/08/19,ftp://ftp.ncbi.nlm.nih.gov/geo/series/GSE343nnn/GSE343846/
GSE316878,Nasal cell-derived alveolar organoid-macrophage co-culture,3,"MTX, TSV",2026/08/19,ftp://ftp.ncbi.nlm.nih.gov/geo/series/GSE316nnn/GSE316878/
GSE301515,Human organoids uncover PTEN-driven mesendoderm specification via inhibition of retinoic acid signaling pathways [Single cell RNA-seq],2,"MTX, TSV, TXT",2026/08/19,ftp://ftp.ncbi.nlm.nih.gov/geo/series/GSE301nnn/GSE301515/
GSE301159,Human organoids uncover PTEN-driven mesendoderm specification via inhibition of retinoic acid signaling pathways [RNA-Seq],32,"TXT, XLSX",2026/08/19,ftp://ftp.ncbi.nlm.nih.gov/geo/series/GSE301nnn/GSE301159/
GSE270300,N-glycans in non-malignant tumor microenvironment cells dampen CAR-T cell function in solid tumors [scRNA-seq],1,"CSV, MTX, XLSX",2026/08/19,ftp://ftp.ncbi.nlm.nih.gov/geo/series/GSE270nnn/GSE270300/
GSE265950,N-glycans in non-malignant tumor microenvironment cells dampen CAR-T cell function in solid tumors [RNA-Seq],12,TXT,2026/08/19,ftp://ftp.ncbi.nlm.nih.gov/geo/series/GSE265nnn/GSE265950/
GSE273833,TRAF7 Mutations Stabilize K/NRAS and Hyperactivate MAPK Signaling to Cause CAFDADD Neurodevelopmental Defects,6,XLSX,2026/08/18,ftp://ftp.ncbi.nlm.nih.gov/geo/series/GSE273nnn/GSE273833/
GSE309908,Establishing AAV.PRPF31 gene augmentation in PRPF31-deficient RPE and photoreceptor cells and assessing its efficacy in restoring RPE and photoreceptor function,12,TSV,2026/08/16,ftp://ftp.ncbi.nlm.nih.gov/geo/series/GSE309nnn/GSE309908/
GSE343131,Differential bioenergetic reprogramming driven by sorafenib reveals therapeutic vulnerabilities in biliary tract cancers,24,TSV,2026/08/15,ftp://ftp.ncbi.nlm.nih.gov/geo/series/GSE343nnn/GSE343131/
GSE314119,IL1A promotes inflammation while safeguarding epithelial basal cell identity and barrier function,30,TXT,2026/08/14,ftp://ftp.ncbi.nlm.nih.gov/geo/series/GSE314nnn/GSE314119/
GSE313248,Characterization of Circulating Neoantigen-Specific T Cell Responses and Their Public TCR Repertoires in Lynch Syndrome Carriers (scRNAseq),14,RDS,2026/08/13,ftp://ftp.ncbi.nlm.nih.gov/geo/series/GSE313nnn/GSE313248/
GSE313246,Characterization of Circulating Neoantigen-Specific T Cell Responses and Their Public TCR Repertoires in Lynch Syndrome Carriers (scTCRseq),14,CSV,2026/08/13,ftp://ftp.ncbi.nlm.nih.gov/geo/series/GSE313nnn/GSE313246/
GSE343367,JAX scRNAseq Study01- Single-cell RNA sequencing of male KOLF2.2J hiPSC-derived cortical brain organoids homozygous null for PAX6,2,"H5AD, TXT",2026/08/12,ftp://ftp.ncbi.nlm.nih.gov/geo/series/GSE343nnn/GSE343367/
GSE335470,Impact of viral dsRNA on endometrial decidualization,9,TXT,2026/08/12,ftp://ftp.ncbi.nlm.nih.gov/geo/series/GSE335nnn/GSE335470/
GSE277200,Role of MicroRNA155 in Hippocampal Neurogenesis and GABAergic Signaling in Alzheimer’s Disease [MIR155 Overexpression RNA Sequencing Data],31,XLS,2026/08/12,ftp://ftp.ncbi.nlm.nih.gov/geo/series/GSE277nnn/GSE277200/
GSE277199,Role of MicroRNA155 in Hippocampal Neurogenesis and GABAergic Signaling in Alzheimer’s Disease [MIR155 Knockout RNA Sequencing Data],37,XLSX,2026/08/12,ftp://ftp.ncbi.nlm.nih.gov/geo/series/GSE277nnn/GSE277199/
GSE225778,Adenosine-to-Inosine Safeguards Early Human T-cell Lymphopoiesis by Suppressing MDA5-Mediated dsRNA Sensing,2,TXT,2026/08/12,ftp://ftp.ncbi.nlm.nih.gov/geo/series/GSE225nnn/GSE225778/
GSE309078,Ultrasound-Amplified Exosome Secretion and Antibody-Free SERS Profiling for APOE Genotype-Dependent Signatures,10,TXT,2026/08/11,ftp://ftp.ncbi.nlm.nih.gov/geo/series/GSE309nnn/GSE309078/
GSE273922,Single-cell transcriptomic analysis of midbrain organoids of bipolar disorder patients reveals a mechanism of lithium response,3,"MTX, TSV",2026/08/11,ftp://ftp.ncbi.nlm.nih.gov/geo/series/GSE273nnn/GSE273922/
GSE343226,scRNA-seq analysis of patient-derived organoids treated with JTE-607,5,"RDS, TAB",2026/08/10,ftp://ftp.ncbi.nlm.nih.gov/geo/series/GSE343nnn/GSE343226/
GSE336707,Nuclear GDOWN1 functions as a robust tumor suppressor by triggering premature termination and nuclear export of Pol II CTD phosphatases to facilitate RB activation (TT-seq),2,BW,2026/08/10,ftp://ftp.ncbi.nlm.nih.gov/geo/series/GSE336nnn/GSE336707/
GSE336706,Nuclear GDOWN1 functions as a robust tumor suppressor by triggering premature termination and nuclear export of Pol II CTD phosphatases to facilitate RB activation (RNA-seq),6,XLSX,2026/08/10,ftp://ftp.ncbi.nlm.nih.gov/geo/series/GSE336nnn/GSE336706/
GSE328065,Valve organoids recapitulate human in vivo organogenesis and pathological processes,6,"RDS, XLSX",2026/08/10,ftp://ftp.ncbi.nlm.nih.gov/geo/series/GSE328nnn/GSE328065/
GSE318841,"Next-GenerationPediatric Cancer Models: Patient-Matched Orthotopic Xenografts, 3D Organoids, 2D Cultures, and Cell Lines for Identification of Therapeutic Vulnerabilities in Pediatric Solid Tumors",277,COUNTS,2026/08/10,ftp://ftp.ncbi.nlm.nih.gov/geo/series/GSE318nnn/GSE318841/
GSE294920,A Scalable Microarrayed Organoid Platform for Precision Modeling of Intestinal Epithelial Damage and Recovery,30,CSV,2026/08/10,ftp://ftp.ncbi.nlm.nih.gov/geo/series/GSE294nnn/GSE294920/
GSE335355,Host-derived bile acids drive dysbiosis by selecting bile-resistant epimerizing bacteria in inflammatory bowel disease,15,TSV,2026/08/08,ftp://ftp.ncbi.nlm.nih.gov/geo/series/GSE335nnn/GSE335355/
GSE342791,Development-inspired approach for the derivation of functional and transplantable salivary gland organoids from human pluripotent stem cells [scRNA-Seq],1,"MTX, TSV",2026/08/07,ftp://ftp.ncbi.nlm.nih.gov/geo/series/GSE342nnn/GSE342791/
GSE342790,Development-inspired approach for the derivation of functional and transplantable salivary gland organoids from human pluripotent stem cells [RNA-Seq],16,TSV,2026/08/07,ftp://ftp.ncbi.nlm.nih.gov/geo/series/GSE342nnn/GSE342790/
GSE301111,"Dissecting cellular state alterations critical for the synergistic response and therapy resistance of the combined Abemaciclib, Temozolomide, and Radiation in DIPG PDOX models",14,"MTX, TSV",2026/08/07,ftp://ftp.ncbi.nlm.nih.gov/geo/series/GSE301nnn/GSE301111/
GSE327435,Halofantrine protects photoreceptors in multiple models of retinal degeneration,36,,2026/08/06,ftp://ftp.ncbi.nlm.nih.gov/geo/series/GSE327nnn/GSE327435/
GSE327431,Halofantrine protects photoreceptors in multiple models of retinal degeneration [organoids],15,CSV,2026/08/06,ftp://ftp.ncbi.nlm.nih.gov/geo/series/GSE327nnn/GSE327431/
GSE319124,"Next-GenerationPediatric Cancer Models: Patient-Matched Orthotopic Xenografts, 3D Organoids, 2D Cultures, and Cell Lines for Identification of Therapeutic Vulnerabilities in Pediatric Solid Tumors [scRNAseq]",59,"MTX, TSV",2026/08/06,ftp://ftp.ncbi.nlm.nih.gov/geo/series/GSE319nnn/GSE319124/
GSE304710,Pan-ERBB inhibitors synergize with KRAS inhibitors in rectal cancer,18,TXT,2026/08/06,ftp://ftp.ncbi.nlm.nih.gov/geo/series/GSE304nnn/GSE304710/
GSE304294,A TROP2-targeting ADC synergizes with oxidative phosphorylation inhibitor to enhance apoptosis in ESCC by suppressing the PI3K-AKT-mTOR signaling pathway,11,TXT,2026/08/06,ftp://ftp.ncbi.nlm.nih.gov/geo/series/GSE304nnn/GSE304294/
GSE301846,co-cultures of mesenchymal cells with epithelial organoids promote fusion into bioengineered liver tissues by ECM remodeling,31,TXT,2026/08/05,ftp://ftp.ncbi.nlm.nih.gov/geo/series/GSE301nnn/GSE301846/
GSE341748,3D Human iPSC-Derived Cardiac Organoids for Antifibrotic Drug Screening,12,RESULTS,2026/08/03,ftp://ftp.ncbi.nlm.nih.gov/geo/series/GSE341nnn/GSE341748/
GSE324866,1.Effects of L013 treatment on gene expression in KYSE150 and KYSE510 cells. 2. 5 Patient-derived organoids RNA-seq data,27,TXT,2026/08/01,ftp://ftp.ncbi.nlm.nih.gov/geo/series/GSE324nnn/GSE324866/
GSE306868,Decipherin molecular cues  from nephronopthisis using kidney organoids derived from iPSC,6,"MTX, TSV",2026/08/01,ftp://ftp.ncbi.nlm.nih.gov/geo/series/GSE306nnn/GSE306868/
GSE322959,Nintedanib and Pirfenidone affect growth and differentiation of human alveolar type 2 cells,18,"CSV, MTX, TXT",2026/07/31,ftp://ftp.ncbi.nlm.nih.gov/geo/series/GSE322nnn/GSE322959/
GSE304210,Patient-derived airway organoids from BAL fluid model injury and therapy responses in neonatal bronchopulmonary dysplasia [BAL Organoids Single Cell],2,"CSV, MTX, TSV",2026/07/31,ftp://ftp.ncbi.nlm.nih.gov/geo/series/GSE304nnn/GSE304210/
GSE304208,Patient-derived airway organoids from BAL fluid model injury and therapy responses in neonatal bronchopulmonary dysplasia [Oxygen Sex Comparisons],12,CSV,2026/07/31,ftp://ftp.ncbi.nlm.nih.gov/geo/series/GSE304nnn/GSE304208/
GSE304206,Patient-derived airway organoids from BAL fluid model injury and therapy responses in neonatal bronchopulmonary dysplasia [NGFR],5,CSV,2026/07/31,ftp://ftp.ncbi.nlm.nih.gov/geo/series/GSE304nnn/GSE304206/
GSE304203,Patient-derived airway organoids from BAL fluid model injury and therapy responses in neonatal bronchopulmonary dysplasia [Oxygen vs Room Air],8,CSV,2026/07/31,ftp://ftp.ncbi.nlm.nih.gov/geo/series/GSE304nnn/GSE304203/
GSE304202,Patient-derived airway organoids from BAL fluid model injury and therapy responses in neonatal bronchopulmonary dysplasia [Dexamethasone],12,CSV,2026/07/31,ftp://ftp.ncbi.nlm.nih.gov/geo/series/GSE304nnn/GSE304202/
GSE330098,Multi-tissue microphysiological system captures integrated responses to nutritional overload and metabolic therapy,108,CSV,2026/07/29,ftp://ftp.ncbi.nlm.nih.gov/geo/series/GSE330nnn/GSE330098/
GSE317492,A tonsil organoid model reveals Epstein-Barr virus infected germinal center B cell states during primary infection,26,"CSV, FASTA, MTX, TSV",2026/07/29,ftp://ftp.ncbi.nlm.nih.gov/geo/series/GSE317nnn/GSE317492/
GSE287496,CDK12 as an entry point for combination therapy in high-risk neuroblastoma [RNA-seq],59,TXT,2026/07/29,ftp://ftp.ncbi.nlm.nih.gov/geo/series/GSE287nnn/GSE287496/
GSE339602,"Single-cell RNA sequencing of human iPSC-derived forebrain organoids following amyloid-β42 treatment, microglia co-culture, and maraviroc treatment",16,"MTX, RDS, TSV",2026/07/27,ftp://ftp.ncbi.nlm.nih.gov/geo/series/GSE339nnn/GSE339602/
GSE304575,LMNA p.H222P mutation causes contractile dysfunction via impaired mitochondrial calcium uptake in human cardiac laminopathy,12,CSV,2026/07/27,ftp://ftp.ncbi.nlm.nih.gov/geo/series/GSE304nnn/GSE304575/
GSE277922,Chromatin Accessibility Analysis Reveals Regulatory Dynamics in hESC-Derived Kidney Organoids,25,"BW, RESULTS",2026/07/27,ftp://ftp.ncbi.nlm.nih.gov/geo/series/GSE277nnn/GSE277922/
GSE277920,Chromatin Accessibility Analysis Reveals Regulatory Dynamics in hESC-Derived Kidney Organoids [RNA-seq],12,"CSV, RESULTS",2026/07/27,ftp://ftp.ncbi.nlm.nih.gov/geo/series/GSE277nnn/GSE277920/
GSE339404,Bulk RNA sequencing of human forebrain organoids following Aβ42 treatment,6,CSV,2026/07/26,ftp://ftp.ncbi.nlm.nih.gov/geo/series/GSE339nnn/GSE339404/
GSE303526,Human gastric extracellular matrix hydrogels maintain organoid growth and reduce gene expression associated with epithelial-mesenchymal transition and inflammation,8,"MTX, TSV",2026/07/26,ftp://ftp.ncbi.nlm.nih.gov/geo/series/GSE303nnn/GSE303526/
GSE316654,Microbiota-Derived Isovalerate Ameliorates Sex-Specific Gut Barrier Dysfunction in Malnutrition,16,CSV,2026/07/24,ftp://ftp.ncbi.nlm.nih.gov/geo/series/GSE316nnn/GSE316654/
GSE188219,Extracellular vesicles underlie cell-type-specific crosstalk during human cortical development and disease,15,RESULTS,2026/07/23,ftp://ftp.ncbi.nlm.nih.gov/geo/series/GSE188nnn/GSE188219/
GSE330092,3D organoids containing endothelial and neural cells generation by serial inductions of differentiation on human iPSC-derived embryoid bodies,12,TXT,2026/07/22,ftp://ftp.ncbi.nlm.nih.gov/geo/series/GSE330nnn/GSE330092/
GSE310993,Lactiplantibacillus plantarum DS1073 protects the gastric mucosa under infection and alcohol stress,4,TXT,2026/07/22,ftp://ftp.ncbi.nlm.nih.gov/geo/series/GSE310nnn/GSE310993/
GSE303402,Human induced pluripotent stem cell-derived skin organoids recapitulate donor-specific pigmentation diversity,2,"H5, RDS",2026/07/22,ftp://ftp.ncbi.nlm.nih.gov/geo/series/GSE303nnn/GSE303402/
GSE303380,Lateral plate mesoderm directs human amnion and ventral skin organoid formation,7,"RDS, TXT",2026/07/22,ftp://ftp.ncbi.nlm.nih.gov/geo/series/GSE303nnn/GSE303380/
GSE336781,ZFP36L2 orchestrates stress-adaptive plasticity in intestinal regeneration and colorectal cancer metastasis,93,,2026/07/20,ftp://ftp.ncbi.nlm.nih.gov/geo/series/GSE336nnn/GSE336781/
GSE336564,ZFP36L2 orchestrates stress-adaptive plasticity in intestinal regeneration and colorectal cancer metastasis (PDO scRNAseq),6,"CSV, H5AD",2026/07/20,ftp://ftp.ncbi.nlm.nih.gov/geo/series/GSE336nnn/GSE336564/
GSE336415,ZFP36L2 orchestrates stress-adaptive plasticity in intestinal regeneration and colorectal cancer metastasis (ActDseq),24,CSV,2026/07/20,ftp://ftp.ncbi.nlm.nih.gov/geo/series/GSE336nnn/GSE336415/
GSE336319,ZFP36L2 orchestrates stress-adaptive plasticity in intestinal regeneration and colorectal cancer metastasis (bulk RNAseq),12,CSV,2026/07/20,ftp://ftp.ncbi.nlm.nih.gov/geo/series/GSE336nnn/GSE336319/
GSE335053,Fibroblast-derived Spondin-2 promotes dysplastic transition in metaplastic gastric epithelial cells,6,TXT,2026/07/20,ftp://ftp.ncbi.nlm.nih.gov/geo/series/GSE335nnn/GSE335053/
GSE272618,Single-Molecule Barcoding Technology for Single-Cell Genomics,140,"MTX, TSV",2026/07/18,ftp://ftp.ncbi.nlm.nih.gov/geo/series/GSE272nnn/GSE272618/
GSE337888,Metabolites from Bifidobacterium adolescentis provide protection against inflammation-induced colonic barrier disruption in vitro and in vivo,8,TXT,2026/07/17,ftp://ftp.ncbi.nlm.nih.gov/geo/series/GSE337nnn/GSE337888/
GSE311604,LRRK2-G2019S Impairs Astrocyte Differentiation and Triggers a senescence-like phenotype in Parkinson's Disease Models - Brain samples,5,TAR,2026/07/17,ftp://ftp.ncbi.nlm.nih.gov/geo/series/GSE311nnn/GSE311604/
GSE307222,Patient-derived cornea organoids as drug repurposing models for aniridia-associated keratopathy,9,CSV,2026/07/16,ftp://ftp.ncbi.nlm.nih.gov/geo/series/GSE307nnn/GSE307222/
GSE283545,Elongating heart organoids recapitulate early heart morphogenesis and model congenital heart disease,2,"MTX, TSV",2026/07/16,ftp://ftp.ncbi.nlm.nih.gov/geo/series/GSE283nnn/GSE283545/
GSE337805,Single-cell analysis reveals impaired Müller glia-mediated intercellular communication and photoreceptor pathology in USH1C retinal organoids,7,H5,2026/07/15,ftp://ftp.ncbi.nlm.nih.gov/geo/series/GSE337nnn/GSE337805/
GSE333995,IGFBP5 Derived From Endothelial Cells Drive Vascular Invasion and Liver Metastasis of Colorectal Cancer by Activating the ITGB3/PI3K/AKT Axis,9,XLS,2026/07/15,ftp://ftp.ncbi.nlm.nih.gov/geo/series/GSE333nnn/GSE333995/
GSE333276,Bulk RNA-seq analysis of human induced pluripotent stem cells and human liver organoids,6,"TXT, XLSX",2026/07/15,ftp://ftp.ncbi.nlm.nih.gov/geo/series/GSE333nnn/GSE333276/
GSE323363,Inhibition of SIRT7 Overcomes Radioresistance in Pancreatic Neuroendocrine Tumors by Reactivating MEN1 Expression,12,TXT,2026/07/15,ftp://ftp.ncbi.nlm.nih.gov/geo/series/GSE323nnn/GSE323363/
GSE275292,Tonicity drives maturation of the collecting ducts in the mammalian kidney,15,"MTX, TSV",2026/07/15,ftp://ftp.ncbi.nlm.nih.gov/geo/series/GSE275nnn/GSE275292/
GSE254260,Single cell RNA-sequencing of H9 human embryonic stem cell-derived cortical organoid slice cultures (ALI-COs) at various timepoints,10,RDS,2026/07/14,ftp://ftp.ncbi.nlm.nih.gov/geo/series/GSE254nnn/GSE254260/
GSE338025,"Multiome analysis of PDxOs (HCI-003, HCI-005, HCI-011) treated with a CDK4/6 inhibitor for 3 weeks",36,"BB, BW, CSV, H5, MTX, TSV",2026/07/13,ftp://ftp.ncbi.nlm.nih.gov/geo/series/GSE338nnn/GSE338025/
GSE305237,Mutation-Agnostic Base Editing of the Progerin Farnesylation Site Rescues Hutchinson-Gilford Progeria Syndrome Phenotypes in Neuromuscular Organoids,3,"MTX, TSV",2026/07/13,ftp://ftp.ncbi.nlm.nih.gov/geo/series/GSE305nnn/GSE305237/
GSE329325,RNA-seq analysis of thick ascending limb (TAL) epithelium isolated from uromodulin (UMOD) deletion mutation and wild type (WT) kidney organoids with or without mesencephalic astrocyte-derived neurotrophic factor (MANF) overexpression,12,TXT,2026/07/11,ftp://ftp.ncbi.nlm.nih.gov/geo/series/GSE329nnn/GSE329325/
GSE337246,Integrated single-cell profiling of RNA and DNA interactomes reveals targetable chromatin architectures in cancer [scRNA-Seq organoids],35,XLSX,2026/07/08,ftp://ftp.ncbi.nlm.nih.gov/geo/series/GSE337nnn/GSE337246/
GSE303509,Biomarker-guided responses in patient-derived organoids predict effective therapies in breast cancer,14,CSV,2026/07/08,ftp://ftp.ncbi.nlm.nih.gov/geo/series/GSE303nnn/GSE303509/
GSE312260,Gene expression profile at single cell level of Irinotecan-sensitive and Irinotecan-resistant organoids for colorectal cancer,2,"MTX, TSV",2026/07/07,ftp://ftp.ncbi.nlm.nih.gov/geo/series/GSE312nnn/GSE312260/
GSE301790,RNA Sequencing Analysis of PFAS Impact on Liver Organoids,9,TXT,2026/07/07,ftp://ftp.ncbi.nlm.nih.gov/geo/series/GSE301nnn/GSE301790/
GSE313106,Innervated human cardiac muscle model reveals sympathetic drivers of KCNH2-associated arrhythmias,48,"MTX, TSV",2026/07/06,ftp://ftp.ncbi.nlm.nih.gov/geo/series/GSE313nnn/GSE313106/
GSE336950,Epstein-Barr Virus Induced B cell Methionine Dependency is a Targetable Metabolic Vulnerability,12,TSV,2026/07/04,ftp://ftp.ncbi.nlm.nih.gov/geo/series/GSE336nnn/GSE336950/
GSE336960,Phenotypic CRISPR screening identifies ZBTB10 as a novel regulator of human trophoblast differentiation,22,CSV,2026/07/03,ftp://ftp.ncbi.nlm.nih.gov/geo/series/GSE336nnn/GSE336960/
GSE336958,Phenotypic CRISPR screening identifies ZBTB10 as a novel regulator of human trophoblast differentiation [RNA-Seq BeWo],12,"BW, CSV",2026/07/03,ftp://ftp.ncbi.nlm.nih.gov/geo/series/GSE336nnn/GSE336958/
GSE290486,"Matched single-cell chromatin, transcriptome, and surface marker profiling captures in vivo epigenomic reprogramming during basal-to-luminal transition in the mammary gland",37,"BIGWIG, BW, MTX, TAR, TBI, TSV",2026/07/03,ftp://ftp.ncbi.nlm.nih.gov/geo/series/GSE290nnn/GSE290486/
GSE336733,Human tubuloids from cryopreserved adult tissue: building a biobank for 3D modeling and precision medicine,16,TXT,2026/07/01,ftp://ftp.ncbi.nlm.nih.gov/geo/series/GSE336nnn/GSE336733/
GSE336720,DNMT3B plays antagonistic roles with SMARCB1 and is a targetable vulnerability in rhabdoid tumors [RNA-seq],68,TXT,2026/07/01,ftp://ftp.ncbi.nlm.nih.gov/geo/series/GSE336nnn/GSE336720/
GSE336697,A thioredoxin-Serinc2-lipid signaling axis modulates mood-related behaviors in mice,10,TXT,2026/07/01,ftp://ftp.ncbi.nlm.nih.gov/geo/series/GSE336nnn/GSE336697/
GSE335941,Individual Host Variation in Single-cell Responses to Enteroaggregative Escherichia coli Infection Modeled with Human Colon Organoids,6,"MTX, TSV",2026/07/01,ftp://ftp.ncbi.nlm.nih.gov/geo/series/GSE335nnn/GSE335941/
GSE320454,A developmentally regulated long-range enhancer-promoter contact mediates human neural development [scRNA-seq],5,"MTX, RDS, TSV",2026/07/01,ftp://ftp.ncbi.nlm.nih.gov/geo/series/GSE320nnn/GSE320454/
GSE294255,ALDH1A1+ cells are endometrial progenitors contributing to regeneration and endometriosis [Human],8,CSV,2026/07/01,ftp://ftp.ncbi.nlm.nih.gov/geo/series/GSE294nnn/GSE294255/
GSE335881,Reversible epiblast regionalisation determines differentiation potential of human PSCs [RNA-Seq],43,TSV,2026/06/30,ftp://ftp.ncbi.nlm.nih.gov/geo/series/GSE335nnn/GSE335881/
GSE334577,Reversible epiblast regionalisation determines differentiation potential of human PSCs,141,,2026/06/30,ftp://ftp.ncbi.nlm.nih.gov/geo/series/GSE334nnn/GSE334577/
GSE334564,ArchetypeShift: An R Package Integrating KEGG-Informed Pathway Analysis and IPA-Derived Functional Predictions for Validation of Single-Cell Archetypes,6,H5,2026/06/30,ftp://ftp.ncbi.nlm.nih.gov/geo/series/GSE334nnn/GSE334564/
GSE311632,Peristaltic forces drive tumor cell invasion in colorectal cancer [bulk RNA-seq],10,CSV,2026/06/30,ftp://ftp.ncbi.nlm.nih.gov/geo/series/GSE311nnn/GSE311632/
GSE310653,aPKC-ζ III promotes trophoblast fusion by altering Par-3 interactions with Hippo Signaling Kinase LATS1.,8,"CSV, MTX, TSV",2026/06/30,ftp://ftp.ncbi.nlm.nih.gov/geo/series/GSE310nnn/GSE310653/
GSE300471,Defective Autophagy in GNE Myopathy is Reversed by Inhibition of Supplementary mTOR Activation [organoids RNA-seq],4,RESULTS,2026/06/30,ftp://ftp.ncbi.nlm.nih.gov/geo/series/GSE300nnn/GSE300471/
GSE299214,Orphan drug nitisinone combined with sorafenib synergistically boosts anti-PD-1 efficacy in MSS Colorectal Cancer [RNA-Seq],6,TXT,2026/06/30,ftp://ftp.ncbi.nlm.nih.gov/geo/series/GSE299nnn/GSE299214/
GSE292601,Epithelial interferon-stimulated gene programs modulate chemotherapy sensitivity in colorectal cancer via EPSTI1,62,TXT,2026/06/30,ftp://ftp.ncbi.nlm.nih.gov/geo/series/GSE292nnn/GSE292601/
GSE233686,Human spinal cord organoids revealed cell intercalation as a conserved morphogenic mechanism for lumem formation,6,TSV,2026/06/30,ftp://ftp.ncbi.nlm.nih.gov/geo/series/GSE233nnn/GSE233686/
GSE307112,Mapping the Dialogue: Decoding Alveolar Stem-Niche Interactions [I],886,"CSV, XLSX",2026/06/29,ftp://ftp.ncbi.nlm.nih.gov/geo/series/GSE307nnn/GSE307112/
GSE291018,Transcriptomic analysis of human small intestinal organoids (hSIOs) from PiMM and PiZZ patients,9,TSV,2026/06/29,ftp://ftp.ncbi.nlm.nih.gov/geo/series/GSE291nnn/GSE291018/
GSE307351,Mapping the Dialogue: Decoding Alveolar Stem-Niche Interactions,890,"JSON, TAR, TIFF",2026/06/26,ftp://ftp.ncbi.nlm.nih.gov/geo/series/GSE307nnn/GSE307351/
GSE300932,CD4+ T cells in the developing human brain shape angiogenesis and neurogenesis,16,"MTX, TSV",2026/06/26,ftp://ftp.ncbi.nlm.nih.gov/geo/series/GSE300nnn/GSE300932/
GSE336609,KRAS inhibition is an effective therapy for appendiceal adenocarcinoma,22,CSV,2026/06/25,ftp://ftp.ncbi.nlm.nih.gov/geo/series/GSE336nnn/GSE336609/
GSE314310,Cardiopedia-Ligand: a Ligand Stimulation Atlas for Cardiac Function and Transcriptional Response,468,XLSX,2026/06/25,ftp://ftp.ncbi.nlm.nih.gov/geo/series/GSE314nnn/GSE314310/
GSE290316,Human amygdala-like telencephalic organoids from Pluripotent Stem Cells,39,"CSV, MTX, TSV, XLS",2026/06/25,ftp://ftp.ncbi.nlm.nih.gov/geo/series/GSE290nnn/GSE290316/
GSE281528,CALIPERS: Cell cycle-aware live imaging for phenotyping experiments and regeneration studies,3,"CSV, H5",2026/06/25,ftp://ftp.ncbi.nlm.nih.gov/geo/series/GSE281nnn/GSE281528/
GSE301233,Upscaling generation of lung organoids,1,"MTX, RDS, TSV, TXT",2026/06/24,ftp://ftp.ncbi.nlm.nih.gov/geo/series/GSE301nnn/GSE301233/
GSE316025,Feeder-free generation of iPSC-derived CD4 single-positive helper T cells via stage-specific modulation of Notch and TCR signaling,21,"CSV, MTX, TSV",2026/06/23,ftp://ftp.ncbi.nlm.nih.gov/geo/series/GSE316nnn/GSE316025/
GSE314639,Oxygenated perfusion enhances hepatocyte function in human iPSC-liver tissue,7,TXT,2026/06/23,ftp://ftp.ncbi.nlm.nih.gov/geo/series/GSE314nnn/GSE314639/
GSE327570,Clostridioides difficile stimulates CCL20 expression in human colonoid monolayers in a transwell-based co-culture system that supports its anaerobic growth,4,"MTX, TSV",2026/06/22,ftp://ftp.ncbi.nlm.nih.gov/geo/series/GSE327nnn/GSE327570/
GSE206076,ZNF512B protects critical regulatory regions to safeguard long term genomic integrity. [scRNA-Seq],6,H5AD,2026/06/22,ftp://ftp.ncbi.nlm.nih.gov/geo/series/GSE206nnn/GSE206076/
GSE206071,ZNF512B protects critical regulatory regions to safeguard long term genomic integrity. [RNA-Seq],4,TXT,2026/06/22,ftp://ftp.ncbi.nlm.nih.gov/geo/series/GSE206nnn/GSE206071/
GSE314657,Two translocation mechanisms drive neural stem cell dissemination into the human fetal cortex,9,TXT,2026/06/21,ftp://ftp.ncbi.nlm.nih.gov/geo/series/GSE314nnn/GSE314657/
GSE335562,Glutamate Ionotropic Kainate Receptors as Therapeutic Targets in Enzalutamide-Resistant and Neuroendocrine Prostate Cancer,3,TXT,2026/06/20,ftp://ftp.ncbi.nlm.nih.gov/geo/series/GSE335nnn/GSE335562/
GSE329738,GLP-1R agonist semaglutide protects developing human forebrain organoids from cholesterol-induced neurotoxicity—scRNA sequence,4,"MTX, TSV",2026/06/20,ftp://ftp.ncbi.nlm.nih.gov/geo/series/GSE329nnn/GSE329738/
GSE318601,Early differential impact of MeCP2 mutations on functional networks in Rett syndrome patient-derived human cortical organoids [RNA-Seq],8,"CSV, TXT",2026/06/18,ftp://ftp.ncbi.nlm.nih.gov/geo/series/GSE318nnn/GSE318601/
GSE310948,Rewiring Oncogenic Transcriptional Complexes with Domain-ALTeration Chimeras (DALTACs) in Prostate Cancer [RNA-seq],14,CSV,2026/06/18,ftp://ftp.ncbi.nlm.nih.gov/geo/series/GSE310nnn/GSE310948/
GSE302312,Synchronised regeneration of osteochondral defects via spatially patterned implants of stable and hypertrophic cartilage organoids,12,TXT,2026/06/18,ftp://ftp.ncbi.nlm.nih.gov/geo/series/GSE302nnn/GSE302312/
GSE299857,Exogenous Photoreceptor-Specific N-Glycosylated PROM1 Rescues Retinal Degeneration in Patient and Animal Models,9,TXT,2026/06/18,ftp://ftp.ncbi.nlm.nih.gov/geo/series/GSE299nnn/GSE299857/
GSE206078,ZNF512B Safeguards Genome Integrity at Regulatory Regions to Repress SASP and Inflammation,37,"H5AD, NARROWPEAK",2026/06/18,ftp://ftp.ncbi.nlm.nih.gov/geo/series/GSE206nnn/GSE206078/
GSE331395,Replicative senescence in neural progenitors induces senescence-associated markers in midbrain organoids,24,TSV,2026/06/17,ftp://ftp.ncbi.nlm.nih.gov/geo/series/GSE331nnn/GSE331395/
GSE300090,From Traditional Decoction to Refined Formulation: Network Pharmacology Unlocks Qingdai Decoction’s Anti-Tumor Network and Enables Molecularly Compatible sTCM Design,6,TXT,2026/06/17,ftp://ftp.ncbi.nlm.nih.gov/geo/series/GSE300nnn/GSE300090/
GSE294934,Epigenomic analysis of organoids from colorectal cancer peritoneal and liver metastases uncovers a mechanism of resistance to doxorubicin,15,TXT,2026/06/16,ftp://ftp.ncbi.nlm.nih.gov/geo/series/GSE294nnn/GSE294934/
GSE245825,"Cardiac Fibrosis in Dilated Cardiomyopathy: Transcriptomics Insights, Histological Correlations, and Organoid Model Verifications [RNA-seq I]",58,TXT,2026/06/15,ftp://ftp.ncbi.nlm.nih.gov/geo/series/GSE245nnn/GSE245825/
GSE334981,Cortical organoids reveal human-specific role of METTL5 in neurodevelopment via regulation of CHCHD2 [scRNA-seq],6,"CSV, MTX, TSV",2026/06/10,ftp://ftp.ncbi.nlm.nih.gov/geo/series/GSE334nnn/GSE334981/
GSE334412,Brain corticogenesis promotes SARS-CoV-2 neuro-glial tropism through lipid-dependent viral replication,4,"H5, RDS",2026/06/10,ftp://ftp.ncbi.nlm.nih.gov/geo/series/GSE334nnn/GSE334412/
GSE330913,Single-Cell RNA Sequencing of TGF-Treated Human iPSC-Derived Skin Organoids,3,"MTX, TSV",2026/06/10,ftp://ftp.ncbi.nlm.nih.gov/geo/series/GSE330nnn/GSE330913/
GSE328362,Cortical organoids reveal human-specific role of METTL5 in neurodevelopment via regulation of CHCHD2,12,CSV,2026/06/10,ftp://ftp.ncbi.nlm.nih.gov/geo/series/GSE328nnn/GSE328362/
GSE334500,Psychotropic-drug and neurotransmitter perturbation RNA-seq of human iPSC-derived cardiac and retinal organoids (ToxiPred),96,TXT,2026/06/09,ftp://ftp.ncbi.nlm.nih.gov/geo/series/GSE334nnn/GSE334500/
GSE292644,The sodium channel SCN2A regulates cortical excitatory and inhibitory neurogenesis,1,"MTX, TSV",2026/06/09,ftp://ftp.ncbi.nlm.nih.gov/geo/series/GSE292nnn/GSE292644/
GSE316010,Mitochondrially Transcribed dsRNA Mediates Manganese-induced Neuroinflammation,12,"MTX, RDS, TSV",2026/06/08,ftp://ftp.ncbi.nlm.nih.gov/geo/series/GSE316nnn/GSE316010/
GSE312713,Assessment of the effect of CLDN1 knockdown in cholangiocarcinoma patient-derived organoids,6,TSV,2026/06/08,ftp://ftp.ncbi.nlm.nih.gov/geo/series/GSE312nnn/GSE312713/
GSE312711,Assessment of the effect of CLDN1 knockout in cholangiocarcinoma cells in vivo,12,TSV,2026/06/08,ftp://ftp.ncbi.nlm.nih.gov/geo/series/GSE312nnn/GSE312711/
GSE312708,Assessment of the effect of CLDN1 knockout in cholangiocarcinoma cells in vitro,6,TSV,2026/06/08,ftp://ftp.ncbi.nlm.nih.gov/geo/series/GSE312nnn/GSE312708/
GSE298420,Treatment of cholangiocarcinoma using humanized monoclonal antibodies targeting Claudin-1 (RNA-Seq of HuCC-A1 CDX tumors short treatment),12,TSV,2026/06/08,ftp://ftp.ncbi.nlm.nih.gov/geo/series/GSE298nnn/GSE298420/
GSE298419,Characterization of cholangiocarcinoma cell line-derived xenograft (CDX) tumors,15,TSV,2026/06/08,ftp://ftp.ncbi.nlm.nih.gov/geo/series/GSE298nnn/GSE298419/
GSE262166,Treatment of cholangiocarcinoma using humanized monoclonal antibodies targeting Claudin-1,77,"CSV, TAR",2026/06/08,ftp://ftp.ncbi.nlm.nih.gov/geo/series/GSE262nnn/GSE262166/
GSE261999,Treatment of cholangiocarcinoma using humanized monoclonal antibodies targeting Claudin-1(PDX tumors),8,TSV,2026/06/08,ftp://ftp.ncbi.nlm.nih.gov/geo/series/GSE261nnn/GSE261999/
GSE261998,Treatment of cholangiocarcinoma using humanized monoclonal antibodies targeting Claudin-1(HuCC-A1 CDX tumors),10,TSV,2026/06/08,ftp://ftp.ncbi.nlm.nih.gov/geo/series/GSE261nnn/GSE261998/
GSE261997,Treatment of cholangiocarcinoma using humanized monoclonal antibodies targeting Claudin-1(CCA organoids),6,CSV,2026/06/08,ftp://ftp.ncbi.nlm.nih.gov/geo/series/GSE261nnn/GSE261997/
GSE334035,Targeting mitochondrial ROS-CK2-SET-PP2A pathway with ceria nanoparticles to reverse Tau pathology in APOEε4-associated Alzheimer’s disease [scRNA-seq],3,H5,2026/06/07,ftp://ftp.ncbi.nlm.nih.gov/geo/series/GSE334nnn/GSE334035/
GSE299267,Single cell gene expression profiling of triple negative breast cancer organoids,2,"MTX, TSV",2026/06/06,ftp://ftp.ncbi.nlm.nih.gov/geo/series/GSE299nnn/GSE299267/
GSE331301,Distal Enhancer-Insulator Module of GDF6 is Essential for Cochlear Formation [single-cell multiome],4,"H5, TSV",2026/06/05,ftp://ftp.ncbi.nlm.nih.gov/geo/series/GSE331nnn/GSE331301/
GSE325982,Systemic and breast chronic inflammation and hormone disposition promote a tumor-permissive environment for breast cancer in older women (Organoid scRNA-Seq),2,"MTX, TSV, XLSX",2026/06/05,ftp://ftp.ncbi.nlm.nih.gov/geo/series/GSE325nnn/GSE325982/
GSE299260,Parkinson’s disease microglia induce endogenous α-synuclein pathology in patient specific midbrain organoids.,4,CSV,2026/06/05,ftp://ftp.ncbi.nlm.nih.gov/geo/series/GSE299nnn/GSE299260/
GSE296820,Targeting addiction to HMGB2-driven transcriptional programs in pancreatic cancer,31,"BED, BW, CSV, MTX, NARROWPEAK, TSV, TXT",2026/06/04,ftp://ftp.ncbi.nlm.nih.gov/geo/series/GSE296nnn/GSE296820/
GSE296813,Targeting addiction to HMGB2-driven transcriptional programs in pancreatic cancer [scRNA organoids],9,"MTX, TSV",2026/06/04,ftp://ftp.ncbi.nlm.nih.gov/geo/series/GSE296nnn/GSE296813/
GSE296811,Targeting addiction to HMGB2-driven transcriptional programs in pancreatic cancer  [scRNA mouse],1,CSV,2026/06/04,ftp://ftp.ncbi.nlm.nih.gov/geo/series/GSE296nnn/GSE296811/
GSE296808,Targeting addiction to HMGB2-driven transcriptional programs in pancreatic cancer [RNAKD],4,"TXT, XLSX",2026/06/04,ftp://ftp.ncbi.nlm.nih.gov/geo/series/GSE296nnn/GSE296808/
GSE312195,MEK inhibition induces AXIN1 loss in colorectal cancer by mTOR associated suppression of protein synthesis [RNASeq_SW480],27,CSV,2026/06/03,ftp://ftp.ncbi.nlm.nih.gov/geo/series/GSE312nnn/GSE312195/
GSE312194,MEK inhibition induces AXIN1 loss in colorectal cancer by mTOR associated suppression of protein synthesis [RNASeq_HCT116],27,CSV,2026/06/03,ftp://ftp.ncbi.nlm.nih.gov/geo/series/GSE312nnn/GSE312194/
GSE303294,Transcriptomic Characterization of Doxorubicin Resistance in Bone Sarcoma Organoids,6,CSV,2026/06/03,ftp://ftp.ncbi.nlm.nih.gov/geo/series/GSE303nnn/GSE303294/
GSE301365,Single-cell analysis of human iPSC-derived midbrain organoids generated with triphasic Wnt modulation combined with a dynamic bioreactor,30,"MTX, TSV",2026/06/03,ftp://ftp.ncbi.nlm.nih.gov/geo/series/GSE301nnn/GSE301365/
GSE293170,Extracellular stiffness regulates site-specific lung development [AWO],3,ZIP,2026/06/02,ftp://ftp.ncbi.nlm.nih.gov/geo/series/GSE293nnn/GSE293170/
GSE292932,Extracellular stiffness regulates site-specific lung development [ALO],3,ZIP,2026/06/02,ftp://ftp.ncbi.nlm.nih.gov/geo/series/GSE292nnn/GSE292932/
GSE333566,Emergence of Disease-relevant Aberrant Epithelial Cell States in Human Alveolar Organoids,8,H5,2026/06/01,ftp://ftp.ncbi.nlm.nih.gov/geo/series/GSE333nnn/GSE333566/
GSE316395,Human spinal cord organoids recapitulate developmental and disease-associated oligodendrocyte lineage signatures [RNA-Seq],47,XLSX,2026/06/01,ftp://ftp.ncbi.nlm.nih.gov/geo/series/GSE316nnn/GSE316395/
GSE316338,Human spinal cord organoids recapitulate developmental and disease-associated oligodendrocyte lineage signatures [scRNA-Seq],10,"MTX, RDS, TSV",2026/06/01,ftp://ftp.ncbi.nlm.nih.gov/geo/series/GSE316nnn/GSE316338/
GSE300436,Expanding the genetic code to generate human brain organoids with vasculature and microglia,3,H5AD,2026/06/01,ftp://ftp.ncbi.nlm.nih.gov/geo/series/GSE300nnn/GSE300436/
GSE298933,Translational biomarkers of hypoxic brain injury uncovered in CSF secreting human choroid plexus organoids,6,TXT,2026/06/01,ftp://ftp.ncbi.nlm.nih.gov/geo/series/GSE298nnn/GSE298933/
GSE298489,Metabolic surgery reduces CRC disease progression mediated by circulating bile acid diversion,12,TXT,2026/06/01,ftp://ftp.ncbi.nlm.nih.gov/geo/series/GSE298nnn/GSE298489/
GSE293573,A Scalable Micropatterned Organoid Platform for Quantitative Modeling of Human Forebrain Development and Disease,2,"MTX, TSV",2026/06/01,ftp://ftp.ncbi.nlm.nih.gov/geo/series/GSE293nnn/GSE293573/
GSE235778,Elucidating the molecular mechanisms underlying CRB1-related Leber congenital amaurosis (LCA),12,"TSV, TXT",2026/06/01,ftp://ftp.ncbi.nlm.nih.gov/geo/series/GSE235nnn/GSE235778/
GSE333246,scRNAseq of human intestinal organoids infected with coxsackievirus B1,4,"H5, MTX, TSV",2026/05/31,ftp://ftp.ncbi.nlm.nih.gov/geo/series/GSE333nnn/GSE333246/
GSE293169,Reprogramming-driven drug discovery uncovers sildenafil as a candidate drug for mitochondrial disease,8,"MTX, TSV",2026/05/31,ftp://ftp.ncbi.nlm.nih.gov/geo/series/GSE293nnn/GSE293169/
GSE248031,IGF2BP3 promotes tumour cells survival in organoid pancreatic adenocarcinoma model,24,CSV,2026/05/31,ftp://ftp.ncbi.nlm.nih.gov/geo/series/GSE248nnn/GSE248031/
GSE329731,Single-nucleus RNA sequencing elucidates the protective role of mimeCM against doxorubicin-induced cardiotoxicity,4,TAR,2026/05/30,ftp://ftp.ncbi.nlm.nih.gov/geo/series/GSE329nnn/GSE329731/
GSE332956,Transcriptional Programming of Adult Human Pancreas-Derived Progenitor Cells into Functional Islet-Like Organoids,8,H5,2026/05/29,ftp://ftp.ncbi.nlm.nih.gov/geo/series/GSE332nnn/GSE332956/
GSE305269,SPG11 organoids reveal lysosomal calcium regulation of neural progenitor proliferation,16,SF,2026/05/29,ftp://ftp.ncbi.nlm.nih.gov/geo/series/GSE305nnn/GSE305269/
GSE298461,MEG3 Prevents Cell Death by Restoring Autophagic Flux in Developing Neurons with CLCN4 Variants,4,"CSV, H5AD",2026/05/29,ftp://ftp.ncbi.nlm.nih.gov/geo/series/GSE298nnn/GSE298461/
GSE330358,CDK4-selective inhibitor AU2-94 for the treatment of advanced and therapy-resistant prostate cancer,36,TSV,2026/05/28,ftp://ftp.ncbi.nlm.nih.gov/geo/series/GSE330nnn/GSE330358/
GSE319208,GDPD5-CD55-EGFR Competitive Binding Axis Regulates Radioresistance and Lipid Accumulation in Rectal Cancer,6,TXT,2026/05/27,ftp://ftp.ncbi.nlm.nih.gov/geo/series/GSE319nnn/GSE319208/
GSE309917,Inducible POU2F3 expression in human intestinal organoids as a model of human tuft cells,12,CSV,2026/05/27,ftp://ftp.ncbi.nlm.nih.gov/geo/series/GSE309nnn/GSE309917/
GSE291730,KLF4 promotes a KRT13+ hillock-like state in squamous lung cancer,55,"BIGWIG, MTX, TSV",2026/05/27,ftp://ftp.ncbi.nlm.nih.gov/geo/series/GSE291nnn/GSE291730/
GSE290744,KLF4 promotes a KRT13+ hillock-like state in squamous lung cancer [BEAS_RNA-seq],2,CSV,2026/05/27,ftp://ftp.ncbi.nlm.nih.gov/geo/series/GSE290nnn/GSE290744/
GSE276230,Transcriptomes of Biliary Atresia patients and healthy controls,8,TXT,2026/05/27,ftp://ftp.ncbi.nlm.nih.gov/geo/series/GSE276nnn/GSE276230/
GSE289072,Differential expression in colon epithelial organoids post proinflammatory cocktail stimulation,24,TSV,2026/05/26,ftp://ftp.ncbi.nlm.nih.gov/geo/series/GSE289nnn/GSE289072/
GSE288617,Paired transcriptomics reveals similarities between cytokine-stimulated organoids and ulcerative colitis epithelial responses,41,TSV,2026/05/26,ftp://ftp.ncbi.nlm.nih.gov/geo/series/GSE288nnn/GSE288617/
GSE288517,Paired transcriptomics reveals similarities between cytokine-stimulated organoids and ulcerative colitis epithelial responses,23,TSV,2026/05/26,ftp://ftp.ncbi.nlm.nih.gov/geo/series/GSE288nnn/GSE288517/
GSE329371,Transcriptional properties of LIG1-heterozygous-knockout (hetKO) vs. LIG1-WT cells in MCF-12A TP53-null and TP53-WT cells,16,TXT,2026/05/25,ftp://ftp.ncbi.nlm.nih.gov/geo/series/GSE329nnn/GSE329371/
GSE297912,Development of an AI Model to Predict Tumor Immune Responsiveness in Colorectal Cancer Using Organoid–Immune Co-Culture platforms,10,RESULTS,2026/05/25,ftp://ftp.ncbi.nlm.nih.gov/geo/series/GSE297nnn/GSE297912/
GSE297797,Mechanisms of Zika Virus Lineage-Dependent Pathogenesis Defined in Cerebral Organoids Derived from Human Embryonic Stem Cells,20,"RDS, TXT",2026/05/25,ftp://ftp.ncbi.nlm.nih.gov/geo/series/GSE297nnn/GSE297797/
GSE331118,Flagellar regulation in enterotoxigenic E. coli modulates innate immune activation,12,TABULAR,2026/05/20,ftp://ftp.ncbi.nlm.nih.gov/geo/series/GSE331nnn/GSE331118/
GSE313031,LRRK2-G2019S Impairs Astrocyte Differentiation and Triggers a senescence-like phenotype in Parkinson's Disease Models - Midbrain organoids,18,TAR,2026/05/19,ftp://ftp.ncbi.nlm.nih.gov/geo/series/GSE313nnn/GSE313031/
GSE306043,Cattle and human organoids recapitulate the trans-species transmission of H5N1 2.3.4.4b virus and reveal cross-reactive neutralizing antibodies in humans,36,TXT,2026/05/18,ftp://ftp.ncbi.nlm.nih.gov/geo/series/GSE306nnn/GSE306043/
GSE300472,Defective Autophagy in GNE Myopathy is Reversed by Inhibition of Supplementary mTOR Activation,6,"RESULTS, TXT",2026/05/18,ftp://ftp.ncbi.nlm.nih.gov/geo/series/GSE300nnn/GSE300472/
GSE328375,Human retinal organoids functionally bridge a transected optic nerve in a rat model,1,"MTX, TSV",2026/05/17,ftp://ftp.ncbi.nlm.nih.gov/geo/series/GSE328nnn/GSE328375/
GSE331048,A Ligandable PNT-Domain Establishes ERG as a Directly Targetable Oncogenic Driver in Prostate Cancer,18,CSV,2026/05/15,ftp://ftp.ncbi.nlm.nih.gov/geo/series/GSE331nnn/GSE331048/
GSE330533,NGFR-marked basal duct progenitors drive ductal-acinar regeneration in injured salivary glands,2,"MTX, TSV",2026/05/15,ftp://ftp.ncbi.nlm.nih.gov/geo/series/GSE330nnn/GSE330533/
GSE297274,Small molecule MYC Inhibitor restricts ovarian tumor growth by suppressing c-Myc mediated glycolysis,4,XLSX,2026/05/15,ftp://ftp.ncbi.nlm.nih.gov/geo/series/GSE297nnn/GSE297274/
GSE297066,Mechanically and Chemically Defined PEG Hydrogels Improve Reproducibility in Human Cardioid Development,11,TXT,2026/05/15,ftp://ftp.ncbi.nlm.nih.gov/geo/series/GSE297nnn/GSE297066/
GSE292560,RBFOX1 Deficiency Induces Innate Microglia Generation in APOE4 Human Cerebral Organoids and Exacerbates Alzheimer's Disease Pathology,8,CSV,2026/05/15,ftp://ftp.ncbi.nlm.nih.gov/geo/series/GSE292nnn/GSE292560/
GSE330032,Subtype-specific heterogeneity of anti-epidermal growth factor receptor antibody sensitivity in KRAS-mutant colorectal cancer revealed by patient-derived organoids,6,TXT,2026/05/14,ftp://ftp.ncbi.nlm.nih.gov/geo/series/GSE330nnn/GSE330032/
GSE330233,CHD8 haploinsufficiency impairs ventral progenitor proliferation and inhibitory neuronal maturation in human ventral forebrain organoids,12,TXT,2026/05/12,ftp://ftp.ncbi.nlm.nih.gov/geo/series/GSE330nnn/GSE330233/
GSE326359,Sustained activation of epithelial Yap/Taz signaling promotes aberrant alveolar epithelial cell differentiation and fibrotic remodeling.,4,"H5, RDS",2026/05/11,ftp://ftp.ncbi.nlm.nih.gov/geo/series/GSE326nnn/GSE326359/
GSE302798,The pro-inflammatory cytokines IFN-α and TNF-α inhibit extravillous trophoblast invasion,9,TXT,2026/05/08,ftp://ftp.ncbi.nlm.nih.gov/geo/series/GSE302nnn/GSE302798/
GSE294811,Cytochrome P450 and metallothionein activation in human lung organoids following particulate matter exposure,6,CSV,2026/05/08,ftp://ftp.ncbi.nlm.nih.gov/geo/series/GSE294nnn/GSE294811/
GSE282668,TGF-β signaling promotes astroglial activation and TDP-43 proteinopathy in organoid models of frontotemporal lobar degeneration,54,"MTX, TSV",2026/05/06,ftp://ftp.ncbi.nlm.nih.gov/geo/series/GSE282nnn/GSE282668/
GSE329346,Trajectory-resolved human kidney organoid model defines OPFR developmental toxicity linked to adult CKD,8,"MTX, TSV, TXT",2026/05/05,ftp://ftp.ncbi.nlm.nih.gov/geo/series/GSE329nnn/GSE329346/
GSE312700,Transcriptional profile of primary human lung organoid-derived air-liquid interface (ALI) cultures,6,TXT,2026/05/05,ftp://ftp.ncbi.nlm.nih.gov/geo/series/GSE312nnn/GSE312700/
GSE291218,Functional reconstitution of adrenocortical transdifferentiation from human pluripotent stem cells,17,H5,2026/05/05,ftp://ftp.ncbi.nlm.nih.gov/geo/series/GSE291nnn/GSE291218/
GSE298027,A Conserved NLRC5 Signaling Pathway in Developing Human Cortical Neurons is Required for Interferon Gamma Driven Changes in HLA Class I Expression and Neural Activity,15,"CSV, TXT",2026/05/04,ftp://ftp.ncbi.nlm.nih.gov/geo/series/GSE298nnn/GSE298027/
GSE303210,Single-cell RNA sequencing of differentiated human iPSC organoid-derived kidney tubuloids (iPSCod tubuloids),1,"MTX, TSV",2026/04/30,ftp://ftp.ncbi.nlm.nih.gov/geo/series/GSE303nnn/GSE303210/
GSE263652,Human cerebellar organoids to study medulloblastoma pathogenesis and treatment. [scRNA-Seq],17,"MTX, TSV, TXT",2026/04/30,ftp://ftp.ncbi.nlm.nih.gov/geo/series/GSE263nnn/GSE263652/
GSE303732,An appendiceal cancer organoid biobank identifies phenotypic evolution and druggable dependencies of peritoneal carcinomatosis,6,"CSV, H5AD, MTX, TSV",2026/04/29,ftp://ftp.ncbi.nlm.nih.gov/geo/series/GSE303nnn/GSE303732/
GSE294165,Folic acid drives metabolic reprogramming to alleviate Toxoplasma gondii antigen-induced vascular injury,12,TXT,2026/04/28,ftp://ftp.ncbi.nlm.nih.gov/geo/series/GSE294nnn/GSE294165/
GSE294485,Klinefelter Syndrome: a neurodevelopmental disease of the synapse,6,XLSX,2026/04/27,ftp://ftp.ncbi.nlm.nih.gov/geo/series/GSE294nnn/GSE294485/
GSE217876,Development and characterization of 3D spinal cord organoids to advance the study of amyotrophic lateral sclerosis,10,TXT,2026/04/27,ftp://ftp.ncbi.nlm.nih.gov/geo/series/GSE217nnn/GSE217876/
GSE295682,Prevotella disiens Disrupts Endometrial Function via p38 MAPK-Mediated WNT Inhibition and Tryptophan Metabolism Dysregulation,12,XLS,2026/04/25,ftp://ftp.ncbi.nlm.nih.gov/geo/series/GSE295nnn/GSE295682/
GSE272460,"Transcriptome analysis of pancreatic progenitor organoids  (POs) carrying PDAC related mutations, treated with ERK inhibitors and depleted of AP-1 factors",40,TAR,2026/04/24,ftp://ftp.ncbi.nlm.nih.gov/geo/series/GSE272nnn/GSE272460/
GSE324860,Acquired genetic and cell state changes in IDH-mutant glioma progression [organoids],6,"MTX, TSV",2026/04/23,ftp://ftp.ncbi.nlm.nih.gov/geo/series/GSE324nnn/GSE324860/
GSE303977,MECP2 Mutations Rewire Human ESC Fate and Bias Cortical Lineage Commitment II,8,"CSV, MTX",2026/04/23,ftp://ftp.ncbi.nlm.nih.gov/geo/series/GSE303nnn/GSE303977/
GSE303838,MECP2 Mutations Rewire Human ESC Fate and Bias Cortical Lineage Commitment [RNA-Seq],48,CSV,2026/04/23,ftp://ftp.ncbi.nlm.nih.gov/geo/series/GSE303nnn/GSE303838/
GSE303813,MECP2 Mutations Rewire Human ESC Fate and Bias Cortical Lineage Commitment,2,"CSV, MTX",2026/04/23,ftp://ftp.ncbi.nlm.nih.gov/geo/series/GSE303nnn/GSE303813/
GSE295557,First-in-Class CAR T Cell Therapy Selectively Eliminates Mutant Calreticulin-Driven Malignancies in a Fibrotic Niche,5,RDS,2026/04/23,ftp://ftp.ncbi.nlm.nih.gov/geo/series/GSE295nnn/GSE295557/
GSE294573,"HNF4a controls growth, identity and response to KRAS inhibition in IMA.",60,"BW, H5",2026/04/23,ftp://ftp.ncbi.nlm.nih.gov/geo/series/GSE294nnn/GSE294573/
GSE291623,Glycine-modulating Slc6a20a-ASO restores NMDA receptor function in SHANK2 and SHANK3-mutant mice and cortical organoids,1,"MTX, TSV",2026/04/23,ftp://ftp.ncbi.nlm.nih.gov/geo/series/GSE291nnn/GSE291623/
GSE320151,Transcriptomic profiling reveals substrate- and shear stress_x0002_dependent maturation of human small intestinal epithelial cells,58,TXT,2026/04/22,ftp://ftp.ncbi.nlm.nih.gov/geo/series/GSE320nnn/GSE320151/
GSE316631,Spatially resolved subtype progression reveals metabolic vulnerabilities in pancreatic ductal adenocarcinoma.,3,TXT,2026/04/22,ftp://ftp.ncbi.nlm.nih.gov/geo/series/GSE316nnn/GSE316631/
GSE309739,Spatially resolved subtype progression reveals metabolic vulnerabilities in pancreatic ductal adenocarcinoma II,16,TXT,2026/04/22,ftp://ftp.ncbi.nlm.nih.gov/geo/series/GSE309nnn/GSE309739/
GSE309669,Spatially resolved subtype progression reveals metabolic vulnerabilities in pancreatic ductal adenocarcinoma,8,TXT,2026/04/22,ftp://ftp.ncbi.nlm.nih.gov/geo/series/GSE309nnn/GSE309669/
GSE295488,Engineering perfusable vascular networks in organoids-on-chip,7,"MTX, TSV",2026/04/22,ftp://ftp.ncbi.nlm.nih.gov/geo/series/GSE295nnn/GSE295488/
GSE295400,Engineering perfusable vascular networks in organoids-on-chip [bulk RNA-seq],12,TXT,2026/04/22,ftp://ftp.ncbi.nlm.nih.gov/geo/series/GSE295nnn/GSE295400/
GSE320222,scRNA-seq of cerebral organoids derived from CBP mutant iPSCs,6,"MTX, TSV",2026/04/21,ftp://ftp.ncbi.nlm.nih.gov/geo/series/GSE320nnn/GSE320222/
GSE319859,RNA-seq profiling of cerebral organoids derived from CBP mutant iPSCs,28,TXT,2026/04/21,ftp://ftp.ncbi.nlm.nih.gov/geo/series/GSE319nnn/GSE319859/
GSE278562,Hypoxic injury triggers maladaptive repair in human kidney organoids,18,CSV,2026/04/20,ftp://ftp.ncbi.nlm.nih.gov/geo/series/GSE278nnn/GSE278562/
GSE273073,A hPSC-Derived Progressive Pancreatic Ductal Adenocarcinoma Model Reveals Dual Pathways in ERK-Driven Cellular Plasticity,93,"BW, TAR",2026/04/20,ftp://ftp.ncbi.nlm.nih.gov/geo/series/GSE273nnn/GSE273073/
GSE303993,Developing Midbrain-like Organoid of Gaucher Disease as A Platform for Drug Assessment,6,XLSX,2026/04/17,ftp://ftp.ncbi.nlm.nih.gov/geo/series/GSE303nnn/GSE303993/
GSE313271,S100A10-ANXA2 TETRAMER INHIBITION HAMPERS HEPATIC STELLATE CELL ACTIVATION IN MASLD MODELING HUMAN LIVER ORGANOIDS,1,"MTX, TSV",2026/04/16,ftp://ftp.ncbi.nlm.nih.gov/geo/series/GSE313nnn/GSE313271/
GSE313768,Temporal regulation of human reactive astrocytes reveals their capacity for antigen presentation,115,"CSV, MTX, TSV, TXT",2026/04/15,ftp://ftp.ncbi.nlm.nih.gov/geo/series/GSE313nnn/GSE313768/
GSE269572,Generation of Stable Chambered Cardioids from human Pluripotent Stem Cells [scRNA-seq],11,"MTX, TSV",2026/04/14,ftp://ftp.ncbi.nlm.nih.gov/geo/series/GSE269nnn/GSE269572/
GSE269571,Generation of Stable Chambered Cardioids from human Pluripotent Stem Cells [bulk RNA-seq],24,CSV,2026/04/14,ftp://ftp.ncbi.nlm.nih.gov/geo/series/GSE269nnn/GSE269571/
GSE229907,Mesenchymal WNT2B is required for the maintenance of the human small intestinal epithelium,12,CSV,2026/04/13,ftp://ftp.ncbi.nlm.nih.gov/geo/series/GSE229nnn/GSE229907/
GSE327685,Neurodevelopmental disorder genes,60,"MTX, RDS, TSV, TXT",2026/04/10,ftp://ftp.ncbi.nlm.nih.gov/geo/series/GSE327nnn/GSE327685/
GSE327614,Early cell autonomous and niche-mediated alveolar epithelial response to influenza infection in primary lung organoids,24,"H5, RDS, TSV",2026/04/10,ftp://ftp.ncbi.nlm.nih.gov/geo/series/GSE327nnn/GSE327614/
GSE319878,Interrogating the mechanistic link between neighborhood deprivation and colorectal cancer risk through gene expression analysis of normal colorectal biopsies,171,CSV,2026/04/10,ftp://ftp.ncbi.nlm.nih.gov/geo/series/GSE319nnn/GSE319878/
GSE319169,Evaluation of epithelial growth from colon organoids in Transwell systems and the impact of growth factors,21,CSV,2026/04/10,ftp://ftp.ncbi.nlm.nih.gov/geo/series/GSE319nnn/GSE319169/
GSE302540,TRAPPC4 resists ferroptosis and promotes head and neck squamous cell carcinoma progression by regulating GPX4 protein stability via TRIM55,6,CSV,2026/04/10,ftp://ftp.ncbi.nlm.nih.gov/geo/series/GSE302nnn/GSE302540/
GSE288724,Network analysis of normal colon organoids exposed to metformin reveals likely regulatory role for colorectal cancer genome-wide association study candidate genes,20,CSV,2026/04/10,ftp://ftp.ncbi.nlm.nih.gov/geo/series/GSE288nnn/GSE288724/
GSE299913,SNCA triplication disrupts proteostasis and extracellular architecture prior to neurodegeneration in human midbrain organoids [RNA-seq],6,TXT,2026/04/09,ftp://ftp.ncbi.nlm.nih.gov/geo/series/GSE299nnn/GSE299913/
GSE285558,Single Cell RNA-seq of optimized Human Ventral Spinal Organoids Generated from hESCs,3,"MTX, TSV",2026/04/09,ftp://ftp.ncbi.nlm.nih.gov/geo/series/GSE285nnn/GSE285558/
GSE302458,Generation of expandable hepatocyte organoids with multipolar organization from human embryonic stem cells,21,XLSX,2026/04/08,ftp://ftp.ncbi.nlm.nih.gov/geo/series/GSE302nnn/GSE302458/
GSE301700,Autophagy activators normalize aberrant Tau proteostasis and rescue synapses in human familial Alzheimer’s disease iPSC-derived cortical organoids,7,"CSV, MTX, TSV, XLSX",2026/04/08,ftp://ftp.ncbi.nlm.nih.gov/geo/series/GSE301nnn/GSE301700/
GSE284348,Generation of Stable Chambered Cardioids from human Pluripotent Stem Cells,1,"MTX, TSV",2026/04/08,ftp://ftp.ncbi.nlm.nih.gov/geo/series/GSE284nnn/GSE284348/
GSE282981,A human model of histiocyte associated neurodegeneration,21,TXT,2026/04/08,ftp://ftp.ncbi.nlm.nih.gov/geo/series/GSE282nnn/GSE282981/
GSE256148,IL-17 signaling pathway and NMDAR1 antibodies shape NMDAR encephalitis,7,TXT,2026/04/08,ftp://ftp.ncbi.nlm.nih.gov/geo/series/GSE256nnn/GSE256148/
GSE324449,Single-cell transcriptomic profiling of SPAST exon 17 deletion–induced neurodegeneration in human cortical organoids,2,"MTX, TSV",2026/04/07,ftp://ftp.ncbi.nlm.nih.gov/geo/series/GSE324nnn/GSE324449/
GSE320583,Necroptosis triggers inflammatory interferon signatures in patient-derived metastatic breast cancer organoids,3,CSV,2026/04/07,ftp://ftp.ncbi.nlm.nih.gov/geo/series/GSE320nnn/GSE320583/
GSE301179,Bulk RNA sequencing of ovarian tumor samples from high-grade serous ovarian cancer patients [RNA-Seq],4,TSV,2026/04/07,ftp://ftp.ncbi.nlm.nih.gov/geo/series/GSE301nnn/GSE301179/
GSE224414,Effect of depletion of SPAST exon17 on gene expression in human embryonic stem cells (hESC) and cortical organoids (COs),12,XLSX,2026/04/06,ftp://ftp.ncbi.nlm.nih.gov/geo/series/GSE224nnn/GSE224414/
GSE326554,RNA-seq of wild-type human iPSC-derived retinal organoids at different developmental stages,18,TSV,2026/04/05,ftp://ftp.ncbi.nlm.nih.gov/geo/series/GSE326nnn/GSE326554/
GSE326913,Developmentally-inspired budding morphogenesis by optogenetic receptor tyrosine kinase signaling,24,TSV,2026/04/03,ftp://ftp.ncbi.nlm.nih.gov/geo/series/GSE326nnn/GSE326913/
GSE301378,Single-cell RNA-seq and TCR profiling of tissue-resident memory T cells in the fallopian tube and matched ovarian cancer samples,32,"CSV, MTX, TSV",2026/04/03,ftp://ftp.ncbi.nlm.nih.gov/geo/series/GSE301nnn/GSE301378/
GSE325772,CAR T therapy against the MiTF-driven protein GPNMB [Multiome-Seq],16,"CSV, MTX, TSV",2026/04/02,ftp://ftp.ncbi.nlm.nih.gov/geo/series/GSE325nnn/GSE325772/
GSE283385,CAR T therapy against the MiTF-driven protein GPNMB,14,"CSV, MTX, TSV",2026/04/02,ftp://ftp.ncbi.nlm.nih.gov/geo/series/GSE283nnn/GSE283385/
GSE313826,Cancer associated fibroblasts promote epithelial to mesenchymal transition and classical to basal change in pancreatic cancer cells in association with loss of IL-8 expression,37,"CSV, ZIP",2026/04/01,ftp://ftp.ncbi.nlm.nih.gov/geo/series/GSE313nnn/GSE313826/
GSE301802,Peptide-based Wnt signal activation enables scalable production of clinical-grade patient-derived intestinal organoids for regenerative cell therapy,2,"MTX, TSV",2026/04/01,ftp://ftp.ncbi.nlm.nih.gov/geo/series/GSE301nnn/GSE301802/
GSE303893,Single-nuclus RNA sequencing of stem cell-derived human trophoblast organoids cultured under simulated microgravity,1,"MTX, TSV",2026/03/31,ftp://ftp.ncbi.nlm.nih.gov/geo/series/GSE303nnn/GSE303893/
GSE298850,"Antigen-independent, fibroblast-mediated Ttek activation drives acinar dysfunction in Sjögren’s Disease before lymphocytic infiltration",16,RDS,2026/03/31,ftp://ftp.ncbi.nlm.nih.gov/geo/series/GSE298nnn/GSE298850/
GSE291996,RNA Sequence of CD3+KLRB1+and CD3+KLRB1- T cell derived from Hemapoietic organoid,4,CSV,2026/03/31,ftp://ftp.ncbi.nlm.nih.gov/geo/series/GSE291nnn/GSE291996/
GSE288172,"Influence of NIPBL Knockdown-Induced Alterations in Cohesin Loop Extrusion on CTCF Loops, Enhancer-Promoter Connectivity, and PRC Domain Contacts During hESC Differentiation into Pancreatic Lineages",263,"BIGWIG, BROADPEAK, BW, HIC, NARROWPEAK, TXT",2026/03/31,ftp://ftp.ncbi.nlm.nih.gov/geo/series/GSE288nnn/GSE288172/
GSE284171,Single-cell RNA sequencing reveals hormone-induced transcriptomic reprogramming in human vaginal epithelial organoid,3,"MTX, TSV",2026/03/31,ftp://ftp.ncbi.nlm.nih.gov/geo/series/GSE284nnn/GSE284171/
GSE271440,Robotic Generation and Kinetic Screening of Patient-Derived Glioblastoma Organoids Reveal Pharmaceutical Dynamics,4,H5,2026/03/31,ftp://ftp.ncbi.nlm.nih.gov/geo/series/GSE271nnn/GSE271440/
GSE297148,A Compendium of Cancer Organoid Models for Diverse Cancer Type,16,"H5, H5AD",2026/03/30,ftp://ftp.ncbi.nlm.nih.gov/geo/series/GSE297nnn/GSE297148/
GSE197887,Single-cell RNA sequencing of human forebrain organoids from typical and autism subjects,25,ZIP,2026/03/30,ftp://ftp.ncbi.nlm.nih.gov/geo/series/GSE197nnn/GSE197887/
GSE197050,bulk RNA sequencing of human forebrain organoids from typical and autism subjects,16,TXT,2026/03/30,ftp://ftp.ncbi.nlm.nih.gov/geo/series/GSE197nnn/GSE197050/
GSE324211,Inducible XIST-mediated trisomy 21 correction uncovers a USP16-p16 senescence axis driving epileptogenesis in Down syndrome [scRNA-Seq],4,"MTX, TSV",2026/03/29,ftp://ftp.ncbi.nlm.nih.gov/geo/series/GSE324nnn/GSE324211/
GSE322851,Inducible XIST-mediated trisomy 21 correction uncovers a USP16-p16 senescence axis driving epileptogenesis in Down syndrome,45,TXT,2026/03/29,ftp://ftp.ncbi.nlm.nih.gov/geo/series/GSE322nnn/GSE322851/
GSE304516,FABP7 controls radial glial scaffold stability  during human cortical development,8,"TAR, XLS",2026/03/28,ftp://ftp.ncbi.nlm.nih.gov/geo/series/GSE304nnn/GSE304516/
GSE311483,BAP1 dysregulation impairs trophoblast differentiation and contributes to placental dysfunction in preeclampsia ,32,TXT,2026/03/27,ftp://ftp.ncbi.nlm.nih.gov/geo/series/GSE311nnn/GSE311483/
GSE293153,Generation of functional salivary gland progenitor cells from extended pluripotent stem cells,13,TXT,2026/03/27,ftp://ftp.ncbi.nlm.nih.gov/geo/series/GSE293nnn/GSE293153/
GSE281492,Molecular characterisation of the metastatic cell state in Breast Cancer,101,"BIGWIG, CSV, MTX, TSV",2026/03/27,ftp://ftp.ncbi.nlm.nih.gov/geo/series/GSE281nnn/GSE281492/
GSE313725,Hepatic multilineage organoids derived from hypoimmunogenic iPSCs for liver regenerative medicine,4,H5,2026/03/26,ftp://ftp.ncbi.nlm.nih.gov/geo/series/GSE313nnn/GSE313725/
GSE325956,Thalamic NRXN1-Mediated Input to Human Cortical Progenitors Drives Excitatory Neurogenesis,43,RDS,2026/03/25,ftp://ftp.ncbi.nlm.nih.gov/geo/series/GSE325nnn/GSE325956/
GSE325553,Comparative transcriptomic profiling of human 3D endometrial stromal organoids under distinct decidualization stimuli,20,CSV,2026/03/25,ftp://ftp.ncbi.nlm.nih.gov/geo/series/GSE325nnn/GSE325553/
GSE318413,Patient-derived orthotopic xenograft models recapitulate the peritoneal dissemination of pancreatic cancer and delineate its transcriptional and regulatory programs [scRNA-seq],19,"MTX, TSV",2026/03/25,ftp://ftp.ncbi.nlm.nih.gov/geo/series/GSE318nnn/GSE318413/
GSE318411,Patient-derived orthotopic xenograft models recapitulate the peritoneal dissemination of pancreatic cancer and delineate its transcriptional and regulatory programs [RNA-seq],11,TAB,2026/03/25,ftp://ftp.ncbi.nlm.nih.gov/geo/series/GSE318nnn/GSE318411/
GSE325515,H2AC19 acts as a novel regulator of angiogenesis to promote the progression of lung adenocarcinoma,6,CSV,2026/03/24,ftp://ftp.ncbi.nlm.nih.gov/geo/series/GSE325nnn/GSE325515/
GSE325412,Robust generation of distal respiratory airway organoids by an engineered cuboid chip to therapy chronic obstructive pulmonary disease,4,"MTX, TSV",2026/03/24,ftp://ftp.ncbi.nlm.nih.gov/geo/series/GSE325nnn/GSE325412/
GSE325024,An Instructive Neural Interface for Layer-Specific Cortical Repair with Human Brain Organoids,2,"MTX, TSV",2026/03/24,ftp://ftp.ncbi.nlm.nih.gov/geo/series/GSE325nnn/GSE325024/
GSE308373,Pertussis Toxin as well as Staphylococcal superantigen induce glycolysis as the major energy source during CD4+ T cell activation in a human tonsil organoid model,20,TSV,2026/03/24,ftp://ftp.ncbi.nlm.nih.gov/geo/series/GSE308nnn/GSE308373/
GSE318596,Physiological perfusion of human vasculature reveals a YAP/TAZ-Apelin switch linking intraluminal flow to endothelial state transitions and vessel remodeling [scRNA-seq],3,RDS,2026/03/23,ftp://ftp.ncbi.nlm.nih.gov/geo/series/GSE318nnn/GSE318596/
GSE318595,Physiological perfusion of human vasculature reveals a YAP/TAZ-Apelin switch linking intraluminal flow to endothelial state transitions and vessel remodeling [Bulk RNA-seq],31,TXT,2026/03/23,ftp://ftp.ncbi.nlm.nih.gov/geo/series/GSE318nnn/GSE318595/
GSE293605,"Typical plasticisers DEHP, DBP treatment of human liver-like organs",9,XLS,2026/03/23,ftp://ftp.ncbi.nlm.nih.gov/geo/series/GSE293nnn/GSE293605/
GSE293457,"Retinoic acid drives cell fate specification, maturation and retinal regionality in human retinal organoids [scRNA-seq]",4,H5,2026/03/22,ftp://ftp.ncbi.nlm.nih.gov/geo/series/GSE293nnn/GSE293457/
GSE289592,Human-induced pluripotent Stem Cell-Derived Hepatic Stellate Cells in Liver Organoids: Maturation Promotion and Essential Role in Vascularization [scRNA-Seq],2,"MTX, TSV",2026/03/20,ftp://ftp.ncbi.nlm.nih.gov/geo/series/GSE289nnn/GSE289592/
GSE249826,Human-induced pluripotent Stem Cell-Derived Hepatic Stellate Cells in Liver Organoids: Maturation Promotion and Essential Role in Vascularization,26,TXT,2026/03/20,ftp://ftp.ncbi.nlm.nih.gov/geo/series/GSE249nnn/GSE249826/
GSE308370,Phenotypic Screening of human iPSC-Derived Neurons identifies Thienopyridone as a Neuritogenic Small Molecule,9,TXT,2026/03/19,ftp://ftp.ncbi.nlm.nih.gov/geo/series/GSE308nnn/GSE308370/
GSE299245,Single-cell RNA sequencing reveals deuterosomal cells during differentiation of hiPSCs into airway multiciliated cells,1,H5,2026/03/19,ftp://ftp.ncbi.nlm.nih.gov/geo/series/GSE299nnn/GSE299245/
GSE286038,BRD8 is a therapeutic vulnerability for overcoming resistance to dual ER/HER2 blockade therapy in HR+/HER2+ breast cancer,8,"MTX, TSV",2026/03/19,ftp://ftp.ncbi.nlm.nih.gov/geo/series/GSE286nnn/GSE286038/
GSE324846,Developmental gene expression patterns driving species-specific cortical features,17,"BED, BEDGRAPH, BW, H5, RDS",2026/03/18,ftp://ftp.ncbi.nlm.nih.gov/geo/series/GSE324nnn/GSE324846/
GSE310318,Single-cell RNA-seq analysis of human iPSC-derived lung organoids,1,"MTX, TSV",2026/03/18,ftp://ftp.ncbi.nlm.nih.gov/geo/series/GSE310nnn/GSE310318/
GSE305503,Retinal Organoid Screening Reveals ABT-737 and Luminespib as Selective Agents Against Tumorigenic Cone Precursors in Retinoblastoma,1,"CSV, H5AD, MTX",2026/03/18,ftp://ftp.ncbi.nlm.nih.gov/geo/series/GSE305nnn/GSE305503/
GSE269904,"A temporal factorial dissection of kidney organoid differentiation identifies the impact of WNT, FGF, BMP and GDF signaling on ‘off-target’ patterning",30,"CSV, MTX",2026/03/18,ftp://ftp.ncbi.nlm.nih.gov/geo/series/GSE269nnn/GSE269904/
GSE319077,Excitatory cortical neurons from CDKL5 deficiency disorder patient-derived organoids show early hyperexcitability not identified in neurogenin2 induced neurons [RNA-Seq],18,TSV,2026/03/17,ftp://ftp.ncbi.nlm.nih.gov/geo/series/GSE319nnn/GSE319077/
GSE304228,Elucidating the role of DEAF1 in neurodevelopment and shared molecular pathways in high-risk autism genes using cortical organoids,11,CSV,2026/03/17,ftp://ftp.ncbi.nlm.nih.gov/geo/series/GSE304nnn/GSE304228/
GSE270765,Disseminated tumor cell of colorectal cancer adopt the wound healing program of epidermal keratinocyte [RNA-seq],17,CSV,2026/03/17,ftp://ftp.ncbi.nlm.nih.gov/geo/series/GSE270nnn/GSE270765/
GSE241074,Anti-asthma drug Montelukast induces autistic behaviors via disrupting neuronal retinoic acid signaling,27,TSV,2026/03/16,ftp://ftp.ncbi.nlm.nih.gov/geo/series/GSE241nnn/GSE241074/
GSE241071,Anti-asthma drug Montelukast induces autistic behaviors via disrupting neuronal retinoic acid signaling [scRNA-Seq],9,TSV,2026/03/16,ftp://ftp.ncbi.nlm.nih.gov/geo/series/GSE241nnn/GSE241071/
GSE232669,Anti-asthma drug Montelukast induces autistic behaviors via disrupting neuronal retinoic acid signaling [RNA-seq and Ribo-seq],18,TSV,2026/03/16,ftp://ftp.ncbi.nlm.nih.gov/geo/series/GSE232nnn/GSE232669/
GSE323991,Deciphering the PURA syndrome: loss of PURA alters neural cell fate decisions and impairs neuronal homeostasis,16,TABULAR,2026/03/15,ftp://ftp.ncbi.nlm.nih.gov/geo/series/GSE323nnn/GSE323991/
GSE317529,MBNL2 dysfunction in outer radial glial cells is associated with disrupted corticogenesis in congenital myotonic dystrophy,15,"MTX, TSV",2026/03/12,ftp://ftp.ncbi.nlm.nih.gov/geo/series/GSE317nnn/GSE317529/
GSE315443,MBNL2 dysfunction in outer radial glial cells is associated with disrupted corticogenesis in congenital myotonic dystrophy [scRNA-Seq],3,"MTX, TSV",2026/03/12,ftp://ftp.ncbi.nlm.nih.gov/geo/series/GSE315nnn/GSE315443/
GSE293781,An organoid model of the human adrenal cortex identifies drivers of steroidogenesis and zonation [scRNA-seq],9,H5AD,2026/03/12,ftp://ftp.ncbi.nlm.nih.gov/geo/series/GSE293nnn/GSE293781/
GSE307437,Soluble Notch Agonist Enables Human Ameloblast Maturation and Enamel-like Tissue Formation for Tooth Regeneration,6,CSV,2026/03/11,ftp://ftp.ncbi.nlm.nih.gov/geo/series/GSE307nnn/GSE307437/
GSE307923,Single cell transcriptomics of retinal organoids reveal effects of PRPF31 mutations on Mueller glial activation and progressive photoreceptor degeneration,4,"MTX, TSV",2026/03/10,ftp://ftp.ncbi.nlm.nih.gov/geo/series/GSE307nnn/GSE307923/
GSE286903,Rhinovirus triggers distinct host responses through differential engagement of epithelial innate immune signaling,11,TXT,2026/03/10,ftp://ftp.ncbi.nlm.nih.gov/geo/series/GSE286nnn/GSE286903/
GSE286901,Rhinovirus triggers distinct host responses through differential engagement of epithelial innate immune signaling [scRNA-Seq],1,"CSV, MTX, RDS",2026/03/10,ftp://ftp.ncbi.nlm.nih.gov/geo/series/GSE286nnn/GSE286901/
GSE286616,Rhinovirus triggers distinct host responses through differential engagement of epithelial innate immune signaling [RNA-Seq],10,"CSV, TSV, TXT",2026/03/10,ftp://ftp.ncbi.nlm.nih.gov/geo/series/GSE286nnn/GSE286616/
GSE324315,Bulk RNA-seq of human trophoblast organoids under four culture conditions,8,TSV,2026/03/09,ftp://ftp.ncbi.nlm.nih.gov/geo/series/GSE324nnn/GSE324315/
GSE324301,Mitochondrial DNA heteroplasmy drives cortical neuronal disturbances in human organoids harbouring the common m.3243A>G mutation,7,"H5SEURAT, RDS",2026/03/09,ftp://ftp.ncbi.nlm.nih.gov/geo/series/GSE324nnn/GSE324301/
GSE324114,Single-nucleus RNA sequencing of human trophoblast organoids and endometrial organoids co-culture model,3,H5,2026/03/09,ftp://ftp.ncbi.nlm.nih.gov/geo/series/GSE324nnn/GSE324114/
GSE310824,Human neuromodulatory assembloids to study serotonin signaling and disease,8,"MTX, TSV",2026/03/09,ftp://ftp.ncbi.nlm.nih.gov/geo/series/GSE310nnn/GSE310824/
GSE306469,Single-nucleus RNA-seq analysis of extravillous trophoblast differentiation from human trophoblast organoids cultured under simulated microgravity,2,"MTX, TSV",2026/03/09,ftp://ftp.ncbi.nlm.nih.gov/geo/series/GSE306nnn/GSE306469/
GSE305070,Single-nucleus multiome ATAC-seq and RNA-seq analysis of GCM1 knockout in rotational human tropholast organoids,4,"BED, H5, TSV",2026/03/09,ftp://ftp.ncbi.nlm.nih.gov/geo/series/GSE305nnn/GSE305070/
GSE304580,Single-nucleus RNA-seq analysis of YAP5SA-induced human trophoblast organoids cultured under simulated microgravity,2,"MTX, TSV",2026/03/09,ftp://ftp.ncbi.nlm.nih.gov/geo/series/GSE304nnn/GSE304580/
GSE287209,A human organoid model of alveolar regeneration reveals distinct epithelial responses to interferon-gamma,3,"MTX, TSV",2026/03/09,ftp://ftp.ncbi.nlm.nih.gov/geo/series/GSE287nnn/GSE287209/
GSE270074,Autophagy controls neuronal differentiation by regulating the WNT/DVL signal pathway,6,XLSX,2026/03/09,ftp://ftp.ncbi.nlm.nih.gov/geo/series/GSE270nnn/GSE270074/
GSE262956,CRIPTO regulates EV uptake and fibroblast activation in breast cancer [scRNAseq],2,"CSV, H5",2026/03/07,ftp://ftp.ncbi.nlm.nih.gov/geo/series/GSE262nnn/GSE262956/
GSE322610,transcriptional analysis of unfrozen and cryopreserved liver organoids,12,"FPKM_TRACKING, TXT",2026/03/06,ftp://ftp.ncbi.nlm.nih.gov/geo/series/GSE322nnn/GSE322610/
GSE322519,Cancerformer: A CRISPR Screen-benchmarked Multimodal AI Platform for Predication of Cancer Dependencies in Patient-derived Organoids,3,"MTX, TSV",2026/03/06,ftp://ftp.ncbi.nlm.nih.gov/geo/series/GSE322nnn/GSE322519/
GSE316118,Keratin 5 expression defines cancer-propagating cells that are sustained by a hierarchically related osteopontin-producing niche in high-grade serous ovarian carcinoma,6,CSV,2026/03/06,ftp://ftp.ncbi.nlm.nih.gov/geo/series/GSE316nnn/GSE316118/
GSE297722,Genomic characterization of sub-populations in human pluripotent stem cell-derived retinal progenitor cells that drive retinal layer structure,12,"MTX, TSV",2026/03/05,ftp://ftp.ncbi.nlm.nih.gov/geo/series/GSE297nnn/GSE297722/
GSE321676,Dural scRNA-seq in two organoids derived from malignant ascites of the same gastric cancer patient before (Primary) and after (Resistance) resistant to paclitaxel,2,"MTX, TSV",2026/03/04,ftp://ftp.ncbi.nlm.nih.gov/geo/series/GSE321nnn/GSE321676/
GSE319175,A Comprehensive Adenoid Cystic Carcinomas-Derived Organoid Platform for Disease Modeling and Drug Screening Captures Interpatient Heterogeneity,12,TXT,2026/03/04,ftp://ftp.ncbi.nlm.nih.gov/geo/series/GSE319nnn/GSE319175/
GSE253889,Multi-omic analysis of guided and unguided forebrain organoids reveal differences in cellular composition and metabolic profiles,1,"CSV, MTX",2026/03/04,ftp://ftp.ncbi.nlm.nih.gov/geo/series/GSE253nnn/GSE253889/
GSE292438,Interspecies Organoids Reveal Human-Specific Molecular Features of Dopaminergic Neuron Development and Vulnerability,75,"CSV, H5AD, PKL, RDS, TXT",2026/03/02,ftp://ftp.ncbi.nlm.nih.gov/geo/series/GSE292nnn/GSE292438/
GSE304936,Glucocorticoid and mineralocorticoid receptors jointly promote vascular development in kidney  organoids,9,TSV,2026/03/01,ftp://ftp.ncbi.nlm.nih.gov/geo/series/GSE304nnn/GSE304936/
GSE292425,Metabolic Atlas of Early Human Cortex Identifies Regulators of Cell Fate Transitions,42,RDS,2026/03/01,ftp://ftp.ncbi.nlm.nih.gov/geo/series/GSE292nnn/GSE292425/
GSE317876,A multi-stage transcriptomic resource of Artemisitene (ATT) for enhancing liver organoid functionality and treating metabolic liver disease.,21,XLS,2026/02/28,ftp://ftp.ncbi.nlm.nih.gov/geo/series/GSE317nnn/GSE317876/
GSE282444,Epigenetic Memory of Intestinal Epithelial Cells in Inflammatory Bowel Disease [RNA-seq],56,TXT,2026/02/28,ftp://ftp.ncbi.nlm.nih.gov/geo/series/GSE282nnn/GSE282444/
GSE320584,"Single-Cell RNA Sequencing Analysis of Proliferative and Differentiated Hepatic Organoids Generated from hPSC-Derived Hepatocyte-Like Cells, using STEMdiff™ Hepatic Organoid Growth Medium and STEMdiff™ Hepatic Organoid Differentiation Medium",2,"MTX, TSV, TXT",2026/02/26,ftp://ftp.ncbi.nlm.nih.gov/geo/series/GSE320nnn/GSE320584/
GSE295985,Aberrant NOTUM+ Program Induced in LGR5+ Crypt Base Columnar Cells Maintains an Immunosuppressive Niche in Colorectal Cancer,2,"MTX, TSV",2026/02/26,ftp://ftp.ncbi.nlm.nih.gov/geo/series/GSE295nnn/GSE295985/
GSE310335,Early fibrotic niches establish tumour-permissive microenvironments,16,"MTX, TSV",2026/02/25,ftp://ftp.ncbi.nlm.nih.gov/geo/series/GSE310nnn/GSE310335/
GSE306080,Extracellular Vesicle Cargo from Lipofibroblasts Mitigates COPD by Alveolar Type II Cell Restoration,12,CSV,2026/02/25,ftp://ftp.ncbi.nlm.nih.gov/geo/series/GSE306nnn/GSE306080/
GSE303683,RNA-seq data from GBM patients and paired organoids,22,XLSX,2026/02/25,ftp://ftp.ncbi.nlm.nih.gov/geo/series/GSE303nnn/GSE303683/
GSE303209,The intestinal crypt is a potential reservoir for hepatitis E virus infections,3,"MTX, RDS, TSV, TXT",2026/02/25,ftp://ftp.ncbi.nlm.nih.gov/geo/series/GSE303nnn/GSE303209/
GSE302756,Human Kidney Tubuloids Model of Repeated Cisplatin-induced Cellular Senescence and Fibrosis for Drug Screening,4,TXT,2026/02/25,ftp://ftp.ncbi.nlm.nih.gov/geo/series/GSE302nnn/GSE302756/
GSE310931,C9orf72 Hexanucleotide Repeat RNA Drives Transcriptional Dysregulation Through Genome-wide Hybrid G-quadruplexes [RNA-Seq],8,XLSX,2026/02/24,ftp://ftp.ncbi.nlm.nih.gov/geo/series/GSE310nnn/GSE310931/
GSE285051,The emergence of multiple testicular cell lineages in human stem cell-derived testis-like organoids [scRNA-Seq],1,"MTX, TSV",2026/02/24,ftp://ftp.ncbi.nlm.nih.gov/geo/series/GSE285nnn/GSE285051/
GSE285050,The emergence of multiple testicular cell lineages in human stem cell-derived testis-like organoids [RNA-Seq],7,CSV,2026/02/24,ftp://ftp.ncbi.nlm.nih.gov/geo/series/GSE285nnn/GSE285050/
GSE292624,Dissociated human cerebral organoids on micro-electrode arrays develop neuronal networks,13,CSV,2026/02/23,ftp://ftp.ncbi.nlm.nih.gov/geo/series/GSE292nnn/GSE292624/
GSE256188,Super-enhancers reorganization controls re-sensitization of oxaliplatin-resistant FBXW7-mutated colorectal cancer,36,TAB,2026/02/22,ftp://ftp.ncbi.nlm.nih.gov/geo/series/GSE256nnn/GSE256188/
GSE309900,Targeting CDK12 disrupts estrogen-receptor chromatin recruitment and ER-MED1 transcription in advanced ER+ breast cancer [RNA-Seq],6,XLSX,2026/02/20,ftp://ftp.ncbi.nlm.nih.gov/geo/series/GSE309nnn/GSE309900/
GSE316426,MondoA mediates transcriptional coordination between the MYC network and the integrated stress response in pancreatic ductal adenocarcinoma [RNA-Seq],15,TXT,2026/02/19,ftp://ftp.ncbi.nlm.nih.gov/geo/series/GSE316nnn/GSE316426/
GSE308548,Monocytes acquire a tumor-associated IL1B program upon encountering patient-derived colon cancer organoids,9,TXT,2026/02/19,ftp://ftp.ncbi.nlm.nih.gov/geo/series/GSE308nnn/GSE308548/
GSE298876,LMO2 regulates epithelial-mesenchymal plasticity of mammary epithelial cells,15,CSV,2026/02/19,ftp://ftp.ncbi.nlm.nih.gov/geo/series/GSE298nnn/GSE298876/
GSE293664,Gene expression profile of control and NGB knockdown human cerebral organoids at day 65.,2,H5,2026/02/19,ftp://ftp.ncbi.nlm.nih.gov/geo/series/GSE293nnn/GSE293664/
GSE292463,Cell fate specification and conversion generate foveolar cone subtype patterning in human retinal organoids,7,CSV,2026/02/19,ftp://ftp.ncbi.nlm.nih.gov/geo/series/GSE292nnn/GSE292463/
GSE319198,Xeno-Free Biomimetic-Scaffold Supports hiPSC-Derived Dental Organoid Formation and Tooth Regeneration,6,XLSX,2026/02/18,ftp://ftp.ncbi.nlm.nih.gov/geo/series/GSE319nnn/GSE319198/
GSE308582,Monocytes acquire a tumor-associated IL1B program upon encountering patient-derived colon cancer organoids,6,"MTX, TSV",2026/02/18,ftp://ftp.ncbi.nlm.nih.gov/geo/series/GSE308nnn/GSE308582/
GSE294524,Effects of propofol on human brain organoids at different maturational stages,20,XLSX,2026/02/18,ftp://ftp.ncbi.nlm.nih.gov/geo/series/GSE294nnn/GSE294524/
GSE289846,The iPSC-derived pulmonary epithilial cells in micro-patterned culture plate [scRNA-seq],6,"MTX, TSV",2026/02/18,ftp://ftp.ncbi.nlm.nih.gov/geo/series/GSE289nnn/GSE289846/
GSE289682,Modeling of spontaneous pulmonary fibrosis via cellular senescence in type 2 alveolar epithelial cells derived from human iPSCs [HFLF],6,TXT,2026/02/18,ftp://ftp.ncbi.nlm.nih.gov/geo/series/GSE289nnn/GSE289682/
GSE289679,Modeling of spontaneous pulmonary fibrosis via cellular senescence in type 2 alveolar epithelial cells derived from human iPSCs [epithelial],6,TXT,2026/02/18,ftp://ftp.ncbi.nlm.nih.gov/geo/series/GSE289nnn/GSE289679/
GSE289678,Human PSC-based Modeling of Pulmonary Fibrosis Identifies p300/CBP Inhibition as a Suppressor of Alveolar Transitional Cell State [BLM],9,TXT,2026/02/18,ftp://ftp.ncbi.nlm.nih.gov/geo/series/GSE289nnn/GSE289678/
GSE289676,Human PSC-based Modeling of Pulmonary Fibrosis Identifies p300/CBP Inhibition as a Suppressor of Alveolar Transitional Cell State [epithelial],9,TXT,2026/02/18,ftp://ftp.ncbi.nlm.nih.gov/geo/series/GSE289nnn/GSE289676/
GSE302350,KMT2D-deficiency destabilizes lineage progression in immature neural progenitors,16,"H5, TSV",2026/02/17,ftp://ftp.ncbi.nlm.nih.gov/geo/series/GSE302nnn/GSE302350/
GSE304354,A human-specific enhancer modulates chromosomal interactions to promote neurogenesis [human scRNA-seq],8,XLSX,2026/02/16,ftp://ftp.ncbi.nlm.nih.gov/geo/series/GSE304nnn/GSE304354/
GSE290704,"PAMD-Ch17, a Polymeric Analog of Plerixafor, Induces Mitochondrial Dysfunction in T-ALL Cells Independent of CXCR4",12,TXT,2026/02/16,ftp://ftp.ncbi.nlm.nih.gov/geo/series/GSE290nnn/GSE290704/
GSE307568,Patient-derived organoid – immune cell co-culture platform for therapeutics discovery in high-grade endometrial cancer,189,TXT,2026/02/14,ftp://ftp.ncbi.nlm.nih.gov/geo/series/GSE307nnn/GSE307568/
GSE286416,Multiscale profiling of tyrosine kinase inhibitor cardiotoxicity reveals mechanosensitive ion channel PIEZO1 as cardioprotective,12,CSV,2026/02/14,ftp://ftp.ncbi.nlm.nih.gov/geo/series/GSE286nnn/GSE286416/
GSE312209,An oncogenic KRAS-driven secretome involving TNFα promotes niche preparation prior to pancreatic cancer onset [co-culture scRNA-seq],15,"MTX, TSV",2026/02/12,ftp://ftp.ncbi.nlm.nih.gov/geo/series/GSE312nnn/GSE312209/
GSE284392,An oncogenic KRAS-driven secretome involving TNFα promotes niche preparation prior to pancreatic cancer onset [time-series scRNA-Seq],5,"MTX, TSV",2026/02/12,ftp://ftp.ncbi.nlm.nih.gov/geo/series/GSE284nnn/GSE284392/
GSE310451,Independent control of neurogenesis and dorsoventral patterning by NKX2-2,26,"NARROWPEAK, TXT",2026/02/11,ftp://ftp.ncbi.nlm.nih.gov/geo/series/GSE310nnn/GSE310451/
GSE290805,Meningioma microenvironment harbors a rich immune landscape with therapeutic implications (Bulk RNA-seq part),47,TXT,2026/02/11,ftp://ftp.ncbi.nlm.nih.gov/geo/series/GSE290nnn/GSE290805/
GSE290344,Nonsense mutations in USH2A exon-13 activate the innate immune response in Müller glial cells,2,"MTX, TSV",2026/02/11,ftp://ftp.ncbi.nlm.nih.gov/geo/series/GSE290nnn/GSE290344/
GSE289349,Meningioma microenvironment harbors a rich immune landscape with therapeutic implications (Single-cell RNA-seq part),9,"MTX, TSV",2026/02/11,ftp://ftp.ncbi.nlm.nih.gov/geo/series/GSE289nnn/GSE289349/
GSE293322,Pre-adaptation of Stem Cell-Derived Islet Organoids to Hypoxia via Zinc Transportation Inhibition Drives Rapid Neo-vascularization,6,"BED, MTX, TSV",2026/02/10,ftp://ftp.ncbi.nlm.nih.gov/geo/series/GSE293nnn/GSE293322/
GSE292178,Reprogramming-driven drug discovery uncovers sildenafil as a candidate drug for mitochondrial disease,54,"GTF, TAB",2026/02/10,ftp://ftp.ncbi.nlm.nih.gov/geo/series/GSE292nnn/GSE292178/
GSE289238,In vivo co-cultures of colitis-associated cancer epithelial organoids alone or with matched proximal colon fibroblasts or with matched colitis-associated cancer fibroblasts,3,"MTX, TSV",2026/02/10,ftp://ftp.ncbi.nlm.nih.gov/geo/series/GSE289nnn/GSE289238/
GSE288738,Deciphering the impact of RAC1-SPTAN1 in ARPKD cystogenesis using multifaceted models,8,TXT,2026/02/09,ftp://ftp.ncbi.nlm.nih.gov/geo/series/GSE288nnn/GSE288738/
GSE264319,Profiling Immune-Independent Response to Immune Checkpoint Inhibitors on Stem Cell-derived Cardiac Organoids [scRNA-seq],3,"CSV, MTX, TSV",2026/02/09,ftp://ftp.ncbi.nlm.nih.gov/geo/series/GSE264nnn/GSE264319/
GSE263840,Profiling Immune-Independent Response to Immune Checkpoint Inhibitors on Stem Cell-derived Cardiac Organoids,9,CSV,2026/02/09,ftp://ftp.ncbi.nlm.nih.gov/geo/series/GSE263nnn/GSE263840/
GSE318347,Small molecule-directed differentiation of submerged-cultured human nasal airway epithelia for respiratory disease modelling [scRNA-seq],3,TXT,2026/02/05,ftp://ftp.ncbi.nlm.nih.gov/geo/series/GSE318nnn/GSE318347/
GSE318346,Small molecule-directed differentiation of submerged-cultured human nasal airway epithelia for respiratory disease modelling [bulkRNA-seq],27,TXT,2026/02/05,ftp://ftp.ncbi.nlm.nih.gov/geo/series/GSE318nnn/GSE318346/
GSE298718,Decoding glioblastoma invasion: single-cell profiling of environmental and cell cycle effects in tumour assembloids,7,"H5AD, MTX, TSV, TXT",2026/02/05,ftp://ftp.ncbi.nlm.nih.gov/geo/series/GSE298nnn/GSE298718/
GSE308455,Functional characterization of BAP1 mutations in genome edited cholangiocarcinoma organoids: role in cell death and drug responses,6,TXT,2026/02/04,ftp://ftp.ncbi.nlm.nih.gov/geo/series/GSE308nnn/GSE308455/
GSE317739,Human epicardial organoids from pluripotent stem cells resemble fetal stage with potential cardiomyocyte-transdifferentiation,8,"MTX, TSV",2026/02/03,ftp://ftp.ncbi.nlm.nih.gov/geo/series/GSE317nnn/GSE317739/
GSE312133,Intrinsic mechanisms and microenvironmental cues fine-tune plasticity of esophageal progenitors,26,H5,2026/02/03,ftp://ftp.ncbi.nlm.nih.gov/geo/series/GSE312nnn/GSE312133/
GSE311001,Differential synaptic signaling responses in human cortical organoids after photon and proton irradiation,28,XLSX,2026/02/03,ftp://ftp.ncbi.nlm.nih.gov/geo/series/GSE311nnn/GSE311001/
GSE299777,Endothelial cell-conditioned medium enhanced astrocyte differentiation in cerebral organoids,4,"MTX, RDS, TSV",2026/02/02,ftp://ftp.ncbi.nlm.nih.gov/geo/series/GSE299nnn/GSE299777/
GSE309847,Establishment and characterization of prostate cancer organoids II,6,TXT,2026/01/31,ftp://ftp.ncbi.nlm.nih.gov/geo/series/GSE309nnn/GSE309847/
GSE309845,Integrative analysis of a novel small-cell-positive AVPC model [LYM1],4,"BEDGRAPH, BW, TXT",2026/01/31,ftp://ftp.ncbi.nlm.nih.gov/geo/series/GSE309nnn/GSE309845/
GSE299477,Biopsy-derived colonoid air-liquid interface monolayers reveal persistent mucosal defects in ulcerative colitis patients,7,TSV,2026/01/29,ftp://ftp.ncbi.nlm.nih.gov/geo/series/GSE299nnn/GSE299477/
GSE280050,Senolytics rejuvenate aging cardiomyopathy in human cardiac organoids,15,TXT,2026/01/29,ftp://ftp.ncbi.nlm.nih.gov/geo/series/GSE280nnn/GSE280050/
GSE303662,Cellular heterogeneity and therapeutic response profiling of human IDH+ glioma stem cell cultures,4,"MTX, TSV",2026/01/28,ftp://ftp.ncbi.nlm.nih.gov/geo/series/GSE303nnn/GSE303662/
GSE303090,Mature Polarized Hepatocyte Organoids Derived from Human Embryonic Stem Cells for Modeling the Pathogenesis and Progression of Metabolic Dysfunction-Associated Steatotic Liver Disease and Therapeutic Drug Screening,12,TXT,2026/01/28,ftp://ftp.ncbi.nlm.nih.gov/geo/series/GSE303nnn/GSE303090/
GSE303069,Cellular heterogeneity and therapeutic response profiling of human IDH-wildtype glioma stem cell cultures,18,TSV,2026/01/28,ftp://ftp.ncbi.nlm.nih.gov/geo/series/GSE303nnn/GSE303069/
GSE298278,Interleukin-27 is antiviral at the maternal-fetal interface,18,"TSV, TXT",2026/01/28,ftp://ftp.ncbi.nlm.nih.gov/geo/series/GSE298nnn/GSE298278/
GSE309829,Single-cell transcriptional analysis of human pluripotent stem cell-derived heart epicardium-myocardium organoids uncover principals of human epicardial-derived cells specification and coronary vascular plexus development,2,"CLOUPE, CSV, H5, RDS",2026/01/26,ftp://ftp.ncbi.nlm.nih.gov/geo/series/GSE309nnn/GSE309829/
GSE299243,Single-cell transcriptomic comparison of the developing human fetal stomach and pluripotent stem cell-derived gastric organoids,6,"MTX, TSV",2026/01/24,ftp://ftp.ncbi.nlm.nih.gov/geo/series/GSE299nnn/GSE299243/
GSE317332,A fully defined protocol and PEG-based platform for probing transcriptional responses to matrix cues in human iPSC-derived intestinal organoids,21,CSV,2026/01/23,ftp://ftp.ncbi.nlm.nih.gov/geo/series/GSE317nnn/GSE317332/
GSE270946,"Effect of IVNS1ABP mutation, knockout on gene expression during iPSCs differentiation to Neural Progenitors",18,CSV,2026/01/23,ftp://ftp.ncbi.nlm.nih.gov/geo/series/GSE270nnn/GSE270946/
GSE316780,"Human liver-derived organoids recapitulate Oropouche virus infection and manifestation, enabling antiviral drug discovery",32,TXT,2026/01/21,ftp://ftp.ncbi.nlm.nih.gov/geo/series/GSE316nnn/GSE316780/
GSE313170,Hypusination of the translation factor eIF5A regulates mitochondrial tRNA processing to promote prostate cancer aggressiveness,18,CSV,2026/01/21,ftp://ftp.ncbi.nlm.nih.gov/geo/series/GSE313nnn/GSE313170/
GSE302899,Radiofrequency regulates the BET-mediated pathways in radial glia differentiation in human cortical development,7,"BED, MTX, TSV",2026/01/20,ftp://ftp.ncbi.nlm.nih.gov/geo/series/GSE302nnn/GSE302899/
GSE290048,Generation of human pineal gland organoids with melatonin production for disease modeling,14,"CSV, MTX, TSV",2026/01/20,ftp://ftp.ncbi.nlm.nih.gov/geo/series/GSE290nnn/GSE290048/
GSE287075,ECD co-operates with ERBB2 to promote tumorigenesis through upregulation of unfolded protein response and glycolysis,21,"CSV, TXT",2026/01/20,ftp://ftp.ncbi.nlm.nih.gov/geo/series/GSE287nnn/GSE287075/
GSE316534,Modeling Spastic Paraplegia 4 using Human Corticospinal Motor Neuron enriched Cortical Organoids Uncovers Genotype–Phenotype Distinctions and HDAC6-Targetable Pathology,2,"CSV, H5",2026/01/19,ftp://ftp.ncbi.nlm.nih.gov/geo/series/GSE316nnn/GSE316534/
GSE236316,Zinc accumulation-induced integrated stress response triggers β-cell identity loss,2,"MTX, TSV",2026/01/19,ftp://ftp.ncbi.nlm.nih.gov/geo/series/GSE236nnn/GSE236316/
GSE287429,Drug Repurposing Identifies Proteasome Inhibitors as Antiproliferative Agents Counteracting Inflammation-Driven Chemoresistance in Triple-Negative Breast Cancer Organoids,12,TXT,2026/01/18,ftp://ftp.ncbi.nlm.nih.gov/geo/series/GSE287nnn/GSE287429/
GSE287509,Propofol Differentially Modulates Neurodevelopmental Processes in Region-Specific Human Brain Organoids,12,XLS,2026/01/16,ftp://ftp.ncbi.nlm.nih.gov/geo/series/GSE287nnn/GSE287509/
GSE312664,Human microglia in brain assembloids display region-specific diversity and respond to hyperexcitable neurons carrying SCN2A mutation,3,"MTX, TSV",2026/01/15,ftp://ftp.ncbi.nlm.nih.gov/geo/series/GSE312nnn/GSE312664/
GSE308352,Integration protocol of microglia and cerebral organoid,5,XLSX,2026/01/15,ftp://ftp.ncbi.nlm.nih.gov/geo/series/GSE308nnn/GSE308352/
GSE310664,Analysis of experimental colorectal liver metastases identifies distinct proliferation independent transcriptional programs in micro- versus macrometastases,22,TXT,2026/01/14,ftp://ftp.ncbi.nlm.nih.gov/geo/series/GSE310nnn/GSE310664/
GSE302327,HIF-1alpha activity affects stem cell fate in patient-derived ileum organoids,29,CSV,2026/01/14,ftp://ftp.ncbi.nlm.nih.gov/geo/series/GSE302nnn/GSE302327/
GSE302085,HIF-1alpha activity affects stem cell fate in patient-derived ileum organoids,12,RDS,2026/01/14,ftp://ftp.ncbi.nlm.nih.gov/geo/series/GSE302nnn/GSE302085/
GSE287648,ComBO: A combined human bone and lympho-myeloid bone marrow organoid for pre-clinical modelling of haematopoietic disorders,12,RDS,2026/01/12,ftp://ftp.ncbi.nlm.nih.gov/geo/series/GSE287nnn/GSE287648/
GSE310408,Gene expression profiles of intestinal organoids under collagen/Matrigel culture and 5-fluorouracil treatment in human,12,TXT,2026/01/09,ftp://ftp.ncbi.nlm.nih.gov/geo/series/GSE310nnn/GSE310408/
GSE300603,Fetal reversion from diverse lineages sustains the intestinal stem cell pool and confers stress resilience.,34,TXT,2026/01/09,ftp://ftp.ncbi.nlm.nih.gov/geo/series/GSE300nnn/GSE300603/
GSE300602,Single-cell RNA-sequenceing analysis of human intestinal organoids cultured in Matriel or type I collagen,2,TXT,2026/01/09,ftp://ftp.ncbi.nlm.nih.gov/geo/series/GSE300nnn/GSE300602/
GSE230051,Single Cell Transcriptome of Highly Heterogenous Hepato-Hematopoietic Lineages in Fetal Liver Organoids from Human Pluripotent Stem Cells,4,TXT,2026/01/09,ftp://ftp.ncbi.nlm.nih.gov/geo/series/GSE230nnn/GSE230051/
GSE315569,Aptamer-modified 5-fluorouracil encapsulated metal-organic framework nanodrugs for enhanced therapy of colorectal cancer via peroxidative induced cell death,8,TXT,2026/01/06,ftp://ftp.ncbi.nlm.nih.gov/geo/series/GSE315nnn/GSE315569/
GSE273146,Patient-derived liver organoids recapitulate epithelial heterogeneity and enable precision disease modelling of alcohol-associated liver disease,10,"H5, RDS",2026/01/02,ftp://ftp.ncbi.nlm.nih.gov/geo/series/GSE273nnn/GSE273146/
GSE310490,PTEN variant and genetic backgrounds combine to modify cerebellar neuronal differentiation in autism spectrum disorder,9,RDS,2026/01/01,ftp://ftp.ncbi.nlm.nih.gov/geo/series/GSE310nnn/GSE310490/
GSE309012,The SETD7–H3K4me1–APLNR Axis Couples Epigenetic Signaling to Orchestrate Endoderm Specification in Human Pluripotent Stem Cells,18,CSV,2026/01/01,ftp://ftp.ncbi.nlm.nih.gov/geo/series/GSE309nnn/GSE309012/
GSE303735,Unraveling Single-Cell Regulatory Networks in iPSC-Derived Neurons from Veterans with Gulf War Illness,2,H5,2026/01/01,ftp://ftp.ncbi.nlm.nih.gov/geo/series/GSE303nnn/GSE303735/
GSE295961,Genomic profiling of active vitamin D colonic responses in African- and European-Americans identifies an ancestry-related regulatory variant of POLB,157,"MTX, NARROWPEAK, RESULTS, TSV",2026/01/01,ftp://ftp.ncbi.nlm.nih.gov/geo/series/GSE295nnn/GSE295961/
GSE287598,"Discovery and characterization of zoonotic viruses with multi-species, multi-organ bat organoids",6,MTX,2026/01/01,ftp://ftp.ncbi.nlm.nih.gov/geo/series/GSE287nnn/GSE287598/
GSE287254,Impact of 3D-printed perfusable synthetic vasculature on stem-cell based early-stage cerebral organoids,8,"MTX, TSV",2026/01/01,ftp://ftp.ncbi.nlm.nih.gov/geo/series/GSE287nnn/GSE287254/
GSE285905,"Cellular stress, inflammation and barrier damage in gut epithelial cells caused by aspartame",9,TSV,2026/01/01,ftp://ftp.ncbi.nlm.nih.gov/geo/series/GSE285nnn/GSE285905/
GSE305528,An epigenetic basis for sustained inflammatory epithelial progenitor cell states in Crohn’s disease,69,"TSV, XLSX",2025/12/31,ftp://ftp.ncbi.nlm.nih.gov/geo/series/GSE305nnn/GSE305528/
GSE301348,Contemporary highly pathogenic avian influenza (H5N1) viruses retain neurotropism in human cerebral organoids,10,"H5AD, MTX, TSV",2025/12/31,ftp://ftp.ncbi.nlm.nih.gov/geo/series/GSE301nnn/GSE301348/
GSE300610,Growing iPSC-derived neuronal precursor cells (NPCs) of MT-ATP6 patients and of normal controls under physiological glucose concentrations of 4.5 mM with and without 1 µM or 10 µM Sildenafil for 6 or 24 hours.,192,"GTF, TAB",2025/12/31,ftp://ftp.ncbi.nlm.nih.gov/geo/series/GSE300nnn/GSE300610/
GSE298791,Exosomal SNHG26 derived from drug-resistant tongue squamous cell carcinoma cells inhibits the anticancer effect of NK cells in the microenvironment,6,XLS,2025/12/31,ftp://ftp.ncbi.nlm.nih.gov/geo/series/GSE298nnn/GSE298791/
GSE296834,Exosomal SNHG26 derived from drug-resistant tongue squamous cell carcinoma cells inhibits the anticancer effect of NK cells in the microenvironment_scRNAseq,2,"MTX, TSV",2025/12/31,ftp://ftp.ncbi.nlm.nih.gov/geo/series/GSE296nnn/GSE296834/
GSE296099,Gene expression analysis of patient-derived engineered organoid model of thyroid cancer (TC),3,TXT,2025/12/31,ftp://ftp.ncbi.nlm.nih.gov/geo/series/GSE296nnn/GSE296099/
GSE284339,Analysis of organoid-derived microglia implicates microglial dysfunction in C9ORF72 ALS/FTD,25,TXT,2025/12/31,ftp://ftp.ncbi.nlm.nih.gov/geo/series/GSE284nnn/GSE284339/
GSE270767,Disseminated tumor cell of colorectal cancer adopt the wound healing program of epidermal keratinocyte [scRNA-seq],1,"MTX, TSV",2025/12/31,ftp://ftp.ncbi.nlm.nih.gov/geo/series/GSE270nnn/GSE270767/
GSE266155,Deciphering the Neurological Puzzle in ALG13-CDG Through Cutting-Edge Brain Organoid Modeling.,6,H5,2025/12/31,ftp://ftp.ncbi.nlm.nih.gov/geo/series/GSE266nnn/GSE266155/
GSE214772,"An autonomous intrapulmonary inflammatory feedback response, mediated by surfactants, operates as an inherent viral defense mechanism: evidence from acute SARS-CoV-2 infection",28,"MTX, TSV",2025/12/31,ftp://ftp.ncbi.nlm.nih.gov/geo/series/GSE214nnn/GSE214772/
GSE214770,"An autonomous intrapulmonary inflammatory feedback response, mediated by surfactants, operates as an inherent viral defense mechanism: evidence from acute SARS-CoV-2 infection [Pseudovirus Infected Proximal Lung Organoid scRNA-seq]",2,"MTX, TSV",2025/12/31,ftp://ftp.ncbi.nlm.nih.gov/geo/series/GSE214nnn/GSE214770/
GSE214762,"An autonomous intrapulmonary inflammatory feedback response, mediated by surfactants, operates as an inherent viral defense mechanism: evidence from acute SARS-CoV-2 infection [Prox, Distal, and Whole Lung Organoid scRNA-seq]",7,"MTX, TSV",2025/12/31,ftp://ftp.ncbi.nlm.nih.gov/geo/series/GSE214nnn/GSE214762/
GSE214752,"An autonomous intrapulmonary inflammatory feedback response, mediated by surfactants, operates as an inherent viral defense mechanism: evidence from acute SARS-CoV-2 infection [Combined Proximal, Distal, and Whole Lung Organoid scRNA-seq]",4,"MTX, TSV",2025/12/31,ftp://ftp.ncbi.nlm.nih.gov/geo/series/GSE214nnn/GSE214752/
GSE214482,"An autonomous intrapulmonary inflammatory feedback response, mediated by surfactants, operates as an inherent viral defense mechanism: evidence from acute SARS-CoV-2 infection [bulk RNA-seq]",15,TXT,2025/12/31,ftp://ftp.ncbi.nlm.nih.gov/geo/series/GSE214nnn/GSE214482/
GSE305088,Single-cell transcriptome analyses reveal disturbed decidual microenvironment in women of advanced maternal age,6,"MTX, TSV",2025/12/30,ftp://ftp.ncbi.nlm.nih.gov/geo/series/GSE305nnn/GSE305088/
GSE303677,Differential Epithelial Responses to GII.3 HuNoV Infection in Jejunal Human Intestinal Organoids (HIOs),12,CSV,2025/12/30,ftp://ftp.ncbi.nlm.nih.gov/geo/series/GSE303nnn/GSE303677/
GSE295401,Spatial transcriptomics reveal lineage complexity of gastric incomplete intestinal metaplasia and its association with gastric cancers [scRNA-Seq],10,H5,2025/12/30,ftp://ftp.ncbi.nlm.nih.gov/geo/series/GSE295nnn/GSE295401/
GSE314457,Metabolic adaptation of stromal cells to fatty acid drives metastasis of oral squamous cell carcinoma [RNA-Seq],12,CSV,2025/12/26,ftp://ftp.ncbi.nlm.nih.gov/geo/series/GSE314nnn/GSE314457/
GSE310492,ADH1C downregulation is a key hypoxia response in colon epithelium,13,"CSV, TXT",2025/12/22,ftp://ftp.ncbi.nlm.nih.gov/geo/series/GSE310nnn/GSE310492/
GSE309759,Glucose metabolism regulates human cortical cell diversification and maturation,36,"MTX, TSV",2025/12/20,ftp://ftp.ncbi.nlm.nih.gov/geo/series/GSE309nnn/GSE309759/
GSE303450,Single-cell RNA sequencing of human salivary glands and organoids,4,"MTX, TSV",2025/12/19,ftp://ftp.ncbi.nlm.nih.gov/geo/series/GSE303nnn/GSE303450/
GSE312098,Overcoming ADC resistance in advanced colorectal cancer by dual targeting of TROP2 and PERK to suppress Wnt/β-catenin signaling [TROP2+GSK RNA-Seq],12,TXT,2025/12/18,ftp://ftp.ncbi.nlm.nih.gov/geo/series/GSE312nnn/GSE312098/
GSE311016,Overcoming ADC resistance in advanced colorectal cancer by dual targeting of TROP2 and PERK to suppress Wnt/β-catenin signaling,10,TXT,2025/12/18,ftp://ftp.ncbi.nlm.nih.gov/geo/series/GSE311nnn/GSE311016/
GSE280811,Autophagy is required for the development and functionality of lacrimal gland-like organoids,6,TXT,2025/12/18,ftp://ftp.ncbi.nlm.nih.gov/geo/series/GSE280nnn/GSE280811/
GSE230046,Transcriptome of Hepato-Hematopoietic Lineages in Fetal Liver Organoids from Human Pluripotent Stem Cells,21,CSV,2025/12/18,ftp://ftp.ncbi.nlm.nih.gov/geo/series/GSE230nnn/GSE230046/
GSE303388,KIAA0319 plays a critical role in cortical neuronal maturation and synaptic development through a dyslexia-associated gene network,2,H5,2025/12/17,ftp://ftp.ncbi.nlm.nih.gov/geo/series/GSE303nnn/GSE303388/
GSE292457,Thyroid hormone augmentation accelerates hair cell maturation in human cochlear organoids,7,TAR,2025/12/17,ftp://ftp.ncbi.nlm.nih.gov/geo/series/GSE292nnn/GSE292457/
GSE292020,"Colorectal cancer organoids drive patient-specific inflammation, cytotoxicity and tissue-residency programs in NK cells",15,TXT,2025/12/17,ftp://ftp.ncbi.nlm.nih.gov/geo/series/GSE292nnn/GSE292020/
GSE287170,Retinoic acid signaling activation in early intermediate mesoderm differentiation promotes dual lineage of intermediate mesoderm specification and enhances full-segment kidney organoid generation,2,"MTX, TSV",2025/12/17,ftp://ftp.ncbi.nlm.nih.gov/geo/series/GSE287nnn/GSE287170/
GSE284762,Compromised Intestinal Barrier Resilience to Disruption in People with HIV,59,,2025/12/17,ftp://ftp.ncbi.nlm.nih.gov/geo/series/GSE284nnn/GSE284762/
GSE284761,Compromised Intestinal Barrier Resilience to Disruption in People with HIV [ileum],29,TXT,2025/12/17,ftp://ftp.ncbi.nlm.nih.gov/geo/series/GSE284nnn/GSE284761/
GSE284755,Compromised Intestinal Barrier Resilience to Disruption in People with HIV [colon],30,TXT,2025/12/17,ftp://ftp.ncbi.nlm.nih.gov/geo/series/GSE284nnn/GSE284755/
GSE235125,A simple and effective method for mature kidney organoid containing a collecting duct using retinoic acid and bone morphogenetic protein 7,1,"MTX, TSV",2025/12/17,ftp://ftp.ncbi.nlm.nih.gov/geo/series/GSE235nnn/GSE235125/
GSE313838,Androgen receptor-negative prostate cancer is vulnerable to SWI/SNF-targeting degrader molecules,32,"BED, BIGWIG, BW, CHP, NARROWPEAK, RDS, TSV, TXT",2025/12/16,ftp://ftp.ncbi.nlm.nih.gov/geo/series/GSE313nnn/GSE313838/
GSE297746,Free-floating Long-term Vascularized Mesenchymal Organoids [RNA-seq],20,CSV,2025/12/15,ftp://ftp.ncbi.nlm.nih.gov/geo/series/GSE297nnn/GSE297746/
GSE297680,Free-floating Long-term Vascularized Mesenchymal Organoids [scRNA-seq],2,"MTX, TSV",2025/12/15,ftp://ftp.ncbi.nlm.nih.gov/geo/series/GSE297nnn/GSE297680/
GSE294833,Electro-assisted cell printing directs in vitro gastrulation and epiblast-like morphogenesis from human pluripotent stem cells II,4,XLSX,2025/12/13,ftp://ftp.ncbi.nlm.nih.gov/geo/series/GSE294nnn/GSE294833/
GSE285564,Single-cell transcriptome comparison of myeloid cells’ in the retina in response to transplantation of human stem-cell derived neurons and to ocular damage reveals the reversibility of the microglia activation.,3,"LOOM, MTX, TSV",2025/12/12,ftp://ftp.ncbi.nlm.nih.gov/geo/series/GSE285nnn/GSE285564/
GSE253973,Fibroblast-like cells in mesothelioma can derive from tumor cells,11,"MTX, TSV",2025/12/12,ftp://ftp.ncbi.nlm.nih.gov/geo/series/GSE253nnn/GSE253973/
GSE222754,Gene expression profiles of human iPSC-derived microglia in different culture conditions [Bulk RNAseq],39,TXT,2025/12/12,ftp://ftp.ncbi.nlm.nih.gov/geo/series/GSE222nnn/GSE222754/
GSE313368,Dictionary of human intestinal organoid responses to secreted niche factors at single cell resolution,39,ROBJ,2025/12/11,ftp://ftp.ncbi.nlm.nih.gov/geo/series/GSE313nnn/GSE313368/
GSE294956,Human PSC-derived organoids model sympathetic ganglion development and its functional crosstalk with the heart,2,"MTX, TSV",2025/12/11,ftp://ftp.ncbi.nlm.nih.gov/geo/series/GSE294nnn/GSE294956/
GSE311899,Autologous cell therapy with CD133+ bone marrow-derived stem cells for Asherman Syndrome: a phase 1/2 trial [biopsies],35,"RDS, TAR",2025/12/10,ftp://ftp.ncbi.nlm.nih.gov/geo/series/GSE311nnn/GSE311899/
GSE311897,Autologous cell therapy with CD133+ bone marrow-derived stem cells for Asherman Syndrome: a phase 1/2 trial [organoids],9,"H5, RDS",2025/12/10,ftp://ftp.ncbi.nlm.nih.gov/geo/series/GSE311nnn/GSE311897/
GSE306096,AI-assisted Drug Re-purposing  for Human Liver Fibrosis,27,"CSV, MTX, TSV",2025/12/10,ftp://ftp.ncbi.nlm.nih.gov/geo/series/GSE306nnn/GSE306096/
GSE304935,A Serum-free Culture Medium for Long-term Expansion of Human Airway Basal Stem Cells,24,TXT,2025/12/10,ftp://ftp.ncbi.nlm.nih.gov/geo/series/GSE304nnn/GSE304935/
GSE267024,Multiomics analysis of differentiating human cholangiocyte organoids,8,H5,2025/12/10,ftp://ftp.ncbi.nlm.nih.gov/geo/series/GSE267nnn/GSE267024/
GSE312980,Single-Cell RNA Sequencing Analysis of Kidney Organoids derived in 2D or 3D from SCTi004-A hiPSC line using the STEMdiff™ Kidney Organoid Kit,2,"MTX, TSV, TXT",2025/12/09,ftp://ftp.ncbi.nlm.nih.gov/geo/series/GSE312nnn/GSE312980/
GSE309752,ATP6V0D2 drives triple-negative breast cancer progression and inhibits cisplatin sensitivity by promoting PHLPP2 lysosomal degradation,6,XLSX,2025/12/09,ftp://ftp.ncbi.nlm.nih.gov/geo/series/GSE309nnn/GSE309752/
GSE246299,"Cardiac Fibrosis in Dilated Cardiomyopathy: Transcriptomics Insights, Histological Correlations, and Organoid Model Verifications",67,,2025/12/09,ftp://ftp.ncbi.nlm.nih.gov/geo/series/GSE246nnn/GSE246299/
GSE246298,"Cardiac Fibrosis in Dilated Cardiomyopathy: Transcriptomics Insights, Histological Correlations, and Organoid Model Verifications [RNA-seq II]",9,TXT,2025/12/09,ftp://ftp.ncbi.nlm.nih.gov/geo/series/GSE246nnn/GSE246298/
GSE309755,RNA sequencing of human brain organoids to evaluate sex-specific and opto-FGFR-mediated responses to Simplified 5 Ion GCR Simulation,66,TXT,2025/12/08,ftp://ftp.ncbi.nlm.nih.gov/geo/series/GSE309nnn/GSE309755/
GSE288008,Intra and Inter Tumoral Heterogeneity In Von Hippel-Lindau related Renal Cancer,12,TXT,2025/12/04,ftp://ftp.ncbi.nlm.nih.gov/geo/series/GSE288nnn/GSE288008/
GSE271116,Single-cell transcriptomics revealed molecular vulnerability in a human midbrain-like organoid model of Parkinson's Disease [scRNA-Seq],15,RDS,2025/12/04,ftp://ftp.ncbi.nlm.nih.gov/geo/series/GSE271nnn/GSE271116/
GSE271115,Single-cell transcriptomics revealed molecular vulnerability in a human midbrain-like organoid model of Parkinson's Disease [RNA-Seq],10,RDS,2025/12/04,ftp://ftp.ncbi.nlm.nih.gov/geo/series/GSE271nnn/GSE271115/
GSE311811,Multiplexed mosaic tumor models reveal natural phenotypic variations in drug response within and between populations [scRNA-seq],1,"BEST, H5, H5AD",2025/12/02,ftp://ftp.ncbi.nlm.nih.gov/geo/series/GSE311nnn/GSE311811/
GSE311760,"IL-22 induces Paneth cell metaplasia in the colonic epithelium of ulcerative colitis, promoting wound healing via REG3A",18,CSV,2025/12/02,ftp://ftp.ncbi.nlm.nih.gov/geo/series/GSE311nnn/GSE311760/
GSE306057,ALKBH5-IGF2BP2 Axis Mediates Prostate Cancer Progression and Docetaxel Resistance via m6A-Stabilized CLSPN RNA,12,"BED, TXT, XLSX",2025/12/02,ftp://ftp.ncbi.nlm.nih.gov/geo/series/GSE306nnn/GSE306057/
GSE303432,RELB Reprograms Exhausted Tumor-Infiltrating Lymphocytes for Improved Adoptive Cell Therapy [RNA-Seq],34,TXT,2025/12/02,ftp://ftp.ncbi.nlm.nih.gov/geo/series/GSE303nnn/GSE303432/
GSE297341,Cancer therapy induced effects on lung organoids as suitable in vitro model II,1,"MTX, RDS, TSV, TXT",2025/12/02,ftp://ftp.ncbi.nlm.nih.gov/geo/series/GSE297nnn/GSE297341/
GSE292419,Mechanisms of Activation and Serotonin release from Human Enterochromaffin Cells,8,TSV,2025/12/02,ftp://ftp.ncbi.nlm.nih.gov/geo/series/GSE292nnn/GSE292419/
GSE274368,IKKa modulates colorectal cancer metastasis by preventing tight junction stabilization and collective cell migration,13,"MTX, TSV",2025/12/02,ftp://ftp.ncbi.nlm.nih.gov/geo/series/GSE274nnn/GSE274368/
GSE274326,IKKa modulates colorectal cancer metastasis by preventing tight junction stabilization and collective cell migration [RNA-seq PDX],6,TXT,2025/12/02,ftp://ftp.ncbi.nlm.nih.gov/geo/series/GSE274nnn/GSE274326/
GSE274325,IKKa modulates colorectal cancer metastasis by preventing tight junction stabilization and collective cell migration [RNA-seq Tumoroid],4,TXT,2025/12/02,ftp://ftp.ncbi.nlm.nih.gov/geo/series/GSE274nnn/GSE274325/
GSE274321,IKKa modulates colorectal cancer metastasis by preventing tight junction stabilization and collective cell migration [scRNA-seq],3,"MTX, RDS, TSV",2025/12/02,ftp://ftp.ncbi.nlm.nih.gov/geo/series/GSE274nnn/GSE274321/
GSE240920,Autophagy regulates neuronal differentiation by controlling WNT/DVL signal pathway,9,TXT,2025/12/02,ftp://ftp.ncbi.nlm.nih.gov/geo/series/GSE240nnn/GSE240920/
GSE310845,Intestinal Stem and Progenitor Cells Exhibit Distinct Adaptive Responses to Inflammatory Stress in IBD,20,TXT,2025/12/01,ftp://ftp.ncbi.nlm.nih.gov/geo/series/GSE310nnn/GSE310845/
GSE298927,Aberrant Cell Fate and Functional Impairment in Developing Human Liver Organoids Exposed to Nanoplastics,3,TXT,2025/12/01,ftp://ftp.ncbi.nlm.nih.gov/geo/series/GSE298nnn/GSE298927/
GSE296270,The Histone Methyltransferase KMT2D is a Critical Mediator of Lineage Plasticity and Therapeutic Response in Castration Resistant Prostate Cancer,118,BW,2025/12/01,ftp://ftp.ncbi.nlm.nih.gov/geo/series/GSE296nnn/GSE296270/
GSE296116,The Histone Methyltransferase KMT2D is a Critical Mediator of Lineage Plasticity and Therapeutic Response in Castration Resistant Prostate Cancer [MSKPCA3 Bulk RNA-Seq],12,RDS,2025/12/01,ftp://ftp.ncbi.nlm.nih.gov/geo/series/GSE296nnn/GSE296116/
GSE296115,The Histone Methyltransferase KMT2D is a Critical Mediator of Lineage Plasticity and Therapeutic Response in Castration Resistant Prostate Cancer [LNCaP Bulk RNA-Seq],16,RDS,2025/12/01,ftp://ftp.ncbi.nlm.nih.gov/geo/series/GSE296nnn/GSE296115/
GSE293211,The Histone Methyltransferase KMT2D is a Critical Mediator of Lineage Plasticity and Therapeutic Response in Castration Resistant Prostate Cancer [MSKPCA2 Bulk RNA-seq],4,CSV,2025/12/01,ftp://ftp.ncbi.nlm.nih.gov/geo/series/GSE293nnn/GSE293211/
GSE293182,The Histone Methyltransferase KMT2D is a Critical Mediator of Lineage Plasticity and Therapeutic Response in Castration Resistant Prostate Cancer [PC3 Bulk RNA-seq],6,RDS,2025/12/01,ftp://ftp.ncbi.nlm.nih.gov/geo/series/GSE293nnn/GSE293182/
GSE293060,The Histone Methyltransferase KMT2D is a Critical Mediator of Lineage Plasticity and Therapeutic Response in Castration Resistant Prostate Cancer [DU145 Bulk RNA-seq],6,RDS,2025/12/01,ftp://ftp.ncbi.nlm.nih.gov/geo/series/GSE293nnn/GSE293060/
GSE291282,The Histone Methyltransferase KMT2D is a Critical Mediator of Lineage Plasticity and Therapeutic Response in Castration Resistant Prostate Cancer,6,"H5, TSV",2025/12/01,ftp://ftp.ncbi.nlm.nih.gov/geo/series/GSE291nnn/GSE291282/
GSE282945,The FAM53C/DYRK1A axis regulates the G1/S transition of the cell cycle,5,CSV,2025/12/01,ftp://ftp.ncbi.nlm.nih.gov/geo/series/GSE282nnn/GSE282945/
GSE311252,Gradient-Based Regulation of Activin A Directs Multilineage Liver Organoid Development from Human Pluripotent Stem Cells,39,"CSV, TXT",2025/11/30,ftp://ftp.ncbi.nlm.nih.gov/geo/series/GSE311nnn/GSE311252/
GSE308529,Endometrial gland secretions induce metabolic reprogramming and immunomodulatory signalling in trophoblast,12,"CSV, TXT",2025/11/30,ftp://ftp.ncbi.nlm.nih.gov/geo/series/GSE308nnn/GSE308529/
GSE248508,MECP2 AND MECP2T203M D30 cerebral organoids,14,"BW, MTX, TSV, TXT",2025/11/30,ftp://ftp.ncbi.nlm.nih.gov/geo/series/GSE248nnn/GSE248508/
GSE248507,scRNA-SEQ OF MECP2 AND MECP2T203M D30 cerebral organoids.,2,"MTX, TSV",2025/11/30,ftp://ftp.ncbi.nlm.nih.gov/geo/series/GSE248nnn/GSE248507/
GSE248505,bulkRNA-SEQ OF MECP2 AND MECP2T203M D30 cerebral organoids.,6,TXT,2025/11/30,ftp://ftp.ncbi.nlm.nih.gov/geo/series/GSE248nnn/GSE248505/
GSE311322,Development of Human Vaginal Epithelial Organoids as a Model for Epithelial Homeostasis and Host,18,CSV,2025/11/28,ftp://ftp.ncbi.nlm.nih.gov/geo/series/GSE311nnn/GSE311322/
GSE282845,Novel lentiviral constructs for the specification of rare and ectopic cell types in human colonoids,14,CSV,2025/11/25,ftp://ftp.ncbi.nlm.nih.gov/geo/series/GSE282nnn/GSE282845/
GSE310067,Human fallopian tube epithelial organoids with TP53 mutation recapitulate features of serous tubal intraepithelial carcinoma (STIC)- RNA-sequencing,8,TSV,2025/11/21,ftp://ftp.ncbi.nlm.nih.gov/geo/series/GSE310nnn/GSE310067/
GSE294061,Isolated TEC and DC from human iPSc-derived thymic organoids (hTOs) seeded with primary early thymic progenitors (ETPs) at late phase of maturation (D28),4,TXT,2025/11/21,ftp://ftp.ncbi.nlm.nih.gov/geo/series/GSE294nnn/GSE294061/
GSE293930,Detaching cells from human iPSc-derived thymic organoids (hTOs) seeded with primary early thymic progenitors (ETPs) at late phase of maturation (D28),2,"MTX, TSV, TXT",2025/11/21,ftp://ftp.ncbi.nlm.nih.gov/geo/series/GSE293nnn/GSE293930/
GSE293928,Human iPSc-derived thymic organoids (hTOs) seeded with primary early thymic progenitors (ETPs) at early phase of maturation (D7),1,"MTX, TSV",2025/11/21,ftp://ftp.ncbi.nlm.nih.gov/geo/series/GSE293nnn/GSE293928/
GSE290304,Human CRX Regulates Photoreceptor Cells Development via Bidirectional Transcriptional Control in Retinal Organoids,11,"BW, TXT",2025/11/20,ftp://ftp.ncbi.nlm.nih.gov/geo/series/GSE290nnn/GSE290304/
GSE215362,Dual developmental effects of ARX poly-alanine mutations in human cortical excitatory and inhibitory neurons,24,TAR,2025/11/20,ftp://ftp.ncbi.nlm.nih.gov/geo/series/GSE215nnn/GSE215362/
GSE309795,Multiscale profiling of tyrosine kinase inhibitor cardiotoxicity reveals mechanosensitive ion channel PIEZO1 as cardioprotective [bulk RNA-seq],72,CSV,2025/11/19,ftp://ftp.ncbi.nlm.nih.gov/geo/series/GSE309nnn/GSE309795/
GSE309815,Single-cell RNA-seq of undirected human cerebral organoids (HuCOs) infected with MV1 or MV2 compared with uninfected controls at 120 and 180 days post-infection,7,H5,2025/11/18,ftp://ftp.ncbi.nlm.nih.gov/geo/series/GSE309nnn/GSE309815/
GSE293984,"Connecting cilium, stress response and proteostasis abnormalities inform variant and therapy assessment in RPGRIP1 retinal organoid [scRNA-seq]",6,"MTX, TSV",2025/11/18,ftp://ftp.ncbi.nlm.nih.gov/geo/series/GSE293nnn/GSE293984/
GSE293982,"Connecting cilium, stress response and proteostasis abnormalities inform variant and therapy assessment in RPGRIP1 retinal organoids [RNA-Seq]",9,TSV,2025/11/18,ftp://ftp.ncbi.nlm.nih.gov/geo/series/GSE293nnn/GSE293982/
GSE285292,"Macro-scale, scaffold-assisted model of the human bone marrow endosteal niche using hiPSC-vascularized osteoblastic organoids",3,"MTX, TSV",2025/11/18,ftp://ftp.ncbi.nlm.nih.gov/geo/series/GSE285nnn/GSE285292/
GSE231781,Single-cell atlas of patient-derived cervical organoids uncovers epithelial immune heterogeneity and intercellular crosstalk during Chlamydia infection,14,TXT,2025/11/18,ftp://ftp.ncbi.nlm.nih.gov/geo/series/GSE231nnn/GSE231781/
GSE231773,Single-cell atlas of patient-derived cervical organoids uncovers epithelial immune heterogeneity and intercellular crosstalk during Chlamydia infection,6,"CSV, MTX, TSV",2025/11/18,ftp://ftp.ncbi.nlm.nih.gov/geo/series/GSE231nnn/GSE231773/
GSE290980,Targeted Antisense Oligonucleotide Treatment Rescues Developmental Alterations in Spinal Muscular Atrophy Organoids [scRNA-seq],8,"MTX, TSV",2025/11/17,ftp://ftp.ncbi.nlm.nih.gov/geo/series/GSE290nnn/GSE290980/
GSE290979,Targeted Antisense Oligonucleotide Treatment Rescues Developmental Alterations in Spinal Muscular Atrophy Organoids [bulk RNA-seq],31,TXT,2025/11/17,ftp://ftp.ncbi.nlm.nih.gov/geo/series/GSE290nnn/GSE290979/
GSE225951,A dual role of EZH2 in regulating A-to-I RNA editing and mRNA stability through ADAR1,75,"BW, TXT",2025/11/15,ftp://ftp.ncbi.nlm.nih.gov/geo/series/GSE225nnn/GSE225951/
GSE305006,A human multi-organoid platform to model immune dynamics in cardiac injury and disease,4,RDS,2025/11/14,ftp://ftp.ncbi.nlm.nih.gov/geo/series/GSE305nnn/GSE305006/
GSE299888,Liver-specific LXR inverse agonist restores lipid homeostasis in animal models and humans,12,XLSX,2025/11/14,ftp://ftp.ncbi.nlm.nih.gov/geo/series/GSE299nnn/GSE299888/
GSE287114,Human Immuno-Lung Organoid Model to Study Macrophage-Mediated Lung Cell Senescence Upon SARS-CoV-2 Infection,14,"BED, CSV, MTX, TSV",2025/11/14,ftp://ftp.ncbi.nlm.nih.gov/geo/series/GSE287nnn/GSE287114/
GSE287113,Human Immuno-Lung Organoid Model to Study Macrophage-Mediated Lung Cell Senescence Upon SARS-CoV-2 Infection [snMultiomics],8,"BED, CSV, MTX, TSV",2025/11/14,ftp://ftp.ncbi.nlm.nih.gov/geo/series/GSE287nnn/GSE287113/
GSE287111,Human Immuno-Lung Organoid Model to Study Macrophage-Mediated Lung Cell Senescence Upon SARS-CoV-2 Infection [scRNA-seq],6,"MTX, TSV",2025/11/14,ftp://ftp.ncbi.nlm.nih.gov/geo/series/GSE287nnn/GSE287111/
GSE280807,Self-organizing human heart organoids with an autologous tissue-resident macrophage immune niche,4,TAR,2025/11/14,ftp://ftp.ncbi.nlm.nih.gov/geo/series/GSE280nnn/GSE280807/
GSE270070,In vivo intratumoral Heterogeneity in a dish: Scalable Forebrain Organoid Models of Embryonal Brain Tumors for High-Throughput Personalized Drug Discovery (human organoids subset 3),,"MTX, TSV, TXT",2025/11/13,ftp://ftp.ncbi.nlm.nih.gov/geo/series/GSE270nnn/GSE270070/
GSE270066,In vivo intratumoral Heterogeneity in a dish: Scalable Forebrain Organoid Models of Embryonal Brain Tumors for High-Throughput Personalized Drug Discovery (human organoids subset 2),,,2025/11/13,ftp://ftp.ncbi.nlm.nih.gov/geo/series/GSE270nnn/GSE270066/
GSE270064,In vivo intratumoral Heterogeneity in a dish: Scalable Forebrain Organoid Models of Embryonal Brain Tumors for High-Throughput Personalized Drug Discovery (human+murine organoids subset),,,2025/11/13,ftp://ftp.ncbi.nlm.nih.gov/geo/series/GSE270nnn/GSE270064/
GSE270015,In vivo intratumoral Heterogeneity in a dish: Scalable Forebrain Organoid Models of Embryonal Brain Tumors for High-Throughput Personalized Drug Discovery (human subset),,,2025/11/13,ftp://ftp.ncbi.nlm.nih.gov/geo/series/GSE270nnn/GSE270015/
GSE269254,In vivo intratumoral Heterogeneity in a dish: Scalable Forebrain Organoid Models of Embryonal Brain Tumors for High-Throughput Personalized Drug Discovery (human organoids+cell lines subset 1),17,"MTX, TSV",2025/11/13,ftp://ftp.ncbi.nlm.nih.gov/geo/series/GSE269nnn/GSE269254/
GSE271853,Developmental convergence and divergence in human stem cell models of autism spectrum disorder,476,"CSV, RDS, TXT",2025/11/12,ftp://ftp.ncbi.nlm.nih.gov/geo/series/GSE271nnn/GSE271853/
GSE277032,An in vivo and in vitro spatiotemporal atlas of human fetal midbrain development,29,"CSV, JPG, JSON, MTX, PNG, TSV",2025/11/11,ftp://ftp.ncbi.nlm.nih.gov/geo/series/GSE277nnn/GSE277032/
GSE300073,Filovirus Infection Disrupts Epithelial Barrier Function and Ion Transport in Human iPSC-Derived Gut Organoids,18,CSV,2025/11/10,ftp://ftp.ncbi.nlm.nih.gov/geo/series/GSE300nnn/GSE300073/
GSE298600,Filovirus Infection Disrupts Epithelial Barrier Function and Ion Transport in Human iPSC-Derived Gut Organoids,9,CSV,2025/11/10,ftp://ftp.ncbi.nlm.nih.gov/geo/series/GSE298nnn/GSE298600/
GSE297594,MeCP2 regulates telencephalic development in human cerebral organoids,11,"MTX, RDS, TSV, XLSX",2025/11/07,ftp://ftp.ncbi.nlm.nih.gov/geo/series/GSE297nnn/GSE297594/
GSE291524,"ColoStem, a core transcriptional signature that identifies poor prognosis fetal-type colorectal tumors",18,TXT,2025/11/06,ftp://ftp.ncbi.nlm.nih.gov/geo/series/GSE291nnn/GSE291524/
GSE309248,Generation of spinal cord organoids from human induced pluripotent stem cells caudalised to a lumbar fate,1,"MTX, TSV",2025/11/04,ftp://ftp.ncbi.nlm.nih.gov/geo/series/GSE309nnn/GSE309248/
GSE288422,Rise in KRT17 sensitizes platinum-resistant ovarian cancer organoids to targeted therapies,6,TXT,2025/11/04,ftp://ftp.ncbi.nlm.nih.gov/geo/series/GSE288nnn/GSE288422/
GSE305194,Waves of cell death modulate the abundance and maturation of human retinal ganglion cells,16,H5,2025/11/02,ftp://ftp.ncbi.nlm.nih.gov/geo/series/GSE305nnn/GSE305194/
GSE306909,Enhancer Remodeling-Driven Mevalonate Pathway Confers Resistance to KRAS Inhibitor in Colorectal Cancer,19,"BW, CSV, XLSX",2025/11/01,ftp://ftp.ncbi.nlm.nih.gov/geo/series/GSE306nnn/GSE306909/
GSE287262,Mpox virus replicates in lung organoids without significantly affecting their cellular function,12,TXT,2025/11/01,ftp://ftp.ncbi.nlm.nih.gov/geo/series/GSE287nnn/GSE287262/
GSE280919,Loss of METTL3 potentiates transposable element expression and drives inflammation-induced cell plasticity in the mammary epithelium [scRNA-seq],3,"MTX, TSV",2025/11/01,ftp://ftp.ncbi.nlm.nih.gov/geo/series/GSE280nnn/GSE280919/
GSE280918,Loss of METTL3 potentiates transposable element expression and drives inflammation-induced cell plasticity in the mammary epithelium [RNA-seq],9,CSV,2025/11/01,ftp://ftp.ncbi.nlm.nih.gov/geo/series/GSE280nnn/GSE280918/
GSE217044,Wnt2b Deficiency Causes Abnormal Intestinal Epithelial Development in Humans and Diminished Lgr5+ Stem Cells and Proliferation and in Humans and Mice,14,CSV,2025/11/01,ftp://ftp.ncbi.nlm.nih.gov/geo/series/GSE217nnn/GSE217044/
GSE282494,The Parkinson’s disease associated LRRK2-G2019S variant restricts serine metabolism leading to microglia inflammation and dopaminergic neuron degeneration,8,TXT,2025/10/31,ftp://ftp.ncbi.nlm.nih.gov/geo/series/GSE282nnn/GSE282494/
GSE248844,ERRγ impedes neuroendocrine prostate cancer development [RNA-Seq],12,TXT,2025/10/29,ftp://ftp.ncbi.nlm.nih.gov/geo/series/GSE248nnn/GSE248844/
GSE302654,In Vitro Modeling of and Automated Drug Screening in Embryonal Brain Tumors Using Tumor-Brain Organoids,29,"MTX, TSV",2025/10/28,ftp://ftp.ncbi.nlm.nih.gov/geo/series/GSE302nnn/GSE302654/
GSE297090,Distinct Molecular Responses of Human Intestinal Organoids to Proton and Photon Radiation ,40,CSV,2025/10/28,ftp://ftp.ncbi.nlm.nih.gov/geo/series/GSE297nnn/GSE297090/
GSE285503,Fibroblast-Derived Thrombospondin 2 Shapes the Immune-Exclusionary Environment at Invasive Fronts in Colorectal Cancer [RNA-seq_Human_CRC],4,CSV,2025/10/28,ftp://ftp.ncbi.nlm.nih.gov/geo/series/GSE285nnn/GSE285503/
GSE281124,Loss of METTL3 potentiates transposable element expression and drives inflammation-induced cell plasticity in the mammary epithelium,24,"BW, MTX, TSV",2025/10/28,ftp://ftp.ncbi.nlm.nih.gov/geo/series/GSE281nnn/GSE281124/
GSE280107,"Single cell RNA sequencing analysis of native fat tissue, RMF pallets, and expanded ADSCs",13,"MTX, TSV",2025/10/28,ftp://ftp.ncbi.nlm.nih.gov/geo/series/GSE280nnn/GSE280107/
GSE270073,In vivo intratumoral Heterogeneity in a dish: Scalable Forebrain Organoid Models of Embryonal Brain Tumors for High-Throughput Personalized Drug Discovery,17,"MTX, TSV",2025/10/28,ftp://ftp.ncbi.nlm.nih.gov/geo/series/GSE270nnn/GSE270073/
GSE286235,Construction of Human nucleus basalis Organoids and Cholinergic Projections in nbM-cortical Assembloids,4,H5,2025/10/25,ftp://ftp.ncbi.nlm.nih.gov/geo/series/GSE286nnn/GSE286235/
GSE216700,Radiofrequency radiation impairs the human cortical organoid development,4,"MTX, TSV",2025/10/24,ftp://ftp.ncbi.nlm.nih.gov/geo/series/GSE216nnn/GSE216700/
GSE293717,CEP290-deficiency disrupts ciliary axonemal architecture in human iPSC-derived cerebral organoids,4,"MTX, TSV",2025/10/22,ftp://ftp.ncbi.nlm.nih.gov/geo/series/GSE293nnn/GSE293717/
GSE242275,Human oligodendrocyte progenitor cells mediate synapse elimination through TAM receptor activation,1,"MTX, RDS, TSV",2025/10/20,ftp://ftp.ncbi.nlm.nih.gov/geo/series/GSE242nnn/GSE242275/
GSE216198,Gene expression profile of human gastroesophageal junction (GEJ) organoids TP53/CDKN2A KO,8,TXT,2025/10/20,ftp://ftp.ncbi.nlm.nih.gov/geo/series/GSE216nnn/GSE216198/
GSE294532,"Multi-layer stratified oncology platform utilizing transcriptomics, prostate cancer organoids, and modeling of drug response",63,CSV,2025/10/16,ftp://ftp.ncbi.nlm.nih.gov/geo/series/GSE294nnn/GSE294532/
GSE307256,Tissue-resident macrophages co-develop with myocardial tissue in human induced pluripotent stem cell-derived organoids,1,"MTX, TSV",2025/10/15,ftp://ftp.ncbi.nlm.nih.gov/geo/series/GSE307nnn/GSE307256/
GSE286890,Activated Glucocorticoid Receptor is an Estrogen Receptor Silencer in ERα+ metastatic breast cancer [RNA-seq],24,CSV,2025/10/15,ftp://ftp.ncbi.nlm.nih.gov/geo/series/GSE286nnn/GSE286890/
GSE305752,Single-cell analysis uncovers preserved prostate cancer lineages and universally altered pathways in Matrigel-free patient-derived organoids,17,"CSV, MTX, TSV, TXT",2025/10/14,ftp://ftp.ncbi.nlm.nih.gov/geo/series/GSE305nnn/GSE305752/
GSE186249,Role of Wnt signalling in the self-renewal and differentiation capacities of primary hepatoblast organoids.,11,CSV,2025/10/14,ftp://ftp.ncbi.nlm.nih.gov/geo/series/GSE186nnn/GSE186249/
GSE309532,SPOCK1 activates Wnt/β-Catenin signaling to drive colorectal cancer stemness and progression,8,CSV,2025/10/10,ftp://ftp.ncbi.nlm.nih.gov/geo/series/GSE309nnn/GSE309532/
GSE292513,Loss of NF2 drives malignant transformation of human pancreatic acinar cells and enhances cell fitness under nutrient deprivation and therapeutical stress [single_cell_RNAseq],8,"CSV, MTX",2025/10/07,ftp://ftp.ncbi.nlm.nih.gov/geo/series/GSE292nnn/GSE292513/
GSE292512,Loss of NF2 drives malignant transformation of human pancreatic acinar cells and enhances cell fitness under nutrient deprivation and therapeutical stress [bulk_RNAseq],18,TXT,2025/10/07,ftp://ftp.ncbi.nlm.nih.gov/geo/series/GSE292nnn/GSE292512/
GSE309325,Analysis of SARS-CoV-2 replication using human nasal organoids comprising olfactory and respiratory epithelium,7,CSV,2025/10/06,ftp://ftp.ncbi.nlm.nih.gov/geo/series/GSE309nnn/GSE309325/
GSE306010,Increased Reproducibility of Brain Organoids through Controlled Fluid Dynamics,2,RDS,2025/10/06,ftp://ftp.ncbi.nlm.nih.gov/geo/series/GSE306nnn/GSE306010/
GSE298509,CDK7-targeted therapy effectively disrupts cell cycle progression and oncogenic signaling in head and neck squamous cell carcinoma. [PDX],6,TXT,2025/10/05,ftp://ftp.ncbi.nlm.nih.gov/geo/series/GSE298nnn/GSE298509/
GSE298508,CDK7-targeted therapy effectively disrupts cell cycle progression and oncogenic signaling in head and neck cancer,9,TXT,2025/10/05,ftp://ftp.ncbi.nlm.nih.gov/geo/series/GSE298nnn/GSE298508/
GSE296547,Hypoxia promotes airway differentiation in the human lung epithelium  [scRNAseq_hypoxia_AT2],2,"RDS, TXT",2025/10/05,ftp://ftp.ncbi.nlm.nih.gov/geo/series/GSE296nnn/GSE296547/
GSE297701,Injury and Therapy in a Human Spinal Cord Organoid [RNA-seq],4,TXT,2025/10/03,ftp://ftp.ncbi.nlm.nih.gov/geo/series/GSE297nnn/GSE297701/
GSE267252,Injury and Therapy in a Human Spinal Cord Organoid [scRNA-seq],2,"MTX, TSV",2025/10/03,ftp://ftp.ncbi.nlm.nih.gov/geo/series/GSE267nnn/GSE267252/
GSE267067,Injury and Therapy in a Human Spinal Cord Organoid II [scRNA-seq],2,"MTX, TSV",2025/10/03,ftp://ftp.ncbi.nlm.nih.gov/geo/series/GSE267nnn/GSE267067/
GSE305403,Small cell lung cancer induces synaptic scaling to alter neuronal excitability,3,"MTX, TSV",2025/10/01,ftp://ftp.ncbi.nlm.nih.gov/geo/series/GSE305nnn/GSE305403/
GSE288179,Differential response of patient-derived intestinal organoids to site-specific mucosal bacteria in pediatric inflammatory bowel disease,105,"TSV, TXT",2025/10/01,ftp://ftp.ncbi.nlm.nih.gov/geo/series/GSE288nnn/GSE288179/
GSE279902,Disrupted Brain Progenitor Development and Signaling as a New Mechanism Underlying Microcephaly,4,"MTX, TSV",2025/10/01,ftp://ftp.ncbi.nlm.nih.gov/geo/series/GSE279nnn/GSE279902/
GSE268451,Modelling co-development between the somites and neural tube in human trunk-like structures,3,"CLOUPE, MTX, TSV",2025/10/01,ftp://ftp.ncbi.nlm.nih.gov/geo/series/GSE268nnn/GSE268451/
GSE216834,Bi-allelic loss-of-function variants in CLCN2 cause retinal degeneration via impairing phagocytosis in patient retinal pigment epithelium,6,TXT,2025/10/01,ftp://ftp.ncbi.nlm.nih.gov/geo/series/GSE216nnn/GSE216834/
GSE216251,Strength of CAR signaling determines T cell versus ILC differentiation from pluripotent stem cells,3,TXT,2025/10/01,ftp://ftp.ncbi.nlm.nih.gov/geo/series/GSE216nnn/GSE216251/
GSE308083,OSBPL3 Drives Colorectal Cancer Progression via Hippo-YAP Signaling and Modulates MEK Inhibitor Sensitivity,6,CSV,2025/09/30,ftp://ftp.ncbi.nlm.nih.gov/geo/series/GSE308nnn/GSE308083/
GSE306982,Intestinal epigenomic alterations are associated with a dysregulated nutrient absorption phenotype in obesity [RNA-Seq],9,TSV,2025/09/30,ftp://ftp.ncbi.nlm.nih.gov/geo/series/GSE306nnn/GSE306982/
GSE281622,Cortical versus hippocampal network dysfunction in a human brain assembloid model of epilepsy and intellectual disability,6,ZIP,2025/09/30,ftp://ftp.ncbi.nlm.nih.gov/geo/series/GSE281nnn/GSE281622/
GSE267655,Single Cell Transcriptional Perturbome in Pluripotent Stem Cell Models,384,"RDS, TXT",2025/09/30,ftp://ftp.ncbi.nlm.nih.gov/geo/series/GSE267nnn/GSE267655/
GSE294827,A plastic EMP1⁺ to LGR5⁺ cell state conversion as a therapeutic bypass to KRAS-G12D inhibition in metastatic colorectal cancer,81,"MTX, TSV",2025/09/29,ftp://ftp.ncbi.nlm.nih.gov/geo/series/GSE294nnn/GSE294827/
GSE294823,A plastic EMP1⁺ to LGR5⁺ cell state conversion as a therapeutic bypass to KRAS-G12D inhibition in metastatic colorectal cancer [RNA-Seq human],8,TXT,2025/09/29,ftp://ftp.ncbi.nlm.nih.gov/geo/series/GSE294nnn/GSE294823/
GSE268178,Inhibition of host N-myristoylation compromising the infectivity of SARS-CoV-2 due to Golgi-bypassing egress,2,TSV,2025/09/29,ftp://ftp.ncbi.nlm.nih.gov/geo/series/GSE268nnn/GSE268178/
GSE308817,Human Pluripotent Stem Cell-Derived Alveolar Organoids for Gene-editing and Lung Adenocarcinomas Modeling,3,"MTX, TSV",2025/09/27,ftp://ftp.ncbi.nlm.nih.gov/geo/series/GSE308nnn/GSE308817/
GSE279772,Modeling in vivo induction of gastric insulin-secreting cells using transplanted human stomach organoids,1,H5,2025/09/26,ftp://ftp.ncbi.nlm.nih.gov/geo/series/GSE279nnn/GSE279772/
GSE281535,BrainSTEM: A multi-resolution fetal brain atlas to assess the fidelity of human midbrain cultures,48,"MTX, TSV",2025/09/25,ftp://ftp.ncbi.nlm.nih.gov/geo/series/GSE281nnn/GSE281535/
GSE266032,The chromatin remodeler CHD1L controls human cortical neurogenesis and contributes to distal 1q21.1 deletion/duplication syndrome.,29,"BIGWIG, BW",2025/09/25,ftp://ftp.ncbi.nlm.nih.gov/geo/series/GSE266nnn/GSE266032/
GSE266031,The chromatin remodeler CHD1L controls human cortical neurogenesis and contributes to distal 1q21.1 deletion/duplication syndrome [scMultiome],4,"H5, TBI, TSV",2025/09/25,ftp://ftp.ncbi.nlm.nih.gov/geo/series/GSE266nnn/GSE266031/
GSE266030,The chromatin remodeler CHD1L controls human cortical neurogenesis and contributes to distal 1q21.1 deletion/duplication syndrome [RNA-seq],9,TSV,2025/09/25,ftp://ftp.ncbi.nlm.nih.gov/geo/series/GSE266nnn/GSE266030/
GSE256142,Variability vs. phenotype: Multimodal analysis of Dravet syndrome brain organoids powered by deep learning,18,CSV,2025/09/25,ftp://ftp.ncbi.nlm.nih.gov/geo/series/GSE256nnn/GSE256142/
GSE254558,Chemotherapy-driven de novo Wnt pathway activation dictates a dynamic shift to a drug-tolerant state in breast cancer cells,46,"CSV, XLSX",2025/09/25,ftp://ftp.ncbi.nlm.nih.gov/geo/series/GSE254nnn/GSE254558/
GSE232448,Genomewide analysis of S6K1-depleted human dorsal forebrain organoids [single-cell RNA-seq],8,"H5, RDS",2025/09/25,ftp://ftp.ncbi.nlm.nih.gov/geo/series/GSE232nnn/GSE232448/
GSE214341,Genomewide analysis of S6K1-depleted human dorsal forebrain organoids,16,H5,2025/09/25,ftp://ftp.ncbi.nlm.nih.gov/geo/series/GSE214nnn/GSE214341/
GSE214340,Genomewide analysis of S6K1-depleted human dorsal forebrain organoids [RNA-seq],6,TXT,2025/09/25,ftp://ftp.ncbi.nlm.nih.gov/geo/series/GSE214nnn/GSE214340/
GSE308670,Engineered 3D Immuno-Glial-Neurovascular Human miBrain Model,27,TSV,2025/09/24,ftp://ftp.ncbi.nlm.nih.gov/geo/series/GSE308nnn/GSE308670/
GSE284019,Differentially Expressed Genes Between High-Metastatic LOVO-HM and Wild-Type LOVO Colorectal Cancer Cell Lines,6,TXT,2025/09/24,ftp://ftp.ncbi.nlm.nih.gov/geo/series/GSE284nnn/GSE284019/
GSE237626,Induction of CDX2 as a differentiation therapy in colorectal cancers,57,,2025/09/24,ftp://ftp.ncbi.nlm.nih.gov/geo/series/GSE237nnn/GSE237626/
GSE266551,Understanding Aquaporin-5 (Aqp5) functions in human gastric cancer organoids,23,TXT,2025/09/23,ftp://ftp.ncbi.nlm.nih.gov/geo/series/GSE266nnn/GSE266551/
GSE237625,Induction of CDX2 as a differentiation therapy in colorectal cancers [xenograft],6,TXT,2025/09/23,ftp://ftp.ncbi.nlm.nih.gov/geo/series/GSE237nnn/GSE237625/
GSE237624,Induction of CDX2 as a differentiation therapy in colorectal cancers [cell lines],12,TXT,2025/09/23,ftp://ftp.ncbi.nlm.nih.gov/geo/series/GSE237nnn/GSE237624/
GSE237623,Induction of CDX2 as a differentiation therapy in colorectal cancers [CRC organoids],39,TXT,2025/09/23,ftp://ftp.ncbi.nlm.nih.gov/geo/series/GSE237nnn/GSE237623/
GSE308421,Single-Cell RNA Sequencing Analysis of Intestinal organoids expanded in either IntestiCult™ Plus or IntestiCult™ OGM (Human),10,"MTX, TSV, TXT",2025/09/22,ftp://ftp.ncbi.nlm.nih.gov/geo/series/GSE308nnn/GSE308421/
GSE302995,CRISPRa-mediated activation of genes associated with inherited retinal dystrophies in human cells for diagnostic purposes,2,CSV,2025/09/22,ftp://ftp.ncbi.nlm.nih.gov/geo/series/GSE302nnn/GSE302995/
GSE277582,Effect on adult Human Nasal Organoid transcription of differentiation at 34°C vs. at 37°C vs. at 37°C followed by a 2 day shift to 34°C,24,CSV,2025/09/22,ftp://ftp.ncbi.nlm.nih.gov/geo/series/GSE277nnn/GSE277582/
GSE305337,Patient-Specific Pharmacogenomics demonstrates xCT as Predictive Therapeutic Target in Colon Cancer with Possible Implications in Tumor Connectivity,73,XLSX,2025/09/21,ftp://ftp.ncbi.nlm.nih.gov/geo/series/GSE305nnn/GSE305337/
GSE301087,Bioinspired non-expansive biodegradable matrix promotes blood vessel organoid development for ischemic stroke repair,6,TAR,2025/09/19,ftp://ftp.ncbi.nlm.nih.gov/geo/series/GSE301nnn/GSE301087/
GSE276170,Transcriptomic profiles of biopsy-derived colon epithelial organoids from pediatric patients with ulcerative colitis,48,TXT,2025/09/19,ftp://ftp.ncbi.nlm.nih.gov/geo/series/GSE276nnn/GSE276170/
GSE282649,RNA-seq analysis of human iPSC derived hepatocyte and stellate cell surround organoids (iHSOs),15,CSV,2025/09/18,ftp://ftp.ncbi.nlm.nih.gov/geo/series/GSE282nnn/GSE282649/
GSE269316,Reproducibility of PD patient-specific midbrain organoid data for in vitro disease modelling (timepoints),48,TXT,2025/09/18,ftp://ftp.ncbi.nlm.nih.gov/geo/series/GSE269nnn/GSE269316/
GSE262700,Rescue of imprinted genes by epigenome editing in human cellular models of Prader-Willi syndrome,2,"MTX, TSV",2025/09/16,ftp://ftp.ncbi.nlm.nih.gov/geo/series/GSE262nnn/GSE262700/
GSE307655,Single cell RNA sequencing of patient-derived origanoids of prostate cancer reveals specific markers for prostatic ductal adenocarcinoma,5,"MTX, TSV",2025/09/15,ftp://ftp.ncbi.nlm.nih.gov/geo/series/GSE307nnn/GSE307655/
GSE293325,SETD1A Regulates Psychiatric Gene Networks Involved in Genomic Stability and Synaptic Function in Rare and Sporadic Schizophrenia,6,"H5AD, TXT",2025/09/15,ftp://ftp.ncbi.nlm.nih.gov/geo/series/GSE293nnn/GSE293325/
GSE185475,VSX2-eGFP reporter in hiPSCs dynamically monitors human retinal development in retinal organoids and reveals cell fate transition and gene networks,20,TXT,2025/09/15,ftp://ftp.ncbi.nlm.nih.gov/geo/series/GSE185nnn/GSE185475/
GSE277088,Cancer therapy induced effects on lung organoids as suitable in vitro model [scRNA],2,"MTX, RDS, TSV, TXT",2025/09/13,ftp://ftp.ncbi.nlm.nih.gov/geo/series/GSE277nnn/GSE277088/
GSE307295,Benchmarking porcine pancreatic ductal organoids for drug screening applications,1,"H5AD, MTX, TSV",2025/09/10,ftp://ftp.ncbi.nlm.nih.gov/geo/series/GSE307nnn/GSE307295/
GSE307124,Microglia-containing neural organoids as brain microphysiological systems for long-term culture,3,CSV,2025/09/10,ftp://ftp.ncbi.nlm.nih.gov/geo/series/GSE307nnn/GSE307124/
GSE300309,HUMAN FETAL KIDNEY ORGANOIDS MODEL EARLY NEPHROGENESIS AND NOTCH-DRIVEN CELL FATE [scRNA-Seq 2],2,"MTX, TSV",2025/09/10,ftp://ftp.ncbi.nlm.nih.gov/geo/series/GSE300nnn/GSE300309/
GSE300166,HUMAN FETAL KIDNEY ORGANOIDS MODEL EARLY NEPHROGENESIS AND NOTCH-DRIVEN CELL FATE [scRNA-seq],2,"MTX, TSV",2025/09/10,ftp://ftp.ncbi.nlm.nih.gov/geo/series/GSE300nnn/GSE300166/
GSE300013,DERIVATION OF HUMAN FETAL KIDNEY ORGANOIDS MIMICKING NOTCH-DEPENDENT EPITHELIAL MATURATION AND TUBULE DEVELOPMENT [bulk RNA-Seq],13,CSV,2025/09/10,ftp://ftp.ncbi.nlm.nih.gov/geo/series/GSE300nnn/GSE300013/
GSE289261,Construction of Vascularized Adipose Organoids and Their Application in Drug Efficacy Evaluation.,12,CSV,2025/09/10,ftp://ftp.ncbi.nlm.nih.gov/geo/series/GSE289nnn/GSE289261/
GSE305121,Three-dimensional Co-culturing Reveals Human Stem Cell-Derived Somatostatin Interneurons with Subclass Expression,5,H5,2025/09/09,ftp://ftp.ncbi.nlm.nih.gov/geo/series/GSE305nnn/GSE305121/
GSE303918,JAX Study 9- RNA-seq of male KOLF2.2J hiPSC-derived cortical brain organoids homozygous null for eight different transcription factors.,39,CSV,2025/09/08,ftp://ftp.ncbi.nlm.nih.gov/geo/series/GSE303nnn/GSE303918/
GSE306837,Unraveling Enteroendocrine Cell lineage dynamics and associated gene regulatory networks during intestinal development,13,H5AD,2025/09/05,ftp://ftp.ncbi.nlm.nih.gov/geo/series/GSE306nnn/GSE306837/
GSE303453,A combined enteric neuron-gastric tumor organoid reveals metabolic vulnerabilities in gastric cancer,16,TXT,2025/09/02,ftp://ftp.ncbi.nlm.nih.gov/geo/series/GSE303nnn/GSE303453/
GSE274397,Manifold roles of CCR7 chemokine GPCR in human trophoblast differentiation,28,TXT,2025/09/02,ftp://ftp.ncbi.nlm.nih.gov/geo/series/GSE274nnn/GSE274397/
GSE305550,Establishment of human Leber’s hereditary optic neuropathy model using iPSC-derived retinal organoids,6,TXT,2025/09/01,ftp://ftp.ncbi.nlm.nih.gov/geo/series/GSE305nnn/GSE305550/
GSE303979,JAX Study 11- RNA-seq of male KOLF2.2J hiPSC-derived cortical brain organoids during different time points.,18,CSV,2025/09/01,ftp://ftp.ncbi.nlm.nih.gov/geo/series/GSE303nnn/GSE303979/
GSE301995,The tyrosine kinase inhibitor GNF-7 targets senescent cells through allosteric activation of GCN2,15,TXT,2025/09/01,ftp://ftp.ncbi.nlm.nih.gov/geo/series/GSE301nnn/GSE301995/
GSE297613,Single Cell RNAseq of adult and stem cell derrived iris muscle,6,"MTX, RDATA, RDS, RMD, TSV",2025/09/01,ftp://ftp.ncbi.nlm.nih.gov/geo/series/GSE297nnn/GSE297613/
GSE276786,Toxoplasma gondii dictates placental trophoblast lineage specification through induction of decidual signaling cues [single nuclei multiome],8,"CSV, H5, TSV",2025/09/01,ftp://ftp.ncbi.nlm.nih.gov/geo/series/GSE276nnn/GSE276786/
GSE274346,Next-generation breast organoids capture human organogenesis with high-resolution live imaging,1,"MTX, TSV",2025/09/01,ftp://ftp.ncbi.nlm.nih.gov/geo/series/GSE274nnn/GSE274346/
GSE266191,Single-cell Sequencing of ABCA4-Mutant Human Retinal Organoids Reveals Organoids Application in Modeling Inherited Retinal Diseases,6,H5AD,2025/09/01,ftp://ftp.ncbi.nlm.nih.gov/geo/series/GSE266nnn/GSE266191/
GSE212503,Gene expression profile of brain organoid at day56 of ctrl and WS,4,"H5, TXT",2025/09/01,ftp://ftp.ncbi.nlm.nih.gov/geo/series/GSE212nnn/GSE212503/
GSE212502,Gene expression profile at single cell level of brain organoid at day56 of ctrl and WS [scRNA-seq],2,H5,2025/09/01,ftp://ftp.ncbi.nlm.nih.gov/geo/series/GSE212nnn/GSE212502/
GSE212501,Gene expression profile level of mRNA of brain organoid at day56 of ctrl and WS,2,TXT,2025/09/01,ftp://ftp.ncbi.nlm.nih.gov/geo/series/GSE212nnn/GSE212501/
GSE275552,Manifold roles of CCR7 chemokine GPCR in human trophoblast differentiation,4,"MTX, TSV",2025/08/31,ftp://ftp.ncbi.nlm.nih.gov/geo/series/GSE275nnn/GSE275552/
GSE295166,Molecular and developmental deficits in Smith-Magenis syndrome human stem cell-derived cortical neural models,9,"H5, TSV",2025/08/28,ftp://ftp.ncbi.nlm.nih.gov/geo/series/GSE295nnn/GSE295166/
GSE272014,Bulk RNA sequencing of liver biopsy-derived organoids from patients with alcohol-associated liver disease and paired tissues,50,TSV,2025/08/28,ftp://ftp.ncbi.nlm.nih.gov/geo/series/GSE272nnn/GSE272014/
GSE305958,CRISPR Screens Identify the ATPase VCP as a Druggable Therapeutic Vulnerability in Cholangiocarcinoma,14,CSV,2025/08/27,ftp://ftp.ncbi.nlm.nih.gov/geo/series/GSE305nnn/GSE305958/
GSE301685,"Graphene Optoelectronics for Non-Genetic Neuromodulation in Disease Modeling, Stem Cell Maturation, and Biohybrid Robotics",8,TXT,2025/08/27,ftp://ftp.ncbi.nlm.nih.gov/geo/series/GSE301nnn/GSE301685/
GSE212099,Hepatotoxicity evaluation of co-exposure of microplastics and TBBPA by 3D biofabricated multicellular organoids,27,TXT,2025/08/26,ftp://ftp.ncbi.nlm.nih.gov/geo/series/GSE212nnn/GSE212099/
GSE305911,Engineered thoracic spinal cord organoids for transplantation after spinal cord injury,26,"CSV, TAR",2025/08/21,ftp://ftp.ncbi.nlm.nih.gov/geo/series/GSE305nnn/GSE305911/
GSE255572,Chromatin remodeler CHD7 regulates neurogenic gene expression via controlling chromatin accessibility and modifications of histone marks H3K27me3 and H3K4me3,34,"BROADPEAK, NARROWPEAK",2025/08/21,ftp://ftp.ncbi.nlm.nih.gov/geo/series/GSE255nnn/GSE255572/
GSE255567,Chromatin remodeler CHD7 regulates neurogenic gene expression via controlling chromatin accessibility and modifications of histone marks H3K27me3 and H3K4me3 [Human RNA-seq],6,TXT,2025/08/21,ftp://ftp.ncbi.nlm.nih.gov/geo/series/GSE255nnn/GSE255567/
GSE305923,"exoWNT3A/RSPO1 improves HE to LPC differentiation, hepatic organoids growth, and different acute and chronic liver injuries.",72,CSV,2025/08/20,ftp://ftp.ncbi.nlm.nih.gov/geo/series/GSE305nnn/GSE305923/
GSE301725,Human Neural Organoid Microphysiological Systems Show the Building Blocks Necessary for Basic Learning and Memory,13,CSV,2025/08/20,ftp://ftp.ncbi.nlm.nih.gov/geo/series/GSE301nnn/GSE301725/
GSE300839,Lean breast adipocytes secrete an oxylipin that suppresses breast cancer via ferroptosis,30,TXT,2025/08/20,ftp://ftp.ncbi.nlm.nih.gov/geo/series/GSE300nnn/GSE300839/
GSE291269,PNKP Targeting Engages the Autophagic Machinery to Enhance Ferroptosis and to Potentiate Anti-Tumor Efficacy of Doxorubicin in TNBC,6,TXT,2025/08/20,ftp://ftp.ncbi.nlm.nih.gov/geo/series/GSE291nnn/GSE291269/
GSE276815,Engineered vasculature induces functional maturation of pluripotent stem cell-derived islet organoids,2,"MTX, TSV",2025/08/20,ftp://ftp.ncbi.nlm.nih.gov/geo/series/GSE276nnn/GSE276815/
GSE292057,DIO3 coordinates photoreceptor development timing and fate stability in human retinal organoids,4,CSV,2025/08/18,ftp://ftp.ncbi.nlm.nih.gov/geo/series/GSE292nnn/GSE292057/
GSE241360,"Toxicity Evaluation of Glyphosate and Its Formulation Adjuvant, Polyoxyethylene Tallow Amine (POEA) on Cardiogenesis Using a Novel Human Heart Organoid Model",12,"CSV, TSV",2025/08/17,ftp://ftp.ncbi.nlm.nih.gov/geo/series/GSE241nnn/GSE241360/
GSE279572,Candida albicans drives colorectal cancer progression by inducing hypoxia signaling,9,MATRIX,2025/08/16,ftp://ftp.ncbi.nlm.nih.gov/geo/series/GSE279nnn/GSE279572/
GSE242426,Hypoxic injury triggers maladaptive repair in human kidney organoids,16,TXT,2025/08/15,ftp://ftp.ncbi.nlm.nih.gov/geo/series/GSE242nnn/GSE242426/
GSE242425,Hypoxic injury triggers maladaptive repair in human kidney organoids [scRNA-seq],4,"CSV, H5",2025/08/15,ftp://ftp.ncbi.nlm.nih.gov/geo/series/GSE242nnn/GSE242425/
GSE236379,Hypoxia Triggers Signatures of Maladaptive Repair in Human Kidney Organoids [bulk RNA-seq],12,TXT,2025/08/15,ftp://ftp.ncbi.nlm.nih.gov/geo/series/GSE236nnn/GSE236379/
GSE294276,"Microbial Bile acid metabolite, 3-oxo-LCA, prohibits colorectal cancer progression",6,TXT,2025/08/14,ftp://ftp.ncbi.nlm.nih.gov/geo/series/GSE294nnn/GSE294276/
GSE276401,Vascular network-inspired diffusible scaffolds for engineering functional neural organoids,3,"MTX, TSV",2025/08/13,ftp://ftp.ncbi.nlm.nih.gov/geo/series/GSE276nnn/GSE276401/
GSE293234,Cellular Heterogeneity of HTII-280–Labeled Epithelial Cells in Healthy and Fibrotic Human Lungs,5,H5,2025/08/12,ftp://ftp.ncbi.nlm.nih.gov/geo/series/GSE293nnn/GSE293234/
GSE305186,Thyroid Hormone Promotes Fetal Neurogenesis [bulk RNA-Seq],15,TXT,2025/08/11,ftp://ftp.ncbi.nlm.nih.gov/geo/series/GSE305nnn/GSE305186/
GSE304918,Thyroid Hormone Promotes Fetal Neurogenesis [scRNA-Seq],4,"CSV, H5AD, MTX, XLSX",2025/08/11,ftp://ftp.ncbi.nlm.nih.gov/geo/series/GSE304nnn/GSE304918/
GSE264485,Ribosome biogenesis in embryo-like grand states as potential therapeutic target for KRAS mutant CRC,6,"MTX, TSV",2025/08/10,ftp://ftp.ncbi.nlm.nih.gov/geo/series/GSE264nnn/GSE264485/
GSE304110,Stress-Survival Pathway Profiling Reveals MCM10 as a Candidate Biomarker of Hispanic Colorectal Cancer Disparities,11,TXT,2025/08/06,ftp://ftp.ncbi.nlm.nih.gov/geo/series/GSE304nnn/GSE304110/
GSE276807,Dauricine regulates SAT1 to induce ferroptosis and overcome osimertinib resistance in Non-small cell lung cancer,12,XLSX,2025/08/06,ftp://ftp.ncbi.nlm.nih.gov/geo/series/GSE276nnn/GSE276807/
GSE303741,Endometrial gland secretome maintains the homeostasis of decidualization,9,TXT,2025/08/05,ftp://ftp.ncbi.nlm.nih.gov/geo/series/GSE303nnn/GSE303741/
GSE293237,Axial Nephron Fate Switching Demonstrates a Plastic System Tunable on Demand,2,RDS,2025/08/05,ftp://ftp.ncbi.nlm.nih.gov/geo/series/GSE293nnn/GSE293237/
GSE283868,Axial Nephron Fate Switching Demonstrates a Plastic System Tunable on Demand [RNA-seq],39,TXT,2025/08/05,ftp://ftp.ncbi.nlm.nih.gov/geo/series/GSE283nnn/GSE283868/
GSE283186,Axial Nephron Fate Switching Demonstrates a Plastic System Tunable on Demand,7,RDS,2025/08/05,ftp://ftp.ncbi.nlm.nih.gov/geo/series/GSE283nnn/GSE283186/
GSE265851,LAM cell mTOR dysregulation induces IL6 and paracrine AT2 cell senescence impeding lung repair in lymphangioleiomyomatosis.,30,TXT,2025/08/05,ftp://ftp.ncbi.nlm.nih.gov/geo/series/GSE265nnn/GSE265851/
GSE290931,Controlling nephron precursor differentiation to generate proximal-biased kidney organoids with emerging maturity [snRNA-Seq],2,RDS,2025/08/03,ftp://ftp.ncbi.nlm.nih.gov/geo/series/GSE290nnn/GSE290931/
GSE264678,Controlling nephron precursor differentiation to generate proximal-biased kidney organoids with emerging maturity [scRNA-Seq],7,"RDS, TXT",2025/08/03,ftp://ftp.ncbi.nlm.nih.gov/geo/series/GSE264nnn/GSE264678/
GSE264217,Controlling nephron precursor differentiation to generate proximal-biased kidney organoids with emerging maturity [bulk RNA-seq],17,TXT,2025/08/03,ftp://ftp.ncbi.nlm.nih.gov/geo/series/GSE264nnn/GSE264217/
GSE276142,Consistent self-organized emergence of hyaline cartilage in hiPSC-derived multi-tissue organoids,4,"MTX, TSV",2025/08/01,ftp://ftp.ncbi.nlm.nih.gov/geo/series/GSE276nnn/GSE276142/
GSE246793,TRIM24 as therapeutic target in endocrine treatment resistant breast cancer (RNA-Seq),18,TXT,2025/08/01,ftp://ftp.ncbi.nlm.nih.gov/geo/series/GSE246nnn/GSE246793/
GSE280341,INFLAMMATION-INDUCED SENESCENT-LIKE GLIA REWIRE CELLULAR NETWORKS IN MULTIPLE SCLEROSIS [scRNAseq_organoids],8,"RDS, TSV",2025/07/31,ftp://ftp.ncbi.nlm.nih.gov/geo/series/GSE280nnn/GSE280341/
GSE277430,INFLAMMATION-INDUCED SENESCENT-LIKE GLIA REWIRE CELLULAR NETWORKS IN MULTIPLE SCLEROSIS [snRNAseq Brain],23,"RDS, TSV",2025/07/31,ftp://ftp.ncbi.nlm.nih.gov/geo/series/GSE277nnn/GSE277430/
GSE273982,AVJ16 inhibits IGF2BP1 in lung adenocarcinomas and prevents tumor growth in mice,6,XLSX,2025/07/31,ftp://ftp.ncbi.nlm.nih.gov/geo/series/GSE273nnn/GSE273982/
GSE273089,Hypoxia promotes airway differentiation in the human lung epithelium,4,"RDS, TXT",2025/07/31,ftp://ftp.ncbi.nlm.nih.gov/geo/series/GSE273nnn/GSE273089/
GSE272860,Hypoxia promotes airway differentiation in the human lung epithelium [Bulk RNA-seq],18,CSV,2025/07/31,ftp://ftp.ncbi.nlm.nih.gov/geo/series/GSE272nnn/GSE272860/
GSE269620,Identification of Evolutionarily Conserved VSX2 Enhancers in Retinal Development [RNA-seq],29,XLSX,2025/07/31,ftp://ftp.ncbi.nlm.nih.gov/geo/series/GSE269nnn/GSE269620/
GSE244262,Recreating pathophysiology of CLN2 disease and demonstrating reversion by TPP1 gene therapy in hiPSCs-derived retinal organoid and retina-on-chip,4,"MTX, TSV",2025/07/31,ftp://ftp.ncbi.nlm.nih.gov/geo/series/GSE244nnn/GSE244262/
GSE295890,Viral Infection Induces Alzheimer’s Disease-Related Pathways and Senescence in iPSC-Derived Neuronal Models,19,"CSV, XLSX",2025/07/30,ftp://ftp.ncbi.nlm.nih.gov/geo/series/GSE295nnn/GSE295890/
GSE292051,Single-cell characterization of enterovirus infection of spinal cord organoids,7,H5,2025/07/30,ftp://ftp.ncbi.nlm.nih.gov/geo/series/GSE292nnn/GSE292051/
GSE288661,Local growth hormone facilitates aging of the colon epithelial microenvironment,6,CSV,2025/07/30,ftp://ftp.ncbi.nlm.nih.gov/geo/series/GSE288nnn/GSE288661/
GSE275538,Identification of EPLIN as a novel MYCN-independent target in neuroblastoma and medulloblastoma,1,CSV,2025/07/30,ftp://ftp.ncbi.nlm.nih.gov/geo/series/GSE275nnn/GSE275538/
GSE281081,Single cell gene expression analysis of X-linked Alport syndrome kidney organoid models and isogenic controls,5,"MTX, TSV",2025/07/29,ftp://ftp.ncbi.nlm.nih.gov/geo/series/GSE281nnn/GSE281081/
GSE281080,Transcriptomic profiling of prolonged-culture iPSC-derived kidney organoids and X-linked Alport syndrome organoid models carrying COL4A5 deep-intronic variants,24,TXT,2025/07/29,ftp://ftp.ncbi.nlm.nih.gov/geo/series/GSE281nnn/GSE281080/
GSE303406,A Human iPSC-derived Organoid System to Model Myelin Destruction and Repair,4,"CSV, H5",2025/07/28,ftp://ftp.ncbi.nlm.nih.gov/geo/series/GSE303nnn/GSE303406/
GSE279994,Matrix directs trophoblast differentiation in a bioprinted organoid model of early placental development,2,RDS,2025/07/28,ftp://ftp.ncbi.nlm.nih.gov/geo/series/GSE279nnn/GSE279994/
GSE300015,Human fetal kidney organoids model early human nephrogenesis and Notch-driven cell fate,39,"MTX, TSV",2025/07/25,ftp://ftp.ncbi.nlm.nih.gov/geo/series/GSE300nnn/GSE300015/
GSE297954,Recreating pathophysiology of CLN2 disease and demonstrating reversion by TPP1 gene therapy in hiPSCs-derived retinal organoid and retina-on-chip,16,TSV,2025/07/25,ftp://ftp.ncbi.nlm.nih.gov/geo/series/GSE297nnn/GSE297954/
GSE287183,Epigenetic de-repression of drivers of neuroendocrine prostate cancer [RNA-seq],36,TSV,2025/07/25,ftp://ftp.ncbi.nlm.nih.gov/geo/series/GSE287nnn/GSE287183/
GSE302939,DEC1 Regulates Human β Cell Functional Maturation and Circadian Rhythm,17,TXT,2025/07/24,ftp://ftp.ncbi.nlm.nih.gov/geo/series/GSE302nnn/GSE302939/
GSE302054,Plasma exosomes from individuals with type 2 diabetes drive breast cancer aggression in patient-derived organoids,12,CSV,2025/07/24,ftp://ftp.ncbi.nlm.nih.gov/geo/series/GSE302nnn/GSE302054/
GSE283838,"A cycling, progenitor-like cell population at the root of atypical teratoid rhabdoid tumor subtype differentiation trajectories [snMultiome_data_organoids]",6,TSV,2025/07/24,ftp://ftp.ncbi.nlm.nih.gov/geo/series/GSE283nnn/GSE283838/
GSE283833,"A cycling, progenitor-like cell population at the root of atypical teratoid rhabdoid tumor subtype differentiation trajectories [bulk RNA-Seq]",16,TSV,2025/07/24,ftp://ftp.ncbi.nlm.nih.gov/geo/series/GSE283nnn/GSE283833/
GSE300390,AI-Identified CD133-Targeting Natural Compounds Demonstrate Different Anti-tumor Effects and Mechanisms in Pan-cancer,8,TXT,2025/07/23,ftp://ftp.ncbi.nlm.nih.gov/geo/series/GSE300nnn/GSE300390/
GSE298576,Mass generation and long-term expansion of hepatocyte organoids from adult primary hepatocytes,24,CSV,2025/07/23,ftp://ftp.ncbi.nlm.nih.gov/geo/series/GSE298nnn/GSE298576/
GSE271315,Human fetal kidney organoids model early human nephrogenesis and notch-driven cell fate,22,CSV,2025/07/22,ftp://ftp.ncbi.nlm.nih.gov/geo/series/GSE271nnn/GSE271315/
GSE250482,Forebrain assembloids support the development of fast-spiking human PVALB+ cortical interneurons and uncover schizophrenia-associated defects.,10,CSV,2025/07/21,ftp://ftp.ncbi.nlm.nih.gov/geo/series/GSE250nnn/GSE250482/
GSE302337,Failing heart-specific cardiac fibroblasts induce heart failure via c-Myc Expansion [snRNA-seq],6,H5,2025/07/18,ftp://ftp.ncbi.nlm.nih.gov/geo/series/GSE302nnn/GSE302337/
GSE294559,"Single-cell multi-omics characterize colorectal tumors, adjacent healthy tissue and matched organoids identifying CRC-unique features",72,"H5, TBI, TSV",2025/07/18,ftp://ftp.ncbi.nlm.nih.gov/geo/series/GSE294nnn/GSE294559/
GSE299921,Photostimulation Promotes Maturation of Human Stem Cell-Derived Photoreceptors,10,"CSV, RDS",2025/07/17,ftp://ftp.ncbi.nlm.nih.gov/geo/series/GSE299nnn/GSE299921/
GSE229433,Single-cell RNA-seq of human kidney organoids [5_250K cells],2,H5,2025/07/15,ftp://ftp.ncbi.nlm.nih.gov/geo/series/GSE229nnn/GSE229433/
GSE302166,Human brain organoids: a new model to study Cryptococcus neoformans neurotropism,25,XLSX,2025/07/14,ftp://ftp.ncbi.nlm.nih.gov/geo/series/GSE302nnn/GSE302166/
GSE267992,Mutant GFAP alters lineage commitment of neural organoids,79,,2025/07/13,ftp://ftp.ncbi.nlm.nih.gov/geo/series/GSE267nnn/GSE267992/
GSE267990,Mutant GFAP alters lineage commitment of neural organoids [AxDorganoids_bulk_experiment2],47,TXT,2025/07/13,ftp://ftp.ncbi.nlm.nih.gov/geo/series/GSE267nnn/GSE267990/
GSE267510,Mutant GFAP alters lineage commitment of neural organoids [AxDorganoids_bulk_experiment1],32,TXT,2025/07/13,ftp://ftp.ncbi.nlm.nih.gov/geo/series/GSE267nnn/GSE267510/
GSE208684,SARS-COV2 in intestinal organoids,81,CSV,2025/07/13,ftp://ftp.ncbi.nlm.nih.gov/geo/series/GSE208nnn/GSE208684/
GSE302266,PHLOWER - Single cell trajectory analysis using Decomposition of the Hodge Laplacian [multiome],8,"MTX, TSV",2025/07/11,ftp://ftp.ncbi.nlm.nih.gov/geo/series/GSE302nnn/GSE302266/
GSE294639,PHGDH Drives 5-FU Chemoresistance in Colorectal Cancer through the Hedgehog signaling,12,XLSX,2025/07/11,ftp://ftp.ncbi.nlm.nih.gov/geo/series/GSE294nnn/GSE294639/
GSE285923,Lycium barbarum polysaccharide-glycoprotein ameliorates abnormal neural activity in depressive patient-derived ventral forebrain organoids,12,CSV,2025/07/10,ftp://ftp.ncbi.nlm.nih.gov/geo/series/GSE285nnn/GSE285923/
GSE275815,TCR repertoire analysis of donor-derived and iTEC-supported thymocytes,4,XLSX,2025/07/10,ftp://ftp.ncbi.nlm.nih.gov/geo/series/GSE275nnn/GSE275815/
GSE271944,Spinal cord organoids derived from human amniotic fluid iPSC recapitulate the diversity of cell phenotypes during fetal neural tube morphogenesis,4,"MTX, RDS, TSV",2025/07/10,ftp://ftp.ncbi.nlm.nih.gov/geo/series/GSE271nnn/GSE271944/
GSE282929,IL-18 promotes surgical recovery by mobilizing monocytes and promoting their differentiation while avoiding inflammation [scRNA-seq],2,"MTX, TSV",2025/07/09,ftp://ftp.ncbi.nlm.nih.gov/geo/series/GSE282nnn/GSE282929/
GSE278477,Single cell analysis of an engineered organoid based model of pancreatic cancer identifies hypoxia as a contributing factor in the determination of transcriptional subtypes,6,"MTX, TSV",2025/07/09,ftp://ftp.ncbi.nlm.nih.gov/geo/series/GSE278nnn/GSE278477/
GSE274595,Enhancing Non-Small Cell Lung Cancer Treatment Utilizing Natural Killer Cell-Derived Extracellular Vesicles (NKEVS) As A Novel Adoptive Cellular Therapeutic [tumor],8,"MTX, TSV",2025/07/09,ftp://ftp.ncbi.nlm.nih.gov/geo/series/GSE274nnn/GSE274595/
GSE274588,Enhancing Non-Small Cell Lung Cancer Treatment Utilizing Natural Killer Cell-Derived Extracellular Vesicles (NKEVS) As A Novel Adoptive Cellular Therapeutic [PBMC],57,"CSV, MTX, TSV, TXT",2025/07/09,ftp://ftp.ncbi.nlm.nih.gov/geo/series/GSE274nnn/GSE274588/
GSE274584,Enhancing Non-Small Cell Lung Cancer Treatment Utilizing Natural Killer Cell-Derived Extracellular Vesicles (NKEVS) As A Novel Adoptive Cellular Therapeutic [EV RNA],21,TXT,2025/07/09,ftp://ftp.ncbi.nlm.nih.gov/geo/series/GSE274nnn/GSE274584/
GSE272513,Next generation trophoblast organoids with apical-out trophoblast polarity and central villous core-like cavity,1,"MTX, TSV",2025/07/09,ftp://ftp.ncbi.nlm.nih.gov/geo/series/GSE272nnn/GSE272513/
GSE301773,GATA3 Promotes Ferroptosis Resistance by Repressing Integrin β1 Signaling,3,"MTX, TSV",2025/07/08,ftp://ftp.ncbi.nlm.nih.gov/geo/series/GSE301nnn/GSE301773/
GSE287566,Reproducibility of PD patient-specific midbrain organoid data for in vitro disease modelling (passages),48,CSV,2025/07/08,ftp://ftp.ncbi.nlm.nih.gov/geo/series/GSE287nnn/GSE287566/
GSE294057,Unveiling Tissue-Specific Transcriptional Adaptations in iPSC-Derived Fibroblasts via Co-Culture Systems,27,TSV,2025/07/07,ftp://ftp.ncbi.nlm.nih.gov/geo/series/GSE294nnn/GSE294057/
GSE274869,Astrocyte priming enhances microglial Aβ clearance and is compromised by APOE4,12,TXT,2025/07/06,ftp://ftp.ncbi.nlm.nih.gov/geo/series/GSE274nnn/GSE274869/
GSE274868,Astrocyte priming enhances microglial Aβ clearance and is compromised by APOE4,36,TXT,2025/07/06,ftp://ftp.ncbi.nlm.nih.gov/geo/series/GSE274nnn/GSE274868/
GSE271749,Transient splicing inhibition causes persistent DNA damage and enhances chemotherapy vulnerability in homologous recombination proficient triple-negative breast cancer,9,TXT,2025/07/04,ftp://ftp.ncbi.nlm.nih.gov/geo/series/GSE271nnn/GSE271749/
GSE301692,Global transcriptional profiles of hiPSC-derived hypothalamus-pituitary organoids predicted to fail or succeed by machine learning model,16,TXT,2025/07/03,ftp://ftp.ncbi.nlm.nih.gov/geo/series/GSE301nnn/GSE301692/
GSE301434,Single-cell RNA-sequencing data of human medial ganglionic eminence organoids,2,"MTX, TSV",2025/07/03,ftp://ftp.ncbi.nlm.nih.gov/geo/series/GSE301nnn/GSE301434/
GSE277637,Duchenne Muscular Dystrophy (DMD) Patient iPSC - derived Skeletal Muscle Organoids scRNAseq,4,"MTX, TSV",2025/07/03,ftp://ftp.ncbi.nlm.nih.gov/geo/series/GSE277nnn/GSE277637/
GSE261164,Transcriptional Regulation by PHGDH Modulates Pathological Progression in a Human Brain Organoid Model of Late-Onset Alzheimer’s Disease,20,"BW, MTX, TSV",2025/07/02,ftp://ftp.ncbi.nlm.nih.gov/geo/series/GSE261nnn/GSE261164/
GSE207434,Priming adult human hepatocytes as organoids for liver tissue engineering,2,"MTX, TSV",2025/07/02,ftp://ftp.ncbi.nlm.nih.gov/geo/series/GSE207nnn/GSE207434/
GSE301277,Human cerebral organoids model tumor initiation and infiltration in an autologous astrocyte-supported setting [snRNA-seq],2,"MTX, TSV",2025/07/01,ftp://ftp.ncbi.nlm.nih.gov/geo/series/GSE301nnn/GSE301277/
GSE301276,Human cerebral organoids model tumor initiation and infiltration in an autologous astrocyte-supported setting [RNA-Seq],5,CSV,2025/07/01,ftp://ftp.ncbi.nlm.nih.gov/geo/series/GSE301nnn/GSE301276/
GSE298817,High-Purity Production of Endothelial Cells from Human Pluripotent Stem Cells,3,TXT,2025/07/01,ftp://ftp.ncbi.nlm.nih.gov/geo/series/GSE298nnn/GSE298817/
GSE298560,SMARCA3 is a histone H3K23 ubiquitin ligase that regulates H3K9me3 in cancer [RNA-Seq],6,TXT,2025/07/01,ftp://ftp.ncbi.nlm.nih.gov/geo/series/GSE298nnn/GSE298560/
GSE273276,Quiescent fibroblast-like synovial cells alleviate inflammatory bowel disease by modulating the gut immune microenvironment [dataset 1],2,"MTX, TSV",2025/07/01,ftp://ftp.ncbi.nlm.nih.gov/geo/series/GSE273nnn/GSE273276/
GSE298840,EMT-ciliary signaling in quasi-mesenchymal-stem-like cells drives therapeutic resistance and is a druggable vulnerability in triple-negative breast cancer,6,"MTX, TSV",2025/06/30,ftp://ftp.ncbi.nlm.nih.gov/geo/series/GSE298nnn/GSE298840/
GSE252590,Generation of mature epicardium derived from human-induced pluripotent stem cells via inhibition of mTOR signaling,23,"MTX, TSV, TXT",2025/06/30,ftp://ftp.ncbi.nlm.nih.gov/geo/series/GSE252nnn/GSE252590/
GSE250399,Recapitulate Organotypic Mesenchyme and Endothelium via Vascularized Lung and Intestine Organoids,12,H5,2025/06/29,ftp://ftp.ncbi.nlm.nih.gov/geo/series/GSE250nnn/GSE250399/
GSE292959,9-cis-retinoic acid improves disease modelling in iPSC-derived liver organoids,33,CSV,2025/06/26,ftp://ftp.ncbi.nlm.nih.gov/geo/series/GSE292nnn/GSE292959/
GSE280890,Gene expression profile at single cell level of human cortical brain organoids at day 20.,4,"MTX, TSV",2025/06/26,ftp://ftp.ncbi.nlm.nih.gov/geo/series/GSE280nnn/GSE280890/
GSE280506,Large-Scale CRISPR Screening in Primary Human 3D Gastric Organoids Enables Comprehensive Dissection of Gene-Drug Interactions,4,"CSV, H5, MTX, TSV, XLSX",2025/06/26,ftp://ftp.ncbi.nlm.nih.gov/geo/series/GSE280nnn/GSE280506/
GSE269871,Effect of hFWE KO on gene expression in mature epidermal organoids,14,TSV,2025/06/26,ftp://ftp.ncbi.nlm.nih.gov/geo/series/GSE269nnn/GSE269871/
GSE296672,Canonical Hedgehog Signaling Controls Astral Microtubules and Mitotic Spindle Orientation in Neural Progenitors and iPSCs,12,"RESULTS, TXT",2025/06/25,ftp://ftp.ncbi.nlm.nih.gov/geo/series/GSE296nnn/GSE296672/
GSE291822,Hope for Others: Research Results from the University of Pittsburgh Rapid Autopsy Program for Breast Cancer,6,H5,2025/06/25,ftp://ftp.ncbi.nlm.nih.gov/geo/series/GSE291nnn/GSE291822/
GSE282077,In vitro generation of a ureteral organoid from pluripotent stem cells,11,"MTX, TSV",2025/06/24,ftp://ftp.ncbi.nlm.nih.gov/geo/series/GSE282nnn/GSE282077/
GSE280257,Large-Scale CRISPR Screening in Primary Human 3D Gastric Organoids Enables Comprehensive Dissection of Gene-Drug Interactions [RNA-seq],6,TXT,2025/06/23,ftp://ftp.ncbi.nlm.nih.gov/geo/series/GSE280nnn/GSE280257/
GSE284086,LINE-1 transposable elements regulate the exit of human pluripotency and early brain development [snRNA-seq],19,"MTX, TSV",2025/06/20,ftp://ftp.ncbi.nlm.nih.gov/geo/series/GSE284nnn/GSE284086/
GSE283597,LINE-1 transposable elements regulate the exit of human pluripotency and early brain development [bulkRNA-seq],45,"BW, CSV",2025/06/20,ftp://ftp.ncbi.nlm.nih.gov/geo/series/GSE283nnn/GSE283597/
GSE289912,APOE4 impacts cortical neurodevelopment and alters network formation in human brain organoids,32,CSV,2025/06/19,ftp://ftp.ncbi.nlm.nih.gov/geo/series/GSE289nnn/GSE289912/
GSE285272,Toxicity and absorption of polystyrene micro-nanoplastics in healthy and Crohn's disease human duodenum-chip models,9,CSV,2025/06/18,ftp://ftp.ncbi.nlm.nih.gov/geo/series/GSE285nnn/GSE285272/
GSE274829,Microglia regulate GABAergic neurogenesis in prenatal human brain through IGF1 [MGEorganoid_scRNAseq],5,"MTX, TSV",2025/06/18,ftp://ftp.ncbi.nlm.nih.gov/geo/series/GSE274nnn/GSE274829/
GSE270017,Identification of PRMT5 as a therapeutic target in cholangiocarcinoma [RNA-seq I],6,TAB,2025/06/17,ftp://ftp.ncbi.nlm.nih.gov/geo/series/GSE270nnn/GSE270017/
GSE264227,Effect of pharmacological inhibition of SMYD3 on gene expression in patient-derived CRC-SCs,42,TXT,2025/06/17,ftp://ftp.ncbi.nlm.nih.gov/geo/series/GSE264nnn/GSE264227/
GSE264157,Effect of stable genetic ablation and pharmacological inhibition of SMYD3 on gene expression in CRC cell line (HCT-116),12,TXT,2025/06/17,ftp://ftp.ncbi.nlm.nih.gov/geo/series/GSE264nnn/GSE264157/
GSE297770,Establishing 3D Organoid Models from Patient-Derived Conditionally Reprogrammed Cells to Bridge Preclinical and Clinical Insights in Pancreatic Cancer,5,TXT,2025/06/16,ftp://ftp.ncbi.nlm.nih.gov/geo/series/GSE297nnn/GSE297770/
GSE285126,Single-nuclei RNA-seq of neural organoids generated from wildtype and FNDC4 KO iPSCs,8,"CSV, MTX",2025/06/16,ftp://ftp.ncbi.nlm.nih.gov/geo/series/GSE285nnn/GSE285126/
GSE283600,LINE-1 transposable elements regulate the exit of human pluripotency and early brain development,83,"BW, CSV, MTX, TSV",2025/06/16,ftp://ftp.ncbi.nlm.nih.gov/geo/series/GSE283nnn/GSE283600/
GSE275068,Single-Cell Sequencing Unveils Distal and Proximal Features of Induced Pluripotent Stem Cell-Derived Intestinal Organoids and cAMP’s role in enhancing multicellularity intestinal lineage specification.,6,H5,2025/06/16,ftp://ftp.ncbi.nlm.nih.gov/geo/series/GSE275nnn/GSE275068/
GSE255033,ADCY1-mediated cAMP signaling pathway mediates the neuropsychiatric effects of montelukast,15,CSV,2025/06/16,ftp://ftp.ncbi.nlm.nih.gov/geo/series/GSE255nnn/GSE255033/
GSE281963,Opposing lineage specifiers induce a pro-tumor hybrid-identity state in lung adenocarcinoma [RNA-seq],34,TXT,2025/06/13,ftp://ftp.ncbi.nlm.nih.gov/geo/series/GSE281nnn/GSE281963/
GSE281002,Rapid generation of functional vascular organoids via simultaneous transcription factor activation of endothelial and mural lineages,15,"MTX, TSV, TXT",2025/06/13,ftp://ftp.ncbi.nlm.nih.gov/geo/series/GSE281nnn/GSE281002/
GSE299104,Nephron segmentation and patterning in kidney organoids can be modulated by distinct FGF subfamily members,8,H5AD,2025/06/12,ftp://ftp.ncbi.nlm.nih.gov/geo/series/GSE299nnn/GSE299104/
GSE271264,Human airway submucosal gland organoids to study respiratory inflammation and infection [bulk RNA-seq],15,CSV,2025/06/12,ftp://ftp.ncbi.nlm.nih.gov/geo/series/GSE271nnn/GSE271264/
GSE271148,Human airway submucosal gland organoids to study respiratory inflammation and infection [bulk RNA-seq],16,CSV,2025/06/12,ftp://ftp.ncbi.nlm.nih.gov/geo/series/GSE271nnn/GSE271148/
GSE271084,Human airway submucosal gland organoids to study respiratory inflammation and infection,2,"MTX, TSV",2025/06/12,ftp://ftp.ncbi.nlm.nih.gov/geo/series/GSE271nnn/GSE271084/
GSE291815,Bat organoids reveal antiviral responses at epithelial surfaces,18,"CSV, H5, RDS, TSV, TXT",2025/06/10,ftp://ftp.ncbi.nlm.nih.gov/geo/series/GSE291nnn/GSE291815/
GSE266169,Cellular crosstalk mediated by TGF-β drives epithelial-mesenchymal transition in patient-derived multilineage biliary organoids,14,"MTX, TSV, TXT",2025/06/10,ftp://ftp.ncbi.nlm.nih.gov/geo/series/GSE266nnn/GSE266169/
GSE264440,Cellular crosstalk mediated by TGF-β drives epithelial-mesenchymal transition in patient-derived multilineage biliary organoids [scRNA-seq],8,"MTX, TSV",2025/06/10,ftp://ftp.ncbi.nlm.nih.gov/geo/series/GSE264nnn/GSE264440/
GSE264201,Cellular crosstalk mediated by TGF-β drives epithelial-mesenchymal transition in patient-derived multilineage biliary organoids [bulk RNA-seq],6,TXT,2025/06/10,ftp://ftp.ncbi.nlm.nih.gov/geo/series/GSE264nnn/GSE264201/
GSE298818,DDR1 regulates RUNX1-CBFβ to control breast stem cell differentiation,9,CSV,2025/06/09,ftp://ftp.ncbi.nlm.nih.gov/geo/series/GSE298nnn/GSE298818/
GSE299172,Hypoimmunogenic hPSC-derived cardiac organoids for immune evasion and heart repair [scRNA-seq],4,"H5AD, MTX, TSV",2025/06/08,ftp://ftp.ncbi.nlm.nih.gov/geo/series/GSE299nnn/GSE299172/
GSE299171,Hypoimmunogenic hPSC-derived cardiac organoids for immune evasion and heart repair [bulkRNA-seq],48,"CSV, TXT",2025/06/08,ftp://ftp.ncbi.nlm.nih.gov/geo/series/GSE299nnn/GSE299171/
GSE269369,LIN28B-mediated activation of the PI3K/AKT pathway promotes metastasis and unravels a new therapeutic vulnerability in colorectal cancer,18,"CSV, XLSX",2025/06/07,ftp://ftp.ncbi.nlm.nih.gov/geo/series/GSE269nnn/GSE269369/
GSE298632,SOX2 regulates foregut squamous epithelial homeostasis and is lost during Barrett’s esophagus development [scRNA-seq],4,"MTX, TSV, XLSX",2025/06/06,ftp://ftp.ncbi.nlm.nih.gov/geo/series/GSE298nnn/GSE298632/
GSE276497,High-throughput differentiation of human blood vessel organoids reveals overlapping and distinct functions of the cerebral cavernous malformation proteins,4,"MTX, TSV, XLSX",2025/06/06,ftp://ftp.ncbi.nlm.nih.gov/geo/series/GSE276nnn/GSE276497/
GSE298715,Primary human intestinal organoids recapitulate enteric infection of monkeypox virus and enable scalable drug discovery,18,TXT,2025/06/05,ftp://ftp.ncbi.nlm.nih.gov/geo/series/GSE298nnn/GSE298715/
GSE220784,Gene expression profile at single cell level of hiPSC-derived lung airways epithelial cells upon knock-out of EHF in normoxia and in hypoxia,4,CSV,2025/06/05,ftp://ftp.ncbi.nlm.nih.gov/geo/series/GSE220nnn/GSE220784/
GSE249735,An integrative approach zinc induced integrated stress response as a key driver for β cell failure in human type 2 diabetes,4,"MTX, TSV, TXT",2025/06/04,ftp://ftp.ncbi.nlm.nih.gov/geo/series/GSE249nnn/GSE249735/
GSE185194,Gastruloids enable modeling of the earliest stages of human cardiac and hepatic vascularization,53,"MTX, TAR, TSV, XLSX",2025/06/04,ftp://ftp.ncbi.nlm.nih.gov/geo/series/GSE185nnn/GSE185194/
GSE298342,Enhanced gliogenesis and delayed maturation underpin the neurodevelopmental defects in Lowe syndrome,6,"H5, TBI, TSV",2025/06/03,ftp://ftp.ncbi.nlm.nih.gov/geo/series/GSE298nnn/GSE298342/
GSE275311,A distinct mechanism of epigenetic reprogramming silences PAX2 and initiates endometrial carcinogenesis,3,TAB,2025/06/03,ftp://ftp.ncbi.nlm.nih.gov/geo/series/GSE275nnn/GSE275311/
GSE275310,A distinct mechanism of epigenetic reprogramming silences PAX2 and initiates endometrial carcinogenesis,6,TAB,2025/06/03,ftp://ftp.ncbi.nlm.nih.gov/geo/series/GSE275nnn/GSE275310/
GSE275309,A distinct mechanism of epigenetic reprogramming silences PAX2 and initiates endometrial carcinogenesis,6,TAB,2025/06/03,ftp://ftp.ncbi.nlm.nih.gov/geo/series/GSE275nnn/GSE275309/
GSE295766,Olaparib induced NAMPT and circPTTG1IP expression promoted cell survival and contributed to drug resistance in glioblastoma cells,4,XLS,2025/06/02,ftp://ftp.ncbi.nlm.nih.gov/geo/series/GSE295nnn/GSE295766/
GSE296173,Model systems and unique biological features of high and low-grade colorectal cancer (CRC) revealed by xenografting 84 human CRC cell lines,8,TXT,2025/06/01,ftp://ftp.ncbi.nlm.nih.gov/geo/series/GSE296nnn/GSE296173/
GSE285393,Single-Cell Transcriptomic Profiling of Xenotransplanted Retinal Organoids Derived from the WA09 CRX-tdTomato Human Embryonic Stem Cell Line,6,"MTX, TSV",2025/06/01,ftp://ftp.ncbi.nlm.nih.gov/geo/series/GSE285nnn/GSE285393/
GSE283265,"Filaggrin status modulates gene transcription, DNA damage and epidermal barrier repair during clinical response to methotrexate in atopic eczema",44,TSV,2025/06/01,ftp://ftp.ncbi.nlm.nih.gov/geo/series/GSE283nnn/GSE283265/
GSE268918,Midline Assembloids Reveal Regulators of Human Axon Guidance,14,"MTX, TSV",2025/05/31,ftp://ftp.ncbi.nlm.nih.gov/geo/series/GSE268nnn/GSE268918/
GSE226477,Bulk RNA-seq of neuromuscular system models generated from human induced pluripotent stem cells (hiPSCs),15,TXT,2025/05/30,ftp://ftp.ncbi.nlm.nih.gov/geo/series/GSE226nnn/GSE226477/
GSE298343,Single-cell RNA sequencing of breast cancer patient-derived organoids,6,"MTX, TSV",2025/05/29,ftp://ftp.ncbi.nlm.nih.gov/geo/series/GSE298nnn/GSE298343/
GSE226201,Gastric niche in the regulation of the epithelial cell differentiation in the human and mouse,83,"BW, CSV, MTX, TSV, TXT",2025/05/29,ftp://ftp.ncbi.nlm.nih.gov/geo/series/GSE226nnn/GSE226201/
GSE226196,Signaling basis of gastric epithelial cell differentiation revealed by human and mouse organoids [scRNA-Seq],11,TXT,2025/05/29,ftp://ftp.ncbi.nlm.nih.gov/geo/series/GSE226nnn/GSE226196/
GSE226195,Signaling basis of gastric epithelial cell differentiation revealed by human and mouse organoids [RNA-Seq],26,CSV,2025/05/29,ftp://ftp.ncbi.nlm.nih.gov/geo/series/GSE226nnn/GSE226195/
GSE297672,Human Myelinated Brain Assembloids: A Novel Platform for Investigating Mechanisms and Enhancement of Remyelination,33,GCT,2025/05/28,ftp://ftp.ncbi.nlm.nih.gov/geo/series/GSE297nnn/GSE297672/
GSE271751,Dominant RDH12-retinitis pigmentosa impairs photoreceptor development and cone function in retinal organoids,20,TXT,2025/05/28,ftp://ftp.ncbi.nlm.nih.gov/geo/series/GSE271nnn/GSE271751/
GSE292323,Histone H1 Variants Regulate Neurodevelopmental Transcriptional Programs in Autism and Schizophrenia with 16p11.2 CNV,14,TXT,2025/05/25,ftp://ftp.ncbi.nlm.nih.gov/geo/series/GSE292nnn/GSE292323/
GSE288049,Variant-specific disruption to Notch signaling in PAX6 microphthalmia and aniridia patient-derived hiPSC optic vesicles,70,"CSV, TSV",2025/05/22,ftp://ftp.ncbi.nlm.nih.gov/geo/series/GSE288nnn/GSE288049/
GSE282290,Crosstalk with infant derived Th17 cells promotes maturation of intestinal epithelial cells in an enteroid model through IL-22 signaling,8,CSV,2025/05/22,ftp://ftp.ncbi.nlm.nih.gov/geo/series/GSE282nnn/GSE282290/
GSE296691,Sequential emergence and contraction of epithelial subtypes in the prenatal human choroid plexus revealed by a stem cell model,4,"CSV, MTX, RDS, TSV",2025/05/21,ftp://ftp.ncbi.nlm.nih.gov/geo/series/GSE296nnn/GSE296691/
GSE273180,scRNA-seq of human cerebral organoids derived from healthy and FOXG1 syndrome patients iPSCs at d105,4,"MTX, TSV",2025/05/21,ftp://ftp.ncbi.nlm.nih.gov/geo/series/GSE273nnn/GSE273180/
GSE288165,"Multi-Region Brain Organoid - Fusion Organoid with cerebral, Endothelial and Mid-Hindbrain Components",14,TSV,2025/05/20,ftp://ftp.ncbi.nlm.nih.gov/geo/series/GSE288nnn/GSE288165/
GSE294747,Cholinergic neuron-to-glioblastoma synapses in a human iPSC-derived co-culture model,1,"CSV, MTX, TSV",2025/05/17,ftp://ftp.ncbi.nlm.nih.gov/geo/series/GSE294nnn/GSE294747/
GSE289534,A hexamer tandem repeat RNA embedded within an SVA retrotransposon drives R-loop formation and neurodegeneration,41,TSV,2025/05/17,ftp://ftp.ncbi.nlm.nih.gov/geo/series/GSE289nnn/GSE289534/
GSE296369,Patient-derived kidney organoids recapitulate ADPKD and enable the identification of RHO signaling inhibitors as candidate therapeutics [RNA-Seq],6,XLSX,2025/05/15,ftp://ftp.ncbi.nlm.nih.gov/geo/series/GSE296nnn/GSE296369/
GSE295223,Patient-derived kidney organoids recapitulate ADPKD and enable the identification of RHO signaling inhibitors as candidate therapeutics,3,"MTX, TSV",2025/05/15,ftp://ftp.ncbi.nlm.nih.gov/geo/series/GSE295nnn/GSE295223/
GSE292774,"Comparing the Effects of Taurine and 3-Sulfopropanoic Acid, a Metabolite of Tramiprosate, on ApoE4 Pathological Aggregation: Implications for Alzheimer's Disease",18,CSV,2025/05/14,ftp://ftp.ncbi.nlm.nih.gov/geo/series/GSE292nnn/GSE292774/
GSE285436,RNA-seq analysis of grape-like organoids and others in iPSC derived Hepatocyte organoids (iHOs),4,CSV,2025/05/13,ftp://ftp.ncbi.nlm.nih.gov/geo/series/GSE285nnn/GSE285436/
GSE248111,RNA Sequencing of Human iPSC-Derived Hepatocyte Organoids (iHOs),44,"MTX, TSV",2025/05/13,ftp://ftp.ncbi.nlm.nih.gov/geo/series/GSE248nnn/GSE248111/
GSE248110,"RNA-seq analysis of human iPSC derived Hepatocyte organoids (iHOs), 2D-iPS-Heps, iPS-HPCs, iPSCs, and other iPSC derived organoids cultured in woBA medium and fetal organoid medium",30,CSV,2025/05/13,ftp://ftp.ncbi.nlm.nih.gov/geo/series/GSE248nnn/GSE248110/
GSE247961,scRNA-seq analysis of human iPSC derived Hepatocyte organoids (iHOs) [scRNA-seq],4,"MTX, TSV",2025/05/13,ftp://ftp.ncbi.nlm.nih.gov/geo/series/GSE247nnn/GSE247961/
GSE247960,RNA-seq analysis of SHP inducible human iPSC derived Hepatocyte organoids (iHOs),6,TXT,2025/05/13,ftp://ftp.ncbi.nlm.nih.gov/geo/series/GSE247nnn/GSE247960/
GSE271214,A Retinoic Acid:YAP1 signaling axis controls atrial lineage commitment [scRNA-seq],8,"MTX, TSV",2025/05/10,ftp://ftp.ncbi.nlm.nih.gov/geo/series/GSE271nnn/GSE271214/
GSE296775,Delayed forebrain excitatory and inhibitory neurogenesis in STRADA-related  megalencephaly via mTOR hyperactivity,10,"CSV, MTX, TSV",2025/05/09,ftp://ftp.ncbi.nlm.nih.gov/geo/series/GSE296nnn/GSE296775/
GSE285726,Targeting cancer through simultaneous inhibition of key metabolic enzymes,18,CSV,2025/05/08,ftp://ftp.ncbi.nlm.nih.gov/geo/series/GSE285nnn/GSE285726/
GSE290442,Single cell transcriptomic analysis of nephron and UB lineages in recombinant hPSC-derived kidney organoids grown under various conditions.,1,"CSV, TXT",2025/05/07,ftp://ftp.ncbi.nlm.nih.gov/geo/series/GSE290nnn/GSE290442/
GSE252464,Fibrosis Like Phenotype in TP53KO Hepatic Organoids within a Pro Carcinogenic Tumor Microenvironment (pc-TME),4,CSV,2025/05/06,ftp://ftp.ncbi.nlm.nih.gov/geo/series/GSE252nnn/GSE252464/
GSE289218,Disruption of DNA methylation underpins the neuroinflammation induced by targeted CNS radiotherapy,4,"MTX, TSV",2025/05/02,ftp://ftp.ncbi.nlm.nih.gov/geo/series/GSE289nnn/GSE289218/
GSE265797,The inflammatory micro-environment induced by targeted CNS radiotherapy is underpined by disruption of DNA methylation [RNA-seq],25,CSV,2025/05/02,ftp://ftp.ncbi.nlm.nih.gov/geo/series/GSE265nnn/GSE265797/
GSE281833,RNA-Sequencing Analysis of Type-I and Type-II Interferon Effects on an In-Vitro Human Thymic Epithelium Model,24,TSV,2025/05/01,ftp://ftp.ncbi.nlm.nih.gov/geo/series/GSE281nnn/GSE281833/
GSE290028,LSD1 inhibition attenuates targeted therapy-induced lineage plasticity in BRAFV600E colorectal cancer,23,"MTX, TSV",2025/04/30,ftp://ftp.ncbi.nlm.nih.gov/geo/series/GSE290nnn/GSE290028/
GSE264728,Combined inhibition of KAT6A/B and Menin reverses estrogen receptor-driven gene expression programs in breast cancer (RNA-Seq),144,"TDF, XLSX",2025/04/30,ftp://ftp.ncbi.nlm.nih.gov/geo/series/GSE264nnn/GSE264728/
GSE252055,Comparative analysis of human kidney organoid and tubuloid models,83,CSV,2025/04/30,ftp://ftp.ncbi.nlm.nih.gov/geo/series/GSE252nnn/GSE252055/
GSE230355,Influence of the anti-MUC16 humanized monoclonal antibody AR9.6 on gene expression in MUC16 expressing cancer cells in patient-derived organoids,6,XLSX,2025/04/30,ftp://ftp.ncbi.nlm.nih.gov/geo/series/GSE230nnn/GSE230355/
GSE287233,An integrated transcriptomic cell atlas of human endoderm-derived organoids,6,"MTX, TSV",2025/04/29,ftp://ftp.ncbi.nlm.nih.gov/geo/series/GSE287nnn/GSE287233/
GSE295767,Next Generation Sequencing analysis of OC43 and EV1 viral infection on macrophage-augmented intestinal organoids following treatment with nirmatrelvir and acetate,24,TXT,2025/04/28,ftp://ftp.ncbi.nlm.nih.gov/geo/series/GSE295nnn/GSE295767/
GSE295097,Temporal Mapping of Radiation-Induced Changes in Human Brain Organoids using single-cell RNA sequencing,3,"MTX, TSV",2025/04/26,ftp://ftp.ncbi.nlm.nih.gov/geo/series/GSE295nnn/GSE295097/
GSE247456,A programmed decline in ribosome levels governs human early neurodevelopment,19,"H5, MTX, TSV, TXT",2025/04/26,ftp://ftp.ncbi.nlm.nih.gov/geo/series/GSE247nnn/GSE247456/
GSE289746,Combined therapy with DR5- targeting antibody-drug conjugate and CDK inhibitors as a novel strategy for advanced MSS and MSI-H colorectal cancer,12,TXT,2025/04/24,ftp://ftp.ncbi.nlm.nih.gov/geo/series/GSE289nnn/GSE289746/
GSE288560,Combined therapy with DR5- targeting antibody-drug conjugate and CDK inhibitors as a novel strategy for advanced MSS and MSI-H colorectal cancer,24,TXT,2025/04/24,ftp://ftp.ncbi.nlm.nih.gov/geo/series/GSE288nnn/GSE288560/
GSE295280,High throughput screening of patient's iPSC-derived neurons identifies gut microbial metabolites as a potential treatment for Alzheimer's disease.,11,XLSX,2025/04/23,ftp://ftp.ncbi.nlm.nih.gov/geo/series/GSE295nnn/GSE295280/
GSE280843,Human Multi-Regional Gastric Assembloids Favour Epithelial Cell Differentiation and Functional Parietal Maturation [paediatric patients],54,TXT,2025/04/23,ftp://ftp.ncbi.nlm.nih.gov/geo/series/GSE280nnn/GSE280843/
GSE271248,Attenuation of CD8 T Cell Exhaustion via miR-379-5p-Mediated Memory Promotion and Immune Checkpoint Inhibition,6,TXT,2025/04/23,ftp://ftp.ncbi.nlm.nih.gov/geo/series/GSE271nnn/GSE271248/
GSE247115,Human gastric multi-regional assembloids for functional parietal maturation,45,TXT,2025/04/23,ftp://ftp.ncbi.nlm.nih.gov/geo/series/GSE247nnn/GSE247115/
GSE263272,Human iPS cell-derived respiratory organoids as a model for respiratory syncytial virus infection,12,TXT,2025/04/21,ftp://ftp.ncbi.nlm.nih.gov/geo/series/GSE263nnn/GSE263272/
GSE263271,Human iPS cell-derived respiratory organoids as a model for respiratory syncytial virus infection,2,"MTX, TSV",2025/04/21,ftp://ftp.ncbi.nlm.nih.gov/geo/series/GSE263nnn/GSE263271/
GSE260752,Human iPS cell-derived respiratory organoids as a model for respiratory syncytial virus infection,2,"MTX, TSV",2025/04/21,ftp://ftp.ncbi.nlm.nih.gov/geo/series/GSE260nnn/GSE260752/
GSE254819,ETMR stem-like state and chemoresistance are supported by perivascular cells at single-cell resolution,9,"MTX, TSV",2025/04/17,ftp://ftp.ncbi.nlm.nih.gov/geo/series/GSE254nnn/GSE254819/
GSE239864,Genomic and transcriptomic profiles underlying the effect of SETD1A disruption on human neurodevelopmental trajectories (scRNA-Seq),2,"CSV, XLSX",2025/04/17,ftp://ftp.ncbi.nlm.nih.gov/geo/series/GSE239nnn/GSE239864/
GSE237165,Genomic and transcriptomic profiles underlying the effect of SETD1A disruption on human neurodevelopmental trajectories,9,"CSV, XLSX",2025/04/17,ftp://ftp.ncbi.nlm.nih.gov/geo/series/GSE237nnn/GSE237165/
GSE294754,MiNK-215: Allogeneic FAP-CAR-IL15 iNKT therapy remodels tumor stroma to enhance anti-tumor immunity,4,TXT,2025/04/16,ftp://ftp.ncbi.nlm.nih.gov/geo/series/GSE294nnn/GSE294754/
GSE224478,ETMR stem-like state and chemo-resistance are supported by perivascular cells at single-cell resolution,51,"CSV, JSON, MTX, PNG, TSV",2025/04/16,ftp://ftp.ncbi.nlm.nih.gov/geo/series/GSE224nnn/GSE224478/
GSE224477,ETMR stem-like state and chemo-resistance are supported by perivascular cells at single-cell resolution (spatial transcriptomics subset),3,"CSV, JSON, MTX, PNG, TSV",2025/04/16,ftp://ftp.ncbi.nlm.nih.gov/geo/series/GSE224nnn/GSE224477/
GSE224476,ETMR stem-like state and chemo-resistance are supported by perivascular cells at single-cell resolution (human organoids subset),12,"MTX, TSV",2025/04/16,ftp://ftp.ncbi.nlm.nih.gov/geo/series/GSE224nnn/GSE224476/
GSE224475,ETMR stem-like state and chemo-resistance are supported by perivascular cells at single-cell resolution (human+murine organoids subset),21,"MTX, TSV",2025/04/16,ftp://ftp.ncbi.nlm.nih.gov/geo/series/GSE224nnn/GSE224475/
GSE224473,ETMR stem-like state and chemo-resistance are supported by perivascular cells at single-cell resolution (human subset),1,"MTX, TSV",2025/04/16,ftp://ftp.ncbi.nlm.nih.gov/geo/series/GSE224nnn/GSE224473/
GSE291768,KRIT1 heterozygous mutations are sufficient to induce a pathological phenotype in patient-derived iPSC models of Cerebral Cavernous Malformation,18,TSV,2025/04/15,ftp://ftp.ncbi.nlm.nih.gov/geo/series/GSE291nnn/GSE291768/
GSE287136,Maturation of human cardiac organoids enables complex disease modelling and drug discovery,4,"MTX, TSV",2025/04/14,ftp://ftp.ncbi.nlm.nih.gov/geo/series/GSE287nnn/GSE287136/
GSE294012,Endometrial assembloid model reveals endometrial adenogenesis regulation by estradiol-driven WNT7B expression,6,"MTX, TSV",2025/04/08,ftp://ftp.ncbi.nlm.nih.gov/geo/series/GSE294nnn/GSE294012/
GSE294011,Endometrial assembloid model reveals endometrial adenogenesis regulation by estradiol-driven WNT7B expression [bulk RNA-seq],4,TXT,2025/04/08,ftp://ftp.ncbi.nlm.nih.gov/geo/series/GSE294nnn/GSE294011/
GSE293756,PANCREATIC DUCTAL ADENOCARCINOMAS RESISTANT TO KRAS INHIBITION ARE DRUGGABLE WITH AN ANTI-MUC1-C ADC,6,CSV,2025/04/08,ftp://ftp.ncbi.nlm.nih.gov/geo/series/GSE293nnn/GSE293756/
GSE293554,Size-Modulated Mesoderm-Endoderm Divergence and Myocardial Cavitation in Micropatterned Cardioids,11,"MTX, TSV",2025/04/02,ftp://ftp.ncbi.nlm.nih.gov/geo/series/GSE293nnn/GSE293554/
GSE293539,A Living Organoid Biobank of Crohn’s Disease Patients Reveals Distinct Clinical Correlates of Molecular Subtypes of Disease,24,TXT,2025/04/02,ftp://ftp.ncbi.nlm.nih.gov/geo/series/GSE293nnn/GSE293539/
GSE293370,Morphology-guided organoid classification reveals prognosis of oral cancer [dataset 1],40,"CSV, XLSX",2025/04/02,ftp://ftp.ncbi.nlm.nih.gov/geo/series/GSE293nnn/GSE293370/
GSE269687,Pharmaceutical inhibition of the Chk2 kinase mitigates cone photoreceptor degeneration in an iPSC model of Bardet-Biedl syndrome,15,XLSX,2025/04/02,ftp://ftp.ncbi.nlm.nih.gov/geo/series/GSE269nnn/GSE269687/
GSE275820,"Gene expression profile of healthy control organoids, a Parkinson disease patient specific midbrain organoid carrying a triplication in the SNCA gene and two healthy control organoids co-cultured with either healthy or PD hindbrain organoids",4,"MTX, TSV",2025/04/01,ftp://ftp.ncbi.nlm.nih.gov/geo/series/GSE275nnn/GSE275820/
GSE269495,SNX10 deficiency confers resistance to anti-HER2 antibody-drug conjugates via regulating endosomal trafficking,13,TXT,2025/03/31,ftp://ftp.ncbi.nlm.nih.gov/geo/series/GSE269nnn/GSE269495/
GSE262517,Methotrexate affects brain development by regulating serum-glucocorticoid inducible protein kinase 3 (SGK3) signal pathway in brain organoids.,15,TXT,2025/03/31,ftp://ftp.ncbi.nlm.nih.gov/geo/series/GSE262nnn/GSE262517/
GSE292827,Endometrial assembloid model reveals endometrial adenogenesis regulation by estradiol-driven WNT7B expression [scRNA-seq],2,"MTX, TSV",2025/03/29,ftp://ftp.ncbi.nlm.nih.gov/geo/series/GSE292nnn/GSE292827/
GSE292720,Transcriptomic profiling of baricitinib effects on host immune response to RVFV infection in A549 cells and organoids,24,TXT,2025/03/28,ftp://ftp.ncbi.nlm.nih.gov/geo/series/GSE292nnn/GSE292720/
GSE279087,Placental cytotrophoblast microvillar stabilization is required for cell-cell fusion,20,CSV,2025/03/26,ftp://ftp.ncbi.nlm.nih.gov/geo/series/GSE279nnn/GSE279087/
GSE288836,Cell-intrinsic metabolic phenotypes identified in glioblastoma patients using mass spectrometry imaging of 13C-labeled glucose metabolism,35,TAR,2025/03/25,ftp://ftp.ncbi.nlm.nih.gov/geo/series/GSE288nnn/GSE288836/
GSE287925,Disrupting the interaction between androgen receptor and its coregulator WDR77 delays the growth of treatment-resistant prostate cancer,24,CSV,2025/03/24,ftp://ftp.ncbi.nlm.nih.gov/geo/series/GSE287nnn/GSE287925/
GSE217649,"Bulk RNA sequencing for gene expression profileing of primary liver sinusoidal endothelial cells and iPSC-derived hepatic endoderm, septum mesenchymal cells, endothelial cells, and liver bud organoids",26,TXT,2025/03/24,ftp://ftp.ncbi.nlm.nih.gov/geo/series/GSE217nnn/GSE217649/
GSE276745,Hydrogen sulfide preserves intestinal barrier repair function through sulfhydration of RPS20 in experimental colitis,6,TXT,2025/03/21,ftp://ftp.ncbi.nlm.nih.gov/geo/series/GSE276nnn/GSE276745/
GSE276684,Deciphering shared molecular dysregulation across Parkinson's Disease variants using a multi-modal network-based data integration and analysis,12,"MTX, TSV",2025/03/21,ftp://ftp.ncbi.nlm.nih.gov/geo/series/GSE276nnn/GSE276684/
GSE234548,Aberrant ERK signaling in astrocytes impairs learning and memory in RASopathy-associated BRAF mutant mouse models [organoid],6,TXT,2025/03/21,ftp://ftp.ncbi.nlm.nih.gov/geo/series/GSE234nnn/GSE234548/
GSE126719,Glutamine deprivation enhances metabolic reprogramming during kidney organoid directed differentiation,4,TXT,2025/03/20,ftp://ftp.ncbi.nlm.nih.gov/geo/series/GSE126nnn/GSE126719/
GSE283496,Genetically Engineered Brain Organoids Recapitulate Spatial and Developmental States of Glioblastoma Progression [scRNA-seq],4,"CSV, MTX, TSV",2025/03/19,ftp://ftp.ncbi.nlm.nih.gov/geo/series/GSE283nnn/GSE283496/
GSE283460,Gene expression is altered after infection with E. coli in endometrial organoids,6,XLS,2025/03/19,ftp://ftp.ncbi.nlm.nih.gov/geo/series/GSE283nnn/GSE283460/
GSE260633,An engineered tumor organoid model reveals cellular identity and signaling trajectories underlying translocation RCC,3,"TAR, TXT",2025/03/19,ftp://ftp.ncbi.nlm.nih.gov/geo/series/GSE260nnn/GSE260633/
GSE253940,Gene expression profile of control and NGB knockdown human cerebral organoids at day 24 and 35,4,H5,2025/03/19,ftp://ftp.ncbi.nlm.nih.gov/geo/series/GSE253nnn/GSE253940/
GSE291863,Macrophage phenotypes modulate neoangiogenesis and fibroblast profiles in synovial-like organoid cultures.,48,CSV,2025/03/18,ftp://ftp.ncbi.nlm.nih.gov/geo/series/GSE291nnn/GSE291863/
GSE232581,Scalable production of human cortical organoids using a biocompatible polymer,1,"MTX, TSV",2025/03/18,ftp://ftp.ncbi.nlm.nih.gov/geo/series/GSE232nnn/GSE232581/
GSE278619,"GRAMD1B is a novel regulator of lipid homeostasis, autophagic flux, and phosphorylated tau.",12,"MTX, RDS, TSV",2025/03/17,ftp://ftp.ncbi.nlm.nih.gov/geo/series/GSE278nnn/GSE278619/
GSE290418,Bulk RNA-sequencing of human non-IBD enteroids treated with interferon-gamma (IFNγ),12,TXT,2025/03/15,ftp://ftp.ncbi.nlm.nih.gov/geo/series/GSE290nnn/GSE290418/
GSE290417,Bulk RNA-sequencing of human Crohn's disease (CD) enteroids treated with interferon-gamma (IFNγ),20,TXT,2025/03/15,ftp://ftp.ncbi.nlm.nih.gov/geo/series/GSE290nnn/GSE290417/
GSE261717,Effect of fructose on human colon DNA methylation: implication for racial disparities in colorectal cancer risk,10,CSV,2025/03/15,ftp://ftp.ncbi.nlm.nih.gov/geo/series/GSE261nnn/GSE261717/
GSE276844,3D model of human epidermis exposed to Staphylococci reveals keratinocyte responses unique to atopy-associated S. aureus challenge.,8,TABULAR,2025/03/13,ftp://ftp.ncbi.nlm.nih.gov/geo/series/GSE276nnn/GSE276844/
GSE271551,Functional callus organoids reveal distinct cartilage to bone transition mechanisms across donors and a role for biological sex,15,"TSV, TXT",2025/03/13,ftp://ftp.ncbi.nlm.nih.gov/geo/series/GSE271nnn/GSE271551/
GSE269175,Serotonin attenuates tumor-necrosis-factor-alpha-induced intestinal inflammation by interacting with human mucosal tissue,14,TXT,2025/03/12,ftp://ftp.ncbi.nlm.nih.gov/geo/series/GSE269nnn/GSE269175/
GSE253824,AAV vectors trigger neurotoxic DNA damage responses and STING-dependent inflammation in human CNS cells.,62,"MTX, TSV",2025/03/11,ftp://ftp.ncbi.nlm.nih.gov/geo/series/GSE253nnn/GSE253824/
GSE253823,AAV vectors trigger neurotoxic DNA damage responses and STING-dependent inflammation in human CNS cells [scRNAseq_dataset3],6,"MTX, TSV",2025/03/11,ftp://ftp.ncbi.nlm.nih.gov/geo/series/GSE253nnn/GSE253823/
GSE253822,AAV vectors trigger neurotoxic DNA damage responses and STING-dependent inflammation in human CNS cells [scRNAseq_dataset2],8,"MTX, TSV",2025/03/11,ftp://ftp.ncbi.nlm.nih.gov/geo/series/GSE253nnn/GSE253822/
GSE283175,Involvement of lncRNA MIR205HG in idiopathic pulmonary fibrosis and regulation of IL33 via Alu elements,6,TXT,2025/03/10,ftp://ftp.ncbi.nlm.nih.gov/geo/series/GSE283nnn/GSE283175/
GSE275720,Involvement of lncRNA MIR205HG in idiopathic pulmonary fibrosis and regulation of IL33 via Alu elements (part 4),4,TXT,2025/03/10,ftp://ftp.ncbi.nlm.nih.gov/geo/series/GSE275nnn/GSE275720/
GSE275717,Involvement of lncRNA MIR205HG in idiopathic pulmonary fibrosis and regulation of IL33 via Alu elements (part 3),6,TXT,2025/03/10,ftp://ftp.ncbi.nlm.nih.gov/geo/series/GSE275nnn/GSE275717/
GSE275709,Involvement of lncRNA MIR205HG in idiopathic pulmonary fibrosis and regulation of IL33 via Alu elements (part 2),4,TXT,2025/03/10,ftp://ftp.ncbi.nlm.nih.gov/geo/series/GSE275nnn/GSE275709/
GSE275700,Involvement of lncRNA MIR205HG in idiopathic pulmonary fibrosis and regulation of IL33 via Alu elements (part 1),6,TXT,2025/03/10,ftp://ftp.ncbi.nlm.nih.gov/geo/series/GSE275nnn/GSE275700/
GSE260907,Three-dimensional regulatory hubs support oncogenic programs in glioblastoma [scRNA-seq],2,"MTX, TSV",2025/03/06,ftp://ftp.ncbi.nlm.nih.gov/geo/series/GSE260nnn/GSE260907/
GSE269150,A hollow fiber membrane-based liver organoid-on-a-chip model for examining drug metabolism and transport,21,TXT,2025/03/05,ftp://ftp.ncbi.nlm.nih.gov/geo/series/GSE269nnn/GSE269150/
GSE262089,Three-dimensional regulatory hubs support oncogenic programs in glioblastoma,56,"BED, BEDPE, HIC, MTX, TSV, TXT",2025/03/04,ftp://ftp.ncbi.nlm.nih.gov/geo/series/GSE262nnn/GSE262089/
GSE290526,VEGFR2 blockade overcomes acquired KRAS G12D inhibitor resistance driven by PI3Kγ activation [scRNA-Seq],3,"MTX, TSV",2025/03/03,ftp://ftp.ncbi.nlm.nih.gov/geo/series/GSE290nnn/GSE290526/
GSE250468,Bulk RNA-seq of human kidney organids in different culture conditions,6,TSV,2025/03/03,ftp://ftp.ncbi.nlm.nih.gov/geo/series/GSE250nnn/GSE250468/
GSE290487,VEGFR2 blockade overcomes acquired KRAS G12D inhibitor resistance driven by PI3Kγ activation,7,TXT,2025/03/02,ftp://ftp.ncbi.nlm.nih.gov/geo/series/GSE290nnn/GSE290487/
GSE285074,Single-cell transcriptomic analysis reveals distinct cellular responses of cortical progenitors and neurons in human brain organoid modeling fetal hypoxic brain injury,2,CSV,2025/03/01,ftp://ftp.ncbi.nlm.nih.gov/geo/series/GSE285nnn/GSE285074/
GSE287664,KCTD20 suppression mitigates excitotoxicity in tauopathy patient organoids,11,"MTX, TSV",2025/02/28,ftp://ftp.ncbi.nlm.nih.gov/geo/series/GSE287nnn/GSE287664/
GSE286190,Epithelial Muscarinic Receptor 3 Ablation Induces Sex-Specific Modulation of Colonic Intestinal Progenitor Cells and Response to Intestinal Injury [586CW],16,TXT,2025/02/28,ftp://ftp.ncbi.nlm.nih.gov/geo/series/GSE286nnn/GSE286190/
GSE250289,SARS-CoV2 infection triggers reactive astrocyte states and inflammatory conditions in Human Cortical Organoids,8,TXT,2025/02/28,ftp://ftp.ncbi.nlm.nih.gov/geo/series/GSE250nnn/GSE250289/
GSE276956,Elucidation of the mechanisms underlying the therapeutic effects of cell therapy using hiPSC-NPCs,6,TXT,2025/02/26,ftp://ftp.ncbi.nlm.nih.gov/geo/series/GSE276nnn/GSE276956/
GSE266974,Eicosatetraynoic Acid Regulates Pro-Fibrotic Pathways in an Induced Pluripotent Stem Cell Derived Macrophage:Human Intestinal Organoid Model of Crohn’s Disease II,18,TXT,2025/02/26,ftp://ftp.ncbi.nlm.nih.gov/geo/series/GSE266nnn/GSE266974/
GSE259318,Human Pluripotent Stem Cell Derived Organoids Reveal a Role for WNT Signaling in Dorsal-Ventral Patterning of the Hindgut,19,TXT,2025/02/26,ftp://ftp.ncbi.nlm.nih.gov/geo/series/GSE259nnn/GSE259318/
GSE254954,Deriving human intestinal organoids with functional tissue-resident macrophages all from pluripotent stem cells,5,"MTX, TSV",2025/02/26,ftp://ftp.ncbi.nlm.nih.gov/geo/series/GSE254nnn/GSE254954/
GSE248009,Eicosatetraynoic Acid Regulates Pro-Fibrotic Pathways in an Induced Pluripotent Stem Cell Derived Macrophage:Human Intestinal Organoid Model of Crohn’s Disease,24,TXT,2025/02/26,ftp://ftp.ncbi.nlm.nih.gov/geo/series/GSE248nnn/GSE248009/
GSE269447,Gene expression analysis of organoid model of human esophageal squamous cell carcinomas (ESCCs),20,TXT,2025/02/25,ftp://ftp.ncbi.nlm.nih.gov/geo/series/GSE269nnn/GSE269447/
GSE290024,Unveiling the Cellular and Molecular Mechanisms of Diabetic Retinopathy with Human Retinal Organoids,6,TXT,2025/02/24,ftp://ftp.ncbi.nlm.nih.gov/geo/series/GSE290nnn/GSE290024/
GSE289955,Variable DPP4 expression in multiciliated cells of the human nasal epithelium as a determinant for MERS-CoV tropism,1,"MTX, TSV",2025/02/24,ftp://ftp.ncbi.nlm.nih.gov/geo/series/GSE289nnn/GSE289955/
GSE276831,Targeting CFTR and FGF2 and TGFβ1 Pathways with MSC-Derived Extracellular Vesicles to Promote Functional Maturation of Preterm Intestinal Epithelium,9,RESULTS,2025/02/24,ftp://ftp.ncbi.nlm.nih.gov/geo/series/GSE276nnn/GSE276831/
GSE289906,Patient derived model of UBA5-associated encephalopathy identifies defects in neurodevelopment and highlights potential therapies,24,"MTX, TSV",2025/02/21,ftp://ftp.ncbi.nlm.nih.gov/geo/series/GSE289nnn/GSE289906/
GSE252497,Patient derived model of UBA5-associated encephalopathy identifies defects in neurodevelopment and highlights potential therapies [scRNA-seq],7,"MTX, TSV",2025/02/21,ftp://ftp.ncbi.nlm.nih.gov/geo/series/GSE252nnn/GSE252497/
GSE252419,Patient derived model of UBA5-associated encephalopathy identifies defects in neurodevelopment and highlights potential therapies [bulk RNA-seq],17,TXT,2025/02/21,ftp://ftp.ncbi.nlm.nih.gov/geo/series/GSE252nnn/GSE252419/
GSE197203,Glucose controls protein-protein interactions and tissue differentiation,27,NARROWPEAK,2025/02/21,ftp://ftp.ncbi.nlm.nih.gov/geo/series/GSE197nnn/GSE197203/
GSE197202,Glucose controls protein-protein interactions and tissue differentiation [RNA-Seq],10,TXT,2025/02/21,ftp://ftp.ncbi.nlm.nih.gov/geo/series/GSE197nnn/GSE197202/
GSE282644,Inflammatory responses revealed through HIV infection of microglia-containing cerebral organoids,12,CSV,2025/02/19,ftp://ftp.ncbi.nlm.nih.gov/geo/series/GSE282nnn/GSE282644/
GSE279237,Small molecule treatment alleviates photoreceptor cilia defects in LCA5-deficient human retinal organoids,21,SF,2025/02/19,ftp://ftp.ncbi.nlm.nih.gov/geo/series/GSE279nnn/GSE279237/
GSE272395,"Examining patient-specific responses to PARP inhibitors in a novel, human induced pluripotent stem cell-based model of breast cancer",17,XLSX,2025/02/19,ftp://ftp.ncbi.nlm.nih.gov/geo/series/GSE272nnn/GSE272395/
GSE270613,Targeting CAFs-Mediated Stromal Signaling in a Patient-Derived Organotypic Colorectal Tumor Model,4,TXT,2025/02/19,ftp://ftp.ncbi.nlm.nih.gov/geo/series/GSE270nnn/GSE270613/
GSE289407,Differential gene expression in Nintedanib-treated 3D skin rafts with Scleroderma (SSc) skin and healthy fibroblasts,30,TXT,2025/02/17,ftp://ftp.ncbi.nlm.nih.gov/geo/series/GSE289nnn/GSE289407/
GSE289102,hnRNPL phase separation activates PIK3CB transcription and promotes glycolysis in ovarian cancer (hnRNPL RNAseq),6,TXT,2025/02/14,ftp://ftp.ncbi.nlm.nih.gov/geo/series/GSE289nnn/GSE289102/
GSE283167,Attractor landscape analysis reveals a reversion switch in the transition of colorectal tumorigenesis,2,H5,2025/02/12,ftp://ftp.ncbi.nlm.nih.gov/geo/series/GSE283nnn/GSE283167/
GSE269768,3D Bioprinting Lobule-like Hepatorganoids with Induced Vascularization for Orthotopic Implantation,15,TXT,2025/02/12,ftp://ftp.ncbi.nlm.nih.gov/geo/series/GSE269nnn/GSE269768/
GSE255588,Hypoxia dysregulates circadian rhythm and causes synapse elimination defects in astrocytes,28,TXT,2025/02/12,ftp://ftp.ncbi.nlm.nih.gov/geo/series/GSE255nnn/GSE255588/
GSE288907,Identifying genetic expression patterns as marker for sensitivity to oncolytic viruses using patient-derived pancreatic ductal adenocarcinoma organoids,10,TSV,2025/02/11,ftp://ftp.ncbi.nlm.nih.gov/geo/series/GSE288nnn/GSE288907/
GSE287174,Patient-Derived Meningioma Organoids: A Reliable Model for Studying Human Tumor Pathophysiology,65,CSV,2025/02/11,ftp://ftp.ncbi.nlm.nih.gov/geo/series/GSE287nnn/GSE287174/
GSE288964,Phenotypic complexities of rare heterozygous neurexin-1 deletions,10,"MTX, TSV",2025/02/10,ftp://ftp.ncbi.nlm.nih.gov/geo/series/GSE288nnn/GSE288964/
GSE249213,Analysis of placenta-derived factor-treated human iPSC-liver organoid.,15,TXT,2025/02/10,ftp://ftp.ncbi.nlm.nih.gov/geo/series/GSE249nnn/GSE249213/
GSE288650,Comparative analysis of the syncytiotrophoblast in placenta tissue and trophoblast organoids using snRNA sequencing,18,"MTX, RDS, TSV",2025/02/08,ftp://ftp.ncbi.nlm.nih.gov/geo/series/GSE288nnn/GSE288650/
GSE236097,Unravelling Stargardt Disease (STGD1): Modelling Genotype-Phenotype Correlations and Unresolved Genetic Variants in iPSC-Derived Retinal Organoids,4,CSV,2025/02/07,ftp://ftp.ncbi.nlm.nih.gov/geo/series/GSE236nnn/GSE236097/
GSE288798,TNBC organoid sc-multiome seq data treated with epigenetic drugs,6,RDS,2025/02/06,ftp://ftp.ncbi.nlm.nih.gov/geo/series/GSE288nnn/GSE288798/
GSE288287,JAX Study 7- RNA-seq of male KOLF2.2J hiPSC-derived differentiated cells for lines in which the original mutation to create null alleles was reverted back to wildtype,36,CSV,2025/02/03,ftp://ftp.ncbi.nlm.nih.gov/geo/series/GSE288nnn/GSE288287/
GSE288286,JAX Study 6- RNA-seq of female WIBJ2 hiPSC-derived cortical brain organoids and extra-embryonic lineages homozygous null for five different transcription factors,33,CSV,2025/02/03,ftp://ftp.ncbi.nlm.nih.gov/geo/series/GSE288nnn/GSE288286/
GSE287845,JAX Study 4 and Study 5: 17 genes knocked out in extra-embryonic and cortical brain organoids,76,,2025/02/03,ftp://ftp.ncbi.nlm.nih.gov/geo/series/GSE287nnn/GSE287845/
GSE287844,JAX Study 5- RNA-seq of male KOLF2.2J hiPSC-derived cortical brain organoids and extra-embryonic lineages homozygous null for nine different transcription factors and one RNA splicing factor,48,CSV,2025/02/03,ftp://ftp.ncbi.nlm.nih.gov/geo/series/GSE287nnn/GSE287844/
GSE287843,JAX Study 4- RNA-seq of male KOLF2.2J hiPSC-derived cortical brain organoids and extra-embryonic lineages homozygous null for six different transcription factors,28,CSV,2025/02/03,ftp://ftp.ncbi.nlm.nih.gov/geo/series/GSE287nnn/GSE287843/
GSE287558,JAX Study 3- RNA-seq of male KOLF2.2J hiPSC-derived cortical brain organoids homozygous null for six different transcription factors,174,CSV,2025/02/03,ftp://ftp.ncbi.nlm.nih.gov/geo/series/GSE287nnn/GSE287558/
GSE253112,FXR isoforms drive differentiation and differentially inhibit proliferation in colorectal cancer,30,TXT,2025/02/01,ftp://ftp.ncbi.nlm.nih.gov/geo/series/GSE253nnn/GSE253112/
GSE285457,Long-term maintenanance of patient-specific characteristics in tumoroids from six cancer indications,5,"MTX, TSV",2025/01/31,ftp://ftp.ncbi.nlm.nih.gov/geo/series/GSE285nnn/GSE285457/
GSE282081,Deciphering CRC-Hepatocyte Interactions: A Multiomic Platform for Interrogation of Metabolic Crosstalk in the Liver-Tumor Microenvironment,15,TXT,2025/01/31,ftp://ftp.ncbi.nlm.nih.gov/geo/series/GSE282nnn/GSE282081/
GSE252852,MicroRNA-409-3p/BTG2 Signaling Axis Improves Impaired Angiogenesis and Wound Healing in Obese Mice,6,TXT,2025/01/31,ftp://ftp.ncbi.nlm.nih.gov/geo/series/GSE252nnn/GSE252852/
GSE264097,"Single cell RNA sequencing profile of 60 day old human iPSC-derived midbrain organoids from healthy individual, Parkinson’s disease patient (Miro1 p.R272Q mutation) and its isogenic control",3,"MTX, TSV",2025/01/30,ftp://ftp.ncbi.nlm.nih.gov/geo/series/GSE264nnn/GSE264097/
GSE284507,Exploiting cancer dormancy signaling mechanisms in epithelial ovarian cancer through spheroid and organoid analysis,28,XLSX,2025/01/29,ftp://ftp.ncbi.nlm.nih.gov/geo/series/GSE284nnn/GSE284507/
GSE281452,A microglia-containing cerebral organoid model to study early life immune challenges [scRNA-seq],4,"CSV, H5",2025/01/29,ftp://ftp.ncbi.nlm.nih.gov/geo/series/GSE281nnn/GSE281452/
GSE281451,A microglia-containing cerebral organoid model to study early life immune challenges [Bulk RNA-seq],54,RDATA,2025/01/29,ftp://ftp.ncbi.nlm.nih.gov/geo/series/GSE281nnn/GSE281451/
GSE263607,Cardiac Organoids for Cardiomyopathy,17,CSV,2025/01/28,ftp://ftp.ncbi.nlm.nih.gov/geo/series/GSE263nnn/GSE263607/
GSE262876,Cardiac Organoids for Modeling Hypertrophic Cardiomyopathy,16,TSV,2025/01/28,ftp://ftp.ncbi.nlm.nih.gov/geo/series/GSE262nnn/GSE262876/
GSE287645,Maternal cause of early-onset preeclampsia: excessive endometrial gland-derived apolipoprotein D induces placental ferroptosis and developmental abnormalities,16,CSV,2025/01/27,ftp://ftp.ncbi.nlm.nih.gov/geo/series/GSE287nnn/GSE287645/
GSE263326,Cardiac differentiation roadmap for analysis of plasticity and balanced lineage commitment,4,"CSV, MTX, TXT",2025/01/27,ftp://ftp.ncbi.nlm.nih.gov/geo/series/GSE263nnn/GSE263326/
GSE263325,Cardiac differentiation roadmap for analysis of plasticity and balanced lineage commitment,24,TSV,2025/01/27,ftp://ftp.ncbi.nlm.nih.gov/geo/series/GSE263nnn/GSE263325/
GSE263193,Cardiac differentiation roadmap for analysis of plasticity and balanced lineage commitment,63,"MTX, TSV",2025/01/27,ftp://ftp.ncbi.nlm.nih.gov/geo/series/GSE263nnn/GSE263193/
GSE288045,Modeling human limb skeletal development using human pluripotent stem cell-derived skeletal assembloids [scRNA-seq],3,TAR,2025/01/26,ftp://ftp.ncbi.nlm.nih.gov/geo/series/GSE288nnn/GSE288045/
GSE288042,Modeling human limb skeletal development using human pluripotent stem cell-derived skeletal assembloids [bulkRNA-seq],4,TSV,2025/01/26,ftp://ftp.ncbi.nlm.nih.gov/geo/series/GSE288nnn/GSE288042/
GSE228926,Altered extracellular matrix structure and elevated stiffness in a brain organoid model for disease,31,XLSX,2025/01/25,ftp://ftp.ncbi.nlm.nih.gov/geo/series/GSE228nnn/GSE228926/
GSE277613,The differentiation state of small intestinal organoid models influences prediction of drug-induced toxicity,6,TXT,2025/01/23,ftp://ftp.ncbi.nlm.nih.gov/geo/series/GSE277nnn/GSE277613/
GSE279979,Patient-derived Organoids and Xenografts Uncover Therapeutic Vulnerabilities in Colorectal Signet Ring Cell Carcinomas,6,TXT,2025/01/22,ftp://ftp.ncbi.nlm.nih.gov/geo/series/GSE279nnn/GSE279979/
GSE203201,Premature neural differentiation in cerebral organoids derived from early-onset autism individuals in a birth cohort,16,"MTX, TSV",2025/01/22,ftp://ftp.ncbi.nlm.nih.gov/geo/series/GSE203nnn/GSE203201/
GSE287342,The transcriptomic signature of age and sex is not conserved in human primary myocytes,60,CSV,2025/01/21,ftp://ftp.ncbi.nlm.nih.gov/geo/series/GSE287nnn/GSE287342/
GSE247793,Cell cycle checkpoint proficiency of endometrial cancer cells,42,,2025/01/21,ftp://ftp.ncbi.nlm.nih.gov/geo/series/GSE247nnn/GSE247793/
GSE247791,Cell cycle checkpoint proficiency of endometrial cancer cells [bulk RNA-Seq],36,CSV,2025/01/21,ftp://ftp.ncbi.nlm.nih.gov/geo/series/GSE247nnn/GSE247791/
GSE251892,Single-cell RNA-seq study of ascending somatosensory assembloids and human primary DRG,24,"MTX, RDS, TSV",2025/01/19,ftp://ftp.ncbi.nlm.nih.gov/geo/series/GSE251nnn/GSE251892/
GSE254870,BET inhibitor ABBV-075 perturbed pathways in prostate cancer organoid MSK-PCa17,5,XLSX,2025/01/18,ftp://ftp.ncbi.nlm.nih.gov/geo/series/GSE254nnn/GSE254870/
GSE285561,"Phospho-seq: Integrated, multi-modal profiling of intracellular protein dynamics in single cells",25,"CSV, TSV",2025/01/17,ftp://ftp.ncbi.nlm.nih.gov/geo/series/GSE285nnn/GSE285561/
GSE280880,A single-cell atlas of human fetal lung development between 14 and 19 weeks of gestation,2,CSV,2025/01/17,ftp://ftp.ncbi.nlm.nih.gov/geo/series/GSE280nnn/GSE280880/
GSE253641,"Human Enteroid Monolayers: A Novel, Functionally-Stable Model for Investigating Oral Drug Disposition",17,TXT,2025/01/17,ftp://ftp.ncbi.nlm.nih.gov/geo/series/GSE253nnn/GSE253641/
GSE253344,Potential off-targets investigation of a lead antisense oligonucleotides targeting ABCA4 c.768G>T in retinal organoids,8,TXT,2025/01/16,ftp://ftp.ncbi.nlm.nih.gov/geo/series/GSE253nnn/GSE253344/
GSE286070,PKD1 mutation perturbs morphogenesis in tubular epithelial organoids derived from human pluripotent stem cells,6,TXT,2025/01/15,ftp://ftp.ncbi.nlm.nih.gov/geo/series/GSE286nnn/GSE286070/
GSE277163,Effect of 3D cultivation of human mesenchymal stomal cells to emulate the bone marrow niche microenvironment,8,TXT,2025/01/15,ftp://ftp.ncbi.nlm.nih.gov/geo/series/GSE277nnn/GSE277163/
GSE270406,Pharmacological or genetic inhibition of LTCC promotes cardiomyocyte proliferation through inhibition of calcineurin activity,10,CSV,2025/01/15,ftp://ftp.ncbi.nlm.nih.gov/geo/series/GSE270nnn/GSE270406/
GSE228249,Transcriptome analysis of primary human hepatocytes-derived organoids [RNA-seq],82,CSV,2025/01/15,ftp://ftp.ncbi.nlm.nih.gov/geo/series/GSE228nnn/GSE228249/
GSE286037,Genome editing in kidney organoids,18,XLSX,2025/01/14,ftp://ftp.ncbi.nlm.nih.gov/geo/series/GSE286nnn/GSE286037/
GSE245723,Generation of expandable multipotential distal lung progenitors from human pluripotent stem cells that model idiopathic pulmonary fibrosis,9,"MTX, TSV",2025/01/13,ftp://ftp.ncbi.nlm.nih.gov/geo/series/GSE245nnn/GSE245723/
GSE245722,Generation of expandable multipotential distal lung progenitors from human pluripotent stem cells that model idiopathic pulmonary fibrosis [scRNA-Seq],2,"MTX, TSV",2025/01/13,ftp://ftp.ncbi.nlm.nih.gov/geo/series/GSE245nnn/GSE245722/
GSE225301,Generation and expansion of induced respiratory airway progenitors (iRAPs) from human pluripotent stem cells.,1,"MTX, TSV",2025/01/13,ftp://ftp.ncbi.nlm.nih.gov/geo/series/GSE225nnn/GSE225301/
GSE285879,YAP1 Activation Rescues Nagashima-type Palmoplantar Keratosis Pathological Features in Skin Organoid Disease Models,6,TXT,2025/01/10,ftp://ftp.ncbi.nlm.nih.gov/geo/series/GSE285nnn/GSE285879/
GSE277377,Chemically-defined and dynamic click hydrogels support hair cell differentiation in human inner ear organoids,2,"MTX, TSV",2025/01/09,ftp://ftp.ncbi.nlm.nih.gov/geo/series/GSE277nnn/GSE277377/
GSE245721,Generation of expandable multipotential distal lung progenitors from human pluripotent stem cells that model idiopathic pulmonary fibrosis [bulk RNA-Seq],6,TXT,2025/01/09,ftp://ftp.ncbi.nlm.nih.gov/geo/series/GSE245nnn/GSE245721/
GSE266196,Ectopic expression of DNMT3L in human trophoblast stem cells restores features of the placental methylome.,45,,2025/01/08,ftp://ftp.ncbi.nlm.nih.gov/geo/series/GSE266nnn/GSE266196/
GSE266193,Ectopic expression of DNMT3L in human trophoblast stem cells restores features of the placental methylome [RNA-seq],6,TXT,2025/01/08,ftp://ftp.ncbi.nlm.nih.gov/geo/series/GSE266nnn/GSE266193/
GSE251958,Predicting patient outcome based on gene-expression biomarkers learned from colorectal cancer organoids and cell lines,21,TXT,2025/01/08,ftp://ftp.ncbi.nlm.nih.gov/geo/series/GSE251nnn/GSE251958/
GSE286054,Glial cell diversity and methamphetamine-induced neuroinflammation in human cerebral organoids,14,"MTX, TSV",2025/01/07,ftp://ftp.ncbi.nlm.nih.gov/geo/series/GSE286nnn/GSE286054/
GSE252639,A developmentally-inspired hypoxia condition promotes kidney organoids differentiation from human pluripotent stem cells,2,"MTX, TSV",2025/01/05,ftp://ftp.ncbi.nlm.nih.gov/geo/series/GSE252nnn/GSE252639/
GSE284689,Optimized gene transduction in human lung organoids for advanced research applications,2,"MTX, TSV",2025/01/02,ftp://ftp.ncbi.nlm.nih.gov/geo/series/GSE284nnn/GSE284689/
GSE220673,Neuronal Hyperactivity in Neurons Derived from Individuals with Grey Matter Heterotopia,4,TXT,2025/01/02,ftp://ftp.ncbi.nlm.nih.gov/geo/series/GSE220nnn/GSE220673/
GSE274094,"Intricate regulation of breast cancer stemness, self-renewal and differentiation via ERK/CDK4/6 activation by Wnt signaling",6,TXT,2025/01/01,ftp://ftp.ncbi.nlm.nih.gov/geo/series/GSE274nnn/GSE274094/
GSE262403,Characterization of mesenchymal support required for in vivo engraftment and development of human PSC-derived organoids,8,"MTX, TSV",2025/01/01,ftp://ftp.ncbi.nlm.nih.gov/geo/series/GSE262nnn/GSE262403/
GSE243384,Two-dimensionally cultured functional hepatocytes generated from human induced pluripotent stem cell-derived hepatic organoids for pharmaceutical research,9,TXT,2025/01/01,ftp://ftp.ncbi.nlm.nih.gov/geo/series/GSE243nnn/GSE243384/
GSE223918,Computational map of colon polyps,18,TXT,2025/01/01,ftp://ftp.ncbi.nlm.nih.gov/geo/series/GSE223nnn/GSE223918/
GSE279113,Identification and characterization of human retinal stem cells capable of retinal regeneration,6,TXT,2024/12/31,ftp://ftp.ncbi.nlm.nih.gov/geo/series/GSE279nnn/GSE279113/
GSE271810,Modeling Hereditary Diffuse Leukoencephalopathy with Axonal Spheroids using microglia-sufficient brain organoids,32,XLSX,2024/12/31,ftp://ftp.ncbi.nlm.nih.gov/geo/series/GSE271nnn/GSE271810/
GSE255276,Accessible Homeostatic Gastric Organoids Reveal Secondary Cell Type-Specific Host-Pathogen Interactions in Helicobacter Pylori Infections,6,"CSV, MTX, TSV",2024/12/31,ftp://ftp.ncbi.nlm.nih.gov/geo/series/GSE255nnn/GSE255276/
GSE243315,Identification and Characterization of Human Retinal Stem-Like Cells with Regenerative Potential,19,"MTX, RESULTS, TSV, TXT",2024/12/31,ftp://ftp.ncbi.nlm.nih.gov/geo/series/GSE243nnn/GSE243315/
GSE243314,Identification and Characterization of Human Retinal Stem-Like Cells with Regenerative Potential [bulk RNA-seq],6,RESULTS,2024/12/31,ftp://ftp.ncbi.nlm.nih.gov/geo/series/GSE243nnn/GSE243314/
GSE242057,Identification and Characterization of Human Retinal Stem-Like Cells with Regenerative Potential [snRNA-seq],7,"MTX, TSV",2024/12/31,ftp://ftp.ncbi.nlm.nih.gov/geo/series/GSE242nnn/GSE242057/
GSE221354,Generation of brain organoids for functional analysis,1,"MTX, TSV",2024/12/31,ftp://ftp.ncbi.nlm.nih.gov/geo/series/GSE221nnn/GSE221354/
GSE240097,single cell RNA-seq analysis of H9-derived expandable hepatoblast organoids and their derivatitives of functional polarized hepatocyte organoids under 3D suspended culture conditions,2,"TAR, XLSX",2024/12/30,ftp://ftp.ncbi.nlm.nih.gov/geo/series/GSE240nnn/GSE240097/
GSE239550,Generation of hESC-derived expandable hepatoblast organoids and their derivatives of functional polarized hepatocyte organoids under 3D suspended culture conditions,15,XLSX,2024/12/30,ftp://ftp.ncbi.nlm.nih.gov/geo/series/GSE239nnn/GSE239550/
GSE247129,MYC ecDNA promotes intratumour heterogeneity and plasticity in PDAC,28,TSV,2024/12/29,ftp://ftp.ncbi.nlm.nih.gov/geo/series/GSE247nnn/GSE247129/
GSE281326,MYC ecDNA promotes intratumour heterogeneity and plasticity in PDAC,47,,2024/12/28,ftp://ftp.ncbi.nlm.nih.gov/geo/series/GSE281nnn/GSE281326/
GSE275539,Cancer therapy induced effects on lung organoids as suitable in vitro model,25,CSV,2024/12/27,ftp://ftp.ncbi.nlm.nih.gov/geo/series/GSE275nnn/GSE275539/
GSE271224,Identification of a TNIK-CDK9 Axis as a Targetable Strategy for Platinum-Resistant Ovarian Cancer,6,TXT,2024/12/27,ftp://ftp.ncbi.nlm.nih.gov/geo/series/GSE271nnn/GSE271224/
GSE266935,Breast organoid suspension cultures maintain long-term estrogen receptor expression and responsiveness,27,TXT,2024/12/27,ftp://ftp.ncbi.nlm.nih.gov/geo/series/GSE266nnn/GSE266935/
GSE264422,Multimodal Omics Elucidation of Metabolic Transition during the Development of Hepatic Organoids,12,CSV,2024/12/27,ftp://ftp.ncbi.nlm.nih.gov/geo/series/GSE264nnn/GSE264422/
GSE240609,Microglial APOE3 Christchurch protects neurons through suppression of ferroptosis in a human iPSC-derived Alzheimer’s disease model,4,TXT,2024/12/27,ftp://ftp.ncbi.nlm.nih.gov/geo/series/GSE240nnn/GSE240609/
GSE283335,Multiplexed mosaic tumor models reveal natural phenotypic variations in drug response within and between populations,52,"BEST, CSV, H5, H5AD, MTX, TSV",2024/12/26,ftp://ftp.ncbi.nlm.nih.gov/geo/series/GSE283nnn/GSE283335/
GSE285270,Autism mutations rewire protein interaction networks to drive neurodevelopmental pathology,8,CSV,2024/12/25,ftp://ftp.ncbi.nlm.nih.gov/geo/series/GSE285nnn/GSE285270/
GSE285075,A microfluidic platform for anterior-posterior human endoderm patterning via countervailing morphogen gradients in vitro,1,"MTX, TSV",2024/12/25,ftp://ftp.ncbi.nlm.nih.gov/geo/series/GSE285nnn/GSE285075/
GSE280755,PI3/Elafin expression predicts recurrence after chemotherapy with DNA-damaging drugs in gastric cancer,12,TXT,2024/12/25,ftp://ftp.ncbi.nlm.nih.gov/geo/series/GSE280nnn/GSE280755/
GSE239855,PRDM16 cooperates with LHX2 to shape the human brain,6,XLSX,2024/12/22,ftp://ftp.ncbi.nlm.nih.gov/geo/series/GSE239nnn/GSE239855/
GSE274633,Brain-wide neuronal circuit connectome of human glioblastoma [bulk RNA-seq],2,"CSV, MTX, TSV",2024/12/20,ftp://ftp.ncbi.nlm.nih.gov/geo/series/GSE274nnn/GSE274633/
GSE274460,Brain-wide neuronal circuit connectome of human glioblastoma,3,"CSV, MTX, TSV",2024/12/20,ftp://ftp.ncbi.nlm.nih.gov/geo/series/GSE274nnn/GSE274460/
GSE260732,"Impact of c-JUN deficiency on thalamus  development in mice and human neural  models [ATACseq, RNAseq, CUT&Tag]",23,"BW, TXT",2024/12/20,ftp://ftp.ncbi.nlm.nih.gov/geo/series/GSE260nnn/GSE260732/
GSE243735,Impact of c-JUN deficiency on thalamus  development in mice and human neural  models,12,TXT,2024/12/20,ftp://ftp.ncbi.nlm.nih.gov/geo/series/GSE243nnn/GSE243735/
GSE285003,Cerebellar organoids model cell type-specific FOXP2 expression during human cerebellar development,8,TXT,2024/12/19,ftp://ftp.ncbi.nlm.nih.gov/geo/series/GSE285nnn/GSE285003/
GSE284672,Protein arginine methyltransferase 7 is linked to schizophrenia by regulating the function of neural progenitor cell,4,CSV,2024/12/19,ftp://ftp.ncbi.nlm.nih.gov/geo/series/GSE284nnn/GSE284672/
GSE282273,Human Induced Pluripotent Stem Cells-Derived Neural Organoids as a Novel In Vitro Platform for Developmental Neurotoxicity Assessment,6,CSV,2024/12/19,ftp://ftp.ncbi.nlm.nih.gov/geo/series/GSE282nnn/GSE282273/
GSE280812,Gene expression profilling of day 30 cerebral organoids at the single cell level,4,"MTX, TSV",2024/12/19,ftp://ftp.ncbi.nlm.nih.gov/geo/series/GSE280nnn/GSE280812/
GSE277092,Gene expression profilling of NEUROG2-mCherry lineage in cerebral organoids,8,XLS,2024/12/19,ftp://ftp.ncbi.nlm.nih.gov/geo/series/GSE277nnn/GSE277092/
GSE272163,Characterization of Dipyridamole as a Novel Ferroptosis Inhibitor and its Therapeutic Potential in Acute Respiratory Distress Syndrome Management,9,TXT,2024/12/18,ftp://ftp.ncbi.nlm.nih.gov/geo/series/GSE272nnn/GSE272163/
GSE264296,The neuroepithelial origin of ovarian carcinomas explained through anepithelial-mesenchymal-ectodermal transition enhanced by cisplatin,14,XLSX,2024/12/18,ftp://ftp.ncbi.nlm.nih.gov/geo/series/GSE264nnn/GSE264296/
GSE222374,High resolution analysis of heterogeneous alveolar type II cells in emphysema and health reveals an airway origin of impaired alveolar regeneration,7,H5AD,2024/12/18,ftp://ftp.ncbi.nlm.nih.gov/geo/series/GSE222nnn/GSE222374/
GSE284118,Organoids as a model system for researching human neuroendocrine tumor of the breast,1,TAR,2024/12/17,ftp://ftp.ncbi.nlm.nih.gov/geo/series/GSE284nnn/GSE284118/
GSE282765,Eosinophils restrict CRC metastasis by inhibiting pro-tumorigenic Spp1+ macrophage differentiation.,42,TXT,2024/12/17,ftp://ftp.ncbi.nlm.nih.gov/geo/series/GSE282nnn/GSE282765/
GSE282322,JUNB O-GlcNAcylation-mediated Promoter Accessibility of Metabolic Genes Modulates Distinct Epithelial Lineage in Pulmonary Fibrosis [ipf_saec_bulk],24,"BIGWIG, TXT",2024/12/17,ftp://ftp.ncbi.nlm.nih.gov/geo/series/GSE282nnn/GSE282322/
GSE281994,JUNB O-GlcNAcylation-mediated Promoter Accessibility of Metabolic Genes Modulates Distinct Epithelial Lineage in Pulmonary Fibrosis,8,"BED, H5, H5AD, TSV, TXT",2024/12/17,ftp://ftp.ncbi.nlm.nih.gov/geo/series/GSE281nnn/GSE281994/
GSE284419,Single-cell transcriptomics of human organoid-derived enteroendocrine cell populations from the small intestine.,2,"H5, RDS",2024/12/16,ftp://ftp.ncbi.nlm.nih.gov/geo/series/GSE284nnn/GSE284419/
GSE268518,Duodenal-derived organoids from MASH patients exhibit altered digestive homeostasis.,39,TXT,2024/12/13,ftp://ftp.ncbi.nlm.nih.gov/geo/series/GSE268nnn/GSE268518/
GSE282369,Metformin enhances human oligodendrocyte function by altering metabolism,17,"CSV, H5",2024/12/10,ftp://ftp.ncbi.nlm.nih.gov/geo/series/GSE282nnn/GSE282369/
GSE283587,The IGF2BP1 oncogene is a druggable m6A-dependent enhancer of YAP1-driven gene expression in tumor growth,6,CSV,2024/12/09,ftp://ftp.ncbi.nlm.nih.gov/geo/series/GSE283nnn/GSE283587/
GSE270178,Human tri-tissue organoids model neuromusculoskeletal development and disease [bulk RNA-Seq],12,CSV,2024/12/09,ftp://ftp.ncbi.nlm.nih.gov/geo/series/GSE270nnn/GSE270178/
GSE248231,Generation of human neuromusculoskeletal tri-tissue organoids,16,"CSV, H5, JPG, JSON, MTX, PNG, TSV",2024/12/09,ftp://ftp.ncbi.nlm.nih.gov/geo/series/GSE248nnn/GSE248231/
GSE248230,Generation of human neuromusculoskeletal tri-tissue organoids [Spatial Transcriptomics],1,"CSV, H5, JPG, JSON, MTX, PNG, TSV",2024/12/09,ftp://ftp.ncbi.nlm.nih.gov/geo/series/GSE248nnn/GSE248230/
GSE248229,Generation of human neuromusculoskeletal tri-tissue organoids [snRNA-seq],3,"MTX, TSV",2024/12/09,ftp://ftp.ncbi.nlm.nih.gov/geo/series/GSE248nnn/GSE248229/
GSE283484,Neuroligin-3 R451C Induces Gain-of-Function Gene Expression in Astroglia in an Astroglia-Enriched Brain Organoid Model,9,RESULTS,2024/12/08,ftp://ftp.ncbi.nlm.nih.gov/geo/series/GSE283nnn/GSE283484/
GSE278573,A Meta-Atlas of the Developing Human Cortex Identifies Modules Driving Cell Subtype Specification [Chimeroid],26,"CSV, MTX, TSV",2024/12/06,ftp://ftp.ncbi.nlm.nih.gov/geo/series/GSE278nnn/GSE278573/
GSE283474,Gene expression profile level of mRNA of brain organoid at day56 of ctrl and WS,6,CSV,2024/12/05,ftp://ftp.ncbi.nlm.nih.gov/geo/series/GSE283nnn/GSE283474/
GSE283473,Gene expression profile at single cell level of brain organoid at day56 of ctrl and WS,6,"MTX, TSV",2024/12/05,ftp://ftp.ncbi.nlm.nih.gov/geo/series/GSE283nnn/GSE283473/
GSE252327,DDX50 cooperates with STAU1 to effect stabilization of pro-differentiation RNAs [rna_seq_organoid_ddx50],20,TSV,2024/12/05,ftp://ftp.ncbi.nlm.nih.gov/geo/series/GSE252nnn/GSE252327/
GSE246457,Differential Activity of MAPK signalling Defines Fibroblast Subtypes in Pancreatic Cancer (RNA-Seq),37,TSV,2024/12/05,ftp://ftp.ncbi.nlm.nih.gov/geo/series/GSE246nnn/GSE246457/
GSE263728,Impact of EMT-driven plasticity on phenotypic diversity dynamics under chemotherapy [organoids],8,H5,2024/12/04,ftp://ftp.ncbi.nlm.nih.gov/geo/series/GSE263nnn/GSE263728/
GSE252442,DDX50 cooperates with STAU1 to effect stabilization of pro-differentiation RNAs,134,,2024/12/04,ftp://ftp.ncbi.nlm.nih.gov/geo/series/GSE252nnn/GSE252442/
GSE280502,Transcriptomic Analysis of Air–Liquid Interface Culture in Human Lung Organoids Reveals Regulators of Epithelial Differentiation,8,"MTX, RDS, TSV",2024/12/02,ftp://ftp.ncbi.nlm.nih.gov/geo/series/GSE280nnn/GSE280502/
GSE278265,Synaptic decline precedes dopaminergic neuronal loss in human midbrain organoids harboring a triplication of the SNCA gene,6,TXT,2024/12/02,ftp://ftp.ncbi.nlm.nih.gov/geo/series/GSE278nnn/GSE278265/
GSE283118,A pancreas–hippocampus feedback mechanism regulates circadian changes in depression-related behaviors,38,XLSX,2024/12/01,ftp://ftp.ncbi.nlm.nih.gov/geo/series/GSE283nnn/GSE283118/
GSE272840,PIP4K2C inhibition reverses autophagic flux impairment induced by SARS-CoV-2,8,H5AD,2024/12/01,ftp://ftp.ncbi.nlm.nih.gov/geo/series/GSE272nnn/GSE272840/
GSE249673,A novel pancreatic ductal adenocarcinoma organoid recapitulating tumor microenvironment reveals macrophage-driven enhanced cancer cell survival,34,"MTX, TSV",2024/12/01,ftp://ftp.ncbi.nlm.nih.gov/geo/series/GSE249nnn/GSE249673/
GSE249672,A novel pancreatic ductal adenocarcinoma organoid recapitulating tumor microenvironment reveals macrophage-driven enhanced cancer cell survival [RNA-Seq],33,CSV,2024/12/01,ftp://ftp.ncbi.nlm.nih.gov/geo/series/GSE249nnn/GSE249672/
GSE249670,A novel pancreatic ductal adenocarcinoma organoid recapitulating tumor microenvironment reveals macrophage-driven enhanced cancer cell survival [scRNA-Seq],1,"MTX, TSV",2024/12/01,ftp://ftp.ncbi.nlm.nih.gov/geo/series/GSE249nnn/GSE249670/
GSE244010,Aberrant pace of cortical neuron development in brain organoids from patients with 22q11.2 deletion syndrome and schizophrenia.,26,TAR,2024/12/01,ftp://ftp.ncbi.nlm.nih.gov/geo/series/GSE244nnn/GSE244010/
GSE244006,Aberrant pace of cortical neuron development in brain organoids from patients with 22q11.2 deletion syndrome and schizophrenia. [bulk RNA-Seq],8,TXT,2024/12/01,ftp://ftp.ncbi.nlm.nih.gov/geo/series/GSE244nnn/GSE244006/
GSE244005,Aberrant pace of cortical neuron development in brain organoids from patients with 22q11.2 deletion syndrome and schizophrenia. [scRNA-Seq],12,TAR,2024/12/01,ftp://ftp.ncbi.nlm.nih.gov/geo/series/GSE244nnn/GSE244005/
GSE233904,Effects of oxytocin on the hair growth ability of dermal papilla cells,4,TXT,2024/12/01,ftp://ftp.ncbi.nlm.nih.gov/geo/series/GSE233nnn/GSE233904/
GSE281603,Restoration of PKM1 improves functional maturation of stem-cell derived-b by regulating PEP metabolism,6,"MTX, TSV",2024/11/30,ftp://ftp.ncbi.nlm.nih.gov/geo/series/GSE281nnn/GSE281603/
GSE280378,Induction of MASH in Three-Dimensional Bioprinted Human Liver Tissue,22,CSV,2024/11/29,ftp://ftp.ncbi.nlm.nih.gov/geo/series/GSE280nnn/GSE280378/
GSE275239,Integrin-activating Yersinia protein Invasin sustains long-term expansion of primary epithelial cells as 2D organoid sheets [scRNA-Seq],3,"MTX, TSV",2024/11/29,ftp://ftp.ncbi.nlm.nih.gov/geo/series/GSE275nnn/GSE275239/
GSE275236,Integrin-activating Yersinia protein Invasin sustains long-term expansion of primary epithelial cells as 2D organoid sheets [RNA-Seq],4,TSV,2024/11/29,ftp://ftp.ncbi.nlm.nih.gov/geo/series/GSE275nnn/GSE275236/
GSE223135,A decision-point between programmed cell death and transdifferentiation in  pancreatic cancer,2,TSV,2024/11/29,ftp://ftp.ncbi.nlm.nih.gov/geo/series/GSE223nnn/GSE223135/
GSE272361,Herpes simplex virus 1 infection of human brain organoids and pancreatic stem cell-islets drives transcripts associated with Alzheimer’s disease and autoimmune diseases,9,XLSX,2024/11/27,ftp://ftp.ncbi.nlm.nih.gov/geo/series/GSE272nnn/GSE272361/
GSE256497,COMPARATIVE SINGLE CELL PROFILING OF MUCOSA AND ORGANOIDS IMPLICATES ALTERED EPITHELIAL-MESENCHYMAL INTERACTIONS MEDIATED BY PTGER4 IN PERIANAL FISTULIZING CROHN’S DISEASE,44,"MTX, TSV",2024/11/22,ftp://ftp.ncbi.nlm.nih.gov/geo/series/GSE256nnn/GSE256497/
GSE247369,Pathogenic TSC2 variants alter developmental trajectories of human cortical organoids and perturb cell-cell communication networks,92,H5,2024/11/22,ftp://ftp.ncbi.nlm.nih.gov/geo/series/GSE247nnn/GSE247369/
GSE247368,Pathogenic TSC2 variants alter developmental trajectories of human cortical organoids and perturb cell-cell communication networks [scRNA-seq],12,H5,2024/11/22,ftp://ftp.ncbi.nlm.nih.gov/geo/series/GSE247nnn/GSE247368/
GSE247367,Pathogenic TSC2 variants alter developmental trajectories of human cortical organoids and perturb cell-cell communication networks [bulk RNA-seq],80,CSV,2024/11/22,ftp://ftp.ncbi.nlm.nih.gov/geo/series/GSE247nnn/GSE247367/
GSE228214,Characterization of Pro-Fibrotic Signaling Pathways in Human Hepatic Organoids,4,"CSV, MTX",2024/11/22,ftp://ftp.ncbi.nlm.nih.gov/geo/series/GSE228nnn/GSE228214/
GSE281915,Single-cell analysis of L-MYC expressing neural stem cells and their extracellular vesicles revealed distinct progenitor populations with neurogenic potential [bulk RNA-seq],4,CSV,2024/11/21,ftp://ftp.ncbi.nlm.nih.gov/geo/series/GSE281nnn/GSE281915/
GSE281914,Single-cell analysis of L-MYC expressing neural stem cells and their extracellular vesicles revealed distinct progeneitor populations with nerogenic potential [scRNA-seq],4,CSV,2024/11/21,ftp://ftp.ncbi.nlm.nih.gov/geo/series/GSE281nnn/GSE281914/
GSE279753,The respective roles of TMPRSS2 and cathepsins for SARS-CoV-2 infection in human respiratory organoids,6,TXT,2024/11/20,ftp://ftp.ncbi.nlm.nih.gov/geo/series/GSE279nnn/GSE279753/
GSE277968,Reconstitution of Human Brain Cell Diversity in Organoids via Four Protocols [scRNA-seq],69,RDS,2024/11/20,ftp://ftp.ncbi.nlm.nih.gov/geo/series/GSE277nnn/GSE277968/
GSE277967,Reconstitution of Human Brain Cell Diversity in Organoids via Four Protocols [time-course bulk RNA-seq],768,RDS,2024/11/20,ftp://ftp.ncbi.nlm.nih.gov/geo/series/GSE277nnn/GSE277967/
GSE261211,Dual nuclease single-cell lineage tracing by Cas9 and Cas12a,26,"CSV, MTX, TSV",2024/11/20,ftp://ftp.ncbi.nlm.nih.gov/geo/series/GSE261nnn/GSE261211/
GSE254400,Human respiratory organoids sustained reproducible propagation of previously uncultivable human rhinovirus C,12,TXT,2024/11/18,ftp://ftp.ncbi.nlm.nih.gov/geo/series/GSE254nnn/GSE254400/
GSE262761,PIN1 isomerase promotes the initiation and progression of bladder cancer through SREBP2-mediated cholesterol biosynthesis pathway,12,TXT,2024/11/17,ftp://ftp.ncbi.nlm.nih.gov/geo/series/GSE262nnn/GSE262761/
GSE281379,A Transcriptome Analysis of the Lifecycle of Anthrobots,22,"HTML, RDS",2024/11/13,ftp://ftp.ncbi.nlm.nih.gov/geo/series/GSE281nnn/GSE281379/
GSE248558,Enterocyte like differentiation defines metabolic gene signatures of CMS3 colorectal cancers and provides therapeutic vulnerability,12,XLSX,2024/11/13,ftp://ftp.ncbi.nlm.nih.gov/geo/series/GSE248nnn/GSE248558/
GSE271565,Integrative analysis of patient-derived tumoroids and ex vivo organoid modeling of ARID1A loss in bladder cancer reveals therapeutic molecular targets,46,"BROADPEAK, TXT",2024/11/07,ftp://ftp.ncbi.nlm.nih.gov/geo/series/GSE271nnn/GSE271565/
GSE266358,Transcriptomic study of human brain organoids in Alzheimer's Disease,32,TXT,2024/11/06,ftp://ftp.ncbi.nlm.nih.gov/geo/series/GSE266nnn/GSE266358/
GSE243445,TNFSF13 insuffiency causes epithelial and immune disruption in the human colon,18,"MTX, TSV",2024/11/05,ftp://ftp.ncbi.nlm.nih.gov/geo/series/GSE243nnn/GSE243445/
GSE243444,TNFSF13 insuffiency causes epithelial and immune disruption in the human colon II,4,"MTX, TSV",2024/11/05,ftp://ftp.ncbi.nlm.nih.gov/geo/series/GSE243nnn/GSE243444/
GSE243443,TNFSF13 insuffiency causes epithelial and immune disruption in the human colon I,14,"MTX, TSV",2024/11/05,ftp://ftp.ncbi.nlm.nih.gov/geo/series/GSE243nnn/GSE243443/
GSE280749,Prospective pharmacotyping of urothelial carcinoma organoids for drug sensitivity prediction – feasibility and real world experience,16,TSV,2024/11/03,ftp://ftp.ncbi.nlm.nih.gov/geo/series/GSE280nnn/GSE280749/
GSE275951,Elevated microRNA-187 causes cardiac endothelial dysplasia to promote congenital heart disease through inhibition of NIPBL,4,XLSX,2024/11/03,ftp://ftp.ncbi.nlm.nih.gov/geo/series/GSE275nnn/GSE275951/
GSE275849,Elevated microRNA-187 causes cardiac endothelial dysplasia to promote congenital heart disease through inhibition of NIPBL [Endothelial cell RNA-seq],8,XLS,2024/11/03,ftp://ftp.ncbi.nlm.nih.gov/geo/series/GSE275nnn/GSE275849/
GSE271017,Bulk transcriptomic analysis of GIP-expressing cells in organoids derived from human duodenum.,7,TSV,2024/11/01,ftp://ftp.ncbi.nlm.nih.gov/geo/series/GSE271nnn/GSE271017/
GSE276177,Divergence from the human astrocyte developmental trajectory in glioblastoma,10,"H5, TBI, TSV",2024/10/31,ftp://ftp.ncbi.nlm.nih.gov/geo/series/GSE276nnn/GSE276177/
GSE276176,Divergence from the human astrocyte developmental trajectory in glioblastoma [bulk RNA],101,XLSX,2024/10/31,ftp://ftp.ncbi.nlm.nih.gov/geo/series/GSE276nnn/GSE276176/
GSE270384,PARG inhibitor sensitivity correlates with accumulation of single strand DNA gaps in preclinical models of ovarian cancer,6,TXT,2024/10/31,ftp://ftp.ncbi.nlm.nih.gov/geo/series/GSE270nnn/GSE270384/
GSE158035,Single-Cell RNA Sequencing Pinpoints Exocrine Bipotentiality of Human Pancreatic Organoids,3,TXT,2024/10/30,ftp://ftp.ncbi.nlm.nih.gov/geo/series/GSE158nnn/GSE158035/
GSE278302,Enhanced combination treatment on osteosarcoma by mitigating drug-induced oncogenic signaling pathway activation,12,TXT,2024/10/29,ftp://ftp.ncbi.nlm.nih.gov/geo/series/GSE278nnn/GSE278302/
GSE276803,"Fenebrutinib, a Bruton’s tyrosine kinase inhibitor, blocks distinct human microglial signaling pathways",23,GCT,2024/10/28,ftp://ftp.ncbi.nlm.nih.gov/geo/series/GSE276nnn/GSE276803/
GSE275727,The control of H. pylori-mediated gastric cancer development and progression through YAP/TAZ signal regulation,9,TXT,2024/10/28,ftp://ftp.ncbi.nlm.nih.gov/geo/series/GSE275nnn/GSE275727/
GSE256420,Long Noncoding VIM-AS1: Biomarker of Breast Fibrosis Susceptibility After Radiation Therapy and Promoter of Transforming Growth Factor Beta1–Driven Fibrosis,27,TXT,2024/10/24,ftp://ftp.ncbi.nlm.nih.gov/geo/series/GSE256nnn/GSE256420/
GSE248941,CHARTING AND PROBING THE ACTIVITY OF ADARS IN HUMAN DEVELOPMENT AND CELL-FATE SPECIFICATION,18,"CSV, MTX, TSV",2024/10/24,ftp://ftp.ncbi.nlm.nih.gov/geo/series/GSE248nnn/GSE248941/
GSE266956,Increased translation driven by a non-canonical EZH2 cistrome creates a synthetic vulnerability in enzalutamide-resistant prostate cancer,42,"BROADPEAK, BW, NARROWPEAK",2024/10/22,ftp://ftp.ncbi.nlm.nih.gov/geo/series/GSE266nnn/GSE266956/
GSE261785,"Xenogeneic-free culture of human intestinal stem cells on functional polymer-coated substrates for scalable, clinical-grade stem cell therapy",6,TXT,2024/10/21,ftp://ftp.ncbi.nlm.nih.gov/geo/series/GSE261nnn/GSE261785/
GSE279721,"Gene expression profile at single cell level of human control, MPHOSPH8-deficient and MORC2-deficient cerebral organoids at day 27.",3,RDS,2024/10/18,ftp://ftp.ncbi.nlm.nih.gov/geo/series/GSE279nnn/GSE279721/
GSE246231,Implantation of engineered adipocytes that outcompete tumors for resources suppresses cancer progression,17,TXT,2024/10/17,ftp://ftp.ncbi.nlm.nih.gov/geo/series/GSE246nnn/GSE246231/
GSE279264,"Generation of human induced pluripotent stem cell-derived 3D human cortical, striatal, mesencephalic and diencephalic organoids",12,"MTX, TSV",2024/10/16,ftp://ftp.ncbi.nlm.nih.gov/geo/series/GSE279nnn/GSE279264/
GSE210995,"HKU Gastric Intestinal Metaplasia study: Single-cell RNA sequencing, transcriptome and methylation profiling",199,"IDAT, TXT",2024/10/15,ftp://ftp.ncbi.nlm.nih.gov/geo/series/GSE210nnn/GSE210995/
GSE210993,RNA sequencing of human gastrointestinal organoids and Intestinal Metaplasia (IM) organoids,103,TXT,2024/10/15,ftp://ftp.ncbi.nlm.nih.gov/geo/series/GSE210nnn/GSE210993/
GSE210991,5' droplet-based single cell RNA sequencing of human gastrointestinal organoids and Intestinal Metaplasia (IM) organoids [scRNA-seq],29,TXT,2024/10/15,ftp://ftp.ncbi.nlm.nih.gov/geo/series/GSE210nnn/GSE210991/
GSE246813,Transfer learning associates CAFs with EMT and inflammation in tumor cells in human tumors and organoid co-culture in pancreatic ductal adenocarcinoma,7,"CSV, RDS",2024/10/14,ftp://ftp.ncbi.nlm.nih.gov/geo/series/GSE246nnn/GSE246813/
GSE246812,Transfer learning associates CAFs with EMT and inflammation in tumor cells in human tumors and organoid co-culture in pancreatic ductal adenocarcinoma [MULTIseq],1,"CSV, RDS",2024/10/14,ftp://ftp.ncbi.nlm.nih.gov/geo/series/GSE246nnn/GSE246812/
GSE245319,Transfer learning associates CAFs with EMT and inflammation in tumor cells in human tumors and organoid co-culture in pancreatic ductal adenocarcinoma [Bulk RNA-seq],6,"CSV, TSV",2024/10/14,ftp://ftp.ncbi.nlm.nih.gov/geo/series/GSE245nnn/GSE245319/
GSE230403,Embryonic macrophages support endocrine commitment during human pancreatic differentiation,6,"MTX, TSV",2024/10/14,ftp://ftp.ncbi.nlm.nih.gov/geo/series/GSE230nnn/GSE230403/
GSE279062,Gene expression profiles of interactions between colorectal cancer-associated fibroblasts and myeloid cells in 2D co-cultures and in novel next generation triple cultures containing colorectal cancer patient-derived organoids,7,"MTX, TSV",2024/10/13,ftp://ftp.ncbi.nlm.nih.gov/geo/series/GSE279nnn/GSE279062/
GSE276108,Cancer-associated fibroblast driven paracrine IL-6/STAT3 signalling promotes migration and dissemination in invasive lobular carcinoma,56,TXT,2024/10/11,ftp://ftp.ncbi.nlm.nih.gov/geo/series/GSE276nnn/GSE276108/
GSE263556,Proximal tubule cell maturation rate and function are controlled by PPARα signaling in kidney organoids.,7,"MTX, TSV",2024/10/11,ftp://ftp.ncbi.nlm.nih.gov/geo/series/GSE263nnn/GSE263556/
GSE256272,Loss of NUMB drives aggressive bladder cancer via a RHOA/ROCK/YAP signaling axis.,65,SF,2024/10/11,ftp://ftp.ncbi.nlm.nih.gov/geo/series/GSE256nnn/GSE256272/
GSE216673,TREX1 is required for microglial cholesterol homeostasis and subsequent oligodendrocyte maturation during brain development [scRNA-seq],5,"MTX, TSV",2024/10/08,ftp://ftp.ncbi.nlm.nih.gov/geo/series/GSE216nnn/GSE216673/
GSE278074,HKDC1 promotes liver cancer stemness under hypoxia via stabilizing β-catenin,12,TAB,2024/10/02,ftp://ftp.ncbi.nlm.nih.gov/geo/series/GSE278nnn/GSE278074/
GSE262710,Identifying SETBP1 haploinsufficiency molecular pathways to improve patient diagnosis using induced pluripotent stem cells and neural disease modelling.,46,"TSV, TXT",2024/10/02,ftp://ftp.ncbi.nlm.nih.gov/geo/series/GSE262nnn/GSE262710/
GSE276838,Glioblastoma-cortical organoids recapitulate cell state heterogeneity and intercellular transfer,29,TXT,2024/10/01,ftp://ftp.ncbi.nlm.nih.gov/geo/series/GSE276nnn/GSE276838/
GSE274755,Single-cell RNA sequencing of iPSCs-drived human bone marrow organoid,1,"MTX, TSV",2024/10/01,ftp://ftp.ncbi.nlm.nih.gov/geo/series/GSE274nnn/GSE274755/
GSE266062,Protein arginine methyltransferase 7 is linked to schizophrenia by regulating the function of neural progenitor cell,6,TXT,2024/10/01,ftp://ftp.ncbi.nlm.nih.gov/geo/series/GSE266nnn/GSE266062/
GSE260934,Coordination between the eIF2 kinase GCN2 and p53 signaling supports purine metabolism and the progression of prostate cancer,16,CSV,2024/10/01,ftp://ftp.ncbi.nlm.nih.gov/geo/series/GSE260nnn/GSE260934/
GSE237116,Insulin resistance disrupts midbrain metabolic and functional homeostasis and aggravates dopaminergic neuron loss in GBA-PD via FOXO1 overexpression.,18,,2024/10/01,ftp://ftp.ncbi.nlm.nih.gov/geo/series/GSE237nnn/GSE237116/
GSE237115,Insulin resistance disrupts midbrain metabolic and functional homeostasis and aggravates dopaminergic neuron loss in GBA-PD via FOXO1 overexpression [WTvsGBA],12,CSV,2024/10/01,ftp://ftp.ncbi.nlm.nih.gov/geo/series/GSE237nnn/GSE237115/
GSE237114,Insulin resistance disrupts midbrain metabolic and functional homeostasis and aggravates dopaminergic neuron loss in GBA-PD via FOXO1 overexpression [WTs],6,XLSX,2024/10/01,ftp://ftp.ncbi.nlm.nih.gov/geo/series/GSE237nnn/GSE237114/
GSE276609,Evaluation of breast cancer PDX tumor heterogeneity at single cell resolution II,23,"CLOUPE, CSV, TAR, TXT",2024/09/30,ftp://ftp.ncbi.nlm.nih.gov/geo/series/GSE276nnn/GSE276609/
GSE271815,A human organoid drug screen identifies α2-adrenergic receptor signaling as a therapeutic target for cartilage regeneration,22,"MTX, TSV",2024/09/30,ftp://ftp.ncbi.nlm.nih.gov/geo/series/GSE271nnn/GSE271815/
GSE271814,A human organoid drug screen identifies α2-adrenergic receptor signaling as a therapeutic target for cartilage regeneration [scRNA-seq],4,"MTX, TSV",2024/09/30,ftp://ftp.ncbi.nlm.nih.gov/geo/series/GSE271nnn/GSE271814/
GSE269733,Generation of Alveolar Assembloids (AlvAssemb) with Functional Alveolar-like Macrophages,12,TSV,2024/09/30,ftp://ftp.ncbi.nlm.nih.gov/geo/series/GSE269nnn/GSE269733/
GSE262977,Understanding the impact of PROM1 alternative splicing on the development and maturation of human photoreceptors,6,TSV,2024/09/30,ftp://ftp.ncbi.nlm.nih.gov/geo/series/GSE262nnn/GSE262977/
GSE249229,A human organoid drug screen identifies α2-adrenergic receptor signaling as a therapeutic target for cartilage regeneration [bulk RNA-seq],18,TXT,2024/09/30,ftp://ftp.ncbi.nlm.nih.gov/geo/series/GSE249nnn/GSE249229/
GSE255185,Disease-related AUTS2 disruption causes an imbalance of neuronal/glial lineage specification through the WNT/β-catenin pathway,11,,2024/09/27,ftp://ftp.ncbi.nlm.nih.gov/geo/series/GSE255nnn/GSE255185/
GSE255184,Disease-related AUTS2 disruption causes an imbalance of neuronal/glial lineage specification through the WNT/β-catenin pathway (scRNA-Seq).,2,TSV,2024/09/27,ftp://ftp.ncbi.nlm.nih.gov/geo/series/GSE255nnn/GSE255184/
GSE255183,Disease-related AUTS2 disruption causes an imbalance of neuronal/glial lineage specification through the WNT/β-catenin pathway (RNA-Seq).,9,TXT,2024/09/27,ftp://ftp.ncbi.nlm.nih.gov/geo/series/GSE255nnn/GSE255183/
GSE253380,"ACMSD inhibition corrects fibrosis, inflammation, and DNA damage in MASLD/MASH",48,XLSX,2024/09/23,ftp://ftp.ncbi.nlm.nih.gov/geo/series/GSE253nnn/GSE253380/
GSE244981,Establishment of an ulcerative colitis model using colon organoids derived from human induced pluripotent stem cells,2,"MTX, TSV",2024/09/22,ftp://ftp.ncbi.nlm.nih.gov/geo/series/GSE244nnn/GSE244981/
GSE277147,Patient-Derived Tumor Organoid and Fibroblast Assembloid Models for interrogation of the tumor microenvironment in Esophageal Adenocarcinoma,8,TXT,2024/09/20,ftp://ftp.ncbi.nlm.nih.gov/geo/series/GSE277nnn/GSE277147/
GSE276320,Chromodomain protein CDYL confers forebrain identity to human cortical organoids by inhibiting neuronatin [RNA-seq],18,CSV,2024/09/18,ftp://ftp.ncbi.nlm.nih.gov/geo/series/GSE276nnn/GSE276320/
GSE275931,Exposure to the antiretroviral drug dolutegravir impairs structure and neurogenesis in a forebrain organoid model of human embryonic cortical development,6,TXT,2024/09/18,ftp://ftp.ncbi.nlm.nih.gov/geo/series/GSE275nnn/GSE275931/
GSE273646,N39 APOA1-tdTomato drug screen,14,CSV,2024/09/18,ftp://ftp.ncbi.nlm.nih.gov/geo/series/GSE273nnn/GSE273646/
GSE236002,Single cell RNA sequencing data of SNCA triplication cortical organoids,24,"MTX, TSV",2024/09/18,ftp://ftp.ncbi.nlm.nih.gov/geo/series/GSE236nnn/GSE236002/
GSE235914,Single nucleus RNA sequencing data of Lewy Body Dementia (LBD) brains,8,"MTX, TSV",2024/09/18,ftp://ftp.ncbi.nlm.nih.gov/geo/series/GSE235nnn/GSE235914/
GSE222654,Self-Organized Generation Of Hepatic Cord Like Organoids (HCLOs) With Zonal Diversity,17,BED,2024/09/18,ftp://ftp.ncbi.nlm.nih.gov/geo/series/GSE222nnn/GSE222654/
GSE222648,Self-Organized Generation Of Hepatic Cord Like Organoids (HCLOs) With Zonal Diversity (snRNAseq),3,"MTX, TXT",2024/09/18,ftp://ftp.ncbi.nlm.nih.gov/geo/series/GSE222nnn/GSE222648/
GSE222641,Self-Organized Generation Of Hepatic Cord Like Organoids (HCLOs) With Zonal Diversity (RNA-seq),9,CSV,2024/09/18,ftp://ftp.ncbi.nlm.nih.gov/geo/series/GSE222nnn/GSE222641/
GSE277159,"Neuronal lineage tracing from progenitors in human cortical organoids reveals mechanisms of neuronal production, diversity, and disease",7,H5,2024/09/16,ftp://ftp.ncbi.nlm.nih.gov/geo/series/GSE277nnn/GSE277159/
GSE145057,"Establishment of a human tongue cancer organoid biobank enables early diagnosis, prognosis, and identification of therapeutic targets",25,TXT,2024/09/13,ftp://ftp.ncbi.nlm.nih.gov/geo/series/GSE145nnn/GSE145057/
GSE276387,Modeling Lung Adenocarcinoma Metastases Using Patient-Derived Organoids,26,TXT,2024/09/12,ftp://ftp.ncbi.nlm.nih.gov/geo/series/GSE276nnn/GSE276387/
GSE250144,RNA-sequencing reveals predominance of THRA splicing isoform 2 in developing human brain,16,,2024/09/12,ftp://ftp.ncbi.nlm.nih.gov/geo/series/GSE250nnn/GSE250144/
GSE250143,RNA-sequencing reveals predominance of THRA splicing isoform 2 in developing human brain [treated],8,CSV,2024/09/12,ftp://ftp.ncbi.nlm.nih.gov/geo/series/GSE250nnn/GSE250143/
GSE250142,RNA-sequencing reveals predominance of THRA splicing isoform 2 in developing human brain [untreated],8,CSV,2024/09/12,ftp://ftp.ncbi.nlm.nih.gov/geo/series/GSE250nnn/GSE250142/
GSE226975,Mitochondrial Dysfunction and Increased Reactive Oxygen Species Production in MECP2 Mutant Astrocytes and their Impact on Neurons,12,"MTX, TSV",2024/09/12,ftp://ftp.ncbi.nlm.nih.gov/geo/series/GSE226nnn/GSE226975/
GSE276558,FGF8-mediated gene regulation affects regional identity in human cerebral organoids,4,"MTX, TSV",2024/09/11,ftp://ftp.ncbi.nlm.nih.gov/geo/series/GSE276nnn/GSE276558/
GSE271642,Effects of Simulated Microgravity on Colorectal Cancer Organoids Growth and Drug Response,8,TXT,2024/09/11,ftp://ftp.ncbi.nlm.nih.gov/geo/series/GSE271nnn/GSE271642/
GSE250173,Cardiac assembloids from human pluripotent stem cells model the atrioventricular conduction axis.,2,TSV,2024/09/10,ftp://ftp.ncbi.nlm.nih.gov/geo/series/GSE250nnn/GSE250173/
GSE252104,Scalable production of uniform and mature organoids in a 3D geometrically-engineered permeable membrane,2,"MTX, TSV",2024/09/07,ftp://ftp.ncbi.nlm.nih.gov/geo/series/GSE252nnn/GSE252104/
GSE264012,Characterising day 90 human C9ORF72-ALS/FTD cerebral organoids at single cell level,6,"MTX, TSV",2024/09/06,ftp://ftp.ncbi.nlm.nih.gov/geo/series/GSE264nnn/GSE264012/
GSE183627,Investigating the regulatory role of KMT2D in neurodeveolopment using organoid and single cell techniques,86,"BW, MTX, RESULTS, TAR, TSV, ZIP",2024/09/06,ftp://ftp.ncbi.nlm.nih.gov/geo/series/GSE183nnn/GSE183627/
GSE273907,Gene expression responses to oxygen challenge in a panel of human brain organoids,7,"MTX, TSV, VCF",2024/09/05,ftp://ftp.ncbi.nlm.nih.gov/geo/series/GSE273nnn/GSE273907/
GSE255536,In vivo dendritic cell reprogramming for cancer immunotherapy [organoid scRNA],6,TXT,2024/09/05,ftp://ftp.ncbi.nlm.nih.gov/geo/series/GSE255nnn/GSE255536/
GSE245310,Decoding Transcriptional Identity in Developing Human Sensory Neurons and Organoid Modeling,68,TXT,2024/09/05,ftp://ftp.ncbi.nlm.nih.gov/geo/series/GSE245nnn/GSE245310/
GSE266526,Device-free isolation of photoreceptor cells from patient iPSC-derived retinal organoids,19,CSV,2024/09/02,ftp://ftp.ncbi.nlm.nih.gov/geo/series/GSE266nnn/GSE266526/
GSE264203,CCKBR+ cancer cells contribute to the intertumor heterogeneity of gastric cancer and confer sensitivity to FOXO inhibition,6,H5,2024/09/02,ftp://ftp.ncbi.nlm.nih.gov/geo/series/GSE264nnn/GSE264203/
GSE185119,Gene expression profiling of trophoblastic organoid from the placental villi of intrauterine and tubal ectopic pregnancies,9,TXT,2024/09/02,ftp://ftp.ncbi.nlm.nih.gov/geo/series/GSE185nnn/GSE185119/
GSE263022,Gene expression profile of intestinal organoids from people with cystic fibrosis upon exposure to elexacaftor/tezacaftor/ivacaftor,84,TXT,2024/09/01,ftp://ftp.ncbi.nlm.nih.gov/geo/series/GSE263nnn/GSE263022/
GSE239425,Genomic and cellular responses to aspirin treatment in colonic organoids from African- and European-Americans,134,RESULTS,2024/09/01,ftp://ftp.ncbi.nlm.nih.gov/geo/series/GSE239nnn/GSE239425/
GSE272695,Decidual natural killer cells promote extravillus trophoblast developmental pathways: evidence from trophoblast organoid co-cultures,11,CSV,2024/08/31,ftp://ftp.ncbi.nlm.nih.gov/geo/series/GSE272nnn/GSE272695/
GSE249111,CCL2-mediated Endothelial Injury Drives Cardiac Dysfunction in Long COVID [RNAseq_washOut_COVID],8,TXT,2024/08/31,ftp://ftp.ncbi.nlm.nih.gov/geo/series/GSE249nnn/GSE249111/
GSE227280,CCL2-mediated Endothelial Injury Drives Cardiac Dysfunction in Long COVID [Single Cell Multiome ATAC + Gene Expression],2,"H5, TBI, TSV",2024/08/31,ftp://ftp.ncbi.nlm.nih.gov/geo/series/GSE227nnn/GSE227280/
GSE227211,CCL2-mediated Endothelial Injury Drives Cardiac Dysfunction in Long COVID [RNA-seq],12,TXT,2024/08/31,ftp://ftp.ncbi.nlm.nih.gov/geo/series/GSE227nnn/GSE227211/
GSE275772,Single-cell RNA-sequencing of human intestinal organoid cells,2,TSV,2024/08/30,ftp://ftp.ncbi.nlm.nih.gov/geo/series/GSE275nnn/GSE275772/
GSE275771,Bulk RNA-sequencing of human intestinal organoid cells,8,"CSV, TSV",2024/08/30,ftp://ftp.ncbi.nlm.nih.gov/geo/series/GSE275nnn/GSE275771/
GSE234459,Gene expression profiles in human liver organoid-derived hepatocytes,4,TXT,2024/08/29,ftp://ftp.ncbi.nlm.nih.gov/geo/series/GSE234nnn/GSE234459/
GSE251752,PHLDA1-PRDM1 mediates the effect of lentiviral vectors on fate-determination of human retinal progenitor cells,11,"BW, TXT",2024/08/28,ftp://ftp.ncbi.nlm.nih.gov/geo/series/GSE251nnn/GSE251752/
GSE251680,Generation of human region-specific brain organoids with medullary spinal trigeminal nuclei,8,"MTX, TSV",2024/08/28,ftp://ftp.ncbi.nlm.nih.gov/geo/series/GSE251nnn/GSE251680/
GSE251679,Generation of human region-specific brain organoids with medullary spinal trigeminal nuclei [scRNA-seq],2,"MTX, TSV",2024/08/28,ftp://ftp.ncbi.nlm.nih.gov/geo/series/GSE251nnn/GSE251679/
GSE251678,Generation of human region-specific brain organoids with medullary spinal trigeminal nuclei [RNA-seq],6,TSV,2024/08/28,ftp://ftp.ncbi.nlm.nih.gov/geo/series/GSE251nnn/GSE251678/
GSE234819,Notch signaling suppresses neuroendocrine differentiation and alters the tumor immune microenvironment in advanced prostate cancer,6,TXT,2024/08/28,ftp://ftp.ncbi.nlm.nih.gov/geo/series/GSE234nnn/GSE234819/
GSE252446,CCL2-mediated Endothelial Injury Drives Cardiac Dysfunction in Long COVID [Pseudo_Mock_Organoids],6,CSV,2024/08/27,ftp://ftp.ncbi.nlm.nih.gov/geo/series/GSE252nnn/GSE252446/
GSE252445,CCL2-mediated Endothelial Injury Drives Cardiac Dysfunction in Long COVID [LiveOrganoids],8,CSV,2024/08/27,ftp://ftp.ncbi.nlm.nih.gov/geo/series/GSE252nnn/GSE252445/
GSE252444,CCL2-mediated Endothelial Injury Drives Cardiac Dysfunction in Long COVID [tissue],9,CSV,2024/08/27,ftp://ftp.ncbi.nlm.nih.gov/geo/series/GSE252nnn/GSE252444/
GSE248489,CCL2-mediated Endothelial Injury Drives Cardiac Dysfunction in Long COVID,2,"MTX, TSV",2024/08/27,ftp://ftp.ncbi.nlm.nih.gov/geo/series/GSE248nnn/GSE248489/
GSE227282,CCL2-mediated Endothelial Injury Drives Cardiac Dysfunction in Long COVID,22,"H5, TBI, TSV",2024/08/27,ftp://ftp.ncbi.nlm.nih.gov/geo/series/GSE227nnn/GSE227282/
GSE275241,Genome engineering of primary and pluripotent stem cell-derived hepatocytes for modeling liver tumor formation,18,TXT,2024/08/25,ftp://ftp.ncbi.nlm.nih.gov/geo/series/GSE275nnn/GSE275241/
GSE217563,"Oligonucleotide-directed proximity-interactome mapping (O-MAP): A unified method for discovering RNA-interacting proteins, transcripts and genomic loci in situ [ITS OMAP RIP]",6,CSV,2024/08/22,ftp://ftp.ncbi.nlm.nih.gov/geo/series/GSE217nnn/GSE217563/
GSE182605,Integrative gene regulatory analysis reveals transcriptional mechanisms required in mature human hepatocytes and during in vitro hepatocyte differentiation,35,BW,2024/08/22,ftp://ftp.ncbi.nlm.nih.gov/geo/series/GSE182nnn/GSE182605/
GSE182604,Integrative gene regulatory analysis reveals transcriptional mechanisms required in mature human hepatocytes and during in vitro hepatocyte differentiation (scRNA-Seq),18,"CSV, TXT",2024/08/22,ftp://ftp.ncbi.nlm.nih.gov/geo/series/GSE182nnn/GSE182604/
GSE182603,Integrative gene regulatory analysis reveals transcriptional mechanisms required in mature human hepatocytes and during in vitro hepatocyte differentiation (RNA-Seq),11,CSV,2024/08/22,ftp://ftp.ncbi.nlm.nih.gov/geo/series/GSE182nnn/GSE182603/
GSE271065,Xenotransplanted Human Small Intestinal Organoids Reveal the Transepithelial Zinc Transport Pathway as a Key Mediator of Intestinal Adaptation in Short Bowel Syndrome,11,"MTX, RDS, TSV",2024/08/16,ftp://ftp.ncbi.nlm.nih.gov/geo/series/GSE271nnn/GSE271065/
GSE266208,Gene expression of ERAP2 proficient and deficient patient-derived organoids post IFNg-stimulation,8,TXT,2024/08/16,ftp://ftp.ncbi.nlm.nih.gov/geo/series/GSE266nnn/GSE266208/
GSE243015,Single-cell Transcriptome Landscape and Cell Fate Decoding in Human Brain Organoids after Transplantation,5,"MTX, TSV",2024/08/16,ftp://ftp.ncbi.nlm.nih.gov/geo/series/GSE243nnn/GSE243015/
GSE274309,Transcriptomic characteristics of quiescent cells in human fallopian tube epithelial organoids detected by a fluorescent membrane dye PKH26,2,CSV,2024/08/14,ftp://ftp.ncbi.nlm.nih.gov/geo/series/GSE274nnn/GSE274309/
GSE259421,Studies on the International Space Station to assess the effects of microgravity on iPSC-derived neural organoids,42,TXT,2024/08/14,ftp://ftp.ncbi.nlm.nih.gov/geo/series/GSE259nnn/GSE259421/
GSE231321,Phosphorylation of 53BP1 by ATM enforce neurodevelopmental programs in cortical organoids,30,"BW, TSV",2024/08/11,ftp://ftp.ncbi.nlm.nih.gov/geo/series/GSE231nnn/GSE231321/
GSE274172,ATF6 promotes colorectal cancer growth and stemness by regulating the Wnt pathway II,4,RDS,2024/08/08,ftp://ftp.ncbi.nlm.nih.gov/geo/series/GSE274nnn/GSE274172/
GSE247809,Vascularized Macrophage-Islet Organoids to Model Immune-Mediated Pancreatic beta cell Pyroptosis upon Viral Infection,22,"BED, CSV, MTX, TSV",2024/08/08,ftp://ftp.ncbi.nlm.nih.gov/geo/series/GSE247nnn/GSE247809/
GSE247807,Vascularized Macrophage-Islet Organoids to Model Immune-Mediated Pancreatic beta cell Pyroptosis upon Viral Infection [scRNAseq.VMI],3,"MTX, TSV",2024/08/08,ftp://ftp.ncbi.nlm.nih.gov/geo/series/GSE247nnn/GSE247807/
GSE247806,Vascularized Macrophage-Islet Organoids to Model Immune-Mediated Pancreatic beta cell Pyroptosis upon Viral Infection [scRNAseq.islets],10,"MTX, TSV",2024/08/08,ftp://ftp.ncbi.nlm.nih.gov/geo/series/GSE247nnn/GSE247806/
GSE247805,Vascularized Macrophage-Islet Organoids to Model Immune-Mediated Pancreatic beta cell Pyroptosis upon Viral Infection [bulkRNAseq],6,TXT,2024/08/08,ftp://ftp.ncbi.nlm.nih.gov/geo/series/GSE247nnn/GSE247805/
GSE242526,Gene expression profiling of human cell,36,H5,2024/08/08,ftp://ftp.ncbi.nlm.nih.gov/geo/series/GSE242nnn/GSE242526/
GSE242524,Time- and cell-specific activation of BMP signaling restrains chondrocyte hypertrophy,21,"H5, XLSX",2024/08/08,ftp://ftp.ncbi.nlm.nih.gov/geo/series/GSE242nnn/GSE242524/
GSE168245,A Critical Role of KCNQ1 in Human β-Cell Developmen,12,CSV,2024/08/07,ftp://ftp.ncbi.nlm.nih.gov/geo/series/GSE168nnn/GSE168245/
GSE273988,ATF6 promotes colorectal cancer growth and stemness by regulating the Wnt pathway,33,TXT,2024/08/06,ftp://ftp.ncbi.nlm.nih.gov/geo/series/GSE273nnn/GSE273988/
GSE241745,Single-cell  transcription and chromatin accessbility profiles of IDH mutant gliomas,14,"CSV, H5, TXT",2024/08/06,ftp://ftp.ncbi.nlm.nih.gov/geo/series/GSE241nnn/GSE241745/
GSE240203,Transcriptomic profiling of human alveolar organoids(hALOs),6,TXT,2024/08/06,ftp://ftp.ncbi.nlm.nih.gov/geo/series/GSE240nnn/GSE240203/
GSE239748,Blood-Generating Heart-Forming Organoids (BG-HFOs) recapitulate co-development of the hematopoietic system and the embryonic heart,2,"MTX, TSV",2024/08/06,ftp://ftp.ncbi.nlm.nih.gov/geo/series/GSE239nnn/GSE239748/
GSE273941,Single cell RNA-sequencing of 90-day old astrocyte conditioned medium treated  forebrain organoids (ACMOs) and control  forebrain organoids,2,"MTX, TSV",2024/08/04,ftp://ftp.ncbi.nlm.nih.gov/geo/series/GSE273nnn/GSE273941/
GSE270807,Longitudinal scRNA-seq analysis of human liver bud organoid (HLBO) with iPS-derived liver sinusoidal endothelial progenitor (iLSEP),3,"MTX, TSV",2024/08/02,ftp://ftp.ncbi.nlm.nih.gov/geo/series/GSE270nnn/GSE270807/
GSE269194,scRNA-seq time course of B cell differentiation in organoid cultures,12,"CSV, MTX, TSV",2024/08/01,ftp://ftp.ncbi.nlm.nih.gov/geo/series/GSE269nnn/GSE269194/
GSE268955,Gene expression of B cell differentiation in Organoid Cultures,33,TXT,2024/08/01,ftp://ftp.ncbi.nlm.nih.gov/geo/series/GSE268nnn/GSE268955/
GSE272979,DDR1 regulates RUNX1-CBFβ to control breast stem cell differentiation,16,"CSV, XLSX",2024/07/31,ftp://ftp.ncbi.nlm.nih.gov/geo/series/GSE272nnn/GSE272979/
GSE268930,GTestimate: Improving relative gene expression estimation in scRNA-seq using the Good-Turing estimator,2,"CSV, RDS, TAR, TXT",2024/07/31,ftp://ftp.ncbi.nlm.nih.gov/geo/series/GSE268nnn/GSE268930/
GSE273116,A pan-KRAS inhibitor and its derived degrader elicit multifaceted anti-tumor efficacy in KRAS-driven cancers [bulk RNA-seq],12,TXT,2024/07/30,ftp://ftp.ncbi.nlm.nih.gov/geo/series/GSE273nnn/GSE273116/
GSE252449,RING1 missense variants reveal sensitivity of DNA damage repair to H2A monoubiquitination dosage during neurogenesis [scRNA-seq],7,TXT,2024/07/29,ftp://ftp.ncbi.nlm.nih.gov/geo/series/GSE252nnn/GSE252449/
GSE233295,Glial-enriched stem-cell 3D model resembling the cellular landscape of the human brain mimics the glial-immune neurodegenerative phenotypes of multiple sclerosis.,9,TSV,2024/07/26,ftp://ftp.ncbi.nlm.nih.gov/geo/series/GSE233nnn/GSE233295/
GSE230404,Heterogeneous liver tissues with biliary branching and vascular elements through organoid bioprinting,9,TXT,2024/07/24,ftp://ftp.ncbi.nlm.nih.gov/geo/series/GSE230nnn/GSE230404/
GSE271852,Mutant Huntingtin impairs neurodevelopment in human brain organoids through CHCHD2-mediated neurometabolic failure,6,"MTX, TSV",2024/07/23,ftp://ftp.ncbi.nlm.nih.gov/geo/series/GSE271nnn/GSE271852/
GSE233916,Mutant Huntingtin impairs neurodevelopment in human brain organoids through CHCHD2-mediated neurometabolic failure,36,TXT,2024/07/23,ftp://ftp.ncbi.nlm.nih.gov/geo/series/GSE233nnn/GSE233916/
GSE233914,Mutant Huntingtin impairs neurodevelopment in human brain organoids through CHCHD2-mediated neurometabolic failure [NGN2],12,TXT,2024/07/23,ftp://ftp.ncbi.nlm.nih.gov/geo/series/GSE233nnn/GSE233914/
GSE233895,Mutant Huntingtin impairs neurodevelopment in human brain organoids through CHCHD2-mediated neurometabolic failure [organoids],24,TXT,2024/07/23,ftp://ftp.ncbi.nlm.nih.gov/geo/series/GSE233nnn/GSE233895/
GSE271257,Differentiating visceral sensory ganglion organoids from induced pluripotent stem cells[chip_scRNAseq],2,"H5, MTX, TSV",2024/07/19,ftp://ftp.ncbi.nlm.nih.gov/geo/series/GSE271nnn/GSE271257/
GSE264303,Differentiating visceral sensory ganglion organoids from induced pluripotent stem cells,12,"H5, MTX, TSV",2024/07/19,ftp://ftp.ncbi.nlm.nih.gov/geo/series/GSE264nnn/GSE264303/
GSE210206,Single cell transcriptomics reveals distinct transcriptional responses to oxycodone and buprenorphine by iPSC-derived brain organoids from patients with opioid use disorder,18,TXT,2024/07/18,ftp://ftp.ncbi.nlm.nih.gov/geo/series/GSE210nnn/GSE210206/
GSE272271,Single-cell RNA-seq of telencephalic organoids from healthy CTRL and HD (Huntington’s disease) hESC (RUES2) grown as mono-culture or co-culture of chimeric organoids,14,,2024/07/16,ftp://ftp.ncbi.nlm.nih.gov/geo/series/GSE272nnn/GSE272271/
GSE271998,A brain organoid/ALL co-culture model reveals the AP-1 pathway as critically associated with CNS-involvement of BCP-ALL,15,"GCT, XLSX",2024/07/16,ftp://ftp.ncbi.nlm.nih.gov/geo/series/GSE271nnn/GSE271998/
GSE270413,Generation of 3D tubular bile duct within human iPSC-derived liver organoid by incorporating human iPSC-derived blood vessel [scRNA-Seq],2,"H5, TXT",2024/07/16,ftp://ftp.ncbi.nlm.nih.gov/geo/series/GSE270nnn/GSE270413/
GSE262877,Lineage specific canonical and non-canonical EZH2 activity in advanced prostate cancer subtypes [RNA-Seq],30,TXT,2024/07/16,ftp://ftp.ncbi.nlm.nih.gov/geo/series/GSE262nnn/GSE262877/
GSE256220,Lineage-specific canonical and non-canonical activity of EZH2 in advanced prostate cancer subtypes,87,,2024/07/16,ftp://ftp.ncbi.nlm.nih.gov/geo/series/GSE256nnn/GSE256220/
GSE256043,EZH2 knockout and rescue in WCM154 NEPC organoid model. [RNA-Seq],21,CSV,2024/07/16,ftp://ftp.ncbi.nlm.nih.gov/geo/series/GSE256nnn/GSE256043/
GSE240534,Generation of 3D tubular bile duct within human iPSC-derived liver organoid by incorporating human iPSC-derived blood vessel,13,"H5, MTX, TSV, TXT",2024/07/16,ftp://ftp.ncbi.nlm.nih.gov/geo/series/GSE240nnn/GSE240534/
GSE240019,Generation of 3D tubular bile duct within human iPSC-derived liver organoid by incorporating human iPSC-derived blood vessel [scRNA-seq],1,"MTX, TSV",2024/07/16,ftp://ftp.ncbi.nlm.nih.gov/geo/series/GSE240nnn/GSE240019/
GSE198888,Generation of 3D tubular bile duct within human iPSC-derived liver organoid by incorporating human iPSC-derived blood vessel [RNA-seq],10,TXT,2024/07/16,ftp://ftp.ncbi.nlm.nih.gov/geo/series/GSE198nnn/GSE198888/
GSE271750,A brain organoid/ALL co-culture model reveals the AP-1 pathway as critically associated with CNS involvement of BCP-ALL,12,TXT,2024/07/15,ftp://ftp.ncbi.nlm.nih.gov/geo/series/GSE271nnn/GSE271750/
GSE251754,Simultaneous profiling of full-length RNA transcripts and chromatin accessibility within single cells of human retinal organoids,10,"GFF, H5, MTX, TSV, TXT",2024/07/13,ftp://ftp.ncbi.nlm.nih.gov/geo/series/GSE251nnn/GSE251754/
GSE200075,A human autoimmune organoid model reveals IL-7 function in celiac disease ,30,"CSV, MTX, TSV",2024/07/12,ftp://ftp.ncbi.nlm.nih.gov/geo/series/GSE200nnn/GSE200075/
GSE271428,Engineering Scalable Vascularized Kidney Organoids for in vivo Glomerular Filtration with Human Endothelial Integration,2,"MTX, TSV",2024/07/08,ftp://ftp.ncbi.nlm.nih.gov/geo/series/GSE271nnn/GSE271428/
GSE231468,Macrophage containing multicellular lung organoids,16,"MTX, TSV",2024/07/07,ftp://ftp.ncbi.nlm.nih.gov/geo/series/GSE231nnn/GSE231468/
GSE231467,Macrophage containing multicellular lung organoids [scRNA-seq],6,"MTX, TSV",2024/07/07,ftp://ftp.ncbi.nlm.nih.gov/geo/series/GSE231nnn/GSE231467/
GSE231466,Macrophage containing multicellular lung organoids [bulkRNA-seq],10,XLSX,2024/07/07,ftp://ftp.ncbi.nlm.nih.gov/geo/series/GSE231nnn/GSE231466/
GSE230718,Generation of intestinal organoids from human urine cells,12,RESULTS,2024/07/07,ftp://ftp.ncbi.nlm.nih.gov/geo/series/GSE230nnn/GSE230718/
GSE264038,WI-38 cell line as model for myofibroblast and lipofibroblast switch,12,CSV,2024/07/03,ftp://ftp.ncbi.nlm.nih.gov/geo/series/GSE264nnn/GSE264038/
GSE244956,Differential transcriptional invasion signatures from patient derived organoid models define a functional prognostic tool for head and neck cancer,8,"MTX, TSV",2024/07/03,ftp://ftp.ncbi.nlm.nih.gov/geo/series/GSE244nnn/GSE244956/
GSE253788,Supramolecular Mimic of Glial Cell Line-Derived Neurotrophic Factor and its Bioactivity on Human Dopaminergic Neurons,8,XLSX,2024/07/01,ftp://ftp.ncbi.nlm.nih.gov/geo/series/GSE253nnn/GSE253788/
GSE253501,Maternal and donor human milk support robust intestinal epithelial growth and differentiation in a fetal intestinal organoid model,24,CSV,2024/07/01,ftp://ftp.ncbi.nlm.nih.gov/geo/series/GSE253nnn/GSE253501/
GSE243132,METTL7B is an essential epigenetic regulator of lineage specification in glioblastoma,73,"BEDGRAPH, BW, IDAT, MTX, TSV",2024/07/01,ftp://ftp.ncbi.nlm.nih.gov/geo/series/GSE243nnn/GSE243132/
GSE242966,METTL7B is an essential epigenetic regulator of lineage specification in glioblastoma [scRNAseq],9,"MTX, TSV",2024/07/01,ftp://ftp.ncbi.nlm.nih.gov/geo/series/GSE242nnn/GSE242966/
GSE242328,METTL7B is an essential epigenetic regulator of lineage specification in glioblastoma [RNAseq],16,CSV,2024/07/01,ftp://ftp.ncbi.nlm.nih.gov/geo/series/GSE242nnn/GSE242328/
GSE236936,Genome editing by dual nucleases records deep lineage hierarchy with high fidelity.,14,"CSV, MTX, TSV",2024/07/01,ftp://ftp.ncbi.nlm.nih.gov/geo/series/GSE236nnn/GSE236936/
GSE206228,Identification of VDR target genes in intestinal epithelial cells,20,"BW, TXT",2024/07/01,ftp://ftp.ncbi.nlm.nih.gov/geo/series/GSE206nnn/GSE206228/
GSE206177,"RNA-Seq: The transcriptional response to 1,25(OH)2D3 in human colonic organoids",12,TXT,2024/07/01,ftp://ftp.ncbi.nlm.nih.gov/geo/series/GSE206nnn/GSE206177/
GSE147393,Single cell RNA-Seq of patient derived kidney organoids as a model of Fanconi renotubular syndrome,3,"CSV, MTX, TSV",2024/06/30,ftp://ftp.ncbi.nlm.nih.gov/geo/series/GSE147nnn/GSE147393/
GSE270667,Single-cell sequencing highlights increased atypical AT2 interacting with M1 macrophage in COPD,12,"MTX, TSV",2024/06/28,ftp://ftp.ncbi.nlm.nih.gov/geo/series/GSE270nnn/GSE270667/
GSE270210,RNAseq of patient-derived colon organoids treated with 3PO for 24h,6,TXT,2024/06/26,ftp://ftp.ncbi.nlm.nih.gov/geo/series/GSE270nnn/GSE270210/
GSE248855,Integrative multi-omics analyses identify molecular subtypes of head and neck squamous cell carcinoma with distinct therapeutic vulnerabilities,13,TXT,2024/06/21,ftp://ftp.ncbi.nlm.nih.gov/geo/series/GSE248nnn/GSE248855/
GSE269789,EZH2 protects mucosal melanoma from ferroptosis via the KLF14-SLC7A11 signaling pathway (RNA-Seq),6,XLS,2024/06/20,ftp://ftp.ncbi.nlm.nih.gov/geo/series/GSE269nnn/GSE269789/
GSE269764,Directed differentiation of pancreatic δ cells from human pluripotent stem cells,2,"MTX, TSV",2024/06/18,ftp://ftp.ncbi.nlm.nih.gov/geo/series/GSE269nnn/GSE269764/
GSE269985,Mechanisms of resistance to oncogenic KRAS inhibition in pancreatic cancer,30,CSV,2024/06/17,ftp://ftp.ncbi.nlm.nih.gov/geo/series/GSE269nnn/GSE269985/
GSE265937,Analysis of CD70 wild type or CD70 knock out CD70-specific nanoCAR T cells [RNA-Seq],12,TAB,2024/06/17,ftp://ftp.ncbi.nlm.nih.gov/geo/series/GSE265nnn/GSE265937/
GSE227435,Analysis of CD70 wild type or CD70 knock out CD70-specific nanoCAR T cells,2,"MTX, TSV",2024/06/17,ftp://ftp.ncbi.nlm.nih.gov/geo/series/GSE227nnn/GSE227435/
GSE252251,TFEB safeguards trophoblast syncytialization in humans and mice (human RNA-Seq),16,TXT,2024/06/16,ftp://ftp.ncbi.nlm.nih.gov/geo/series/GSE252nnn/GSE252251/
GSE235072,Bioengineered human colon organoids with in vivo-like complexity and function,4,"MTX, TSV",2024/06/15,ftp://ftp.ncbi.nlm.nih.gov/geo/series/GSE235nnn/GSE235072/
GSE268415,PRKDC Induces Chemoresistance in Osteosarcoma by Recruiting GDE2 to Stabilize GNAS and Activate AKT,12,TXT,2024/06/14,ftp://ftp.ncbi.nlm.nih.gov/geo/series/GSE268nnn/GSE268415/
GSE234885,Sorafenib inhibits invasion of multicellular organoids that mimic Lymphangioleiomyomatosis nodules.,2,"CLOUPE, CSV, H5, JPG, JSON, PNG",2024/06/13,ftp://ftp.ncbi.nlm.nih.gov/geo/series/GSE234nnn/GSE234885/
GSE178333,Human organoid systems reveal in vitro correlates of fitness for SARS-CoV-2 B.1.1.7,12,TSV,2024/06/13,ftp://ftp.ncbi.nlm.nih.gov/geo/series/GSE178nnn/GSE178333/
GSE268981,Graphene-polymer nanofibers enable optically induced electrical maturation in stem cell-derived cardiomyocytes and brain organoids,23,CSV,2024/06/08,ftp://ftp.ncbi.nlm.nih.gov/geo/series/GSE268nnn/GSE268981/
GSE239542,Inferring pattern-driving intercellular flows from single-cell transcriptomics of young human cortical organoids,1,"CSV, H5AD, MTX, TXT",2024/06/08,ftp://ftp.ncbi.nlm.nih.gov/geo/series/GSE239nnn/GSE239542/
GSE268603,Transport of perfluoroalkyl substances across human induced pluripotent stem cell-derived intestinal epithelial cells in comparison with primary human intestinal epithelial cells and Caco-2 cells,12,TXT,2024/06/05,ftp://ftp.ncbi.nlm.nih.gov/geo/series/GSE268nnn/GSE268603/
GSE263372,Efficient and reproducible generation of human iPSC-derived cardiomyocytes and cardiac organoids in stirred suspension systems,5,RDS,2024/06/05,ftp://ftp.ncbi.nlm.nih.gov/geo/series/GSE263nnn/GSE263372/
GSE268990,Identification of Evolutionarily Conserved VSX2 Enhancers in Retinal Development,11,"MTX, TSV",2024/06/04,ftp://ftp.ncbi.nlm.nih.gov/geo/series/GSE268nnn/GSE268990/
GSE266789,Early human fetal lung atlas reveals the temporal dynamics of epithelial cell plasticity [scRNAseq-hPSC],4,"CSV, RDS",2024/06/04,ftp://ftp.ncbi.nlm.nih.gov/geo/series/GSE266nnn/GSE266789/
GSE265940,"Overexpression of extracellular matrix proteins, increased cell death and reduced cell proliferation contribute to the pathophysiology of microphthalmia across in vitro patient-derived models",48,TSV,2024/06/04,ftp://ftp.ncbi.nlm.nih.gov/geo/series/GSE265nnn/GSE265940/
GSE262739,Improving Human Cardiac Organoid Design Using Transcriptomics,,TXT,2024/06/01,ftp://ftp.ncbi.nlm.nih.gov/geo/series/GSE262nnn/GSE262739/
GSE234907,Electro-metabolic coupling in multi-chambered vascularized human cardiac organoids,8,TXT,2024/06/01,ftp://ftp.ncbi.nlm.nih.gov/geo/series/GSE234nnn/GSE234907/
GSE232138,In vitro organoid-based assays reveal SMAD4 tumor-suppressive mechanisms for serrated colorectal cancer invasion,14,,2024/05/30,ftp://ftp.ncbi.nlm.nih.gov/geo/series/GSE232nnn/GSE232138/
GSE268458,Standardized generation of human iPSC-derived hematopoietic organoids and macrophages utilizing a benchtop bioreactor platform under fully defined conditions,3,"MTX, TSV",2024/05/29,ftp://ftp.ncbi.nlm.nih.gov/geo/series/GSE268nnn/GSE268458/
GSE255268,Differential gene expression analysis of  wild type and heterozygous RB1 mutant human iPSC derived retinal organoids.,8,TXT,2024/05/29,ftp://ftp.ncbi.nlm.nih.gov/geo/series/GSE255nnn/GSE255268/
GSE233717,Single-cell RNA sequencing study of brain-derived cells from two individuals with HIV-associated neurocognitive dysfunction,2,TAR,2024/05/25,ftp://ftp.ncbi.nlm.nih.gov/geo/series/GSE233nnn/GSE233717/
GSE233532,"Transcriptional changes consistent with altered neuronal differentiation, angiogenesis, and tumor plasticity induced in human subpallial telencephalic organoid-glioblastoma chimeras",10,H5,2024/05/25,ftp://ftp.ncbi.nlm.nih.gov/geo/series/GSE233nnn/GSE233532/
GSE239375,Gene expression profiles of HYDROX-cultured human liver organoids compared to those of Matrigel-cultured human liver organoids.,6,TXT,2024/05/22,ftp://ftp.ncbi.nlm.nih.gov/geo/series/GSE239nnn/GSE239375/
GSE233943,"RNA-Seq data from iPSC-derived human airway cells and colon organoids infected with BANAL-20-236, WK-521, and WK-521 dFCS",28,TXT,2024/05/20,ftp://ftp.ncbi.nlm.nih.gov/geo/series/GSE233nnn/GSE233943/
GSE203535,Dual SMAD inhibition enhances the longevity of human epididymis epithelial cells,12,CSV,2024/05/20,ftp://ftp.ncbi.nlm.nih.gov/geo/series/GSE203nnn/GSE203535/
GSE267438,Functional Optimization of Designer Cardiac Organoids Enabled by Machine Learning Techniques,6,TXT,2024/05/17,ftp://ftp.ncbi.nlm.nih.gov/geo/series/GSE267nnn/GSE267438/
GSE267405,Retinal organoids with X-linked retinoschisis RS1 (E72K) mutation exhibit a photoreceptor developmental delay and are rescued by gene augmentation therapy,6,XLS,2024/05/17,ftp://ftp.ncbi.nlm.nih.gov/geo/series/GSE267nnn/GSE267405/
GSE267263,Increased ONECUT2 induced by Helicobacter pylori promotes gastric cancer cell stemness via AKT-related pathway,6,TXT,2024/05/16,ftp://ftp.ncbi.nlm.nih.gov/geo/series/GSE267nnn/GSE267263/
GSE266667,Human Cerebral Organoids: Cellular composition and subcellular morphological features,1,"MTX, TSV",2024/05/16,ftp://ftp.ncbi.nlm.nih.gov/geo/series/GSE266nnn/GSE266667/
GSE266229,Atosiban harness hepatocellular carcinoma progression in human organoid model,18,XLSX,2024/05/15,ftp://ftp.ncbi.nlm.nih.gov/geo/series/GSE266nnn/GSE266229/
GSE263425,Modeling the Blood-Brain Barrier Formation and Cerebral Cavernous Malformations in human PSCs- and primary tissue-derived organoids,12,TXT,2024/05/15,ftp://ftp.ncbi.nlm.nih.gov/geo/series/GSE263nnn/GSE263425/
GSE212671,Transcriptome-wide analysis of CRISPR-edited iPSC-derived glioma models,20,TXT,2024/05/15,ftp://ftp.ncbi.nlm.nih.gov/geo/series/GSE212nnn/GSE212671/
GSE267243,"Scalable, compressed phenotypic screening using pooled perturbations  (PDAC screens)",54,"MTX, TSV",2024/05/13,ftp://ftp.ncbi.nlm.nih.gov/geo/series/GSE267nnn/GSE267243/
GSE266990,Haploinsufficient phenotypes promote selection of PTEN and ARID1A deficient clones in human colon.,16,CSV,2024/05/13,ftp://ftp.ncbi.nlm.nih.gov/geo/series/GSE266nnn/GSE266990/
GSE230848,Interferon-γ signaling in the progression from early to end stage kidney disease in type 2 diabetes,12,"MTX, TSV, TXT",2024/05/13,ftp://ftp.ncbi.nlm.nih.gov/geo/series/GSE230nnn/GSE230848/
GSE229007,New strategies for the identification of intronic variants related to splicing events in pancreas cancer,34,"CSV, TXT",2024/05/10,ftp://ftp.ncbi.nlm.nih.gov/geo/series/GSE229nnn/GSE229007/
GSE229006,New strategies for the identification of intronic variants related to splicing events in pancreas cancer [iCELL8],10,CSV,2024/05/10,ftp://ftp.ncbi.nlm.nih.gov/geo/series/GSE229nnn/GSE229006/
GSE262470,Wybutosine hypomodification of tRNAphe activates HERVK and impairs neuronal differentiation,6,TXT,2024/05/09,ftp://ftp.ncbi.nlm.nih.gov/geo/series/GSE262nnn/GSE262470/
GSE250015,Exploring the impact of PDGFD in osteosarcoma metastasis through single-cell sequencing analysis,2,CSV,2024/05/09,ftp://ftp.ncbi.nlm.nih.gov/geo/series/GSE250nnn/GSE250015/
GSE251684,Construction of human 3D striato nigral circuitoids to recapitulate medium spiny neuronal projection defects in Huntington disease,4,H5,2024/05/06,ftp://ftp.ncbi.nlm.nih.gov/geo/series/GSE251nnn/GSE251684/
GSE231847,"CTCF mutation at R567 causes developmental disorders by 3D genome rearrangement, premature exhaustion of stem cells and abnormal neurodevelopment [scRNA-seq]",4,"MTX, TSV",2024/05/06,ftp://ftp.ncbi.nlm.nih.gov/geo/series/GSE231nnn/GSE231847/
GSE214689,Dissecting developmental disorders caused by CTCF mutation at R567 [RNA-seq],27,TSV,2024/05/06,ftp://ftp.ncbi.nlm.nih.gov/geo/series/GSE214nnn/GSE214689/
GSE229609,Multicellular liver organoid model for recapitulating hepatitis C virus infection and non-alcoholic fatty liver disease progression,15,"MTX, TSV",2024/05/05,ftp://ftp.ncbi.nlm.nih.gov/geo/series/GSE229nnn/GSE229609/
GSE229608,Multicellular liver organoid model for recapitulating hepatitis C virus infection and non-alcoholic fatty liver disease progression [scRNA-Seq],3,"MTX, TSV",2024/05/05,ftp://ftp.ncbi.nlm.nih.gov/geo/series/GSE229nnn/GSE229608/
GSE229596,Multicellular liver organoid model for recapitulating hepatitis C virus infection and non-alcoholic fatty liver disease progression [RNA-Seq],12,TXT,2024/05/05,ftp://ftp.ncbi.nlm.nih.gov/geo/series/GSE229nnn/GSE229596/
GSE214692,Dissecting developmental disorders caused by CTCF mutation at R567,71,"BW, CSV, HIC, MTX, NARROWPEAK, TSV",2024/05/05,ftp://ftp.ncbi.nlm.nih.gov/geo/series/GSE214nnn/GSE214692/
GSE253958,Methylation of the epigenetic regulator KMT2D by SMYD2 contributes to therapeutic response in hormone-dependent breast cancer [KMT2D_KI_RNA],18,SF,2024/05/04,ftp://ftp.ncbi.nlm.nih.gov/geo/series/GSE253nnn/GSE253958/
GSE253957,Methylation of the epigenetic regulator KMT2D by SMYD2 contributes to therapeutic response in hormone-dependent breast cancer [SMYD2_KD_RNA],12,SF,2024/05/04,ftp://ftp.ncbi.nlm.nih.gov/geo/series/GSE253nnn/GSE253957/
GSE231320,Specification of a rostro-caudal axis in cortical assembloids through a polarized source of FGF8,46,TXT,2024/05/03,ftp://ftp.ncbi.nlm.nih.gov/geo/series/GSE231nnn/GSE231320/
GSE231319,Specification of a rostro-caudal axis in cortical assembloids through a polarized source of FGF8 (scRNA-Seq),4,"MTX, TSV",2024/05/03,ftp://ftp.ncbi.nlm.nih.gov/geo/series/GSE231nnn/GSE231319/
GSE231318,Specification of a rostro-caudal axis in cortical assembloids through a polarized source of FGF8 (bulk RNA-Seq),21,TXT,2024/05/03,ftp://ftp.ncbi.nlm.nih.gov/geo/series/GSE231nnn/GSE231318/
GSE175592,Local source of FGF8 specifies a fronto-temporal axis in engineered human brain organoids (PolarOids),21,TXT,2024/05/03,ftp://ftp.ncbi.nlm.nih.gov/geo/series/GSE175nnn/GSE175592/
GSE255344,KMT9 is an actionable target in muscle-invasive bladder cancer,12,TXT,2024/05/01,ftp://ftp.ncbi.nlm.nih.gov/geo/series/GSE255nnn/GSE255344/
GSE254166,Human Airway and Alveolar Organoids from Bronchoalveolar Lavage Fluid,6,"H5, H5AD",2024/05/01,ftp://ftp.ncbi.nlm.nih.gov/geo/series/GSE254nnn/GSE254166/
GSE242676,Exploiting a subtype-specific mitochondrial vulnerability for successful treatment of colorectal peritoneal metastases,48,TXT,2024/05/01,ftp://ftp.ncbi.nlm.nih.gov/geo/series/GSE242nnn/GSE242676/
GSE233451,Tuft cells act as regenerative stem cells in the human intestine,9,"MTX, TSV, TXT",2024/05/01,ftp://ftp.ncbi.nlm.nih.gov/geo/series/GSE233nnn/GSE233451/
GSE231607,Single-cell transcriptomic analysis of human skin organoids during folliculogenesis,10,TAR,2024/05/01,ftp://ftp.ncbi.nlm.nih.gov/geo/series/GSE231nnn/GSE231607/
GSE226723,Patient-derived mini-colons enable long-term modeling of tumor-microenvironment complexity,9,TXT,2024/05/01,ftp://ftp.ncbi.nlm.nih.gov/geo/series/GSE226nnn/GSE226723/
GSE264262,Mapping of mitogen and metabolic sensitivity in organoids defines requirements for human hepatocyte growth.,39,"H5, TSV",2024/04/30,ftp://ftp.ncbi.nlm.nih.gov/geo/series/GSE264nnn/GSE264262/
GSE264261,Mapping of mitogen and metabolic sensitivity in organoids defines requirements for human hepatocyte growth [scRNA-seq],1,"H5, TSV",2024/04/30,ftp://ftp.ncbi.nlm.nih.gov/geo/series/GSE264nnn/GSE264261/
GSE264260,Mapping of mitogen and metabolic sensitivity in organoids defines requirements for human hepatocyte growth [bulk RNA-seq],38,CSV,2024/04/30,ftp://ftp.ncbi.nlm.nih.gov/geo/series/GSE264nnn/GSE264260/
GSE262349,Transcriptional  changes following HIV infection of choroid plexus brain organoids,4,"MTX, TSV",2024/04/29,ftp://ftp.ncbi.nlm.nih.gov/geo/series/GSE262nnn/GSE262349/
GSE264645,RNA-seq analysis on organoids derived from metastatic tumor patients,8,COUNTS,2024/04/27,ftp://ftp.ncbi.nlm.nih.gov/geo/series/GSE264nnn/GSE264645/
GSE261129,Circular RNA circZFPM2 regulates cardiomyocyte hypertrophy and survival,6,CSV,2024/04/25,ftp://ftp.ncbi.nlm.nih.gov/geo/series/GSE261nnn/GSE261129/
GSE249573,Cancer-stromal cell interactions in breast cancer brain metastases induce glycocalyx-mediated resistance to HER2-targeting therapies [RNA-seq],40,CSV,2024/04/24,ftp://ftp.ncbi.nlm.nih.gov/geo/series/GSE249nnn/GSE249573/
GSE263294,Patient-Derived Organoids Recapitulate Pathological Intrinsic and Phenotypic Features of Fibrous Dysplasia,3,"MTX, TSV",2024/04/23,ftp://ftp.ncbi.nlm.nih.gov/geo/series/GSE263nnn/GSE263294/
GSE248901,Trans-omic Profiling Uncovers Molecular Controls of the Early Human Cerebral Organoid Formation,17,"RDS, TXT",2024/04/21,ftp://ftp.ncbi.nlm.nih.gov/geo/series/GSE248nnn/GSE248901/
GSE264363,Gene expression profile at single cell level of hippocampal organoids,2,"MTX, TSV",2024/04/20,ftp://ftp.ncbi.nlm.nih.gov/geo/series/GSE264nnn/GSE264363/
GSE240926,Adiposity alters protective mechanisms of progesterone through dysregulation of endometrial metallothionein expression,12,"COUNTS, XLSX",2024/04/19,ftp://ftp.ncbi.nlm.nih.gov/geo/series/GSE240nnn/GSE240926/
GSE261012,Single-cell gene expression profiles of cells from colorectal cancer and chemically induced PDOs [scRNA-Seq],12,,2024/04/17,ftp://ftp.ncbi.nlm.nih.gov/geo/series/GSE261nnn/GSE261012/
GSE261004,Gene expression profiles of cells from PDOs of normal colon and colorectal cancers [RNA-Seq],39,"CSV, TXT",2024/04/17,ftp://ftp.ncbi.nlm.nih.gov/geo/series/GSE261nnn/GSE261004/
GSE248274,Vitamin D opposes multilineage cell differentiation induced by Notch inhibition and BMP pathway activation in human colon organoids,18,TXT,2024/04/15,ftp://ftp.ncbi.nlm.nih.gov/geo/series/GSE248nnn/GSE248274/
GSE224346,Generation of human cerebral organoids with a structured outer subventricular zone,15,CSV,2024/04/15,ftp://ftp.ncbi.nlm.nih.gov/geo/series/GSE224nnn/GSE224346/
GSE263857,Effects of a humanized ectopic niche (human ossicle or hOss) on human hematopoiesis,3,"MTX, TSV",2024/04/14,ftp://ftp.ncbi.nlm.nih.gov/geo/series/GSE263nnn/GSE263857/
GSE228801,Patient-derived organoids of pancreatic ductal adenocarcinoma for subtype determination and clinical outcome prediction,14,CSV,2024/04/11,ftp://ftp.ncbi.nlm.nih.gov/geo/series/GSE228nnn/GSE228801/
GSE263394,Dolutegravir induces FOLR1 expression during brain organoid development.,5,XLSX,2024/04/10,ftp://ftp.ncbi.nlm.nih.gov/geo/series/GSE263nnn/GSE263394/
GSE263364,Characterization of human pancreatic tissue and organoids reveals subpopulation of intercalated duct cells with progenitor traits,23,TSV,2024/04/09,ftp://ftp.ncbi.nlm.nih.gov/geo/series/GSE263nnn/GSE263364/
GSE261158,Aberrant neurodevelopment in human iPS cell-derived models of Alexander disease.,10,,2024/04/07,ftp://ftp.ncbi.nlm.nih.gov/geo/series/GSE261nnn/GSE261158/
GSE261157,Aberrant neurodevelopment in human iPS cell-derived neural organoid model of Alexander disease,4,"CSV, TXT",2024/04/07,ftp://ftp.ncbi.nlm.nih.gov/geo/series/GSE261nnn/GSE261157/
GSE245416,Polymer-mediated oligo delivery enables construction of spatially encoded 3D cultures for analysis by single-cell RNA sequencing,12,"CSV, MTX, TSV",2024/04/07,ftp://ftp.ncbi.nlm.nih.gov/geo/series/GSE245nnn/GSE245416/
GSE246896,EGFR is a target of the tumor suppressor E3-ligase FBXW7,12,CSV,2024/04/03,ftp://ftp.ncbi.nlm.nih.gov/geo/series/GSE246nnn/GSE246896/
GSE210736, Chronic hypoxia remodels the tumor microenvironment to support glioma stem cell growth [scRNAseq+Multiome],39,"H5, MTX, TSV, TXT, XLSX",2024/04/03,ftp://ftp.ncbi.nlm.nih.gov/geo/series/GSE210nnn/GSE210736/
GSE254917,Sonic hedgehog medulloblastoma cells in co-culture with cerebellar organoids converge towards in vivo malignant cell states,7,"MTX, TSV",2024/04/01,ftp://ftp.ncbi.nlm.nih.gov/geo/series/GSE254nnn/GSE254917/
GSE252217,Castrate Resistant Prostate Cancer Response to Taxane is Determined by an HNF1-dependent Apoptosis Resistance Circuit,24,"BIGWIG, NARROWPEAK",2024/04/01,ftp://ftp.ncbi.nlm.nih.gov/geo/series/GSE252nnn/GSE252217/
GSE252216,Castrate Resistant Prostate Cancer Response to Taxane is Determined by an HNF1-dependent Apoptosis Resistance Circuit (RNA-Seq),8,CSV,2024/04/01,ftp://ftp.ncbi.nlm.nih.gov/geo/series/GSE252nnn/GSE252216/
GSE236197, NR2E3 loss disrupts photoreceptor cell maturation and fate in human organoid models of retinal development ,29,CSV,2024/04/01,ftp://ftp.ncbi.nlm.nih.gov/geo/series/GSE236nnn/GSE236197/
GSE262469,AMPK activation in response to hepatitis E virus infection inhibited viral replication by attenuating autophagosome and promoting innate immunity,15,TXT,2024/03/31,ftp://ftp.ncbi.nlm.nih.gov/geo/series/GSE262nnn/GSE262469/
GSE255878,FER kinase governs invasive tumor growth through dynamic control of oncogenic growth factor receptor activity,4,"MTX, TSV",2024/03/31,ftp://ftp.ncbi.nlm.nih.gov/geo/series/GSE255nnn/GSE255878/
GSE232464,Bioengineering of a human innervated cardiac muscle model,4,,2024/03/31,ftp://ftp.ncbi.nlm.nih.gov/geo/series/GSE232nnn/GSE232464/
GSE192819,"A ""living biobank"" of Crohn's Disease",54,TXT,2024/03/31,ftp://ftp.ncbi.nlm.nih.gov/geo/series/GSE192nnn/GSE192819/
GSE262627,Circadian transcriptome of pancreatic adenocarcinoma unravels chronotherapeutic targets.,68,TXT,2024/03/27,ftp://ftp.ncbi.nlm.nih.gov/geo/series/GSE262nnn/GSE262627/
GSE217832,Human cytomegalovirus dysregulates neurodevelopmental pathways in cerebral organoids,8,TXT,2024/03/27,ftp://ftp.ncbi.nlm.nih.gov/geo/series/GSE217nnn/GSE217832/
GSE262439,"Single-cell RNA-sequencing of human bronchial epithelial organoids infected by four different betacoronaviruses; HCoV-OC43, SARS-CoV, MERS-CoV, and SARS-CoV-2 and mock control.",15,TXT,2024/03/26,ftp://ftp.ncbi.nlm.nih.gov/geo/series/GSE262nnn/GSE262439/
GSE262110,Patient-derived response estimates from zero-passage organoids of luminal breast cancer,35,"CSV, TAB",2024/03/22,ftp://ftp.ncbi.nlm.nih.gov/geo/series/GSE262nnn/GSE262110/
GSE229116,The effect of Aryl hydrocarbon receptor (AHR) inhibitor CH-223191 on differentiation of human colon organoids,24,TSV,2024/03/22,ftp://ftp.ncbi.nlm.nih.gov/geo/series/GSE229nnn/GSE229116/
GSE241453,APOE3Christchurch modulates tau phosphorylation and β-catenin/Wnt signaling in iPS cell-derived cerebral organoids from Alzheimer’s cases,8,H5,2024/03/20,ftp://ftp.ncbi.nlm.nih.gov/geo/series/GSE241nnn/GSE241453/
GSE245474,RFX6 Regulates Human Intestinal Patterning and Function Upstream of PDX1,55,TXT,2024/03/19,ftp://ftp.ncbi.nlm.nih.gov/geo/series/GSE245nnn/GSE245474/
GSE230707,Long-term expandable mouse and human-induced nephron progenitor cells enable kidney organoid maturation and modeling of plasticity and disease,63,XLSX,2024/03/14,ftp://ftp.ncbi.nlm.nih.gov/geo/series/GSE230nnn/GSE230707/
GSE253230,Loss of UBE3A impacts both neuronal and non-neuronal cells in human cerebral organoids.,9,"MTX, TXT",2024/03/13,ftp://ftp.ncbi.nlm.nih.gov/geo/series/GSE253nnn/GSE253230/
GSE240597,Connectivity Mapping-based Identification and Pre-clinical Evaluation of ISOX: A Novel Therapeutic for Pancreatic Cancer,24,XLSX,2024/03/13,ftp://ftp.ncbi.nlm.nih.gov/geo/series/GSE240nnn/GSE240597/
GSE251886,Neural and Metabolic Dysregulation in PMM2 deficient human in vitro neural models,18,CSV,2024/03/12,ftp://ftp.ncbi.nlm.nih.gov/geo/series/GSE251nnn/GSE251886/
GSE206581,Effect of CLDN1 mAb on primary patient derived liver organoids,6,TSV,2024/03/12,ftp://ftp.ncbi.nlm.nih.gov/geo/series/GSE206nnn/GSE206581/
GSE261040,Epithelial relay of microbial signals coordinates intestinal macrophage supported barrier repair,48,TXT,2024/03/11,ftp://ftp.ncbi.nlm.nih.gov/geo/series/GSE261nnn/GSE261040/
GSE253412,Impaired T3 transport and action underlies the pathophisiology of the Allan-Herdon-Dudley syndrome,7,TXT,2024/03/11,ftp://ftp.ncbi.nlm.nih.gov/geo/series/GSE253nnn/GSE253412/
GSE261159,Gene expression dynamics of branching morphogenesis in pancreatic cancer organoids (2),181,TXT,2024/03/08,ftp://ftp.ncbi.nlm.nih.gov/geo/series/GSE261nnn/GSE261159/
GSE245288,Effects of overexpressing HNF4A on 3D cultured mouse and human colon organoid,14,"CSV, TXT",2024/03/08,ftp://ftp.ncbi.nlm.nih.gov/geo/series/GSE245nnn/GSE245288/
GSE240322,Highly functional intestinal monolayer through organoids derived from human iPS cells for drug discovery research,9,TXT,2024/03/06,ftp://ftp.ncbi.nlm.nih.gov/geo/series/GSE240nnn/GSE240322/
GSE260711,Chronic opioid treatment arrests neurodevelopment and alters synaptic activity in human midbrain organoids,5,"MTX, TSV",2024/03/05,ftp://ftp.ncbi.nlm.nih.gov/geo/series/GSE260nnn/GSE260711/
GSE248252,Biallelic null variants in PNPLA8 cause microcephaly through the reduced abundance of basal radial glia,2,CSV,2024/03/05,ftp://ftp.ncbi.nlm.nih.gov/geo/series/GSE248nnn/GSE248252/
GSE260532,KCNJ2 inhibition mitigates mechanical injury in human brain organoids [scRNA-seq],2,"MTX, TSV",2024/03/04,ftp://ftp.ncbi.nlm.nih.gov/geo/series/GSE260nnn/GSE260532/
GSE259432,KCNJ2 inhibition mitigates mechanical injury in human brain organoids,6,XLSX,2024/03/04,ftp://ftp.ncbi.nlm.nih.gov/geo/series/GSE259nnn/GSE259432/
GSE246046,Chromatin accessibility and transcriptomic responses to HDAC inhibitors in TP53 mutated patient-derived colon cancer organoids,30,BW,2024/03/04,ftp://ftp.ncbi.nlm.nih.gov/geo/series/GSE246nnn/GSE246046/
GSE246045,Chromatin accessibility and transcriptomic responses to HDAC inhibitors in TP53 mutated patient-derived colon cancer organoids [RNA-seq],18,TXT,2024/03/04,ftp://ftp.ncbi.nlm.nih.gov/geo/series/GSE246nnn/GSE246045/
GSE259381,Establishment of epithelial inflammatory injury model using adult kidney organoids [scRNA-seq],2,"MTX, TSV",2024/03/03,ftp://ftp.ncbi.nlm.nih.gov/geo/series/GSE259nnn/GSE259381/
GSE259376,Establishment of epithelial inflammatory injury model using adult kidney organoids [RNA-seq],16,TXT,2024/03/03,ftp://ftp.ncbi.nlm.nih.gov/geo/series/GSE259nnn/GSE259376/
GSE259219,Cas13bt3 knockdown of VEGFA mRNA in retinal organoid [scRNA-Seq],3,"MTX, TSV",2024/03/01,ftp://ftp.ncbi.nlm.nih.gov/geo/series/GSE259nnn/GSE259219/
GSE255188,Single-cell sequencing analysis of spinal cord motor neuron organoids (scMN-Organs),2,TAR,2024/03/01,ftp://ftp.ncbi.nlm.nih.gov/geo/series/GSE255nnn/GSE255188/
GSE242908,Harnessing developmental dynamics of spinal cord extracellular matrix improves regenerative potential of spinal cord organoids,21,TXT,2024/03/01,ftp://ftp.ncbi.nlm.nih.gov/geo/series/GSE242nnn/GSE242908/
GSE240747,SPARC boost cholesterol-dependent aggressive phenotype and sorafenib resistance in hepatocellular carcinoma,6,XLSX,2024/03/01,ftp://ftp.ncbi.nlm.nih.gov/geo/series/GSE240nnn/GSE240747/
GSE233539,A human iPSC-derived multilineage liver organoid model containing Kupffer cells to study human sepsis-associated liver dysfunction,22,,2024/03/01,ftp://ftp.ncbi.nlm.nih.gov/geo/series/GSE233nnn/GSE233539/
GSE233538,A human iPSC-derived multilineage liver organoid model containing Kupffer cells to study human sepsis-associated liver dysfunction [hiPSC-EMP-KC-pKC],12,XLSX,2024/03/01,ftp://ftp.ncbi.nlm.nih.gov/geo/series/GSE233nnn/GSE233538/
GSE233483,A human iPSC-derived multilineage liver organoid model containing Kupffer cells to study human sepsis-associated liver dysfunction [KuLOs],10,TXT,2024/03/01,ftp://ftp.ncbi.nlm.nih.gov/geo/series/GSE233nnn/GSE233483/
GSE214105,Cerebral organoids display dynamic clonal growth with lineage replenishment,9,"CSV, MTX, TSV, TXT",2024/03/01,ftp://ftp.ncbi.nlm.nih.gov/geo/series/GSE214nnn/GSE214105/
GSE241335,Comparison of iPSC-derived alveolar epithelial cell culture methods,12,CSV,2024/02/29,ftp://ftp.ncbi.nlm.nih.gov/geo/series/GSE241nnn/GSE241335/
GSE235866,PRPF8-mediated dysregulation of hBrr2 helicase disrupts human spliceosome kinetics and 5´-splice-site selection causing tissue-specific defects,8,CSV,2024/02/29,ftp://ftp.ncbi.nlm.nih.gov/geo/series/GSE235nnn/GSE235866/
GSE225147,Modelling host-Trypanosoma brucei gambiense interactions in vitro using human induced pluripotent stem cell-derived cortical brain organoids,6,H5,2024/02/29,ftp://ftp.ncbi.nlm.nih.gov/geo/series/GSE225nnn/GSE225147/
GSE253561,Bidirectional crosstalk between cancer cells and cancer-associated fibroblasts in mixed organoid system elicits transcriptomic characteristics of pancreatic cancer with potential therapeutic vulnerabilities,18,"MTX, TSV, TXT",2024/02/28,ftp://ftp.ncbi.nlm.nih.gov/geo/series/GSE253nnn/GSE253561/
GSE253559,Bidirectional crosstalk between cancer cells and cancer-associated fibroblasts in mixed organoid system elicits transcriptomic characteristics of pancreatic cancer with potential therapeutic vulnerabilities [scRNA-seq],3,"MTX, TSV",2024/02/28,ftp://ftp.ncbi.nlm.nih.gov/geo/series/GSE253nnn/GSE253559/
GSE253558,Bidirectional crosstalk between cancer cells and cancer-associated fibroblasts in mixed organoid system elicits transcriptomic characteristics of pancreatic cancer with potential therapeutic vulnerabilities [RNA-seq],15,TXT,2024/02/28,ftp://ftp.ncbi.nlm.nih.gov/geo/series/GSE253nnn/GSE253558/
GSE236847,Epigenomic Analyses Identify FOXM1 As a Key Regulator of Anti-Tumor Immune Response in Esophageal Adenocarcinoma,6,"NARROWPEAK, TXT",2024/02/28,ftp://ftp.ncbi.nlm.nih.gov/geo/series/GSE236nnn/GSE236847/
GSE234424,"Effect of IFN-α and IFN-γ on gene expression of 3D organoids derived from telomerase-immortalized normal human esophageal keratinocyte cell line, EPC2-hTERT.",3,TXT,2024/02/26,ftp://ftp.ncbi.nlm.nih.gov/geo/series/GSE234nnn/GSE234424/
GSE256405,SIGNAL-seq: Multimodal Single-cell Inter- and Intra-cellular Signalling Analysis,10,,2024/02/24,ftp://ftp.ncbi.nlm.nih.gov/geo/series/GSE256nnn/GSE256405/
GSE256404,SIGNAL-seq: Multimodal Single-cell Inter- and Intra-cellular Signalling Analysis II,8,"CSV, H5AD",2024/02/24,ftp://ftp.ncbi.nlm.nih.gov/geo/series/GSE256nnn/GSE256404/
GSE256403,SIGNAL-seq: Multimodal Single-cell Inter- and Intra-cellular Signalling Analysis I,2,"CSV, H5AD",2024/02/24,ftp://ftp.ncbi.nlm.nih.gov/geo/series/GSE256nnn/GSE256403/
GSE245719,Thalamocortical organoids reveal axonogenesis phenotypes of 22q11.2 microdeletion [scRNA-seq],13,"MTX, TSV",2024/02/22,ftp://ftp.ncbi.nlm.nih.gov/geo/series/GSE245nnn/GSE245719/
GSE190729,Advanced Complexity and Short-Term Plasticity of Neural Activity in Reciprocally Connected Human Cerebral Organoids,3,"MTX, TSV",2024/02/22,ftp://ftp.ncbi.nlm.nih.gov/geo/series/GSE190nnn/GSE190729/
GSE255958,Focal adhesion kinase-YAP signaling axis drives drug-tolerant persister cells and residual disease in NSCLC,82,RESULTS,2024/02/20,ftp://ftp.ncbi.nlm.nih.gov/geo/series/GSE255nnn/GSE255958/
GSE254441,Gene expression profile at single cell level of human pneumocytes and fibroblasts cultured as organoids,1,CSV,2024/02/19,ftp://ftp.ncbi.nlm.nih.gov/geo/series/GSE254nnn/GSE254441/
GSE229834,The Role of KDM2A and H3K36me2 Demethylation in Modulating MAPK Signaling during Neurodevelopment [RNA-seq],24,TXT,2024/02/18,ftp://ftp.ncbi.nlm.nih.gov/geo/series/GSE229nnn/GSE229834/
GSE229836,The Role of KDM2A and H3K36me2 Demethylation in Modulating MAPK Signaling during Neurodevelopment.,32,TXT,2024/02/17,ftp://ftp.ncbi.nlm.nih.gov/geo/series/GSE229nnn/GSE229836/
GSE236702,PRPF8-mediated dysregulation of hBrr2 helicase disrupts human spliceosome kinetics and 5'-splice-site selection causing tissue-specific defects,96,TSV,2024/02/16,ftp://ftp.ncbi.nlm.nih.gov/geo/series/GSE236nnn/GSE236702/
GSE235585,Deciphering the spatio-temporal transcriptional and chromatin accessibility of human retinal organoid development at the single cell level,40,"CSV, JSON, PNG",2024/02/15,ftp://ftp.ncbi.nlm.nih.gov/geo/series/GSE235nnn/GSE235585/
GSE235582,Deciphering the spatio-temporal transcriptional and chromatin accessibility of human retinal organoid development at the single cell level [scRNA-Seq],8,CSV,2024/02/15,ftp://ftp.ncbi.nlm.nih.gov/geo/series/GSE235nnn/GSE235582/
GSE244281,Patterning ganglionic eminences in developing human brain organoids using morphogen gradient inducing device,1,H5,2024/02/14,ftp://ftp.ncbi.nlm.nih.gov/geo/series/GSE244nnn/GSE244281/
GSE255300,Global decay of regulatory chromatin architecture promotes rebalancing of gene expression during colorectal cancer development [RNA-seq II],24,"CSV, SF",2024/02/11,ftp://ftp.ncbi.nlm.nih.gov/geo/series/GSE255nnn/GSE255300/
GSE249581,Stably-Inverted Apical-Out Human Upper Airway Organoids for SARS-CoV-2 Infection and Therapeutic Testing,26,"MTX, TSV",2024/02/09,ftp://ftp.ncbi.nlm.nih.gov/geo/series/GSE249nnn/GSE249581/
GSE249570,Stably-Inverted Apical-Out Human Upper Airway Organoids for SARS-CoV-2 Infection and Therapeutic Testing,2,"MTX, TSV",2024/02/09,ftp://ftp.ncbi.nlm.nih.gov/geo/series/GSE249nnn/GSE249570/
GSE247094,Stably-Inverted Apical-Out Human Upper Airway Organoids for SARS-CoV-2 Infection and Therapeutic Testing,24,CSV,2024/02/09,ftp://ftp.ncbi.nlm.nih.gov/geo/series/GSE247nnn/GSE247094/
GSE225031,Mutation of PAX3 gene impairs otic vesicles via inhibiting the Wnt1/β-catenin signaling pathway in inner ear organoids of Waardenburg syndrome type I,12,XLSX,2024/02/07,ftp://ftp.ncbi.nlm.nih.gov/geo/series/GSE225nnn/GSE225031/
GSE254817,Construction of a dorsal-ventral patterned neural tube organoid from pluripotent stem cells.,3,ZIP,2024/02/06,ftp://ftp.ncbi.nlm.nih.gov/geo/series/GSE254nnn/GSE254817/
GSE254830,A highly reproducible and efficient method for retinal organoid differentiation from human pluripotent stem cells,12,TXT,2024/02/05,ftp://ftp.ncbi.nlm.nih.gov/geo/series/GSE254nnn/GSE254830/
GSE224766,"Generation of human induced pluripotent stem cell-derived 3D human diencephalic organoids, and comparison to a human primary tissue",2,"MTX, TSV",2024/02/05,ftp://ftp.ncbi.nlm.nih.gov/geo/series/GSE224nnn/GSE224766/
GSE232787,Multi-ome profiling (paired RNAseq and ATACseq) of human iPSC-derived renal organoids over the period of MET,12,"H5, MTX, TBI, TSV",2024/02/01,ftp://ftp.ncbi.nlm.nih.gov/geo/series/GSE232nnn/GSE232787/
GSE168635,Direct Reprogramming of Human Astrocytes into Spinal Cord Organoids Facilitating Spinal Cord Regeneration,12,TXT,2024/02/01,ftp://ftp.ncbi.nlm.nih.gov/geo/series/GSE168nnn/GSE168635/
GSE235331,ISR inhibition reverses pancreatic β-cell failure in Wolfram syndrome models,2,"MTX, TSV",2024/01/30,ftp://ftp.ncbi.nlm.nih.gov/geo/series/GSE235nnn/GSE235331/
GSE239283,Il-17 Signaling in Primary Sclerosing Cholangitis Patient-Derived Organoids,16,"MTX, TSV",2024/01/29,ftp://ftp.ncbi.nlm.nih.gov/geo/series/GSE239nnn/GSE239283/
GSE247890,A multidimensional atlas of human glioblastoma-like organoids reveals highly coordinated molecular networks and effective drugs [RNA-seq],23,TXT,2024/01/26,ftp://ftp.ncbi.nlm.nih.gov/geo/series/GSE247nnn/GSE247890/
GSE213835,Genetically defined human GBM organoids reveal principles of GBM development and actionable targets,8,TXT,2024/01/26,ftp://ftp.ncbi.nlm.nih.gov/geo/series/GSE213nnn/GSE213835/
GSE240649,"Patient derived organoid established under hypoxic is preferrentially enriched for Moffitt, basal like subtype that corresponse to the dedifferentiate portion of the tumour section.",12,TXT,2024/01/25,ftp://ftp.ncbi.nlm.nih.gov/geo/series/GSE240nnn/GSE240649/
GSE184448,"RNA-seq transcriptional profiling in primary human hepatocytes, short- and long-term cultured Proliferating human hepatocytes (in vitro/in vivo)",9,TXT,2024/01/25,ftp://ftp.ncbi.nlm.nih.gov/geo/series/GSE184nnn/GSE184448/
GSE245250,Localized T3 production modifies the transcriptome and promotes the hepatocyte-like lineage in iPSC-derived hepatic organoidslineage in iPSC-derived hepatic organoids,1,"CSV, MTX, XLSX",2024/01/24,ftp://ftp.ncbi.nlm.nih.gov/geo/series/GSE245nnn/GSE245250/
GSE252524,Chronic exposure to glucocorticoids amplifies inhibitory neuron cell fate during human neurodevelopment in organoids.,36,"CSV, H5, MTX, TBI, TSV",2024/01/22,ftp://ftp.ncbi.nlm.nih.gov/geo/series/GSE252nnn/GSE252524/
GSE252522,Chronic exposure to glucocorticoids amplifies inhibitory neuron cell fate during human neurodevelopment in organoids [scRNA-seq],32,"MTX, TSV",2024/01/22,ftp://ftp.ncbi.nlm.nih.gov/geo/series/GSE252nnn/GSE252522/
GSE253688,Oncogenic KRAS induces arginine auxotrophy in non-small cell lung cancer and confers a therapeutic vulnerability to SLC7A1 inhibition,6,XLSX,2024/01/20,ftp://ftp.ncbi.nlm.nih.gov/geo/series/GSE253nnn/GSE253688/
GSE253679,Immunogenicity of autologous and allogeneic human primary cholangiocyte organoids,91,CSV,2024/01/20,ftp://ftp.ncbi.nlm.nih.gov/geo/series/GSE253nnn/GSE253679/
GSE253222,Modular Tissue-in-a-CUBE platform to model blood-brain barrier (BBB) and brain interaction,21,XLSX,2024/01/18,ftp://ftp.ncbi.nlm.nih.gov/geo/series/GSE253nnn/GSE253222/
GSE247360,ABCA7 deficiency causes neuronal dysregulation by altering mitochondrial lipid metabolism,10,TSV,2024/01/17,ftp://ftp.ncbi.nlm.nih.gov/geo/series/GSE247nnn/GSE247360/
GSE244236,Transcriptome analysis of adenomyosis eutopic endometrium reveals molecular mechanisms involved in adenomyosis-related implantation failure and pregnancy disorders,57,XLSX,2024/01/17,ftp://ftp.ncbi.nlm.nih.gov/geo/series/GSE244nnn/GSE244236/
GSE185472,Morphological diversification and functional maturation of human astrocytes in glia-enriched cortical organoids transplanted in the mouse brain,12,"MTX, TAR, TSV, TXT",2024/01/16,ftp://ftp.ncbi.nlm.nih.gov/geo/series/GSE185nnn/GSE185472/
GSE252944,Cholesterol biosynthesis inhibition synergizes with AKT inhibitors in triple-negative breast cancer,48,TXT,2024/01/14,ftp://ftp.ncbi.nlm.nih.gov/geo/series/GSE252nnn/GSE252944/
GSE252761,Loss of GTF2I promotes neuronal apoptosis and synaptic reduction in human cellular models of neurodevelopment,4,CSV,2024/01/11,ftp://ftp.ncbi.nlm.nih.gov/geo/series/GSE252nnn/GSE252761/
GSE252752,N6-methyladenosine reader YTHDF1 promotes stemness and therapeutic resistance in hepatocellular carcinoma by enhancing NOTCH1 expression,22,XLSX,2024/01/11,ftp://ftp.ncbi.nlm.nih.gov/geo/series/GSE252nnn/GSE252752/
GSE242382,"Single-cell characterization of human conjunctiva tissue, organoids and air-liquid interface cultures (10X)",4,"MTX, TSV",2024/01/11,ftp://ftp.ncbi.nlm.nih.gov/geo/series/GSE242nnn/GSE242382/
GSE216851,SARS-CoV-2-induced disruption of a vascular bed in a microphysiological system caused by type-I interferon from bronchial organoids,6,TXT,2024/01/11,ftp://ftp.ncbi.nlm.nih.gov/geo/series/GSE216nnn/GSE216851/
GSE205925,Effect of HSV1 and hAdV8 infection in human conjunctiva air-liquid interface cultures,10,TXT,2024/01/11,ftp://ftp.ncbi.nlm.nih.gov/geo/series/GSE205nnn/GSE205925/
GSE234804,Orthotopic CRC organoid transplantation in mice: A novel model for the study and treatment of peritoneal carcinomatosis [Whole-tumour human scRNA-Seq],13,H5SEURAT,2024/01/10,ftp://ftp.ncbi.nlm.nih.gov/geo/series/GSE234nnn/GSE234804/
GSE220507,Orthotopic CRC organoid transplantation in mice: A novel model for the study and treatment of peritoneal carcinomatosis,19,H5SEURAT,2024/01/10,ftp://ftp.ncbi.nlm.nih.gov/geo/series/GSE220nnn/GSE220507/
GSE248481,Human fetal brain self-organizes into long-term expanding organoids,59,"MTX, TSV",2024/01/08,ftp://ftp.ncbi.nlm.nih.gov/geo/series/GSE248nnn/GSE248481/
GSE248480,Human fetal brain self-organizes into long-term expanding organoids (scRNA-Seq),6,"MTX, TSV",2024/01/08,ftp://ftp.ncbi.nlm.nih.gov/geo/series/GSE248nnn/GSE248480/
GSE248479,Human fetal brain self-organizes into long-term expanding organoids (bulk RNA-Seq),53,CSV,2024/01/08,ftp://ftp.ncbi.nlm.nih.gov/geo/series/GSE248nnn/GSE248479/
GSE229265,Trophoblast syncytialization maintains the placenta-heart axis,6,CSV,2024/01/06,ftp://ftp.ncbi.nlm.nih.gov/geo/series/GSE229nnn/GSE229265/
GSE251765,OLFM4 promotes the progression of intestinal metaplasia through MYH9/GSK3β/β-catenin pathway,4,XLS,2024/01/01,ftp://ftp.ncbi.nlm.nih.gov/geo/series/GSE251nnn/GSE251765/
GSE236250,BET inhibitor JQ-1 combined with cardamonin can inhibit the invasion and metastasis of triple-negative breast cancer cells,12,TXT,2024/01/01,ftp://ftp.ncbi.nlm.nih.gov/geo/series/GSE236nnn/GSE236250/
GSE223811,Therapeutic Blocking of VEGF Binding to Neuropilin-2 Diminishes PD-L1 Expression to Activate Anti-Tumor Immunity in Prostate Cancer,6,XLSX,2024/01/01,ftp://ftp.ncbi.nlm.nih.gov/geo/series/GSE223nnn/GSE223811/
GSE231436,Multi-omic study of genome-edited human colonoids reveal patterns of microRNA regulation specific to different colorectal cancer mutation profiles,34,CSV,2023/12/31,ftp://ftp.ncbi.nlm.nih.gov/geo/series/GSE231nnn/GSE231436/
GSE220537,Liver organoids generated from individuals carrying PiZZ variant of alpha-1-antitrypsin contain high lipid content,7,TXT,2023/12/31,ftp://ftp.ncbi.nlm.nih.gov/geo/series/GSE220nnn/GSE220537/
GSE215174,Hypothalamus-specific NSCs derived from human brain organoids ameliorate age-associated dysfunction upon transplantation into aged mouse hypothalamus,5,"MTX, TSV",2023/12/31,ftp://ftp.ncbi.nlm.nih.gov/geo/series/GSE215nnn/GSE215174/
GSE215173,Hypothalamus-specific NSCs derived from human brain organoids ameliorate age-associated dysfunction upon transplantation into aged mouse hypothalamus [human],1,"MTX, TSV",2023/12/31,ftp://ftp.ncbi.nlm.nih.gov/geo/series/GSE215nnn/GSE215173/
GSE209832,The FOXP3+ pro-inflammatory T cell: A Potential Therapeutic Target in Crohn’s Disease,11,H5,2023/12/31,ftp://ftp.ncbi.nlm.nih.gov/geo/series/GSE209nnn/GSE209832/
GSE243230,IL-22 promotes cell proliferation to combat virus infection in human intestinal epithelial cells,48,CSV,2023/12/30,ftp://ftp.ncbi.nlm.nih.gov/geo/series/GSE243nnn/GSE243230/
GSE248341,Adherent reformed islets: a long-term primary cell-based platform for exploring mouse and human islet biology,6,TSV,2023/12/25,ftp://ftp.ncbi.nlm.nih.gov/geo/series/GSE248nnn/GSE248341/
GSE250386,iPSC-derived models of PACS1 syndrome reveal transcriptional and functional deficits in neuron activity,9,"MTX, TSV",2023/12/22,ftp://ftp.ncbi.nlm.nih.gov/geo/series/GSE250nnn/GSE250386/
GSE250520,Human cardiac organoids to model COVID‐19 cytokine storm induced cardiac injuries,6,XLSX,2023/12/20,ftp://ftp.ncbi.nlm.nih.gov/geo/series/GSE250nnn/GSE250520/
GSE247359,Membrane to cortex attachment determines different mechanical phenotypes in LGR5+ and LGR5- colorectal cancer cells,7,XLSX,2023/12/20,ftp://ftp.ncbi.nlm.nih.gov/geo/series/GSE247nnn/GSE247359/
GSE250424,EP300 facilitates human trophoblast stem cell differentiation.,14,TXT,2023/12/19,ftp://ftp.ncbi.nlm.nih.gov/geo/series/GSE250nnn/GSE250424/
GSE248183,Modeling the next-generation of rhabdomyosarcoma organoids to predict effective drug combinations,71,"IDAT, MTX, TSV, TXT",2023/12/19,ftp://ftp.ncbi.nlm.nih.gov/geo/series/GSE248nnn/GSE248183/
GSE248178,Modeling the next-generation of rhabdomyosarcoma organoids to predict effective drug combinations [scRNAseq],2,"MTX, TSV",2023/12/19,ftp://ftp.ncbi.nlm.nih.gov/geo/series/GSE248nnn/GSE248178/
GSE248177,Modeling the next-generation of rhabdomyosarcoma organoids to predict effective drug combinations [RNAseq],29,TXT,2023/12/19,ftp://ftp.ncbi.nlm.nih.gov/geo/series/GSE248nnn/GSE248177/
GSE228804,Engrailed-1 Promotes Pancreatic Cancer Metastasis [RNA-Seq],14,TXT,2023/12/19,ftp://ftp.ncbi.nlm.nih.gov/geo/series/GSE228nnn/GSE228804/
GSE234877,Staufen1 Represses the FOXA1-Regulated Transcriptome by Destabilizing FOXA1 mRNA in Colorectal Cancer Cells,22,RESULTS,2023/12/18,ftp://ftp.ncbi.nlm.nih.gov/geo/series/GSE234nnn/GSE234877/
GSE220994,Single cell-guided prenatal derivation of primary fetal epithelial organoids from the human amniotic and tracheal fluids,255,"CSV, RDS, XLSX",2023/12/15,ftp://ftp.ncbi.nlm.nih.gov/geo/series/GSE220nnn/GSE220994/
GSE220781,Mesenchymal stem/stromal cells from human pluripotent stem cell-derived brain organoid enhance the ex vivo expansion and maintenance of hematopoietic stem/progenitor cells,27,XLSX,2023/12/13,ftp://ftp.ncbi.nlm.nih.gov/geo/series/GSE220nnn/GSE220781/
GSE249726,Pien Tze Huang Targets Cancer Proliferation and Inhibits Growth of Patient-derived Organoid and Xenograft Tumors in Pancreatic Cancer,6,TXT,2023/12/12,ftp://ftp.ncbi.nlm.nih.gov/geo/series/GSE249nnn/GSE249726/
GSE249624,Apically localized PANX1 impacts neuroepithelial expansion in human cerebral organoids,4,CSV,2023/12/12,ftp://ftp.ncbi.nlm.nih.gov/geo/series/GSE249nnn/GSE249624/
GSE244629,Hypoxia inducible microRNA-155 negatively regulates epithelial barrier in Eosinophilic Esophagitis by suppressing Tight Junction Claudin-7,8,TXT,2023/12/12,ftp://ftp.ncbi.nlm.nih.gov/geo/series/GSE244nnn/GSE244629/
GSE249160,Human apical-out nasal organoids reveal an essential role of matrix metalloproteinases in airway epithelial differentiation,24,TXT,2023/12/11,ftp://ftp.ncbi.nlm.nih.gov/geo/series/GSE249nnn/GSE249160/
GSE220847,Cortical organoids in Huntington’s disease reveal a chaotic premature corticogenesis cascade and precede HD subcortical projections,24,TXT,2023/12/11,ftp://ftp.ncbi.nlm.nih.gov/geo/series/GSE220nnn/GSE220847/
GSE237780,Generation of antigen-specific mature T cells from RAG1−/−RAG2−/−B2M−/− stem cells by engineering their microenvironment,21,"CSV, MTX, TSV",2023/12/07,ftp://ftp.ncbi.nlm.nih.gov/geo/series/GSE237nnn/GSE237780/
GSE239386,Trellis Single-Cell Screening Reveals Stromal Regulation of Patient-Derived Organoid Drug Responses,4,H5AD,2023/12/06,ftp://ftp.ncbi.nlm.nih.gov/geo/series/GSE239nnn/GSE239386/
GSE229062,Marker-based CRISPR screening reveals a direct MED12-p63 interaction that activates basal identity in pancreatic ductal adenocarcinoma,276,"BW, H5SEURAT, TXT",2023/12/06,ftp://ftp.ncbi.nlm.nih.gov/geo/series/GSE229nnn/GSE229062/
GSE249005,Generation of complex human induced pluripotent stem cell-derived bone marrow organoids,5,"MTX, TSV, XLSX",2023/12/04,ftp://ftp.ncbi.nlm.nih.gov/geo/series/GSE249nnn/GSE249005/
GSE247381,Patient and xenograft-derived organoids recapitulate pediatric brain tumors features and patient treatments,15,"IDAT, MTX, TSV",2023/12/01,ftp://ftp.ncbi.nlm.nih.gov/geo/series/GSE247nnn/GSE247381/
GSE247380,Patient and xenograft-derived organoids recapitulate pediatric brain tumors features and patient treatments [scRNA-Seq],3,"MTX, TSV",2023/12/01,ftp://ftp.ncbi.nlm.nih.gov/geo/series/GSE247nnn/GSE247380/
GSE240676,Cross-species comparison reveals therapeutic vulnerabilities halting glioblastoma progression,1579,"CSV, MTX, TSV",2023/12/01,ftp://ftp.ncbi.nlm.nih.gov/geo/series/GSE240nnn/GSE240676/
GSE240675,Cross-species comparison reveals therapeutic vulnerabilities halting glioblastoma progression,15,"CSV, MTX, TSV",2023/12/01,ftp://ftp.ncbi.nlm.nih.gov/geo/series/GSE240nnn/GSE240675/
GSE233439,Engineering Large-Scale and Innervated Functional Human Gut for Transplantation,6,TXT,2023/12/01,ftp://ftp.ncbi.nlm.nih.gov/geo/series/GSE233nnn/GSE233439/
GSE233436,Mesenchymal WNT2B is required for the maintenance of the human small intestinal epithelium,18,TXT,2023/12/01,ftp://ftp.ncbi.nlm.nih.gov/geo/series/GSE233nnn/GSE233436/
GSE231546,ARID1B controls transcriptional programs of axon projection in an organoid model of the human corpus callosum,25,"RDS, TSV",2023/12/01,ftp://ftp.ncbi.nlm.nih.gov/geo/series/GSE231nnn/GSE231546/
GSE207071,Transcriptome and chromatin changes during CRC organoid outgrowth as proxy for metastatic outgrowth,53,TXT,2023/12/01,ftp://ftp.ncbi.nlm.nih.gov/geo/series/GSE207nnn/GSE207071/
GSE207070,Transcriptome and chromatin changes during CRC organoid outgrowth as proxy for metastatic outgrowth [bulkRNAseq_AKP],11,TXT,2023/12/01,ftp://ftp.ncbi.nlm.nih.gov/geo/series/GSE207nnn/GSE207070/
GSE207069,Transcriptome and chromatin changes during CRC organoid outgrowth as proxy for metastatic outgrowth [bulkRNAseq_AKPS],21,TXT,2023/12/01,ftp://ftp.ncbi.nlm.nih.gov/geo/series/GSE207nnn/GSE207069/
GSE197461,Decipher heterogeneity of cervical squamous cell carcinoma and adenocarcinoma with different HPV status: combining scRNA and TCR-seq with 3D organoid,16,"CSV, MTX, TSV",2023/12/01,ftp://ftp.ncbi.nlm.nih.gov/geo/series/GSE197nnn/GSE197461/
GSE189228,Establishment of a 3D hyperuricemia model based on cultured human liver organoids,6,TXT,2023/12/01,ftp://ftp.ncbi.nlm.nih.gov/geo/series/GSE189nnn/GSE189228/
GSE215875,Human iPSC-derived renal collecting duct organoids model cystogenesis in ADPKD,6,TXT,2023/11/30,ftp://ftp.ncbi.nlm.nih.gov/geo/series/GSE215nnn/GSE215875/
GSE237528,Human iPSC-derived renal collecting duct organoids model cystogenesis in ADPKD,2,"MTX, TSV",2023/11/29,ftp://ftp.ncbi.nlm.nih.gov/geo/series/GSE237nnn/GSE237528/
GSE169220,POU5F1 induces cellular heterogeneity in colorectal cancer,2,H5,2023/11/29,ftp://ftp.ncbi.nlm.nih.gov/geo/series/GSE169nnn/GSE169220/
GSE222991,Functional Genomics of human pancreatic acinar and ductal cells,47,COV,2023/11/28,ftp://ftp.ncbi.nlm.nih.gov/geo/series/GSE222nnn/GSE222991/
GSE222990,RNA sequencing of human pancreatic acinar and ductal cells,28,TXT,2023/11/27,ftp://ftp.ncbi.nlm.nih.gov/geo/series/GSE222nnn/GSE222990/
GSE201859,Epithelial zonation along the mammalian small intestine defines five discrete metabolic domains,29,"CSV, MTX, TSV",2023/11/27,ftp://ftp.ncbi.nlm.nih.gov/geo/series/GSE201nnn/GSE201859/
GSE240058,Temporal evolution reveals bifurcated lineages in aggressive neuroendocrine small cell prostate cancer trans-differentiation,71,,2023/11/24,ftp://ftp.ncbi.nlm.nih.gov/geo/series/GSE240nnn/GSE240058/
GSE240057,Temporal evolution reveals bifurcated lineages in aggressive neuroendocrine small cell prostate cancer trans-differentiation (Bulk RNA-Seq),55,TXT,2023/11/24,ftp://ftp.ncbi.nlm.nih.gov/geo/series/GSE240nnn/GSE240057/
GSE225011,Triptolide analogs induced apoptosis on pancreatic cancer patient-derived organoids,32,TXT,2023/11/24,ftp://ftp.ncbi.nlm.nih.gov/geo/series/GSE225nnn/GSE225011/
GSE248373,Jiedu Xiaozheng Yin extract targets cancer stem cell signaling and inhibits patient-derived organoid and xenograft tumor growth in colorectal cancer,8,TXT,2023/11/23,ftp://ftp.ncbi.nlm.nih.gov/geo/series/GSE248nnn/GSE248373/
GSE216718,TREX1 is required for microglial cholesterol homeostasis and subsequent oligodendrocyte maturation during brain development,13,"MTX, TSV, TXT",2023/11/23,ftp://ftp.ncbi.nlm.nih.gov/geo/series/GSE216nnn/GSE216718/
GSE216702,TREX1 is required for microglial cholesterol homeostasis and subsequent oligodendrocyte maturation during brain development [bulk RNA-seq],8,TXT,2023/11/23,ftp://ftp.ncbi.nlm.nih.gov/geo/series/GSE216nnn/GSE216702/
GSE243159,ATGL deletion in castration-resistant prostate cancer cell line,15,TSV,2023/11/22,ftp://ftp.ncbi.nlm.nih.gov/geo/series/GSE243nnn/GSE243159/
GSE230009,TGF-β induces matrisome pathological alterations and EMT in patient-derived prostate cancer tumoroids,10,TSV,2023/11/22,ftp://ftp.ncbi.nlm.nih.gov/geo/series/GSE230nnn/GSE230009/
GSE221032,Single cell RNA sequencing of human cortical organoids integrated with kirigami electronics.,4,"MTX, TSV",2023/11/22,ftp://ftp.ncbi.nlm.nih.gov/geo/series/GSE221nnn/GSE221032/
GSE207546,Choroid plexus mast cells drive tumor-associated hydrocephalus,15,"MTX, TAR, TSV, XLSX",2023/11/22,ftp://ftp.ncbi.nlm.nih.gov/geo/series/GSE207nnn/GSE207546/
GSE247974,Human Cerebellar Organoids with functional Purkinje Cells,3,"MTX, TSV, TXT",2023/11/21,ftp://ftp.ncbi.nlm.nih.gov/geo/series/GSE247nnn/GSE247974/
GSE218582,Single-cell transcriptional analysis of developmental maturation strategies for human pluripotent stem cell-derived heart organoids,4,"CLOUPE, MTX, TAR, TSV",2023/11/21,ftp://ftp.ncbi.nlm.nih.gov/geo/series/GSE218nnn/GSE218582/
GSE223989,The effector program of human CD8 T cells can support tissue remodeling abilities.,38,,2023/11/20,ftp://ftp.ncbi.nlm.nih.gov/geo/series/GSE223nnn/GSE223989/
GSE223988,The effector program of human CD8 T cells can promote both target cell killing and tissue remodeling (HaCaT),20,CSV,2023/11/20,ftp://ftp.ncbi.nlm.nih.gov/geo/series/GSE223nnn/GSE223988/
GSE223987,The effector program of human CD8 T cells can promote both target cell killing and tissue remodeling (MRC5),18,CSV,2023/11/20,ftp://ftp.ncbi.nlm.nih.gov/geo/series/GSE223nnn/GSE223987/
GSE219018,Chemically defined and scalable culture system for intestinal stem cells derived from human intestinal organoids,13,"MTX, TSV, TXT",2023/11/20,ftp://ftp.ncbi.nlm.nih.gov/geo/series/GSE219nnn/GSE219018/
GSE219017,Chemically defined and scalable culture system for intestinal stem cells derived from human intestinal organoids (scRNA-Seq),1,"MTX, TSV",2023/11/20,ftp://ftp.ncbi.nlm.nih.gov/geo/series/GSE219nnn/GSE219017/
GSE219016,Chemically defined and scalable culture system for intestinal stem cells derived from human intestinal organoids (RNA-Seq),12,TXT,2023/11/20,ftp://ftp.ncbi.nlm.nih.gov/geo/series/GSE219nnn/GSE219016/
GSE241127,iPSC-derived microglia export cholesterol to neuronal cells in human brain organoids and promote their maturation,6,TXT,2023/11/15,ftp://ftp.ncbi.nlm.nih.gov/geo/series/GSE241nnn/GSE241127/
GSE247087,Co-repressor CDYL confers forebrain identity to human cortical organoids by negatively regulating NNAT,26,BW,2023/11/13,ftp://ftp.ncbi.nlm.nih.gov/geo/series/GSE247nnn/GSE247087/
GSE247084,Co-repressor CDYL confers forebrain identity to human cortical organoids by negatively regulating NNAT [RNA-Seq],18,CSV,2023/11/13,ftp://ftp.ncbi.nlm.nih.gov/geo/series/GSE247nnn/GSE247084/
GSE243649,Incorporation of human iPS cell-derived stroma creates a pancreatic cancer organoid with heterogeneous cancer-associated fibroblasts [scRNA-Seq],2,"MTX, TSV",2023/11/13,ftp://ftp.ncbi.nlm.nih.gov/geo/series/GSE243nnn/GSE243649/
GSE243647,Incorporation of human iPS cell-derived stroma creates a pancreatic cancer organoid with heterogeneous cancer-associated fibroblasts [AmpliSeq],31,CSV,2023/11/13,ftp://ftp.ncbi.nlm.nih.gov/geo/series/GSE243nnn/GSE243647/
GSE247420,Effects of O2 concentration on endeometrial organoids within collagen-based gel (70% type I collagen and 30% matrigel),4,CSV,2023/11/12,ftp://ftp.ncbi.nlm.nih.gov/geo/series/GSE247nnn/GSE247420/
GSE243651,Incorporation of human iPS cell-derived stroma creates a pancreatic cancer organoid with heterogeneous cancer-associated fibroblasts,33,"MTX, TSV",2023/11/12,ftp://ftp.ncbi.nlm.nih.gov/geo/series/GSE243nnn/GSE243651/
GSE241052,snRNA-seq analysis of apical-out endometrial organoids including endometrial stromal cells and human umbilical vein endothelial cells,3,"H5AD, LOOM, MTX, RDS, TSV",2023/11/11,ftp://ftp.ncbi.nlm.nih.gov/geo/series/GSE241nnn/GSE241052/
GSE239657,Hormone responsiveness and spatial heterogeneityof apical-out endometrial organoids,22,CSV,2023/11/11,ftp://ftp.ncbi.nlm.nih.gov/geo/series/GSE239nnn/GSE239657/
GSE237245,Effects of substrates on gene expression of human endometrial organoids,4,CSV,2023/11/11,ftp://ftp.ncbi.nlm.nih.gov/geo/series/GSE237nnn/GSE237245/
GSE218845,FEZ1 participates in human embryonic brain development by modulating neuronal progenitor subpopulation specification and migration,12,XLSX,2023/11/10,ftp://ftp.ncbi.nlm.nih.gov/geo/series/GSE218nnn/GSE218845/
GSE214538,FEZ1 participates in human embryonic brain development by modulating neuronal progenitor subpopulation specification and migration [scRNA-seq],2,"MTX, TSV",2023/11/10,ftp://ftp.ncbi.nlm.nih.gov/geo/series/GSE214nnn/GSE214538/
GSE247037,Single-nucleus multi-omic profiling of human placental syncytiotrophoblasts identifies cellular trajectories during pregnancy [placenta-ncbi-cell-line_scRNA-seq_snRNA-seq],4,TAR,2023/11/09,ftp://ftp.ncbi.nlm.nih.gov/geo/series/GSE247nnn/GSE247037/
GSE247036,Single-nucleus multi-omic profiling of human placental syncytiotrophoblasts identifies cellular trajectories during pregnancy [placenta-ncbi-placenta-villi_multiomic],24,TAR,2023/11/09,ftp://ftp.ncbi.nlm.nih.gov/geo/series/GSE247nnn/GSE247036/
GSE246571,γδ T cell-mediated cytotoxicity against patient-derived healthy and cancer cervical organoids,9,TSV,2023/11/09,ftp://ftp.ncbi.nlm.nih.gov/geo/series/GSE246nnn/GSE246571/
GSE234795,REST and Impaired Neural Stress Resistance in Bipolar Disorder,16,TSV,2023/11/06,ftp://ftp.ncbi.nlm.nih.gov/geo/series/GSE234nnn/GSE234795/
GSE229683,Stage-specific dynamic reorganization of genome topology shapes transcriptional neighborhoods in developing human retinal organoids ,20,"BED, BEDGRAPH, BEDPE, HIC, MCOOL, TXT",2023/11/03,ftp://ftp.ncbi.nlm.nih.gov/geo/series/GSE229nnn/GSE229683/
GSE229682,Stage-specific dynamic reorganization of genome topology shapes transcriptional neighborhoods in developing human retinal organoids,15,TSV,2023/11/03,ftp://ftp.ncbi.nlm.nih.gov/geo/series/GSE229nnn/GSE229682/
GSE239583,Single Cell Transcriptomics identifies a WNT7A-FZD5 Signaling Axis that maintains Fallopian Tube Stem Cells in Patient-derived Organoids.,773,,2023/11/01,ftp://ftp.ncbi.nlm.nih.gov/geo/series/GSE239nnn/GSE239583/
GSE239582,Single Cell Transcriptomics identifies a WNT7A-FZD5 Signaling Axis that maintains Fallopian Tube Stem Cells in Patient-derived Organoids [scRNA-seq],769,CSV,2023/11/01,ftp://ftp.ncbi.nlm.nih.gov/geo/series/GSE239nnn/GSE239582/
GSE239581,Single Cell Transcriptomics identifies a WNT7A-FZD5 Signaling Axis that maintains Fallopian Tube Stem Cells in Patient-derived Organoids [bulk RNA-seq],4,TXT,2023/11/01,ftp://ftp.ncbi.nlm.nih.gov/geo/series/GSE239nnn/GSE239581/
GSE212897,Expression of miRNAs in patient-derived cancer models and models of drug resistance,12,"TXT, XLSX",2023/11/01,ftp://ftp.ncbi.nlm.nih.gov/geo/series/GSE212nnn/GSE212897/
GSE240662,Vascularized immunocompetent patient-derived tumor model to predict treatment response for lung cancer patients,14,TXT,2023/10/31,ftp://ftp.ncbi.nlm.nih.gov/geo/series/GSE240nnn/GSE240662/
GSE240363,Development of functional resident macrophages in human pluripotent stem cell-derived colonic organoids and human fetal colon,26,"MTX, TSV",2023/10/31,ftp://ftp.ncbi.nlm.nih.gov/geo/series/GSE240nnn/GSE240363/
GSE240358,Development of functional resident macrophages in human pluripotent stem cell-derived colonic organoids and human fetal colon [scrna-seq],6,"MTX, TSV",2023/10/31,ftp://ftp.ncbi.nlm.nih.gov/geo/series/GSE240nnn/GSE240358/
GSE240356,Development of functional resident macrophages in human pluripotent stem cell-derived colonic organoids and human fetal colon [bulk rna-seq],20,TXT,2023/10/31,ftp://ftp.ncbi.nlm.nih.gov/geo/series/GSE240nnn/GSE240356/
GSE214882,FMRP phosphorylation modulates neuronal translation through YTHDF1,32,XLSX,2023/10/31,ftp://ftp.ncbi.nlm.nih.gov/geo/series/GSE214nnn/GSE214882/
GSE246169,ASCL1 induces neurogenesis in human Muller glia,15,"CSV, H5, TSV",2023/10/30,ftp://ftp.ncbi.nlm.nih.gov/geo/series/GSE246nnn/GSE246169/
GSE241632,Modeling early phenotypes of Parkinson’s disease by age-induced midbrain-striatum assembloids,15,"MTX, TSV",2023/10/28,ftp://ftp.ncbi.nlm.nih.gov/geo/series/GSE241nnn/GSE241632/
GSE241631,Modeling early phenotypes of Parkinson’s disease by age-induced midbrain-striatum assembloids [scRNA-Seq],3,"MTX, TSV",2023/10/28,ftp://ftp.ncbi.nlm.nih.gov/geo/series/GSE241nnn/GSE241631/
GSE236458,Modeling early phenotypes of Parkinson’s disease by age-induced midbrain-striatum assembloids [RNA-Seq],12,TXT,2023/10/28,ftp://ftp.ncbi.nlm.nih.gov/geo/series/GSE236nnn/GSE236458/
GSE240918,Engineered hydrogel reveals contribution of matrix mechanics to esophageal adenocarcinoma and identifies matrix-activated therapeutic targets,15,VCF,2023/10/27,ftp://ftp.ncbi.nlm.nih.gov/geo/series/GSE240nnn/GSE240918/
GSE230383,Engineered hydrogel reveals contribution of matrix mechanics to esophageal adenocarcinoma and identifies matrix-activated therapeutic targets [RNA-seq],12,TSV,2023/10/27,ftp://ftp.ncbi.nlm.nih.gov/geo/series/GSE230nnn/GSE230383/
GSE229585,Unbiased transcription factor CRISPR screen identifies ZNF800 as master repressor of enteroendocrine differentiation [scRNA-seq],2,"MTX, TSV",2023/10/27,ftp://ftp.ncbi.nlm.nih.gov/geo/series/GSE229nnn/GSE229585/
GSE246325,Transcriptional modulation by PRMT5 inhibition with EPZ015666 (GSK3235025),24,CSV,2023/10/26,ftp://ftp.ncbi.nlm.nih.gov/geo/series/GSE246nnn/GSE246325/
GSE229586,Unbiased transcription factor CRISPR screen identifies ZNF800 as master repressor of enteroendocrine differentiation.,20,"BW, MTX, TSV, TXT",2023/10/26,ftp://ftp.ncbi.nlm.nih.gov/geo/series/GSE229nnn/GSE229586/
GSE181518,Self-organizing Single-Rosette Brain Organoids (SOSRS) from Human Pluripotent Stem Cells,12,TXT,2023/10/26,ftp://ftp.ncbi.nlm.nih.gov/geo/series/GSE181nnn/GSE181518/
GSE246082,Dysregulated neuroimmune interactions and sustained type I interferon signaling after human immunodeficiency virus type 1 infection of human iPSC derived microglia and cerebral organoids,6,TSV,2023/10/25,ftp://ftp.ncbi.nlm.nih.gov/geo/series/GSE246nnn/GSE246082/
GSE241543,Tissue morphology influences the temporal program of human cerebral organoids,2,"CSV, MTX, XLSX",2023/10/25,ftp://ftp.ncbi.nlm.nih.gov/geo/series/GSE241nnn/GSE241543/
GSE220085,Human telencephalic organoid development in the presence and absence of exogenous extracellular matrix,29,"RDS, TSV, TXT",2023/10/25,ftp://ftp.ncbi.nlm.nih.gov/geo/series/GSE220nnn/GSE220085/
GSE160089,Pharmacological target dysfunction cell  cycle pathways induce vulnerabilities of chemotherapy in colorectal cancer,8,TXT,2023/10/24,ftp://ftp.ncbi.nlm.nih.gov/geo/series/GSE160nnn/GSE160089/
GSE226441,HNF4A,28,BW,2023/10/23,ftp://ftp.ncbi.nlm.nih.gov/geo/series/GSE226nnn/GSE226441/
GSE226439,"Bulk RNA-seq of wild type, HNF4A-knockout (KO), HNF4G-KO, and HNF4A/4G-double KO (DKO) kidney organoids",24,TSV,2023/10/23,ftp://ftp.ncbi.nlm.nih.gov/geo/series/GSE226nnn/GSE226439/
GSE245545,Modeling and modulation of RHO signaling in human iPSC-derived retinal organoids from patients with RHO-CNV,9,CSV,2023/10/22,ftp://ftp.ncbi.nlm.nih.gov/geo/series/GSE245nnn/GSE245545/
GSE218115,SMARCB1 loss creates patient-specific MYC topologies that drive malignant rhabdoid tumor growth,67,"BEDGRAPH, BW, HIC",2023/10/20,ftp://ftp.ncbi.nlm.nih.gov/geo/series/GSE218nnn/GSE218115/
GSE218114,SMARCB1 loss creates patient-specific MYC topologies that drive malignant rhabdoid tumor growth [RNA-seq],16,"BW, TXT",2023/10/20,ftp://ftp.ncbi.nlm.nih.gov/geo/series/GSE218nnn/GSE218114/
GSE203608,Mapping and modeling human colorectal carcinoma interactions with the tumor microenvironment,53,"CSV, TXT",2023/10/20,ftp://ftp.ncbi.nlm.nih.gov/geo/series/GSE203nnn/GSE203608/
GSE218385,SMARCB1 loss creates patient-specific MYC topologies that drive malignant rhabdoid tumor growth,14,CSV,2023/10/19,ftp://ftp.ncbi.nlm.nih.gov/geo/series/GSE218nnn/GSE218385/
GSE245379,Scalable production oftissue-like vascularised liver organoids from human PSCs.,2,"MTX, TSV",2023/10/18,ftp://ftp.ncbi.nlm.nih.gov/geo/series/GSE245nnn/GSE245379/
GSE230388,"HILPS, a novel long non-coding RNA essential for global oxygen sensing in human",63,"CSV, XLS",2023/10/18,ftp://ftp.ncbi.nlm.nih.gov/geo/series/GSE230nnn/GSE230388/
GSE229842,RAAS-Deficient Organoids Reveal that Delayed Angiogenesis Is The Pathomechanism Underlying Autosomal Recessive Renal Tubular Dysplasia,10,TXT,2023/10/18,ftp://ftp.ncbi.nlm.nih.gov/geo/series/GSE229nnn/GSE229842/
GSE215825,"A distal lung organoid model to study interstitial lung disease, viral infection and human lung development.",4,"MTX, TSV",2023/10/17,ftp://ftp.ncbi.nlm.nih.gov/geo/series/GSE215nnn/GSE215825/
GSE208440,Choroid plexus defects in Down syndrome brain organoids enhance neurotropism of SARS-CoV-2,12,TXT,2023/10/16,ftp://ftp.ncbi.nlm.nih.gov/geo/series/GSE208nnn/GSE208440/
GSE159557,Integrative analysis of transcriptomic and epigenomic dynamics of liver organoids using single cell RNA-seq and ATAC-seq.,8,"BED, MTX, TSV",2023/10/16,ftp://ftp.ncbi.nlm.nih.gov/geo/series/GSE159nnn/GSE159557/
GSE181016,"Only the loss-of-function but not the gain-of-function properties of mutant TP53 are critical for the sustained proliferation, survival and metastasis of a broad range of cancer cells",18,TXT,2023/10/13,ftp://ftp.ncbi.nlm.nih.gov/geo/series/GSE181nnn/GSE181016/
GSE181011,"Only the loss-of-function but not the gain-of-function properties of mutant TP53 are critical for the sustained proliferation, survival and metastasis of a broad range of cancer cells [colon cancer]",6,TXT,2023/10/13,ftp://ftp.ncbi.nlm.nih.gov/geo/series/GSE181nnn/GSE181011/
GSE222362,Synthetic Augmentation of Bilirubin Metabolism in Human Pluripotent Stem Cell-derived Liver Organoids,6,CSV,2023/10/12,ftp://ftp.ncbi.nlm.nih.gov/geo/series/GSE222nnn/GSE222362/
GSE221500,Gene expression of cardiac organoids at a single cell resolution in healthy and cardiac injury conditions,2,"CLOUPE, MTX, TSV",2023/10/12,ftp://ftp.ncbi.nlm.nih.gov/geo/series/GSE221nnn/GSE221500/
GSE244778,Transcriptomic and morphological maturation of human astrocytes in cerebral organoids,35,TXT,2023/10/10,ftp://ftp.ncbi.nlm.nih.gov/geo/series/GSE244nnn/GSE244778/
GSE244716,Multifaceted anti-tumor activity of a CDK9 inhibitor in prostate cancer [RNA-seq],6,TXT,2023/10/10,ftp://ftp.ncbi.nlm.nih.gov/geo/series/GSE244nnn/GSE244716/
GSE244559,Differential effects of aneuploidy on growth and differentiation in human intestinal stem cells,191,TXT,2023/10/10,ftp://ftp.ncbi.nlm.nih.gov/geo/series/GSE244nnn/GSE244559/
GSE213963,Fisetin suppresses colorectal cancer growth through AKAP12 in the patient-derived organoid xenograft model,6,TXT,2023/10/10,ftp://ftp.ncbi.nlm.nih.gov/geo/series/GSE213nnn/GSE213963/
GSE244608,SINGLE CELL ANALYSIS OF POLYCYSTIC KIDNEY DISEASE USING HUMAN PLURIPOTENT STEM CELL- DERIVED KIDNEY ORGANOIDS,6,"H5, TBI, TSV",2023/10/09,ftp://ftp.ncbi.nlm.nih.gov/geo/series/GSE244nnn/GSE244608/
GSE235232,Transcriptome analysis of transplanted vascular organoid grafts under cranial window at the time of thrombosis after SARS-CoV-2 spike-ECD infusion,6,TXT,2023/10/05,ftp://ftp.ncbi.nlm.nih.gov/geo/series/GSE235nnn/GSE235232/
GSE214694,Transcriptome analysis of induced vascular organoids at 4 dpi of SARS-CoV-2 infection to probe infected endothelial cell-specific signatures,10,TXT,2023/10/05,ftp://ftp.ncbi.nlm.nih.gov/geo/series/GSE214nnn/GSE214694/
GSE207889,Stem cell-derived human liver organoids to model the progression of inflammatory and fibrotic injury in non-alcoholic fatty liver disease,19,"H5AD, MTX, TSV, XLSX",2023/10/02,ftp://ftp.ncbi.nlm.nih.gov/geo/series/GSE207nnn/GSE207889/
GSE242329,Efficient generation of human cerebral organoids directly from adherent cultures of pluripotent stem cells,1,"MTX, TSV",2023/10/01,ftp://ftp.ncbi.nlm.nih.gov/geo/series/GSE242nnn/GSE242329/
GSE160232,hPSC-derived Airway Organoids-based Screen Reveals the Role of HIF1/Glycolysis Axis in SARS-CoV-2 Infection.,16,"MTX, TSV",2023/10/01,ftp://ftp.ncbi.nlm.nih.gov/geo/series/GSE160nnn/GSE160232/
GSE160231,hPSC-derived Airway Organoids-based Screen Reveals the Role of HIF1/Glycolysis Axis in SARS-CoV-2 Infection [scRNA-seq],1,"MTX, TSV",2023/10/01,ftp://ftp.ncbi.nlm.nih.gov/geo/series/GSE160nnn/GSE160231/
GSE160230,hPSC-derived Airway Organoids-based Screen Reveals the Role of HIF1/Glycolysis Axis in SARS-CoV-2 Infection [bulk RNA-seq],15,TXT,2023/10/01,ftp://ftp.ncbi.nlm.nih.gov/geo/series/GSE160nnn/GSE160230/
GSE241743,The single cell transcriptomic profiling in iPSC derived Midbrain Organoid of POLG Disease,4,"MTX, TSV, TXT",2023/09/28,ftp://ftp.ncbi.nlm.nih.gov/geo/series/GSE241nnn/GSE241743/
GSE234487,SARS-CoV-2 infection,50,TXT,2023/09/28,ftp://ftp.ncbi.nlm.nih.gov/geo/series/GSE234nnn/GSE234487/
GSE234484,Host transcriptional responses to SARS-CoV-2 infection in a human nose organoid model,6,TXT,2023/09/28,ftp://ftp.ncbi.nlm.nih.gov/geo/series/GSE234nnn/GSE234484/
GSE240153,Spatially and temporally distinct patterns of expression for VPS10P domain receptors in human cerebral organoids,1,"MTX, TSV",2023/09/27,ftp://ftp.ncbi.nlm.nih.gov/geo/series/GSE240nnn/GSE240153/
GSE233567,Spatially and temporally distinct patterns of expression for VPS10P domain receptors in human cerebral organoids.,1,"MTX, TSV",2023/09/27,ftp://ftp.ncbi.nlm.nih.gov/geo/series/GSE233nnn/GSE233567/
GSE223173,FGF21 treatment and iPSC-derived neurons,24,TXT,2023/09/27,ftp://ftp.ncbi.nlm.nih.gov/geo/series/GSE223nnn/GSE223173/
GSE237007,Reliability of human retinal organoid generation from hiPSC-derived neuroepithelial cysts,1,"H5AD, MTX, TSV",2023/09/26,ftp://ftp.ncbi.nlm.nih.gov/geo/series/GSE237nnn/GSE237007/
GSE244082,several colorectal cancer patient derived tumor organoid RNAseq data,14,CSV,2023/09/25,ftp://ftp.ncbi.nlm.nih.gov/geo/series/GSE244nnn/GSE244082/
GSE243401,A Serum- and Feeder-Free System to Generate CD4 and Regulatory T Cells from Human iPSCs,5,"MTX, TSV",2023/09/21,ftp://ftp.ncbi.nlm.nih.gov/geo/series/GSE243nnn/GSE243401/
GSE204960,"Cell-matrix interactions control biliary organoids polarity,architecture and differentiation and can be exploited to improve modelling of biliary diseases.",15,"MTX, TSV",2023/09/21,ftp://ftp.ncbi.nlm.nih.gov/geo/series/GSE204nnn/GSE204960/
GSE204959,"Cell-matrix interactions control biliary organoids polarity,architecture  and differentiation and can be exploited to improve modelling of biliary diseases [scRNA-seq]",3,"MTX, TSV",2023/09/21,ftp://ftp.ncbi.nlm.nih.gov/geo/series/GSE204nnn/GSE204959/
GSE204958,"Cell-matrix interactions control biliary organoids polarity,architecture  and differentiation and can be exploited to improve modelling of biliary diseases [bulk RNA-seq]",12,TXT,2023/09/21,ftp://ftp.ncbi.nlm.nih.gov/geo/series/GSE204nnn/GSE204958/
GSE219247,In vitro Modeling of the Human Dopaminergic System using spatially arranged ventral Midbrain-Striatum-Cortex Assembloids,24,,2023/09/20,ftp://ftp.ncbi.nlm.nih.gov/geo/series/GSE219nnn/GSE219247/
GSE219246,In vitro Modeling of the Human Dopaminergic System using spatially arranged ventral Midbrain-Striatum-Cortex Assembloids [Smartseq],22,TSV,2023/09/20,ftp://ftp.ncbi.nlm.nih.gov/geo/series/GSE219nnn/GSE219246/
GSE219245,In vitro Modeling of the Human Dopaminergic System using spatially arranged ventral Midbrain-Striatum-Cortex Assembloids [scRNAseq],2,"CSV, RDS",2023/09/20,ftp://ftp.ncbi.nlm.nih.gov/geo/series/GSE219nnn/GSE219245/
GSE211101,Regulation of cohesin loop extrusion underlies changes in enhancer-promoter interactions during pancreatic cell differentiation,148,TXT,2023/09/19,ftp://ftp.ncbi.nlm.nih.gov/geo/series/GSE211nnn/GSE211101/
GSE243252,Hypoxia-inducible factor-2 (HIF2) regulates alveolar regeneration after repetitive injury,9,H5,2023/09/18,ftp://ftp.ncbi.nlm.nih.gov/geo/series/GSE243nnn/GSE243252/
GSE242894,iPSC-derived microglia export cholesterol to neuronal cells in human brain organoids and promote their maturation,8,TXT,2023/09/16,ftp://ftp.ncbi.nlm.nih.gov/geo/series/GSE242nnn/GSE242894/
GSE220627,Integration of human stem cell-derived in vitro systems and mouse preclinical models identifies complex pathophysiologic mechanisms in retinal dystrophy,19,,2023/09/15,ftp://ftp.ncbi.nlm.nih.gov/geo/series/GSE220nnn/GSE220627/
GSE220624,Integration of human stem cell-derived in vitro systems and mouse preclinical models identifies complex pathophysiologic mechanisms in retinal dystrophy [human_retinal_organoid],7,CSV,2023/09/15,ftp://ftp.ncbi.nlm.nih.gov/geo/series/GSE220nnn/GSE220624/
GSE181737,Resolving fate bifurcation of photoreceptor precursor in human retinal organoid by single-cell transcriptomics,3,CSV,2023/09/14,ftp://ftp.ncbi.nlm.nih.gov/geo/series/GSE181nnn/GSE181737/
GSE242765,Single-cell RNA-sequencing of human intestinal organoid cells,2,TSV,2023/09/13,ftp://ftp.ncbi.nlm.nih.gov/geo/series/GSE242nnn/GSE242765/
GSE234803,Amino acid availability is a crucial factor for survivability of cancer cells,20,,2023/09/13,ftp://ftp.ncbi.nlm.nih.gov/geo/series/GSE234nnn/GSE234803/
GSE242779,A Meta-Atlas of the Developing Human Cortex Identifies Modules Driving Cell Subtype Specification,12,"CSV, MTX, TSV",2023/09/12,ftp://ftp.ncbi.nlm.nih.gov/geo/series/GSE242nnn/GSE242779/
GSE226539,Suspended hydrogel culture as a method to scale up intestinal organoids,12,XLS,2023/09/11,ftp://ftp.ncbi.nlm.nih.gov/geo/series/GSE226nnn/GSE226539/
GSE225276,Cross-species single-cell transcriptomic analysis reveals the landscape of animal gastric antrum,27,,2023/09/11,ftp://ftp.ncbi.nlm.nih.gov/geo/series/GSE225nnn/GSE225276/
GSE225274,Cross-species single-cell transcriptomic analysis reveals the landscape of animal gastric antrum [RNA-Seq],20,CSV,2023/09/11,ftp://ftp.ncbi.nlm.nih.gov/geo/series/GSE225nnn/GSE225274/
GSE242715,Volumetric compression by heterogeneous scaffold embedding promotes cerebral organoid growth and maturation,5,XLSX,2023/09/09,ftp://ftp.ncbi.nlm.nih.gov/geo/series/GSE242nnn/GSE242715/
GSE217847,IL-1b+ tumor-associated macrophages fuel pathogenic inflammation in pancreatic cancer,136,"CSV, JPG, JSON, MTX, PNG, TIFF, TSV, TXT",2023/09/07,ftp://ftp.ncbi.nlm.nih.gov/geo/series/GSE217nnn/GSE217847/
GSE213610,"Upregulated c-JUN  induces aberrant transposable element mobilization, cGAS-STING activation and cell death in Alzheimer's disease",61,"BW, NARROWPEAK, TSV",2023/09/07,ftp://ftp.ncbi.nlm.nih.gov/geo/series/GSE213nnn/GSE213610/
GSE240458,Single-cell transcriptomic analysis of corneal organoids during development,12,ZIP,2023/09/06,ftp://ftp.ncbi.nlm.nih.gov/geo/series/GSE240nnn/GSE240458/
GSE241903,Rapamycin mitigates Valproic Acid-induced teratogenicity in human and animal models by suppressing AP-1-mediated senescence,9,TXT,2023/09/05,ftp://ftp.ncbi.nlm.nih.gov/geo/series/GSE241nnn/GSE241903/
GSE242023,Developing a novel human adult kidney organoid model to recapitulate injury-associated regeneration and polycystic kidney disease,18,"MTX, TSV",2023/09/01,ftp://ftp.ncbi.nlm.nih.gov/geo/series/GSE242nnn/GSE242023/
GSE224973,Hypoxia primes human ISCs for interleukin-dependent rescue of stem cell activity,19,"CSV, H5AD",2023/09/01,ftp://ftp.ncbi.nlm.nih.gov/geo/series/GSE224nnn/GSE224973/
GSE222363,Single cell transcriptomic profile of human airway orgnaoids.,14,"MTX, TSV",2023/09/01,ftp://ftp.ncbi.nlm.nih.gov/geo/series/GSE222nnn/GSE222363/
GSE221401,Generation of Pre-Clinical Cardiac Organoids for Drug Testing and Transplantation,6,TXT,2023/09/01,ftp://ftp.ncbi.nlm.nih.gov/geo/series/GSE221nnn/GSE221401/
GSE220690,Microglia gravitate toward amyloid plaques surrounded by externalized phosphatidylserine via TREM2,2,"MTX, TSV",2023/09/01,ftp://ftp.ncbi.nlm.nih.gov/geo/series/GSE220nnn/GSE220690/
GSE183201,Adrenomedullin promotes the migration of interneurons in a human forebrain assembloid model for hypoxic interneuronopathy of prematurity.,24,CSV,2023/09/01,ftp://ftp.ncbi.nlm.nih.gov/geo/series/GSE183nnn/GSE183201/
GSE241972,Developing a novel human adult kidney organoid model to recapitulate injury-associated regeneration and polycystic kidney disease [scRNA-Seq],3,"MTX, TSV",2023/08/31,ftp://ftp.ncbi.nlm.nih.gov/geo/series/GSE241nnn/GSE241972/
GSE241659,Efficient genetic editing of human intestinal organoids using ribonucleoprotein-based CRISPR,7,TSV,2023/08/31,ftp://ftp.ncbi.nlm.nih.gov/geo/series/GSE241nnn/GSE241659/
GSE237359,A novel human fetal lung-derived alveolar organoid model reveals mechanisms of surfactant protein C maturation relevant to interstitial lung disease,9,"BIGWIG, H5AD, TSV",2023/08/31,ftp://ftp.ncbi.nlm.nih.gov/geo/series/GSE237nnn/GSE237359/
GSE215981,Self-organizing models of human trunk organogenesis recapitulate spinal cord and spine co-morphogenesis [scRNA-seq],1,CSV,2023/08/31,ftp://ftp.ncbi.nlm.nih.gov/geo/series/GSE215nnn/GSE215981/
GSE207838,Generation Of Human Intestinal Organoids From Cronkhite Canada Syndrome Patients Reveals Serotonin As A Link To Intestinal Proliferation,11,CSV,2023/08/30,ftp://ftp.ncbi.nlm.nih.gov/geo/series/GSE207nnn/GSE207838/
GSE228971,Developing a novel human adult kidney organoid model to recapitulate injury-associated regeneration and polycystic kidney disease [RNA-Seq],15,XLSX,2023/08/28,ftp://ftp.ncbi.nlm.nih.gov/geo/series/GSE228nnn/GSE228971/
GSE211736,Joint epigenome profiling reveals cell-type-specific gene regulatory programs in human cortical organoids,27,"BW, FA, PICKLE, TAB, TSV, TXT",2023/08/23,ftp://ftp.ncbi.nlm.nih.gov/geo/series/GSE211nnn/GSE211736/
GSE229148,Human Pluripotent stem cells-derived Inner ear organoids recapitulate otic development in vitro,4,"MTX, TSV",2023/08/22,ftp://ftp.ncbi.nlm.nih.gov/geo/series/GSE229nnn/GSE229148/
GSE228122,Bulk RNA-seq of whole biopsies and enteroids/colonoids from terminal ileum and rectum of inflammatory bowel disease patients or control subjects,115,"H5, JSON, TSV",2023/08/22,ftp://ftp.ncbi.nlm.nih.gov/geo/series/GSE228nnn/GSE228122/
GSE191017,Self-formation of concentric zones of telencephalic and ocular tissues and directional retinal ganglion cell axons,1,H5,2023/08/22,ftp://ftp.ncbi.nlm.nih.gov/geo/series/GSE191nnn/GSE191017/
GSE226708,Gene regulatory networks underlying human microglia maturation,42,TXT,2023/08/14,ftp://ftp.ncbi.nlm.nih.gov/geo/series/GSE226nnn/GSE226708/
GSE226705,Gene regulatory networks underlying human microglia maturation [RNA-seq],25,TXT,2023/08/14,ftp://ftp.ncbi.nlm.nih.gov/geo/series/GSE226nnn/GSE226705/
GSE223779,Single-cell transcriptomic analysis uncovers intratumoral heterogeneity and drug-tolerant persister in ALK-rearranged lung adenocarcinoma,6,"MTX, TSV",2023/08/09,ftp://ftp.ncbi.nlm.nih.gov/geo/series/GSE223nnn/GSE223779/
GSE219249,Mass production of lumenogenic human embryoid bodies and functional cardiospheres using in-air-generated microcapsules,4,"CSV, MTX, TSV",2023/08/09,ftp://ftp.ncbi.nlm.nih.gov/geo/series/GSE219nnn/GSE219249/
GSE240256,Highly reproducible and cost-effective one-pot organoid differentiation using a novel platform based on PF-127 triggered spheroid assembly,62,XLSX,2023/08/08,ftp://ftp.ncbi.nlm.nih.gov/geo/series/GSE240nnn/GSE240256/
GSE230398,Organoid modeling of lung-resident immune responses to SARS-CoV-2 infection,18,,2023/08/08,ftp://ftp.ncbi.nlm.nih.gov/geo/series/GSE230nnn/GSE230398/
GSE230067,Assessment of colorectal cancer risk factors through the application of network-based approaches in a biracial cohort of colon organoid stem cells,15,CSV,2023/08/08,ftp://ftp.ncbi.nlm.nih.gov/geo/series/GSE230nnn/GSE230067/
GSE229119,Targeting polyploid giant cancer cells potentiates a therapeutic response and overcomes resistance to PARP inhibitors in ovarian cancer,28,TXT,2023/08/08,ftp://ftp.ncbi.nlm.nih.gov/geo/series/GSE229nnn/GSE229119/
GSE220792,Bankable human iPSC-derived Retinal Progenitors as a New Source of Multipotent Cells,21,TXT,2023/08/08,ftp://ftp.ncbi.nlm.nih.gov/geo/series/GSE220nnn/GSE220792/
GSE216049,Organoid modeling of lung-intrinsic immune responses to SARS-CoV-2 infection,9,"MTX, RDS, TSV",2023/08/08,ftp://ftp.ncbi.nlm.nih.gov/geo/series/GSE216nnn/GSE216049/
GSE234769,Reactive Oxygen Species Mediate Transcriptional Responses to Dopamine and Cocaine in Human Cerebral Organoids,36,,2023/08/07,ftp://ftp.ncbi.nlm.nih.gov/geo/series/GSE234nnn/GSE234769/
GSE234767,Reactive Oxygen Species Mediate Transcriptional Responses to Dopamine and Cocaine in Human Cerebral Organoids [Rudibaugh2023],18,XLSX,2023/08/07,ftp://ftp.ncbi.nlm.nih.gov/geo/series/GSE234nnn/GSE234767/
GSE234766,Reactive Oxygen Species Mediate Transcriptional Responses to Dopamine and Cocaine in Human Cerebral Organoids [Rudibaugh2022],18,XLSX,2023/08/07,ftp://ftp.ncbi.nlm.nih.gov/geo/series/GSE234nnn/GSE234766/
GSE201343,Human iPSC-derived heart organoids modeling the etiology of pregestational diabetes induced congenital heart defects,2,TAR,2023/08/07,ftp://ftp.ncbi.nlm.nih.gov/geo/series/GSE201nnn/GSE201343/
GSE155717,SARS-CoV-2 infection of human embryonic stem cell-derived lung organoids,12,TSV,2023/08/05,ftp://ftp.ncbi.nlm.nih.gov/geo/series/GSE155nnn/GSE155717/
GSE229702,Zika virus targets human trophoblast stem cells and prevents syncytialization in placental trophoblast organoids,3,"MTX, TSV",2023/08/03,ftp://ftp.ncbi.nlm.nih.gov/geo/series/GSE229nnn/GSE229702/
GSE216748,Decoding the endometrial niche of Asherman's syndrome at single-cell resolution [organoids],6,"H5, H5AD, TAR",2023/08/03,ftp://ftp.ncbi.nlm.nih.gov/geo/series/GSE216nnn/GSE216748/
GSE215968,Decoding the endometrial niche of Asherman's syndrome at single-cell resolution,23,"H5AD, TAR",2023/08/03,ftp://ftp.ncbi.nlm.nih.gov/geo/series/GSE215nnn/GSE215968/
GSE185335,DOCK8 is a Novel Regulator of Lysosome-Mediated Pancreatic Cancer Invasion,15,CSV,2023/08/03,ftp://ftp.ncbi.nlm.nih.gov/geo/series/GSE185nnn/GSE185335/
GSE199239,Development of Plasmodium falciparum liver stages in human fetal hepatocyte organoid cultures,6,CSV,2023/08/02,ftp://ftp.ncbi.nlm.nih.gov/geo/series/GSE199nnn/GSE199239/
GSE229091,Huaier Enhances the Antitumor Activities of Black Phosphorus and Alleviates Nephrotoxicity by Regulating Mitophagy and Autophagy,6,TXT,2023/08/01,ftp://ftp.ncbi.nlm.nih.gov/geo/series/GSE229nnn/GSE229091/
GSE237133,"Single cell profile of human iPSC-derived midbrain organoids from healthy individual, Parkinson disease patient harboring a Miro1R272Q mutation and its respective isogenic control",3,"MTX, TSV",2023/07/31,ftp://ftp.ncbi.nlm.nih.gov/geo/series/GSE237nnn/GSE237133/
GSE235548,Uncovering the hidden threat: single-organoid analysis reveals clinically relevant treatment-resistant and invasive subclones in pancreatic cancer,30,TXT,2023/07/31,ftp://ftp.ncbi.nlm.nih.gov/geo/series/GSE235nnn/GSE235548/
GSE236490,One-step generation of tumor models by base editor multiplexing in adult stem cell-derived organoids,12,CSV,2023/07/30,ftp://ftp.ncbi.nlm.nih.gov/geo/series/GSE236nnn/GSE236490/
GSE236375,Production of highly uniform midbrain organoids from human pluripotent stem cells,8,TXT,2023/07/28,ftp://ftp.ncbi.nlm.nih.gov/geo/series/GSE236nnn/GSE236375/
GSE237603,The origin and dynamics of cellular heterogeneity vary across lineage subtypes of castrate resistant prostate cancer.,12,"BED, MTX, TSV",2023/07/24,ftp://ftp.ncbi.nlm.nih.gov/geo/series/GSE237nnn/GSE237603/
GSE237602,The origin and dynamics of cellular heterogeneity vary across lineage subtypes of castrate resistant prostate cancer [scRNA-seq],10,"MTX, TSV",2023/07/24,ftp://ftp.ncbi.nlm.nih.gov/geo/series/GSE237nnn/GSE237602/
GSE212297,Comparative landscape of genetic dependencies in human and chimpanzee stem cells,36,TXT,2023/07/24,ftp://ftp.ncbi.nlm.nih.gov/geo/series/GSE212nnn/GSE212297/
GSE237855,Generation of advanced cerebellar organoids for neurogenesis and neuronal network development,11,TXT,2023/07/20,ftp://ftp.ncbi.nlm.nih.gov/geo/series/GSE237nnn/GSE237855/
GSE232218,A Shared Pathogenic Mechanism for Valproic Acid and SHROOM3 Knockout in a Brain Organoid Model of Neural Tube Defects,15,TXT,2023/07/19,ftp://ftp.ncbi.nlm.nih.gov/geo/series/GSE232nnn/GSE232218/
GSE227514,Particulate matter 10 exposure affects intestinal functionality in both inflamed 2D intestinal epithelial cell and 3D intestinal organoid models,8,TXT,2023/07/19,ftp://ftp.ncbi.nlm.nih.gov/geo/series/GSE227nnn/GSE227514/
GSE237137,Effect of Cell-Adhesive Nanofibril on 3D spheroid hepatic differentiation-related gene expression,2,TXT,2023/07/17,ftp://ftp.ncbi.nlm.nih.gov/geo/series/GSE237nnn/GSE237137/
GSE237274,Novel human pluripotent stem cell-derived hypothalamus organoids demonstrate cellular diversity,2,"MTX, TSV",2023/07/16,ftp://ftp.ncbi.nlm.nih.gov/geo/series/GSE237nnn/GSE237274/
GSE237059,The use of human iPSC-derived alveolar organoids to explore SARS-CoV-2 variant infections and host responses,6,"DIFF, FPKM_TRACKING, TXT",2023/07/14,ftp://ftp.ncbi.nlm.nih.gov/geo/series/GSE237nnn/GSE237059/
GSE236816,The Downregulated ADAMTS1 Incorporating with A2M Contributes to Tumorigenesis and Alters Tumor Immune Microenvironment in Lung Adenocarcinoma,16,"CSV, TXT",2023/07/12,ftp://ftp.ncbi.nlm.nih.gov/geo/series/GSE236nnn/GSE236816/
GSE224094,Vitamin D promotes tissue repair and host defense responses against microbial infection in airway organoids,14,TXT,2023/07/12,ftp://ftp.ncbi.nlm.nih.gov/geo/series/GSE224nnn/GSE224094/
GSE200130,Revealing and harnessing CD39 for the treatment of colorectal cancer and liver metastases by engineered T cells [CRC],37,TXT,2023/07/12,ftp://ftp.ncbi.nlm.nih.gov/geo/series/GSE200nnn/GSE200130/
GSE200129,Revealing and harnessing CD39 for the treatment of colorectal cancer and liver metastases by engineered T cells [mCRC],42,TXT,2023/07/12,ftp://ftp.ncbi.nlm.nih.gov/geo/series/GSE200nnn/GSE200129/
GSE236808,Tumor-derived biomarkers beyond antigen expression enhance efficacy of CD276/B7H3 antibody-drug conjugate in metastatic prostate cancer,67,TXT,2023/07/11,ftp://ftp.ncbi.nlm.nih.gov/geo/series/GSE236nnn/GSE236808/
GSE229146,Efficacy of abemaciclib in palbociclib-resistant hormone receptor positive organoids derived from patient derived xenografts from patients who progressed on palbociclib,17,CSV,2023/07/10,ftp://ftp.ncbi.nlm.nih.gov/geo/series/GSE229nnn/GSE229146/
GSE236475,Adrenomedullin has a pivotal role in trophoblast differentiation: A promising nanotechnology-based therapeutic target for preeclampsia.,39,TXT,2023/07/09,ftp://ftp.ncbi.nlm.nih.gov/geo/series/GSE236nnn/GSE236475/
GSE230537,Cryobiopsy: A Breakthrough Strategy for Clinical Utilization of Lung Cancer Organoids,1,H5AD,2023/07/07,ftp://ftp.ncbi.nlm.nih.gov/geo/series/GSE230nnn/GSE230537/
GSE236314,iPSC-derived type IV collagen α5-expressing kidney organoids model Alport syndrome,5,TXT,2023/07/06,ftp://ftp.ncbi.nlm.nih.gov/geo/series/GSE236nnn/GSE236314/
GSE236213,Alterations in lysosomal gene expression and lipid homeostasis in patient-derived liver organoids with acid sphingomyelinase deficiency,6,TXT,2023/07/04,ftp://ftp.ncbi.nlm.nih.gov/geo/series/GSE236nnn/GSE236213/
GSE223020,Three-dimensional molecular cartography of human cerebral organoids revealed by double-barcoded spatial transcriptomics,15,TSV,2023/07/01,ftp://ftp.ncbi.nlm.nih.gov/geo/series/GSE223nnn/GSE223020/
GSE180480,RNA-Seq to probe transcription of patient-derived organotypic colorectal cancer.,54,TXT,2023/07/01,ftp://ftp.ncbi.nlm.nih.gov/geo/series/GSE180nnn/GSE180480/
GSE216540,"RNA sequencing of metastatic breast patient derived organoids (PDOs) treated with control and CAF-conditioned media, in the presence and absence of Fulvestrant",40,TXT,2023/06/27,ftp://ftp.ncbi.nlm.nih.gov/geo/series/GSE216nnn/GSE216540/
GSE233460,Neurodevelopmental Defects in Human Cortical Organoids with N-acetylneuraminic Acid Synthase Mutation,24,TXT,2023/06/26,ftp://ftp.ncbi.nlm.nih.gov/geo/series/GSE233nnn/GSE233460/
GSE197252,Non-cell-autonomous regulation of interneuron specification mediated by extracellular vesicles ,12,RESULTS,2023/06/23,ftp://ftp.ncbi.nlm.nih.gov/geo/series/GSE197nnn/GSE197252/
GSE153019,Single cell RNA-sequencing analysis of human hepatic organoids derived from human induced pluripotent stem cells,1,"MTX, TSV",2023/06/22,ftp://ftp.ncbi.nlm.nih.gov/geo/series/GSE153nnn/GSE153019/
GSE235009,Functional genomics of the human epididymis: further characterization of efferent ducts and model systems by single cell RNA-seq analysis.,4,"MTX, TSV",2023/06/21,ftp://ftp.ncbi.nlm.nih.gov/geo/series/GSE235nnn/GSE235009/
GSE192665,Transcriptomic features of hiPSC-derived cells with a good capability to generate retinal organoids,90,CSV,2023/06/21,ftp://ftp.ncbi.nlm.nih.gov/geo/series/GSE192nnn/GSE192665/
GSE234659,Single cell transcriptomic expression profiling by single cell RNA sequencing for human induced pluripotent stem cells (iPSCs) derived cortical organoids,3,H5AD,2023/06/19,ftp://ftp.ncbi.nlm.nih.gov/geo/series/GSE234nnn/GSE234659/
GSE152854,Bulk RNA-seq on human pluripotent stem cell-derived type 2 alveolar cell-like cells,8,TXT,2023/06/15,ftp://ftp.ncbi.nlm.nih.gov/geo/series/GSE152nnn/GSE152854/
GSE226086,Microfluidic Device Facilitates In Vitro Modeling of Human Neonatal Necrotizing Enterocolitis-on-a-Chip,12,XLSX,2023/06/14,ftp://ftp.ncbi.nlm.nih.gov/geo/series/GSE226nnn/GSE226086/
GSE234449,Dual inhibition of KRASG12D and pan-ERBB is synergistic in pancreatic ductal adenocarcinoma,11,TXT,2023/06/09,ftp://ftp.ncbi.nlm.nih.gov/geo/series/GSE234nnn/GSE234449/
GSE147514,Transcriptome profiling of human skeletal muscle organoids,14,TSV,2023/06/09,ftp://ftp.ncbi.nlm.nih.gov/geo/series/GSE147nnn/GSE147514/
GSE147513,RNA-Seq analysis of human skeletal muscle organoids,13,TXT,2023/06/09,ftp://ftp.ncbi.nlm.nih.gov/geo/series/GSE147nnn/GSE147513/
GSE147512,Single cell RNA-Seq analysis of human skeletal muscle organoids,1,TSV,2023/06/09,ftp://ftp.ncbi.nlm.nih.gov/geo/series/GSE147nnn/GSE147512/
GSE205419,Loss of LCMT1 and biased protein phosphatase 2A heterotrimerization drive prostate cancer progression and therapy resistance,28,CSV,2023/06/07,ftp://ftp.ncbi.nlm.nih.gov/geo/series/GSE205nnn/GSE205419/
GSE219036,Virological characterization of the 2022 outbreak-causing monkeypox virus using human keratinocytes and colon organoids,24,TXT,2023/06/06,ftp://ftp.ncbi.nlm.nih.gov/geo/series/GSE219nnn/GSE219036/
GSE213245,Identification of Ligand-Receptor Pairs that Drive Human Astrocyte Development,101,TXT,2023/06/06,ftp://ftp.ncbi.nlm.nih.gov/geo/series/GSE213nnn/GSE213245/
GSE195510,FOXP1 Orchestrates Neurogenesis in Human Cortical Basal Progenitors,9,H5AD,2023/06/06,ftp://ftp.ncbi.nlm.nih.gov/geo/series/GSE195nnn/GSE195510/
GSE214099,A single-cell level comparison of human inner ear organoids with the human cochlea and vestibular organs,7,"MTX, TSV",2023/06/05,ftp://ftp.ncbi.nlm.nih.gov/geo/series/GSE214nnn/GSE214099/
GSE213796,A single-cell level comparison of human inner ear organoids with the human cochlea and vestibular organs,3,"MTX, TSV",2023/06/05,ftp://ftp.ncbi.nlm.nih.gov/geo/series/GSE213nnn/GSE213796/
GSE202398,Combined Lineage Tracing and scRNA-seq Reveals Unexpected First Heart Field Predominance of Human iPSC Differentiation,3,"H5, XLSX",2023/06/05,ftp://ftp.ncbi.nlm.nih.gov/geo/series/GSE202nnn/GSE202398/
GSE233468,EZH2 inhibtion and IFNy treatment of patient derived organoids [RNA-seq],28,TSV,2023/06/01,ftp://ftp.ncbi.nlm.nih.gov/geo/series/GSE233nnn/GSE233468/
GSE211222,Multi-omic colon organoid analysis highlight MSH4 as a marker of Lynch syndrome and microsatellite instability,74,IDAT,2023/06/01,ftp://ftp.ncbi.nlm.nih.gov/geo/series/GSE211nnn/GSE211222/
GSE211221,Multi-omic colon organoid analysis highlight MSH4 as a marker of Lynch syndrome and microsatellite instability [RNA-sequencing],16,CSV,2023/06/01,ftp://ftp.ncbi.nlm.nih.gov/geo/series/GSE211nnn/GSE211221/
GSE171728,Next Generation Sequencing Facilitates Quantitative Analysis of Wild Type and KRAS mutated lung oraganoids Transcriptomes,6,XLSX,2023/06/01,ftp://ftp.ncbi.nlm.nih.gov/geo/series/GSE171nnn/GSE171728/
GSE233487,Defining developmental trajectories of prosensory cells in human inner ear organoids at single-cell resolution,5,"MTX, TSV",2023/05/31,ftp://ftp.ncbi.nlm.nih.gov/geo/series/GSE233nnn/GSE233487/
GSE233470,EZH2 inhibtion and IFNy treatment of patient derived organoids,54,CLOUPE,2023/05/31,ftp://ftp.ncbi.nlm.nih.gov/geo/series/GSE233nnn/GSE233470/
GSE233574,Generating human neural diversity with a multiplexed morphogen screen in organoids,57,"CSV, MTX, RDS, TSV",2023/05/30,ftp://ftp.ncbi.nlm.nih.gov/geo/series/GSE233nnn/GSE233574/
GSE213948,Imbalanced Unfolded Protein Response Signaling Contributes to 1-Deoxysphingolipid Retinal Toxicity,61,"CSV, TAR",2023/05/30,ftp://ftp.ncbi.nlm.nih.gov/geo/series/GSE213nnn/GSE213948/
GSE217796,"Infectivity, pathogenicity, and immune protection of the pangolin-origin SARS-CoV-2 related coronavirus",9,TXT,2023/05/25,ftp://ftp.ncbi.nlm.nih.gov/geo/series/GSE217nnn/GSE217796/
GSE213972,An integrated organoid omics map extends modeling potential of kidney disease,16,"MTX, TSV, TXT",2023/05/23,ftp://ftp.ncbi.nlm.nih.gov/geo/series/GSE213nnn/GSE213972/
GSE232767,Genetically engineered endothelial niche induces vascularization in human kidney organoids,2,"MTX, TSV",2023/05/22,ftp://ftp.ncbi.nlm.nih.gov/geo/series/GSE232nnn/GSE232767/
GSE190695,Single-cell transcriptomics of human-skin-equivalent organoids,6,"MTX, TSV",2023/05/18,ftp://ftp.ncbi.nlm.nih.gov/geo/series/GSE190nnn/GSE190695/
GSE232462,Rubella virus tropism and single cell responses in human primary tissue and microglia-containing organoids,2,H5,2023/05/17,ftp://ftp.ncbi.nlm.nih.gov/geo/series/GSE232nnn/GSE232462/
GSE226624,Increased G3BP2-Tau interaction in Tauopathies is a natural defense against Tau aggregation,6,TSV,2023/05/17,ftp://ftp.ncbi.nlm.nih.gov/geo/series/GSE226nnn/GSE226624/
GSE173180,Enhancing human iPSC-derived retinal organoids by incorporating microglia-like cells,8,TXT,2023/05/17,ftp://ftp.ncbi.nlm.nih.gov/geo/series/GSE173nnn/GSE173180/
GSE209597,Mechanistic toxicometabolomic studies of a model PPARα agonist on human pluripotent stem cell-derived liver organoids,3,"MTX, TSV",2023/05/15,ftp://ftp.ncbi.nlm.nih.gov/geo/series/GSE209nnn/GSE209597/
GSE198450,UHRF1 is a mediator of KRAS driven oncogenesis in lung adenocarcinoma,163,IDAT,2023/05/15,ftp://ftp.ncbi.nlm.nih.gov/geo/series/GSE198nnn/GSE198450/
GSE202933,The Role of Uridine Glucuronosyl transferase 2B28 (UGT2B28) in Prostate Cancer Progression,9,TXT,2023/05/12,ftp://ftp.ncbi.nlm.nih.gov/geo/series/GSE202nnn/GSE202933/
GSE214569,Co-cultures of colon cancer cells and cancer-associated fibroblasts recapitulate the aggressive features of mesenchymal-like colon cancer,5,"CSV, TSV",2023/05/11,ftp://ftp.ncbi.nlm.nih.gov/geo/series/GSE214nnn/GSE214569/
GSE232170,The impact of extracellular matrix on the precision medicine utility of pancreatic cancer patient-derived organoids,90,TXT,2023/05/10,ftp://ftp.ncbi.nlm.nih.gov/geo/series/GSE232nnn/GSE232170/
GSE221323,Sites of transcription initiation drive mRNA isoform selection [Human_3seq],3,TXT,2023/05/10,ftp://ftp.ncbi.nlm.nih.gov/geo/series/GSE221nnn/GSE221323/
GSE203583,Sites of transcription initiation drive mRNA isoform selection,69,"CSV, GFF3, GTF, TXT",2023/05/10,ftp://ftp.ncbi.nlm.nih.gov/geo/series/GSE203nnn/GSE203583/
GSE197847,Transretinal migration of astrocytes and brain/spinal cord-like cells arising from subretinally transplanted human retinal organoids,5,CSV,2023/05/10,ftp://ftp.ncbi.nlm.nih.gov/geo/series/GSE197nnn/GSE197847/
GSE231591,MODELLING GENETIC POLYCYSTIC KIDNEY DISEASE USING HUMAN PLURIPOTENT STEM CELL- DERIVED KIDNEY ORGANOIDS,12,XLSX,2023/05/08,ftp://ftp.ncbi.nlm.nih.gov/geo/series/GSE231nnn/GSE231591/
GSE210682,Methadone alters transcriptional programs associated with synapse formation in human cortical organoids,14,CSV,2023/05/06,ftp://ftp.ncbi.nlm.nih.gov/geo/series/GSE210nnn/GSE210682/
GSE174018,Human patient iPS cell-derived hepatostellate organoids establish a cellular and molecular basis for liver pathologies in telomeropathies,16,TXT,2023/05/06,ftp://ftp.ncbi.nlm.nih.gov/geo/series/GSE174nnn/GSE174018/
GSE227014,Gain and loss of function variants in EZH1 disrupt neurogenesis and cause dominant and recessive neurodevelopmental disorders [RNA-seq],12,TXT,2023/05/04,ftp://ftp.ncbi.nlm.nih.gov/geo/series/GSE227nnn/GSE227014/
GSE185022,Optogenetic perturbations of RNA expression in tissue space,12,"H5, JPG, JSON, MTX, TSV, TXT",2023/05/04,ftp://ftp.ncbi.nlm.nih.gov/geo/series/GSE185nnn/GSE185022/
GSE229956,Biallelic null variants in PNPLA8 cause microcephaly through the reduced abundance of basal radial gliaナカセンセイキニュウ,2,CSV,2023/05/03,ftp://ftp.ncbi.nlm.nih.gov/geo/series/GSE229nnn/GSE229956/
GSE214852,Single-cell sequencing of human intestnal organoids with and without enteroendocrine cells (EECs),3,H5AD,2023/05/03,ftp://ftp.ncbi.nlm.nih.gov/geo/series/GSE214nnn/GSE214852/
GSE226233,Genome-wide gene expression profiling post PCCB knockdown in human forebrain organoids,18,CSV,2023/05/02,ftp://ftp.ncbi.nlm.nih.gov/geo/series/GSE226nnn/GSE226233/
GSE225603,Spatiotemporally organized immunomodulatory response to SARS-CoV-2 virus in primary human broncho-alveolar epithelia,174,"DCC, TXT",2023/05/02,ftp://ftp.ncbi.nlm.nih.gov/geo/series/GSE225nnn/GSE225603/
GSE225602,Spatiotemporally organized immunomodulatory response to SARS-CoV-2 virus in primary human broncho-alveolar epithelia [GeoMx],78,"DCC, PKC, TXT",2023/05/02,ftp://ftp.ncbi.nlm.nih.gov/geo/series/GSE225nnn/GSE225602/
GSE225601,Spatiotemporally organized immunomodulatory response to SARS-CoV-2 virus in primary human broncho-alveolar epithelia [RNA-seq],96,TXT,2023/05/02,ftp://ftp.ncbi.nlm.nih.gov/geo/series/GSE225nnn/GSE225601/
GSE219215,Human iPSC can be differentiated in vitro to articular cartilage or to osteogenic organoids via the endochondral ossification transdifferentiation pathway,42,CSV,2023/05/02,ftp://ftp.ncbi.nlm.nih.gov/geo/series/GSE219nnn/GSE219215/
GSE227975,Optic nerve hypoplasia iPSC derived retinal ganglion cells exhibit differential gene expression with potential relevance to disease etiology,18,TXT,2023/05/01,ftp://ftp.ncbi.nlm.nih.gov/geo/series/GSE227nnn/GSE227975/
GSE215376,Vascularization of pluripotent stem cell-derived islet organoids improves β-cell function,1,"MTX, TSV",2023/05/01,ftp://ftp.ncbi.nlm.nih.gov/geo/series/GSE215nnn/GSE215376/
GSE213151,The gene regulatory landscape of kidney organoid differentiation revealed by single nucleus multiomic analyses [multi-omics],20,"H5, TBI, TSV",2023/04/28,ftp://ftp.ncbi.nlm.nih.gov/geo/series/GSE213nnn/GSE213151/
GSE223554,Salivary gland cancer organoids are valid for preclinical genotype-oriented medical precision trials,6,XLSX,2023/04/27,ftp://ftp.ncbi.nlm.nih.gov/geo/series/GSE223nnn/GSE223554/
GSE226925,Transplanted Human Intestinal Organoids: A Resource for Modeling Human Intestinal Development,9,TXT,2023/04/24,ftp://ftp.ncbi.nlm.nih.gov/geo/series/GSE226nnn/GSE226925/
GSE220954,RNA-seq data of human enteroid- Giardia intestinalis infection,24,TXT,2023/04/24,ftp://ftp.ncbi.nlm.nih.gov/geo/series/GSE220nnn/GSE220954/
GSE213798,Aberrant cortical layer development of brain organoids developed from Noonan syndrome-iPSCs,9,RDS,2023/04/24,ftp://ftp.ncbi.nlm.nih.gov/geo/series/GSE213nnn/GSE213798/
GSE213152,The gene regulatory landscape of kidney organoid differentiation revealed by single nucleus multiomic analyses,30,"BW, H5, TBI, TSV",2023/04/24,ftp://ftp.ncbi.nlm.nih.gov/geo/series/GSE213nnn/GSE213152/
GSE210720,Generation of ventralized thalamic organoids with inhibitory thalamic reticular nucleus,4,"MTX, TSV",2023/04/24,ftp://ftp.ncbi.nlm.nih.gov/geo/series/GSE210nnn/GSE210720/
GSE193937,RNA-seq analyses of doxycycline-induced PROX1-exprressing cells in human colon cancer spheroids,6,TXT,2023/04/23,ftp://ftp.ncbi.nlm.nih.gov/geo/series/GSE193nnn/GSE193937/
GSE193936,RNA-seq analyses of autophagy-high and autophagy-low cells from human colon cancer organoids,6,TXT,2023/04/23,ftp://ftp.ncbi.nlm.nih.gov/geo/series/GSE193nnn/GSE193936/
GSE230197,Effect of Zika virus (ZIKV) sfRNA on host gene expression in human brain organoids,6,TXT,2023/04/21,ftp://ftp.ncbi.nlm.nih.gov/geo/series/GSE230nnn/GSE230197/
GSE212582,AAV-mediated gene augmentation therapy of CRB1-patient derived retinal organoids restores the histological and transcriptional retinal phenotype,8,"MTX, TSV",2023/04/20,ftp://ftp.ncbi.nlm.nih.gov/geo/series/GSE212nnn/GSE212582/
GSE195761,Dependency of NELF-E-SLUG-KAT2B epigenetic axis in breast cancer carcinogenesis,76,"BED, BW, RESULTS, XLSX",2023/04/14,ftp://ftp.ncbi.nlm.nih.gov/geo/series/GSE195nnn/GSE195761/
GSE206614,A loss-of-function mutation in human Oxidation Resistance 1 disrupts the spatial-temporal regulation of histone arginine methylation in  neurodevelopment ,18,TXT,2023/04/06,ftp://ftp.ncbi.nlm.nih.gov/geo/series/GSE206nnn/GSE206614/
GSE202263,A platform for efficient establishment and drug response profiling of high-grade serous ovarian cancer organoids,22,TSV,2023/04/03,ftp://ftp.ncbi.nlm.nih.gov/geo/series/GSE202nnn/GSE202263/
GSE226869,Gene expression changes in matched tumor and skin biospy in melanoma patients treated with atezolizumab,4,TXT,2023/03/31,ftp://ftp.ncbi.nlm.nih.gov/geo/series/GSE226nnn/GSE226869/
GSE226333,Generation of ventralized thalamic organoids with inhibitory thalamic reticular nucleus,4,"MTX, TSV",2023/03/31,ftp://ftp.ncbi.nlm.nih.gov/geo/series/GSE226nnn/GSE226333/
GSE203248,Single cell transcriptomics reveal type-2 inflammatory gene regulation in airway epithelium driven by allergen-specific immunotherapy,6,"MTX, TSV",2023/03/31,ftp://ftp.ncbi.nlm.nih.gov/geo/series/GSE203nnn/GSE203248/
GSE211433,Multi-omics of colon tumor progression organoids reveals putative mediators of colorectal cancer metastasis,8,TXT,2023/03/29,ftp://ftp.ncbi.nlm.nih.gov/geo/series/GSE211nnn/GSE211433/
GSE192489,Phosphorylation and stabilization of EZH2 by VprBP trigger aberrant gene silencing in colon cancer,3,TXT,2023/03/28,ftp://ftp.ncbi.nlm.nih.gov/geo/series/GSE192nnn/GSE192489/
GSE228315,Single cell transcriptomic profiling of human brain organoids reveals developmental timing- and cell-type-specific vulnerabilities induced by NRXN1 CNVs in schizophrenia,26,H5,2023/03/27,ftp://ftp.ncbi.nlm.nih.gov/geo/series/GSE228nnn/GSE228315/
GSE161416,Retina-Specific Laminin 523 Drives Differentiation of Human Pluripotent Stem Cells to Photoreceptors [single cell_RNAseq],12,TAR,2023/03/26,ftp://ftp.ncbi.nlm.nih.gov/geo/series/GSE161nnn/GSE161416/
GSE161414,Retina-Specific Laminin 523 Drives Differentiation of Human Pluripotent Stem Cells to Photoreceptors [bulk_RNAseq],27,TXT,2023/03/26,ftp://ftp.ncbi.nlm.nih.gov/geo/series/GSE161nnn/GSE161414/
GSE217099,Evaluation of broad anti-coronavirus activity of autophagy-related compounds using human airway organoids,12,TXT,2023/03/24,ftp://ftp.ncbi.nlm.nih.gov/geo/series/GSE217nnn/GSE217099/
GSE227640,Gene expression profile at single cell level of human cerebral cortical organoids with and without LIF treatment,24,RDS,2023/03/23,ftp://ftp.ncbi.nlm.nih.gov/geo/series/GSE227nnn/GSE227640/
GSE227593,CD73+ epithelial progenitor cells which contribute to homeostasis and renewal are depleted in eosinophilic esophagitis,8,TXT,2023/03/22,ftp://ftp.ncbi.nlm.nih.gov/geo/series/GSE227nnn/GSE227593/
GSE225517,SARS-CoV-2 induces dopaminergic neuronal loss in midbrain organoids during short and prolonged cultures,32,"CSV, TXT",2023/03/20,ftp://ftp.ncbi.nlm.nih.gov/geo/series/GSE225nnn/GSE225517/
GSE221923,Bulk RNA-seq on  CTNNB1 mutation CRISPR-corrected ASD iPSC-derived neural progenitor cells  as well as one matched control iPSC-derived neural progenitor cells to study the effects of autism genetic background,18,TSV,2023/03/20,ftp://ftp.ncbi.nlm.nih.gov/geo/series/GSE221nnn/GSE221923/
GSE221882,Single cell gene expression profiles for iPSC-derived cortical organoids,2,H5,2023/03/20,ftp://ftp.ncbi.nlm.nih.gov/geo/series/GSE221nnn/GSE221882/
GSE220611,Adenine Base Editing of Hematopoietic Stem Cells Rescues T-Cell Development for CD3δ Severe Combined Immune Deficiency,12,CSV,2023/03/20,ftp://ftp.ncbi.nlm.nih.gov/geo/series/GSE220nnn/GSE220611/
GSE214422,Single cell gene expression profiles for isogenic PTEN panel iPSC-derived cortical organoids,12,H5,2023/03/20,ftp://ftp.ncbi.nlm.nih.gov/geo/series/GSE214nnn/GSE214422/
GSE214323,Bulk RNA-seq on isogenic PTEN panel iPSC-derived neural progenitor cells to study the effect of ASD specific PTEN mutation and the effects of autism genetic background,54,TSV,2023/03/20,ftp://ftp.ncbi.nlm.nih.gov/geo/series/GSE214nnn/GSE214323/
GSE224964,Strength of CAR signaling determines T cell versus ILC differentiation from pluripotent stem cells,12,"MTX, TSV",2023/03/16,ftp://ftp.ncbi.nlm.nih.gov/geo/series/GSE224nnn/GSE224964/
GSE207514,N-acetylcysteine overcomes NF1-loss driven resistance to PI3K alpha inhibition in breast cancer [T47D RNA-seq],12,TXT,2023/03/16,ftp://ftp.ncbi.nlm.nih.gov/geo/series/GSE207nnn/GSE207514/
GSE226890,scRNAseq analysis of four populations sorted from midbrain organoids using Flow cytometry,4,"MTX, RDS, TSV",2023/03/15,ftp://ftp.ncbi.nlm.nih.gov/geo/series/GSE226nnn/GSE226890/
GSE215785,Transcriptomic characterization of FLC-mutant engineered human hepatocyte organoids,31,CSV,2023/03/15,ftp://ftp.ncbi.nlm.nih.gov/geo/series/GSE215nnn/GSE215785/
GSE146716,Transcriptome analysis of wild-type (WT) and CDH1 knockout (KO) human Gastric Organoids (hGOs),6,TXT,2023/03/10,ftp://ftp.ncbi.nlm.nih.gov/geo/series/GSE146nnn/GSE146716/
GSE222273,Self-assembled Matrigel-free iPSC-derived liver organoids demonstrate wide-ranging highly-differentiated liver functions,33,XLSX,2023/03/08,ftp://ftp.ncbi.nlm.nih.gov/geo/series/GSE222nnn/GSE222273/
GSE210513,Single cell RNA sequencing of human induced pluripotent stem cell (hiPSC)-derived cardiomyocytes with or without hiPSC-derived endothelial cells,6,"MTX, TSV",2023/03/08,ftp://ftp.ncbi.nlm.nih.gov/geo/series/GSE210nnn/GSE210513/
GSE200277,Single-cell RNA sequencing reveals maturation trajectory in human pluripotent stem cell-derived cardiomyocytes in engineered tissues,44,TXT,2023/03/08,ftp://ftp.ncbi.nlm.nih.gov/geo/series/GSE200nnn/GSE200277/
GSE198033,Single cell analysis of  iPSC-derived midbrain organoids (GBA1 mutant and controls),11,"MTX, TSV",2023/03/06,ftp://ftp.ncbi.nlm.nih.gov/geo/series/GSE198nnn/GSE198033/
GSE224659,LINC01876: A human-specific L1-derived lncRNA,26,"CSV, MTX, TSV",2023/03/03,ftp://ftp.ncbi.nlm.nih.gov/geo/series/GSE224nnn/GSE224659/
GSE173447,RB1 depleted pluripotent stem cell retinal organoids recapitulate state cell transitions of retinoblastoma development,5,TXT,2023/03/03,ftp://ftp.ncbi.nlm.nih.gov/geo/series/GSE173nnn/GSE173447/
GSE172138,Retinal organoids provide a suitable tool for toxicological drug screening – a comprehensive study validating well-known drug effects on retinal organoids,7,TXT,2023/03/03,ftp://ftp.ncbi.nlm.nih.gov/geo/series/GSE172nnn/GSE172138/
GSE220137,RNA sequencing of human gastric cancer drug treatment organoids,6,TXT,2023/03/02,ftp://ftp.ncbi.nlm.nih.gov/geo/series/GSE220nnn/GSE220137/
GSE226034,Gene Expression Profiles Associated with Radio-Responsiveness in Locally Advanced Rectal Cancer,6,XLSX,2023/03/01,ftp://ftp.ncbi.nlm.nih.gov/geo/series/GSE226nnn/GSE226034/
GSE223241,"Knocking down CDKN2A in 3D hiPSC-derived brown adipose progenitors potentiates differentiation, oxydative metabolism and browning process",12,"CSV, RESULTS",2023/03/01,ftp://ftp.ncbi.nlm.nih.gov/geo/series/GSE223nnn/GSE223241/
GSE211868,Wnt-Activating Human Skin Organoid Model of Atopic Dermatitis Induced by Staphylococcus aureus and Its Protective Effects by Cutibacterium acnes,6,TXT,2023/03/01,ftp://ftp.ncbi.nlm.nih.gov/geo/series/GSE211nnn/GSE211868/
GSE204805,RNAseq analysis on metastatic Colorectal Cancer,1225,TSV,2023/03/01,ftp://ftp.ncbi.nlm.nih.gov/geo/series/GSE204nnn/GSE204805/
GSE220154,Automating iPSC generation to enable autologous photoreceptor cell replacement therapy,1,CSV,2023/02/27,ftp://ftp.ncbi.nlm.nih.gov/geo/series/GSE220nnn/GSE220154/
GSE225718,"The NAD + Precursor Nicotinamide Riboside Rescues Mitochondrial Defects and Neuronal Loss in iPSC, iPSC derived Neural Stem Cells and cortical Organoid of Alpers’ Disease",58,"CSV, XLSX",2023/02/24,ftp://ftp.ncbi.nlm.nih.gov/geo/series/GSE225nnn/GSE225718/
GSE221705,Transcriptomic characterization of control and drug-treated APOB-mutant organoids to study steatosis-resolving drug effects,12,CSV,2023/02/23,ftp://ftp.ncbi.nlm.nih.gov/geo/series/GSE221nnn/GSE221705/
GSE218457,Single-Cell RNA Sequencing Analysis of Human Embryonic Stem Cell-Derived Neural Organoids,3,"CSV, MTX, TSV",2023/02/23,ftp://ftp.ncbi.nlm.nih.gov/geo/series/GSE218nnn/GSE218457/
GSE214572,Human T follicular helper cells seed the germinal center-resident regulatory pool,17,"CSV, MTX, TSV",2023/02/23,ftp://ftp.ncbi.nlm.nih.gov/geo/series/GSE214nnn/GSE214572/
GSE216626,Glioblastoma and Cerebral Organoids: Development and Analysis of in vitro Model for Glioblastoma Migration,6,CSV,2023/02/22,ftp://ftp.ncbi.nlm.nih.gov/geo/series/GSE216nnn/GSE216626/
GSE182593,Establishment of Primary Liver Cancer Organoids and Application on Sorafenib Resistance,24,TXT,2023/02/22,ftp://ftp.ncbi.nlm.nih.gov/geo/series/GSE182nnn/GSE182593/
GSE213463,Directed Differentiation of Human iPSCs to Functional Ovarian Granulosa-Like Cells via Transcription Factor Overexpression,30,"CSV, MTX, TSV",2023/02/21,ftp://ftp.ncbi.nlm.nih.gov/geo/series/GSE213nnn/GSE213463/
GSE213462,Directed Differentiation of Human iPSCs to Functional Ovarian Granulosa-Like Cells via Transcription Factor Overexpression [scRNA-seq],8,"CSV, MTX",2023/02/21,ftp://ftp.ncbi.nlm.nih.gov/geo/series/GSE213nnn/GSE213462/
GSE213156,Directed Differentiation of Human iPSCs to Functional Ovarian Granulosa-Like Cells via Transcription Factor Overexpression [RNA-seq],22,"CSV, TSV",2023/02/21,ftp://ftp.ncbi.nlm.nih.gov/geo/series/GSE213nnn/GSE213156/
GSE206959,Photoreceptor survival in CEP290-retinopathy by Reserpine involves modulation of proteostasis,12,TSV,2023/02/15,ftp://ftp.ncbi.nlm.nih.gov/geo/series/GSE206nnn/GSE206959/
GSE223605,A Leaky Human Colon Model Reveals Uncoupled Apical/Basal Cytotoxicity in Early Clostridioides difficile Toxin Exposure,21,"CSV, H5AD",2023/02/13,ftp://ftp.ncbi.nlm.nih.gov/geo/series/GSE223nnn/GSE223605/
GSE220766,Modelling host-Trypanosoma brucei gambiense interactions in vitro using human induced pluripotent stem cell-derived cortical brain organoids,9,XLS,2023/02/12,ftp://ftp.ncbi.nlm.nih.gov/geo/series/GSE220nnn/GSE220766/
GSE166462,Single-cell analysis of human iPSC-derived multi-lineage mini-cardiac organoid reveals molecular pathways to promote cardiomyocyte maturation and heart repair,13,"MTX, TAB, TSV",2023/02/09,ftp://ftp.ncbi.nlm.nih.gov/geo/series/GSE166nnn/GSE166462/
GSE201740,Sunitinib efficacy with minimal toxicity in patient-derived organoid models of retinoblastoma,8,CSV,2023/02/08,ftp://ftp.ncbi.nlm.nih.gov/geo/series/GSE201nnn/GSE201740/
GSE197698,Transcriptional and functional characterization of human intestinal organoid and monolayer models for IBD-therapeutic development,211,TXT,2023/02/08,ftp://ftp.ncbi.nlm.nih.gov/geo/series/GSE197nnn/GSE197698/
GSE196513,EPICARDIOID SINGLE-CELL GENOMICS UNCOVER PRINCIPLES OF HUMAN EPICARDIUM BIOLOGY IN HEART DEVELOPMENT AND DISEASE [scRNA-Seq],8,"MTX, TAR, TSV",2023/02/05,ftp://ftp.ncbi.nlm.nih.gov/geo/series/GSE196nnn/GSE196513/
GSE196516,EPICARDIOID SINGLE-CELL GENOMICS UNCOVER PRINCIPLES OF HUMAN EPICARDIUM BIOLOGY IN HEART DEVELOPMENT AND DISEASE,15,"MTX, TAR, TSV",2023/02/04,ftp://ftp.ncbi.nlm.nih.gov/geo/series/GSE196nnn/GSE196516/
GSE224294,Generation and characterization of NGLY1 patient-derived midbrain organoids,18,CSV,2023/02/03,ftp://ftp.ncbi.nlm.nih.gov/geo/series/GSE224nnn/GSE224294/
GSE216244,Single cell assessment of trophoblast stem cell and primary cytotrophoblast derived organoids as placenta models,2,"MTX, TSV",2023/02/02,ftp://ftp.ncbi.nlm.nih.gov/geo/series/GSE216nnn/GSE216244/
GSE217956,Bladder cancer organoids as a functional system to model different disease stages and therapy response,6,H5,2023/02/01,ftp://ftp.ncbi.nlm.nih.gov/geo/series/GSE217nnn/GSE217956/
GSE207824,Single-cell gene expression profiles of hESC-derived retinal organoid progenitor cells and photoreceptor precursors from deep full-length scRNA-seq.,925,CSV,2023/02/01,ftp://ftp.ncbi.nlm.nih.gov/geo/series/GSE207nnn/GSE207824/
GSE198697,Patient-derived organoid fibroblast co-cultures closely mimic tumor cell heterogeneity of colorectal cancer,72,TSV,2023/02/01,ftp://ftp.ncbi.nlm.nih.gov/geo/series/GSE198nnn/GSE198697/
GSE224096,RNA sequencing of postmortem-fibroblast derived cell lines and postmortem human Brodmann Area 9 from Cocaine Use Disorder Subjects in the University of Texas Health Science Center at Houston Brain Collection,33,CSV,2023/01/31,ftp://ftp.ncbi.nlm.nih.gov/geo/series/GSE224nnn/GSE224096/
GSE211452,Landscape of prostate-specific membrane antigen heterogeneity and regulation in AR-positive and AR-negative metastatic prostate cancer,28,"BW, TXT",2023/01/30,ftp://ftp.ncbi.nlm.nih.gov/geo/series/GSE211nnn/GSE211452/
GSE218123,Single cell RNA-seq of human cornea organoids identifies cell fates of a developing immature cornea,6,"MTX, TSV",2023/01/25,ftp://ftp.ncbi.nlm.nih.gov/geo/series/GSE218nnn/GSE218123/
GSE190432,RNA-seq analysis about SARS-CoV-2 infected trophoblast cells,42,CSV,2023/01/14,ftp://ftp.ncbi.nlm.nih.gov/geo/series/GSE190nnn/GSE190432/
GSE209551,Combinatorial treatment rescues tumour-microenvironment-mediated attenuation of MALT1 inhibitors in B-cell lymphomas ,18,TXT,2023/01/12,ftp://ftp.ncbi.nlm.nih.gov/geo/series/GSE209nnn/GSE209551/
GSE203380,Geometric engineering of organoid culture for enhanced organogenesis in a dish,5,"MTX, TSV",2023/01/12,ftp://ftp.ncbi.nlm.nih.gov/geo/series/GSE203nnn/GSE203380/
GSE222482,Effect of hypoxia and normoxia in Pancreatic Ductal Adenocarcinoma,4,TSV,2023/01/11,ftp://ftp.ncbi.nlm.nih.gov/geo/series/GSE222nnn/GSE222482/
GSE184749,Human iPSC Derived Enamel Organoid Guided by Single Cell Atlas of Human Tooth Development ,19,"CSV, MATRIX, MTX, TXT",2023/01/11,ftp://ftp.ncbi.nlm.nih.gov/geo/series/GSE184nnn/GSE184749/
GSE215304,Alpha kinase 3 signaling at the M-band maintains sarcomere integrity and proteostasis in striated muscle ,16,CSV,2023/01/10,ftp://ftp.ncbi.nlm.nih.gov/geo/series/GSE215nnn/GSE215304/
GSE205766,Stomach-derived human insulin-secreting organoids ameliorate diabetes,5,H5,2023/01/10,ftp://ftp.ncbi.nlm.nih.gov/geo/series/GSE205nnn/GSE205766/
GSE222365,Large-scale study suggests effects of trisomy 21 on fetal neurodevelopment may be more subtle than variability between organoids and isogenic lines,58,"FA, TXT",2023/01/07,ftp://ftp.ncbi.nlm.nih.gov/geo/series/GSE222nnn/GSE222365/
GSE203156,Specification of human germ cell fate with enhanced progression capability,69,TXT,2023/01/07,ftp://ftp.ncbi.nlm.nih.gov/geo/series/GSE203nnn/GSE203156/
GSE171331,Non-adhesive alginate promotes further differentiation and models fibrosis of human lung organoids in vitro.,2,TAR,2023/01/04,ftp://ftp.ncbi.nlm.nih.gov/geo/series/GSE171nnn/GSE171331/
GSE189914,Glucose dissociates DDX21 dimers to regulate mRNA processing and promote epidermal differentiation,138,BIGWIG,2023/01/02,ftp://ftp.ncbi.nlm.nih.gov/geo/series/GSE189nnn/GSE189914/
GSE189414,Glucose dissociates DDX21 dimers to regulate mRNA processing and promote epidermal differentiation (RNA-Seq I),36,TXT,2023/01/02,ftp://ftp.ncbi.nlm.nih.gov/geo/series/GSE189nnn/GSE189414/
GSE198434,Genomic and epigenomic responses to aspirin in human colonic organoids,12,"NARROWPEAK, RESULTS",2023/01/01,ftp://ftp.ncbi.nlm.nih.gov/geo/series/GSE198nnn/GSE198434/
GSE206587,Modeling maternal cholesterol exposure reveals a reduction of neural progenitor proliferation using human cerebral organoids,1,H5,2022/12/31,ftp://ftp.ncbi.nlm.nih.gov/geo/series/GSE206nnn/GSE206587/
GSE188527,Epithelial cholangiocarcinoma cells can contribute to desmoplasia by extracellular matrix deposition and mesenchymal transition depending on the microenvironment,18,TXT,2022/12/31,ftp://ftp.ncbi.nlm.nih.gov/geo/series/GSE188nnn/GSE188527/
GSE181724,Integrated single-cell sequencing reveals principles of epigenetic regulation of human gastrulation and germ cell development in a 3D organoid model,23,"TXT, XLSX",2022/12/31,ftp://ftp.ncbi.nlm.nih.gov/geo/series/GSE181nnn/GSE181724/
GSE190263,Extracellular vesicles confer disease phenotype in Y402H-retinal pigment epithelium cell model of age-related macular degeneration.,16,CSV,2022/12/28,ftp://ftp.ncbi.nlm.nih.gov/geo/series/GSE190nnn/GSE190263/
GSE202778,NOX1 is essential for TNFα-induced intestinal epithelial ROS secretion and inhibits M cell differentiation,22,"MTX, TSV",2022/12/27,ftp://ftp.ncbi.nlm.nih.gov/geo/series/GSE202nnn/GSE202778/
GSE202777,NOX1 is essential for TNFα-induced intestinal epithelial ROS secretion and inhibits M cell differentiation [RNA-seq organoid],14,CSV,2022/12/27,ftp://ftp.ncbi.nlm.nih.gov/geo/series/GSE202nnn/GSE202777/
GSE202023,HNF1B induced three-dimensional genome analysis of patient-derived pancreas neoplasm organoids,15,"BW, HIC, NARROWPEAK, TXT",2022/12/27,ftp://ftp.ncbi.nlm.nih.gov/geo/series/GSE202nnn/GSE202023/
GSE202022,HNF1B induced three-dimensional genome analysis of patient-derived pancreas neoplasm organoids [RNA-seq],4,TXT,2022/12/27,ftp://ftp.ncbi.nlm.nih.gov/geo/series/GSE202nnn/GSE202022/
GSE181422,SARS-CoV-2 Neurotropism and Single Cell Responses in Brain Organoids Containing Innately Developing Microglia,6,"CSV, LOOM",2022/12/21,ftp://ftp.ncbi.nlm.nih.gov/geo/series/GSE181nnn/GSE181422/
GSE220661,Single-cell sequencing of individual retinal organoids reveals determinants of cell fate heterogeneity,6,"CSV, MTX, RDS, TSV",2022/12/14,ftp://ftp.ncbi.nlm.nih.gov/geo/series/GSE220nnn/GSE220661/
GSE220563,Controlling human organoid symmetry breaking reveals signaling gradients drive segmentation clock waves,1,"MTX, TSV",2022/12/12,ftp://ftp.ncbi.nlm.nih.gov/geo/series/GSE220nnn/GSE220563/
GSE220472,Controlling organoid symmetry breaking uncovers an excitable system underlying human axial elongation,1,"MTX, TSV",2022/12/12,ftp://ftp.ncbi.nlm.nih.gov/geo/series/GSE220nnn/GSE220472/
GSE211400,Transmembrane TNF-TNFR2 axis promotes generation of human T cell precursors.,3,H5,2022/12/12,ftp://ftp.ncbi.nlm.nih.gov/geo/series/GSE211nnn/GSE211400/
GSE196986,β-catenin activity induces an RNA biosynthesis program promoting therapy resistance in T Acute Lymphoblastic Leukemia,35,"BIGWIG, BW, TXT",2022/12/12,ftp://ftp.ncbi.nlm.nih.gov/geo/series/GSE196nnn/GSE196986/
GSE196985,A β-catenin-regulated RNA processing transcriptional program imposes chemotherapy resistance and predicts T-ALL patient survival associated with high BRCA1 levels [RNA-Seq],6,TXT,2022/12/12,ftp://ftp.ncbi.nlm.nih.gov/geo/series/GSE196nnn/GSE196985/
GSE220084,Role of immediate early genes in the development of salivary gland organoids in polyisocyanopeptide hydrogels,19,"CSV, TXT",2022/12/10,ftp://ftp.ncbi.nlm.nih.gov/geo/series/GSE220nnn/GSE220084/
GSE201356,A comprehensive characterisation of fetal and mature retinal cell identity to assess the fidelity of retinal organoids,4,"MTX, TSV",2022/12/10,ftp://ftp.ncbi.nlm.nih.gov/geo/series/GSE201nnn/GSE201356/
GSE219317,Evidence of shared transcriptomic dysregulation of HNRNPU-related disorder between human organoids and embryonic mice,50,"CSV, H5, RDATA, TXT, XLSX",2022/12/09,ftp://ftp.ncbi.nlm.nih.gov/geo/series/GSE219nnn/GSE219317/
GSE202967,A Multi-Organoid Platform Identifies CIART as a Key Factor for SARS-CoV-2 Infection.,84,"BW, MTX, NARROWPEAK, TSV",2022/12/07,ftp://ftp.ncbi.nlm.nih.gov/geo/series/GSE202nnn/GSE202967/
GSE202964,A Multi-Organoid Platform Identifies CIART as a Key Factor for SARS-CoV-2 Infection [scRNA-seq],4,"MTX, TSV",2022/12/07,ftp://ftp.ncbi.nlm.nih.gov/geo/series/GSE202nnn/GSE202964/
GSE202963,A Multi-Organoid Platform Identifies CIART as a Key Factor for SARS-CoV-2 Infection [bulk RNA-seq],71,TXT,2022/12/07,ftp://ftp.ncbi.nlm.nih.gov/geo/series/GSE202nnn/GSE202963/
GSE218623,Physiological hypoxia improves growth and functional differentiation of human intestinal epithelial organoids [scRNA-seq],4,"MTX, TSV",2022/12/02,ftp://ftp.ncbi.nlm.nih.gov/geo/series/GSE218nnn/GSE218623/
GSE217663,Physiological hypoxia improves growth and functional differentiation of human intestinal epithelial organoids.,6,SF,2022/12/02,ftp://ftp.ncbi.nlm.nih.gov/geo/series/GSE217nnn/GSE217663/
GSE213896,Gene expression profiling analysis of RNA-seq data for colorectal cancer organoids and spontaneous metastases mouse models,70,TXT,2022/12/01,ftp://ftp.ncbi.nlm.nih.gov/geo/series/GSE213nnn/GSE213896/
GSE211809,Targeting c-fos to suppresses metastasis in BRMS1v2 germline mutant lung adenocarcinoma patient derived cells,6,TXT,2022/12/01,ftp://ftp.ncbi.nlm.nih.gov/geo/series/GSE211nnn/GSE211809/
GSE218558,RNAseq of colorectal cancer organoids,26,CSV,2022/11/29,ftp://ftp.ncbi.nlm.nih.gov/geo/series/GSE218nnn/GSE218558/
GSE218693,High-speed live cell interferometry for screening bioprinted organoids,24,TXT,2022/11/26,ftp://ftp.ncbi.nlm.nih.gov/geo/series/GSE218nnn/GSE218693/
GSE215997,Integrative analysis of multiple genomic data from intrahepatic cholangiocarcinoma organoids enables tumor subtyping,13,CSV,2022/11/26,ftp://ftp.ncbi.nlm.nih.gov/geo/series/GSE215nnn/GSE215997/
GSE215254,A comparison between novel 3D human renal proximal tubule organoids and 2D monolayer cells utilizing RPTEC-TERT1 cells,44,XLSX,2022/11/21,ftp://ftp.ncbi.nlm.nih.gov/geo/series/GSE215nnn/GSE215254/
GSE199966,N7-Methylguanosine tRNA modification promotes hepatocellular carcinoma metastasis after insufficient radiofrequency ablation,18,XLSX,2022/11/20,ftp://ftp.ncbi.nlm.nih.gov/geo/series/GSE199nnn/GSE199966/
GSE192405,Single-cell transcriptional and functional analysis of human dopamine neurons in 3D fetal ventral midbrain organoid like cultures,13,CSV,2022/11/16,ftp://ftp.ncbi.nlm.nih.gov/geo/series/GSE192nnn/GSE192405/
GSE196684,A human bone marrow organoid for disease modelling and drug screening in blood cancers,2,RDS,2022/11/15,ftp://ftp.ncbi.nlm.nih.gov/geo/series/GSE196nnn/GSE196684/
GSE188212,Comprehensive microRNA analysis across genome-edited colorectal cancer organoid models reveals miR-24 as a candidate regulator of cell survival,58,CSV,2022/11/15,ftp://ftp.ncbi.nlm.nih.gov/geo/series/GSE188nnn/GSE188212/
GSE217918,A TLR7-nanoparticle adjuvant promotes broad immune  responses against heterologous strains of Influenza and SARS-CoV-2,1,"CSV, FASTA, TSV",2022/11/14,ftp://ftp.ncbi.nlm.nih.gov/geo/series/GSE217nnn/GSE217918/
GSE217596,Multiomics analysis of a DNAH5-mutated PCD organoid model revealed the key role of the TGF-β/BMP and Notch pathways in epithelial differentiation and the immune response in DNAH5-mutated patients,2,"MTX, TSV",2022/11/12,ftp://ftp.ncbi.nlm.nih.gov/geo/series/GSE217nnn/GSE217596/
GSE201465,Gene expression in COPD and non-diseased nasopharyngeal organoids following Pseudomonas aeruginosa infection,12,TXT,2022/11/10,ftp://ftp.ncbi.nlm.nih.gov/geo/series/GSE201nnn/GSE201465/
GSE186017,COPD and non-diseased nasopharyngeal and bronchial organoids characterization by single cell RNA-seq,4,"MTX, TSV",2022/11/10,ftp://ftp.ncbi.nlm.nih.gov/geo/series/GSE186nnn/GSE186017/
GSE205665,Single cell seq from: A circular RNA expressed from the FAT3 locus regulates neural development,12,TXT,2022/11/07,ftp://ftp.ncbi.nlm.nih.gov/geo/series/GSE205nnn/GSE205665/
GSE205664,Quantseq from: A circular RNA expressed from the FAT3 locus regulates neural development,61,TXT,2022/11/07,ftp://ftp.ncbi.nlm.nih.gov/geo/series/GSE205nnn/GSE205664/
GSE205663,Total RNA seq from: A circular RNA expressed from the FAT3 locus regulates neural development,15,TXT,2022/11/07,ftp://ftp.ncbi.nlm.nih.gov/geo/series/GSE205nnn/GSE205663/
GSE208438,Depressive patient-derived GABA interneurons reveal abnormal neural activity associated with HTR2C,9,TXT,2022/11/06,ftp://ftp.ncbi.nlm.nih.gov/geo/series/GSE208nnn/GSE208438/
GSE210640,Host response of human epidermis to Methicillin-resistant Staphylococcus aureus biofilm infection and synthetic antibiofilm peptide treatment,16,TXT,2022/11/04,ftp://ftp.ncbi.nlm.nih.gov/geo/series/GSE210nnn/GSE210640/
GSE194298,"Batch effect during human bone marrow stromal cell propagation prevails donor variation and culture duration impact on phenotype, transcriptome and function [RNA-seq]",20,CSV,2022/11/04,ftp://ftp.ncbi.nlm.nih.gov/geo/series/GSE194nnn/GSE194298/
GSE212636,Mapping prohormone processing by proteases in human enteroendocrine cells using genetically engineered organoid models,4,CSV,2022/11/01,ftp://ftp.ncbi.nlm.nih.gov/geo/series/GSE212nnn/GSE212636/
GSE198860,Modeling ischemic cholangiopathy in human cholangiocyte organoid for screening of novel cholangio-protective agents,12,TXT,2022/11/01,ftp://ftp.ncbi.nlm.nih.gov/geo/series/GSE198nnn/GSE198860/
GSE168408,Human prefrontal cortex gene regulatory dynamics from gestation to adulthood at single-cell resolution,49,"CSV, H5, TBI, TSV",2022/10/31,ftp://ftp.ncbi.nlm.nih.gov/geo/series/GSE168nnn/GSE168408/
GSE216189,Fragment-sequencing unveils local tissue microenvironments at single cell resolution,34,"CSV, JSON, MTX, PNG, RDS, TSV, TXT",2022/10/27,ftp://ftp.ncbi.nlm.nih.gov/geo/series/GSE216nnn/GSE216189/
GSE203085,Transplantable human thyroid organoids generated from embryonic stem cells to rescue hypothyroidism,2,"MTX, TSV",2022/10/24,ftp://ftp.ncbi.nlm.nih.gov/geo/series/GSE203nnn/GSE203085/
GSE203084,Single-cell RNA-Seq of human thyroid organoid II,1,"MTX, TSV",2022/10/24,ftp://ftp.ncbi.nlm.nih.gov/geo/series/GSE203nnn/GSE203084/
GSE201558,Bulk RNA-Seq of human thyroid organoids II,4,CSV,2022/10/24,ftp://ftp.ncbi.nlm.nih.gov/geo/series/GSE201nnn/GSE201558/
GSE181452,Bulk RNA-Seq of human thyroid organoids,10,CSV,2022/10/24,ftp://ftp.ncbi.nlm.nih.gov/geo/series/GSE181nnn/GSE181452/
GSE181256,Single-cell RNA-Seq of human thyroid organoid,1,"MTX, TSV",2022/10/24,ftp://ftp.ncbi.nlm.nih.gov/geo/series/GSE181nnn/GSE181256/
GSE178270,Human engineered skeletal muscle of hypaxial origin from pluripotent stem cells with advanced function and regenerative capacity,29,TXT,2022/10/19,ftp://ftp.ncbi.nlm.nih.gov/geo/series/GSE178nnn/GSE178270/
GSE209997,Generation and Maturation of Human iPSC-derived 3D Organotypic Cardiac Microtissues in Long-Term Culture,12,TSV,2022/10/18,ftp://ftp.ncbi.nlm.nih.gov/geo/series/GSE209nnn/GSE209997/
GSE198844,Generation of human kidney organoids from urine cells,20,"BW, MTX, TSV",2022/10/18,ftp://ftp.ncbi.nlm.nih.gov/geo/series/GSE198nnn/GSE198844/
GSE198840,Generation of human kidney organoids from urine cells (scRNA-Seq),2,"CSV, MTX, TSV, TXT",2022/10/18,ftp://ftp.ncbi.nlm.nih.gov/geo/series/GSE198nnn/GSE198840/
GSE198839,Generation of human kidney organoids from urine cells (RNA-seq),14,CSV,2022/10/18,ftp://ftp.ncbi.nlm.nih.gov/geo/series/GSE198nnn/GSE198839/
GSE184654,Estrogen related receptor alpha drives mitochondrial biogenesis and resistance to neoadjuvant chemoradiation in esophageal cancer,12,TXT,2022/10/17,ftp://ftp.ncbi.nlm.nih.gov/geo/series/GSE184nnn/GSE184654/
GSE213932,Effect of glucokinase regulatory protein (GCKR)-rs1260326 on gene expression  in human liver organoids,10,CSV,2022/10/13,ftp://ftp.ncbi.nlm.nih.gov/geo/series/GSE213nnn/GSE213932/
GSE207398,Seeking insights into early onset colorectal cancer through analysis of normal colon organoids of Familial Adenomatous Polyposis patients,13,CSV,2022/10/13,ftp://ftp.ncbi.nlm.nih.gov/geo/series/GSE207nnn/GSE207398/
GSE212014,Culture media composition influences patient-derived organoids ability to predict therapeutic response in gastrointestinal cancers ,31,TXT,2022/10/12,ftp://ftp.ncbi.nlm.nih.gov/geo/series/GSE212nnn/GSE212014/
GSE205978,mRNA sequencing of wildtype versus CEP83 knockout hiPSCs at diffirent time points of differentiation to kidney organoids,22,"MTX, TSV",2022/10/12,ftp://ftp.ncbi.nlm.nih.gov/geo/series/GSE205nnn/GSE205978/
GSE205977,mRNA sequencing of wildtype versus CEP83 knockout hiPSCs at diffirent time points of differentiation to kidney organoids [scRNA-seq],4,"MTX, TSV",2022/10/12,ftp://ftp.ncbi.nlm.nih.gov/geo/series/GSE205nnn/GSE205977/
GSE205976,mRNA sequencing of wildtype versus CEP83 knockout hiPSCs at diffirent time points of differentiation to kidney organoids [bulk RNA-seq],18,XLSX,2022/10/12,ftp://ftp.ncbi.nlm.nih.gov/geo/series/GSE205nnn/GSE205976/
GSE196168,Transcriptomic response to calcium in normal colon organoids is impacted by colon location and sex,72,CSV,2022/10/12,ftp://ftp.ncbi.nlm.nih.gov/geo/series/GSE196nnn/GSE196168/
GSE214877,Hypothalamus-specific NSCs derived from human brain organoids ameliorate age-associated dysfunction upon transplantation into aged mouse hypothalamus [human bulk RNAseq],6,CSV,2022/10/11,ftp://ftp.ncbi.nlm.nih.gov/geo/series/GSE214nnn/GSE214877/
GSE168464,Generation of human chambered cardiac organoids from pluripotent stem cells for improved modelling of cardiovascular diseases,3,"TXT, XLSX",2022/10/10,ftp://ftp.ncbi.nlm.nih.gov/geo/series/GSE168nnn/GSE168464/
GSE214885,KW-2449 and VPA exert therapeutic effects on human neurons and cerebral organoids derived from MECP2-null hESCs,14,TXT,2022/10/08,ftp://ftp.ncbi.nlm.nih.gov/geo/series/GSE214nnn/GSE214885/
GSE198857,Extended longevity geometrically-inverted proximal tubule organoids,9,CSV,2022/10/07,ftp://ftp.ncbi.nlm.nih.gov/geo/series/GSE198nnn/GSE198857/
GSE214654,RNA-seq of progenitors and neurons sorted from brain organoids,36,TSV,2022/10/06,ftp://ftp.ncbi.nlm.nih.gov/geo/series/GSE214nnn/GSE214654/
GSE214652,Results of RNA-seq of ribosome fractions from control and TSC2 KO Day37 organoids,18,TSV,2022/10/06,ftp://ftp.ncbi.nlm.nih.gov/geo/series/GSE214nnn/GSE214652/
GSE214617,Advanced physiological maturation of iPSC-derived human cardiomyocytes using an algorithm-directed optimization of defined media components,29,XLSX,2022/10/05,ftp://ftp.ncbi.nlm.nih.gov/geo/series/GSE214nnn/GSE214617/
GSE214295,Single-cell transcriptome profiling of primary tumors and paired organoids of pancreatic cancer,6,"MTX, TSV",2022/10/04,ftp://ftp.ncbi.nlm.nih.gov/geo/series/GSE214nnn/GSE214295/
GSE210061,SARS-CoV-2 infection of human pluripotent stem cell-derived liver organoids reveals potential mechanisms of liver pathology,32,"MTX, TSV",2022/10/04,ftp://ftp.ncbi.nlm.nih.gov/geo/series/GSE210nnn/GSE210061/
GSE210059,SARS-CoV-2 infection of human pluripotent stem cell-derived liver organoids reveals potential mechanisms of liver pathology (scRNA-Seq),4,"MTX, TSV",2022/10/04,ftp://ftp.ncbi.nlm.nih.gov/geo/series/GSE210nnn/GSE210059/
GSE210058,SARS-CoV-2 infection of human pluripotent stem cell-derived liver organoids reveals potential mechanisms of liver pathology (Bulk RNA-Seq),28,TXT,2022/10/04,ftp://ftp.ncbi.nlm.nih.gov/geo/series/GSE210nnn/GSE210058/
GSE211429,Single-cell atlas of patient-derived trophoblast organoids (TO) in on-going pregnancies.,3,"MTX, TSV",2022/10/01,ftp://ftp.ncbi.nlm.nih.gov/geo/series/GSE211nnn/GSE211429/
GSE165985,The protein kinase activity of NME7 activates one-carbon metabolism through positively regulating wnt/β-catenin signaling,4,TXT,2022/10/01,ftp://ftp.ncbi.nlm.nih.gov/geo/series/GSE165nnn/GSE165985/
GSE211562,"SARS-CoV-2 infection of Lung Organoids Reveals Conserved Use of Tetraspanin-8 by Ancestral-, Delta-, and Omicron- Variants",4,H5,2022/09/30,ftp://ftp.ncbi.nlm.nih.gov/geo/series/GSE211nnn/GSE211562/
GSE211308,Transcriptomic data from cultured human fetal lung tip-derived organoids treated with MAPK inhibitors or AKT inhibitor,12,CSV,2022/09/30,ftp://ftp.ncbi.nlm.nih.gov/geo/series/GSE211nnn/GSE211308/
GSE178529,Acquisition of alveolar fate and differentiation competence by human fetal lung epithelial progenitor cells,28,BW,2022/09/30,ftp://ftp.ncbi.nlm.nih.gov/geo/series/GSE178nnn/GSE178529/
GSE178528,Transcriptomic data from cultured human fetal lung tip-derived organoids at different stages of lung development,6,CSV,2022/09/30,ftp://ftp.ncbi.nlm.nih.gov/geo/series/GSE178nnn/GSE178528/
GSE205108,Tissue fluidification promotes a cGAS/STING-mediated cytosolic DNA response in invasive breast cancer [RNA-seq of Organoids],5,CSV,2022/09/28,ftp://ftp.ncbi.nlm.nih.gov/geo/series/GSE205nnn/GSE205108/
GSE214097,A comprehensive transcriptomic comparison of hepatocyte model systems,10,TXT,2022/09/25,ftp://ftp.ncbi.nlm.nih.gov/geo/series/GSE214nnn/GSE214097/
GSE195505,Quantitative Analysis of transcriptome in organoids derived from TP190 wildtype(WT) and Williams Syndrome(NSUN-GTF2ird2+/-) human induced Pluripotent  Stem Cell,8,TXT,2022/09/23,ftp://ftp.ncbi.nlm.nih.gov/geo/series/GSE195nnn/GSE195505/
GSE184634,Distalised kidney organoids,3,"MTX, TSV",2022/09/23,ftp://ftp.ncbi.nlm.nih.gov/geo/series/GSE184nnn/GSE184634/
GSE196113,SARS-CoV-2 disrupts respiratory vascular barriers by suppressing Claudin-5 expression,6,TXT,2022/09/22,ftp://ftp.ncbi.nlm.nih.gov/geo/series/GSE196nnn/GSE196113/
GSE167506,Targeted Escalation of Tyrosine Kinase Super-Enhancer Network Engineered by Acetylated HOXB13  Spurs Prostate Tumor Autonomy,1,H5,2022/09/22,ftp://ftp.ncbi.nlm.nih.gov/geo/series/GSE167nnn/GSE167506/
GSE210714,DNA methyltransferase 3A controls intestinal epithelial barrier function and regeneration in the colon [RNA-seq],24,TXT,2022/09/21,ftp://ftp.ncbi.nlm.nih.gov/geo/series/GSE210nnn/GSE210714/
GSE213330,Impact of KIF26A loss in human forebrain organoids,15,"CSV, H5",2022/09/20,ftp://ftp.ncbi.nlm.nih.gov/geo/series/GSE213nnn/GSE213330/
GSE201206,An experimental model for ovarian cancer: Propagation of ovarian cancer initiating cells and generation of ovarian cancer organoids,3,XLSX,2022/09/20,ftp://ftp.ncbi.nlm.nih.gov/geo/series/GSE201nnn/GSE201206/
GSE213288,snRNA-Seq data of human iPSC-midbrain organoids without and with microglia,4,TAR,2022/09/18,ftp://ftp.ncbi.nlm.nih.gov/geo/series/GSE213nnn/GSE213288/
GSE207608,Deterministic programming of human pluripotent stem cells into microglia facilitates studying their role in health and disease,3,"CSV, H5",2022/09/16,ftp://ftp.ncbi.nlm.nih.gov/geo/series/GSE207nnn/GSE207608/
GSE188825,Generation of human iPS cell-derived mesenchymal cells capable of forming alveolar organoids,28,H5,2022/09/16,ftp://ftp.ncbi.nlm.nih.gov/geo/series/GSE188nnn/GSE188825/
GSE188823,Generation of human iPS cell-derived mesenchymal cells capable of forming alveolar organoids [scRNA-Seq],4,H5,2022/09/16,ftp://ftp.ncbi.nlm.nih.gov/geo/series/GSE188nnn/GSE188823/
GSE188822,Generation of human iPS cell-derived mesenchymal cells capable of forming alveolar organoids [bulkRNA-Seq],24,TXT,2022/09/16,ftp://ftp.ncbi.nlm.nih.gov/geo/series/GSE188nnn/GSE188822/
GSE185330,Transcriptional changes upon Mphosph8 or Morc2a loss,28,TXT,2022/09/13,ftp://ftp.ncbi.nlm.nih.gov/geo/series/GSE185nnn/GSE185330/
GSE184007,Self-organized emergence of hyaline cartilage in hiPSC-derived multi-tissue organoids,6,TXT,2022/09/12,ftp://ftp.ncbi.nlm.nih.gov/geo/series/GSE184nnn/GSE184007/
GSE154873,"Single-cell RNA sequencing of MCF-7, T-47D and ZR-75-1 breast cancer cell lines treated with estrogen and progesterone",14,"TSV, TXT",2022/09/08,ftp://ftp.ncbi.nlm.nih.gov/geo/series/GSE154nnn/GSE154873/
GSE205647,Transcriptional profiling of organoid glomeruli isolated from human kidney organoids modelling congenital nephrotic syndrome,27,TXT,2022/09/07,ftp://ftp.ncbi.nlm.nih.gov/geo/series/GSE205nnn/GSE205647/
GSE212640,Effect of Notch inhibition on human iPSC-derived retinal organoids,16,CSV,2022/09/05,ftp://ftp.ncbi.nlm.nih.gov/geo/series/GSE212nnn/GSE212640/
GSE146641,HBEGF-TNF induces a complex retinal pathology with macular degeneration hallmarks in human organoids,36,TXT,2022/09/05,ftp://ftp.ncbi.nlm.nih.gov/geo/series/GSE146nnn/GSE146641/
GSE137910,Morphological and Molecular Defects in Human Three-Dimensional Retinal Organoid Model of X-Linked Juvenile Retinoschisis,12,TXT,2022/09/03,ftp://ftp.ncbi.nlm.nih.gov/geo/series/GSE137nnn/GSE137910/
GSE212333,Effect of Exogenous Retinoic Acid on human iPSCs derived intestinal organoids,21,XLS,2022/09/02,ftp://ftp.ncbi.nlm.nih.gov/geo/series/GSE212nnn/GSE212333/
GSE210358,Lineage plasticity in prostate cancer depends on JAK/STAT inflammatory signaling,49,"CSV, H5AD, TXT",2022/09/01,ftp://ftp.ncbi.nlm.nih.gov/geo/series/GSE210nnn/GSE210358/
GSE184242,Patient-derived micro-organospheres (MOS) enable clinical precision oncology,17,"H5, TXT",2022/09/01,ftp://ftp.ncbi.nlm.nih.gov/geo/series/GSE184nnn/GSE184242/
GSE174215,Single-cell RNASeq analysis of human retinal organoids generated from hiPSC derived of a healthy donor patient,1,"H5AD, MTX, TSV",2022/09/01,ftp://ftp.ncbi.nlm.nih.gov/geo/series/GSE174nnn/GSE174215/
GSE183507,"Human lung AT2 cell organoids infected with CoV-2, treated with inhibitors",15,TXT,2022/08/31,ftp://ftp.ncbi.nlm.nih.gov/geo/series/GSE183nnn/GSE183507/
GSE207954,Global decay of regulatory chromatin architecture promotes rebalancing of gene expression during colorectal cancer development,104,"BED, BIGWIG, HIC, SF",2022/08/27,ftp://ftp.ncbi.nlm.nih.gov/geo/series/GSE207nnn/GSE207954/
GSE200339,In vitro modeling and rescue of ciliopathy associated with mutations in IQCB1 (Nephrocystin 5) using patient-derived cells,15,TXT,2022/08/26,ftp://ftp.ncbi.nlm.nih.gov/geo/series/GSE200nnn/GSE200339/
GSE211803,The immunogenicity of human kidney organoids,7,CSV,2022/08/25,ftp://ftp.ncbi.nlm.nih.gov/geo/series/GSE211nnn/GSE211803/
GSE198914,Engineering bone-forming callus-organoid implants in a xenogeneic free differentiation medium,52,TSV,2022/08/25,ftp://ftp.ncbi.nlm.nih.gov/geo/series/GSE198nnn/GSE198914/
GSE184928,Enhanced metanephric specification to functional proximal tubule enables toxicity screening and infectious disease modelling in kidney organoids,5,"MTX, TSV",2022/08/25,ftp://ftp.ncbi.nlm.nih.gov/geo/series/GSE184nnn/GSE184928/
GSE211878,Modeling human telencephalic development and autism-associated SHANK3 deficiency using organoids generated from single neural rosettes [bulk RNA-seq2],7,TXT,2022/08/23,ftp://ftp.ncbi.nlm.nih.gov/geo/series/GSE211nnn/GSE211878/
GSE189423,Optimal human intestinal organoid model reveals interleukin-22-induced Paneth cell differentiation,2,"MTX, TSV",2022/08/23,ftp://ftp.ncbi.nlm.nih.gov/geo/series/GSE189nnn/GSE189423/
GSE167561,Helicobacter pylori shows tropism to gastric differentiated pit cells dependent on urea chemotaxis.,5,"TAR, TXT",2022/08/20,ftp://ftp.ncbi.nlm.nih.gov/geo/series/GSE167nnn/GSE167561/
GSE211103,Tissue and cell-type specific molecular and functional signatures of 16p11.2 reciprocal genomic disorder across mouse brain and human neuronal models.,415,TXT,2022/08/15,ftp://ftp.ncbi.nlm.nih.gov/geo/series/GSE211nnn/GSE211103/
GSE210960,Modeling human telencephalic development and autism-associated SHANK3 deficiency using organoids generated from single neural rosettes,26,"MTX, TSV",2022/08/11,ftp://ftp.ncbi.nlm.nih.gov/geo/series/GSE210nnn/GSE210960/
GSE210959,Modeling human telencephalic development and autism-associated SHANK3 deficiency using organoids generated from single neural rosettes [bulk RNA-seq1],9,TXT,2022/08/11,ftp://ftp.ncbi.nlm.nih.gov/geo/series/GSE210nnn/GSE210959/
GSE118697,Modeling human telencephalic development and autism-associated SHANK3 deficiency using organoids generated from single neural rosettes [scRNA-seq],10,"CSV, MTX, TSV",2022/08/11,ftp://ftp.ncbi.nlm.nih.gov/geo/series/GSE118nnn/GSE118697/
GSE190705,Transcriptomics of IL9 and IL13-treated human colonic epithelial organoids,9,TXT,2022/08/08,ftp://ftp.ncbi.nlm.nih.gov/geo/series/GSE190nnn/GSE190705/
GSE190634,Transcriptomics of cytokine-treated human colonic epithelial organoids,24,TXT,2022/08/08,ftp://ftp.ncbi.nlm.nih.gov/geo/series/GSE190nnn/GSE190634/
GSE209748,Cryobanking of human distal lung epithelial cells for preservation of their phenotypic and functional characteristics,2,"MTX, TSV",2022/08/02,ftp://ftp.ncbi.nlm.nih.gov/geo/series/GSE209nnn/GSE209748/
GSE186583,Transcriptomics informs design of a planar human enterocyte culture system that reveals metformin enhances fatty acid flux,20,"CSV, H5, H5AD, MATRIX, TXT",2022/08/02,ftp://ftp.ncbi.nlm.nih.gov/geo/series/GSE186nnn/GSE186583/
GSE181290,Engineering large-scale perfused tissues via synthetic 3D soft microfluidics,3,CSV,2022/08/02,ftp://ftp.ncbi.nlm.nih.gov/geo/series/GSE181nnn/GSE181290/
GSE206529,Modeling PRPF31 retinitis pigmentosa using iPSC-derived retinal organoids and retinal pigmented epithelium and rescue by gene augmentation strategy,42,TXT,2022/08/01,ftp://ftp.ncbi.nlm.nih.gov/geo/series/GSE206nnn/GSE206529/
GSE184257,Single-cell analysis of Kaposi’s sarcoma-associated herpesvirus infection in three-dimensional air-liquid interface culture model,11,"MTX, TSV",2022/07/28,ftp://ftp.ncbi.nlm.nih.gov/geo/series/GSE184nnn/GSE184257/
GSE208710,Gene expression profile at single cell level of human cerebral organoid transplants harvested from the mouse brain.,3,"MTX, TSV",2022/07/27,ftp://ftp.ncbi.nlm.nih.gov/geo/series/GSE208nnn/GSE208710/
GSE208575,Choroid plexus defects in Down syndrome brain organoids enhance neurotropism of SARS-CoV-2,9,XLS,2022/07/26,ftp://ftp.ncbi.nlm.nih.gov/geo/series/GSE208nnn/GSE208575/
GSE208784,Cell cycle arrest of neural progenitors causes impaired dopaminergic neuronal differentiation in GBA associated Parkinson’s disease midbrain organoids,12,,2022/07/24,ftp://ftp.ncbi.nlm.nih.gov/geo/series/GSE208nnn/GSE208784/
GSE208783,Cell cycle arrest of neural progenitors causes impaired dopaminergic neuronal differentiation in GBA associated Parkinson’s disease midbrain organoids [2],6,TXT,2022/07/24,ftp://ftp.ncbi.nlm.nih.gov/geo/series/GSE208nnn/GSE208783/
GSE208781,Cell cycle arrest of neural progenitors causes impaired dopaminergic neuronal differentiation in GBA associated Parkinson’s disease midbrain organoids [1],6,TXT,2022/07/24,ftp://ftp.ncbi.nlm.nih.gov/geo/series/GSE208nnn/GSE208781/
GSE190815,Maturation and circuit integration of transplanted human cortical organoids,6,"CSV, MTX, RDS, TSV",2022/07/23,ftp://ftp.ncbi.nlm.nih.gov/geo/series/GSE190nnn/GSE190815/
GSE208585,CHD7 regulates otic lineage differentiation and sensory epithelium generation in human inner ear organoids,12,"MTX, TSV",2022/07/21,ftp://ftp.ncbi.nlm.nih.gov/geo/series/GSE208nnn/GSE208585/
GSE208418,Human Tau Mutations in Cerebral Organoids Induce a Progressive Dyshomeostasis of Cholesterol,76,TXT,2022/07/21,ftp://ftp.ncbi.nlm.nih.gov/geo/series/GSE208nnn/GSE208418/
GSE208278,Oncogene addiction to GNAS in GNASR201 mutant tumors,8,TXT,2022/07/19,ftp://ftp.ncbi.nlm.nih.gov/geo/series/GSE208nnn/GSE208278/
GSE208315,Longitudinal analysis reveals that probiotics are a significant driver of gut microbiome development in very preterm infants,17,TXT,2022/07/18,ftp://ftp.ncbi.nlm.nih.gov/geo/series/GSE208nnn/GSE208315/
GSE208216,High grade serous ovarian cancer organoids as models of chromosomal instability,14,TXT,2022/07/17,ftp://ftp.ncbi.nlm.nih.gov/geo/series/GSE208nnn/GSE208216/
GSE207749,Functional neuronal circuitry and oscillatory dynamics in human brain organoids,3,TXT,2022/07/15,ftp://ftp.ncbi.nlm.nih.gov/geo/series/GSE207nnn/GSE207749/
GSE207894,Modular automated microfluidic cell culture platform reduces glycolytic stress in cerebral cortex organoids,41,RESULTS,2022/07/14,ftp://ftp.ncbi.nlm.nih.gov/geo/series/GSE207nnn/GSE207894/
GSE197949,Human alveolar progenitors generate dual lineage bronchioalveolar organoids,30,"H5, RDS, TXT",2022/07/08,ftp://ftp.ncbi.nlm.nih.gov/geo/series/GSE197nnn/GSE197949/
GSE189226,Type I Interferon Signaling Mediates Microglial Dysfunction and Senescence in Human-Mouse Chimeric Brain Models of Down Syndrome and Alzheimer’s Disease [single-cell RNA-seq],4,RDS,2022/07/08,ftp://ftp.ncbi.nlm.nih.gov/geo/series/GSE189nnn/GSE189226/
GSE189225,Type I Interferon Signaling Mediates Microglial Dysfunction and Senescence in Human-Mouse Chimeric Brain Models of Down Syndrome and Alzheimer’s Disease [bulk RNA-seq],6,CSV,2022/07/08,ftp://ftp.ncbi.nlm.nih.gov/geo/series/GSE189nnn/GSE189225/
GSE188352,"Next Generation Sequencing of human first trimester placental EVTs (pEVT), decidual interstitial EVTs (iEVT), and trophoblast organoid (TB-ORG)-derived extravillous trophoblasts (TB-ORG-EVTs).",18,TSV,2022/07/08,ftp://ftp.ncbi.nlm.nih.gov/geo/series/GSE188nnn/GSE188352/
GSE182632,Tuberous sclerosis complex renal lesion pleiotropy arises from multiple aberrant developmental processes,3,"CSV, RDS",2022/07/05,ftp://ftp.ncbi.nlm.nih.gov/geo/series/GSE182nnn/GSE182632/
GSE207179,RNASeq to investigate ETV4 and ETV5 function in human foetal lung tip progenitor cells,8,TXT,2022/07/02,ftp://ftp.ncbi.nlm.nih.gov/geo/series/GSE207nnn/GSE207179/
GSE181144,MEOX2 homeobox gene promotes growth of malignant gliomas [RNA-Seq],29,TXT,2022/07/01,ftp://ftp.ncbi.nlm.nih.gov/geo/series/GSE181nnn/GSE181144/
GSE201898,MECP2-related pathways are dysregulated in a cortical organoid model of Myotonic dystrophy,53,"BW, ZIP",2022/06/30,ftp://ftp.ncbi.nlm.nih.gov/geo/series/GSE201nnn/GSE201898/
GSE201897,MECP2-related pathways are dysregulated in a cortical organoid model of Myotonic dystrophy [bulk RNA-Seq],32,TXT,2022/06/30,ftp://ftp.ncbi.nlm.nih.gov/geo/series/GSE201nnn/GSE201897/
GSE201895,MECP2-related pathways are dysregulated in a cortical organoid model of Myotonic dystrophy [eCLIP],16,"BED, BW",2022/06/30,ftp://ftp.ncbi.nlm.nih.gov/geo/series/GSE201nnn/GSE201895/
GSE201891,MECP2-related pathways are dysregulated in a cortical organoid model of Myotonic dystrophy [scRNA-Seq],5,"CSV, ZIP",2022/06/30,ftp://ftp.ncbi.nlm.nih.gov/geo/series/GSE201nnn/GSE201891/
GSE191334,Bulk RNA-Seq of cutaneous squamous cell carcinomas (cSCC) with paired normal controls,16,TXT,2022/06/24,ftp://ftp.ncbi.nlm.nih.gov/geo/series/GSE191nnn/GSE191334/
GSE190907,RET activation controlled by MAB21L4-CacyBP interaction in squamous cell carcinoma,30,,2022/06/24,ftp://ftp.ncbi.nlm.nih.gov/geo/series/GSE190nnn/GSE190907/
GSE190866,MAB21L4 is required for epidermal homeostasis,4,TXT,2022/06/24,ftp://ftp.ncbi.nlm.nih.gov/geo/series/GSE190nnn/GSE190866/
GSE190865,Enforced MAB21L4 expression enhances epidermal diferentiation,4,TXT,2022/06/24,ftp://ftp.ncbi.nlm.nih.gov/geo/series/GSE190nnn/GSE190865/
GSE190864,CACYBP is required for epidermal homeostasis,6,TXT,2022/06/24,ftp://ftp.ncbi.nlm.nih.gov/geo/series/GSE190nnn/GSE190864/
GSE195717,Transcriptomic profiling of kidney organoids treated with QNZ,36,CSV,2022/06/23,ftp://ftp.ncbi.nlm.nih.gov/geo/series/GSE195nnn/GSE195717/
GSE164564,A scalable organoid model of autosomal dominant polycystic kidney disease for disease mechanism and drug discovery,5,TAR,2022/06/23,ftp://ftp.ncbi.nlm.nih.gov/geo/series/GSE164nnn/GSE164564/
GSE201462,SF3B1 promotes glycolysis and tumor malignancy through splicing-independent activation of HIF1α,36,BW,2022/06/22,ftp://ftp.ncbi.nlm.nih.gov/geo/series/GSE201nnn/GSE201462/
GSE201427,SF3B1 promotes glycolysis and tumor malignancy through splicing-independent activation of HIF1α [RNA-Seq],8,XLSX,2022/06/22,ftp://ftp.ncbi.nlm.nih.gov/geo/series/GSE201nnn/GSE201427/
GSE197210,FOXA2 suppresses endometrial carcinogenesis and epithelial-mesenchymal transition through its actions as chromatin remodeler [WT67],6,TAB,2022/06/22,ftp://ftp.ncbi.nlm.nih.gov/geo/series/GSE197nnn/GSE197210/
GSE197209,FOXA2 suppresses endometrial carcinogenesis and epithelial-mesenchymal transition through its actions as chromatin remodeler [WT41],6,TAB,2022/06/22,ftp://ftp.ncbi.nlm.nih.gov/geo/series/GSE197nnn/GSE197209/
GSE189514,A bipotential organoid culture of respiratory epithelium for modeling SARS-CoV-2 infection,12,"TSV, TXT",2022/06/22,ftp://ftp.ncbi.nlm.nih.gov/geo/series/GSE189nnn/GSE189514/
GSE206153,Single cell gene expression profile of hPSC-derived nephric duct spheroids (day 7) and collecting duct organoiods (day 18),1,"CSV, XLSX",2022/06/20,ftp://ftp.ncbi.nlm.nih.gov/geo/series/GSE206nnn/GSE206153/
GSE202661,Endometriotic Organoids: A Novel In Vitro Model of Endometriotic Lesion Development,11,TXT,2022/06/15,ftp://ftp.ncbi.nlm.nih.gov/geo/series/GSE202nnn/GSE202661/
GSE190609,Peritoneal Metastases from Colorectal Cancer belong to Consensus Molecular Subtype 4 and are sensitized to oxaliplatin by inhibiting reducing capacity,113,TXT,2022/06/15,ftp://ftp.ncbi.nlm.nih.gov/geo/series/GSE190nnn/GSE190609/
GSE165104,Transplanted human organoids empower PK/PD assessment of drug candidate for the clinic,42,"MTX, TSV",2022/06/14,ftp://ftp.ncbi.nlm.nih.gov/geo/series/GSE165nnn/GSE165104/
GSE164884,Nicotinamide promotes formation of retinal organoids from human pluripotent stem cells via enhanced neural cell fate commitment,16,"CSV, TSV",2022/06/14,ftp://ftp.ncbi.nlm.nih.gov/geo/series/GSE164nnn/GSE164884/
GSE163964,N6-methyladenosine mRNA Modification Is Essential for Human Pancreatic Lineage Specification,44,TXT,2022/06/13,ftp://ftp.ncbi.nlm.nih.gov/geo/series/GSE163nnn/GSE163964/
GSE163945,N6-methyladenosine mRNA Modification Is Essential for Human Pancreatic Lineage Specification [RNA-Seq],20,TXT,2022/06/13,ftp://ftp.ncbi.nlm.nih.gov/geo/series/GSE163nnn/GSE163945/
GSE188698,Spatial and temporal development of Müller glial cells in hiPSC-derived retinal organoids facilitating the cell enrichment and transcriptome analysis,15,TXT,2022/06/08,ftp://ftp.ncbi.nlm.nih.gov/geo/series/GSE188nnn/GSE188698/
GSE150695,ECM dimensionality tunes actin tension to regulate endoplasmic reticulum function and spheroid phenotype,18,TXT,2022/06/08,ftp://ftp.ncbi.nlm.nih.gov/geo/series/GSE150nnn/GSE150695/
GSE205554,Gruffi removes stressed cells from brain organoid datasets,4,RDS,2022/06/06,ftp://ftp.ncbi.nlm.nih.gov/geo/series/GSE205nnn/GSE205554/
GSE205084,Endometrial gland impacts on stromal cell decidualization,15,TXT,2022/06/06,ftp://ftp.ncbi.nlm.nih.gov/geo/series/GSE205nnn/GSE205084/
GSE201219,Transplanted human cones incorporate and function in a murine cone degeneration model,30,TXT,2022/06/01,ftp://ftp.ncbi.nlm.nih.gov/geo/series/GSE201nnn/GSE201219/
GSE128939,Glutamine deprivation enhances directed differentiation of renal organoids,27,,2022/06/01,ftp://ftp.ncbi.nlm.nih.gov/geo/series/GSE128nnn/GSE128939/
GSE128938,Directed differentiation to nephron progenitor cells in the presence and absence of glutamine [RNA Seq 2],6,TXT,2022/06/01,ftp://ftp.ncbi.nlm.nih.gov/geo/series/GSE128nnn/GSE128938/
GSE128937,Directed differentiation to nephron progenitor cells [RNA Seq 1],21,TXT,2022/06/01,ftp://ftp.ncbi.nlm.nih.gov/geo/series/GSE128nnn/GSE128937/
GSE201675,De novo construction of T cell compartment in humanized mice engrafted with iPSC-derived thymus organoids,2,"MTX, TSV",2022/05/31,ftp://ftp.ncbi.nlm.nih.gov/geo/series/GSE201nnn/GSE201675/
GSE202874,Short- and long-distance extrinsic regulation of interneuron specification and migration,6,CSV,2022/05/30,ftp://ftp.ncbi.nlm.nih.gov/geo/series/GSE202nnn/GSE202874/
GSE198864,Human lungs show limited permissiveness for SARS-CoV-2 due to scarce ACE2 levels but virus-induced expansion of inflammatory macrophages  ,91,"CSV, H5, RDS",2022/05/30,ftp://ftp.ncbi.nlm.nih.gov/geo/series/GSE198nnn/GSE198864/
GSE200807,Human endometrium and epithelial organoids,30,"BW, TXT",2022/05/26,ftp://ftp.ncbi.nlm.nih.gov/geo/series/GSE200nnn/GSE200807/
GSE200805,Transcriptional profile of human endometrial epithelial cells grown as organoids and treated with hormones,18,TXT,2022/05/26,ftp://ftp.ncbi.nlm.nih.gov/geo/series/GSE200nnn/GSE200805/
GSE180878,A human breast transcriptome atlas,16,CSV,2022/05/25,ftp://ftp.ncbi.nlm.nih.gov/geo/series/GSE180nnn/GSE180878/
GSE181261,Studying the transcriptomic effects of the IL-20 cytokine subfamily on the esophageal epithelium,10,TSV,2022/05/20,ftp://ftp.ncbi.nlm.nih.gov/geo/series/GSE181nnn/GSE181261/
GSE202051,Refined molecular taxonomy and treatment remodeling of pancreatic cancer using single-cell resolution,74,H5AD,2022/05/18,ftp://ftp.ncbi.nlm.nih.gov/geo/series/GSE202nnn/GSE202051/
GSE202992,Silk scaffolding drives self-assembly of functional and mature human brain organoids [RNA-seq],6,SF,2022/05/17,ftp://ftp.ncbi.nlm.nih.gov/geo/series/GSE202nnn/GSE202992/
GSE202993,Silk scaffolding drives self-assembly of functional and mature human brain organoids,9,"CSV, SF",2022/05/14,ftp://ftp.ncbi.nlm.nih.gov/geo/series/GSE202nnn/GSE202993/
GSE202308,An Engineered Multicellular Stem Cell Niche for the 3D Derivation of Human Myogenic Progenitors from iPSCs,3,"MTX, TSV",2022/05/13,ftp://ftp.ncbi.nlm.nih.gov/geo/series/GSE202nnn/GSE202308/
GSE200851,Orgo-Seq integrates single-cell and bulk transcriptomic data to identify cell type specific-driver genes associated with autism spectrum disorder,71,XLSX,2022/05/13,ftp://ftp.ncbi.nlm.nih.gov/geo/series/GSE200nnn/GSE200851/
GSE181002,Single-cell RNA-seq of human kidney organoids,8,H5,2022/05/12,ftp://ftp.ncbi.nlm.nih.gov/geo/series/GSE181nnn/GSE181002/
GSE173624,CDX2-induced intestinal metaplasia in human gastric organoids derived from induced pluripotent stem cells,6,TXT,2022/05/07,ftp://ftp.ncbi.nlm.nih.gov/geo/series/GSE173nnn/GSE173624/
GSE184526,Gene expression analysis of human salivary gland and organoid at single cell resolution,3,H5AD,2022/05/05,ftp://ftp.ncbi.nlm.nih.gov/geo/series/GSE184nnn/GSE184526/
GSE179640,Single cell analysis of endometriosis reveals a coordinated transcriptional program driving immunotolerance and angiogenesis across eutopic and ectopic tissues,59,"H5, MTX, TSV, TXT, XLS",2022/05/05,ftp://ftp.ncbi.nlm.nih.gov/geo/series/GSE179nnn/GSE179640/
GSE121455,A comprehensive transcriptome portrait of colorectal cancer derived organoid at single cell levels,58,TXT,2022/05/05,ftp://ftp.ncbi.nlm.nih.gov/geo/series/GSE121nnn/GSE121455/
GSE121454,A comprehensive transcriptome portrait of colorectal cancer derived organoid at single cell levels (Bulk RNA-seq),6,TXT,2022/05/05,ftp://ftp.ncbi.nlm.nih.gov/geo/series/GSE121nnn/GSE121454/
GSE120065,A comprehensive transcriptome portrait of colorectal cancer derived organoid at single cell levels (Single cell RNA-seq),52,TXT,2022/05/05,ftp://ftp.ncbi.nlm.nih.gov/geo/series/GSE120nnn/GSE120065/
GSE179601,Human branching cholangiocyte organoids recapitulate embryogenic bile duct development and provide an unique model to study biliary diseases.,18,,2022/05/04,ftp://ftp.ncbi.nlm.nih.gov/geo/series/GSE179nnn/GSE179601/
GSE179599,Human branching cholangiocyte organoids recapitulate embryogenic bile duct development and provide an unique model to study biliary diseases. RNA-Seq,9,TXT,2022/05/04,ftp://ftp.ncbi.nlm.nih.gov/geo/series/GSE179nnn/GSE179599/
GSE179597,Human branching cholangiocyte organoids recapitulate embryogenic bile duct development and provide an unique model to study biliary diseases. scRNA-Seq,9,TXT,2022/05/04,ftp://ftp.ncbi.nlm.nih.gov/geo/series/GSE179nnn/GSE179597/
GSE163619,Multiplexed single cell mRNA sequencing of monolayer- and organoid-system differentiated cells derived from human iPSC with and without NKX2-5 genetic manipulations,3,"CSV, H5, MTX, TXT, XLSX",2022/05/04,ftp://ftp.ncbi.nlm.nih.gov/geo/series/GSE163nnn/GSE163619/
GSE194004,BMP gradient along the intestinal villus axis controls zonated enterocyte and goblet cell states,28,CSV,2022/05/02,ftp://ftp.ncbi.nlm.nih.gov/geo/series/GSE194nnn/GSE194004/
GSE189885,Human fetal lung tip progenitor cells,40,,2022/04/30,ftp://ftp.ncbi.nlm.nih.gov/geo/series/GSE189nnn/GSE189885/
GSE189884,RNASeq to investigate SOX2 and SOX9 function in human fetal lung tip progenitor cells,12,TXT,2022/04/30,ftp://ftp.ncbi.nlm.nih.gov/geo/series/GSE189nnn/GSE189884/
GSE172325,Behavioral-transcriptomic landscape of engineered T cells targeting human cancer organoids,25,"CSV, TXT",2022/04/30,ftp://ftp.ncbi.nlm.nih.gov/geo/series/GSE172nnn/GSE172325/
GSE172241,Stem cell-derived trophoblast organoids model human placental development and susceptibility to emerging pathogens,4,"MTX, TSV",2022/04/29,ftp://ftp.ncbi.nlm.nih.gov/geo/series/GSE172nnn/GSE172241/
GSE173339,Occult polyclonality of preclinical pancreatic cancer models drives in vitro evolution.,13,"BED, CSV, H5, TAR",2022/04/28,ftp://ftp.ncbi.nlm.nih.gov/geo/series/GSE173nnn/GSE173339/
GSE155493,The Caspase-Activated DNAse drives chromosomal instability and cancer metastasis,23,TXT,2022/04/27,ftp://ftp.ncbi.nlm.nih.gov/geo/series/GSE155nnn/GSE155493/
GSE201315,Adaptive evolution of gene promoters driven by primate-specific KRAB zinc finger proteins,46,"NARROWPEAK, TXT",2022/04/25,ftp://ftp.ncbi.nlm.nih.gov/geo/series/GSE201nnn/GSE201315/
GSE181954,Characterizing human pluripotent stem cell derived kidney organoids by single-cell RNA sequencing of whole organoids and bulk RNA sequencing of organoid-derived podocytes for comparison with immortalized podocytes and in vivo podocytes,18,"MTX, TSV, TXT",2022/04/25,ftp://ftp.ncbi.nlm.nih.gov/geo/series/GSE181nnn/GSE181954/
GSE143154,Isolation and long-term expansion of adult SOX9+ renal epithelial cells with efficient kidney regeneration capacity,1,TXT,2022/04/22,ftp://ftp.ncbi.nlm.nih.gov/geo/series/GSE143nnn/GSE143154/
GSE119426,Cloning and variation of adult renal tubular progenitors,6,TXT,2022/04/22,ftp://ftp.ncbi.nlm.nih.gov/geo/series/GSE119nnn/GSE119426/
GSE200477,Polysome profiling quantified by RNA sequencing in PANC1 cells treated with MNK2 inhibitors or DMSO,24,TSV,2022/04/19,ftp://ftp.ncbi.nlm.nih.gov/geo/series/GSE200nnn/GSE200477/
GSE200629,Derivation of cochlear organoids from human pluripotent stem cells reveals tight transcriptome-structure coupling during organogenesis,7,TAR,2022/04/14,ftp://ftp.ncbi.nlm.nih.gov/geo/series/GSE200nnn/GSE200629/
GSE198927,Mitochondrial HSF1 triggers mitochondrial dysfunction and neurodegeneration in Huntington’s disease,2,H5,2022/04/13,ftp://ftp.ncbi.nlm.nih.gov/geo/series/GSE198nnn/GSE198927/
GSE200452,Direct-induced human retinal ganglion cells mimic fetal RGCs and are neuroprotective after transplant in vivo,1,"MTX, TSV",2022/04/10,ftp://ftp.ncbi.nlm.nih.gov/geo/series/GSE200nnn/GSE200452/
GSE155354,p53 wild-type colorectal cancer cells that express a fetal gene signature are associated with metastasis and poor prognosis,14,TXT,2022/04/08,ftp://ftp.ncbi.nlm.nih.gov/geo/series/GSE155nnn/GSE155354/
GSE196355,Generation of an RCVRN-eGFP reporter hiPSC line by CRISPR/Cas9 to monitor photoreceptor cell development and facilitate the cell enrichment for transplantation,6,TXT,2022/04/07,ftp://ftp.ncbi.nlm.nih.gov/geo/series/GSE196nnn/GSE196355/
GSE174376,A single-cell/nucleus atlas of pediatric rhabdomyosarcoma,64,"BED, MTX, TBI, TSV, TXT",2022/04/06,ftp://ftp.ncbi.nlm.nih.gov/geo/series/GSE174nnn/GSE174376/
GSE198899,Discovery and functional interrogation of the virus and host RNA interactome of SARS-CoV-2 proteins [Ribo-Seq],8,"TSV, TXT",2022/03/31,ftp://ftp.ncbi.nlm.nih.gov/geo/series/GSE198nnn/GSE198899/
GSE194129,Single-cell and spatial mapping identify cell types and signaling networks in the human ureter,14,CSV,2022/03/31,ftp://ftp.ncbi.nlm.nih.gov/geo/series/GSE194nnn/GSE194129/
GSE184112,Visium spatial gene expression analysis for human ureters,2,CSV,2022/03/31,ftp://ftp.ncbi.nlm.nih.gov/geo/series/GSE184nnn/GSE184112/
GSE184111,scRNA sequencing analysis for human ureters and patient derived ureter oragnoid,12,TXT,2022/03/31,ftp://ftp.ncbi.nlm.nih.gov/geo/series/GSE184nnn/GSE184111/
GSE179464,RNF43 G659fs is an oncogenic colorectal cancer mutation and sensitizes tumor cells to PI3K/mTOR inhibition,6,TXT,2022/03/27,ftp://ftp.ncbi.nlm.nih.gov/geo/series/GSE179nnn/GSE179464/
GSE199347,"RNA-Seq of DU145 cell line upon knockdown of  YAP, TAZ, or YAP/TAZ",8,TXT,2022/03/24,ftp://ftp.ncbi.nlm.nih.gov/geo/series/GSE199nnn/GSE199347/
GSE199190,Chromatin profiles classify castration-resistant prostate cancers suggesting therapeutic targets,134,BW,2022/03/22,ftp://ftp.ncbi.nlm.nih.gov/geo/series/GSE199nnn/GSE199190/
GSE192526,Time course RNA−seq analysis during gastric organoids with muscularis mucosa induction derived from hiPSC,6,TXT,2022/03/22,ftp://ftp.ncbi.nlm.nih.gov/geo/series/GSE192nnn/GSE192526/
GSE178441,SB431452 affects extracellular matrix during induction of hiPSC-derived gastric organoid with muscularis mucosa,2,TXT,2022/03/22,ftp://ftp.ncbi.nlm.nih.gov/geo/series/GSE178nnn/GSE178441/
GSE174312,Gene expression analysis during differentiation into gastric organoids with muscularis mucosa from hiPSC,6,TXT,2022/03/22,ftp://ftp.ncbi.nlm.nih.gov/geo/series/GSE174nnn/GSE174312/
GSE185052,Multi-dimensional modeling disrupted synapse formation underlying psychiatric disorders of Wolfram syndrome reveals essentiality of astrocytes,12,"FA, TXT",2022/03/17,ftp://ftp.ncbi.nlm.nih.gov/geo/series/GSE185nnn/GSE185052/
GSE189981,Enhanced cortical neural stem cell identity through short SMAD/WNT inhibition in human cerebral organoids facilitates emergence of outer radial glial cells.,70,"TXT, XLSX",2022/03/16,ftp://ftp.ncbi.nlm.nih.gov/geo/series/GSE189nnn/GSE189981/
GSE188955,The confused cell identity is associated with aggressiveness in esophageal squamous cell carcinoma,20,TAR,2022/03/16,ftp://ftp.ncbi.nlm.nih.gov/geo/series/GSE188nnn/GSE188955/
GSE181812,The NFκB pathway promotes endocrine therapy tolerance through activation of integrated stress response in ER positive breast cancer,3,"MTX, TSV, TXT",2022/03/15,ftp://ftp.ncbi.nlm.nih.gov/geo/series/GSE181nnn/GSE181812/
GSE165975,In vivo development and single-cell transcriptome profiling of human brain organoids in mouse corpus striatum,1,"MTX, TSV",2022/03/15,ftp://ftp.ncbi.nlm.nih.gov/geo/series/GSE165nnn/GSE165975/
GSE198575,Optimizing Embryoid Bodies and Organoids by Chemical Cytoprotection [RASL-Seq],48,CSV,2022/03/14,ftp://ftp.ncbi.nlm.nih.gov/geo/series/GSE198nnn/GSE198575/
GSE195692,Human PSCs determine the competency of cerebral organoid differentiation via FGF signaling and epigenetic mechanisms,21,"COV, TAR, TXT",2022/03/09,ftp://ftp.ncbi.nlm.nih.gov/geo/series/GSE195nnn/GSE195692/
GSE195690,Single-cell RNAseq anaysis of 4-month-old brain organoids from feeder-free iPSCs with PD173074 treatment,1,TAR,2022/03/09,ftp://ftp.ncbi.nlm.nih.gov/geo/series/GSE195nnn/GSE195690/
GSE193389,Gene expression of matched treatment-naive versus FOLFIRINOX-treated PDAC patient-derived organoids,4,TSV,2022/03/09,ftp://ftp.ncbi.nlm.nih.gov/geo/series/GSE193nnn/GSE193389/
GSE173507,Discovery and functional interrogation of the virus and host RNA interactome of SARS-CoV-2 proteins [RNA-Seq],4,BW,2022/03/09,ftp://ftp.ncbi.nlm.nih.gov/geo/series/GSE173nnn/GSE173507/
GSE196799,Single-cell characterization of neovascularization using hiPSC-derived endothelial cells in a 3D microenvironment,10,TAR,2022/03/08,ftp://ftp.ncbi.nlm.nih.gov/geo/series/GSE196nnn/GSE196799/
GSE154754,Characterization of novel natural compound derivatives with cancer-selective cytotoxicity (RNA-seq dataset 3),12,TXT,2022/03/04,ftp://ftp.ncbi.nlm.nih.gov/geo/series/GSE154nnn/GSE154754/
GSE154753,Characterization of novel natural compound derivatives with cancer-selective cytotoxicity (RNA-seq dataset 2),8,TXT,2022/03/04,ftp://ftp.ncbi.nlm.nih.gov/geo/series/GSE154nnn/GSE154753/
GSE154752,Characterization of novel natural compound derivatives with cancer-selective cytotoxicity (RNA-seq dataset 1),8,TXT,2022/03/04,ftp://ftp.ncbi.nlm.nih.gov/geo/series/GSE154nnn/GSE154752/
GSE155498,Human biliary epithelial cells from discarded donor livers rescue bile duct structure and function in a mouse model of biliary disease,19,TXT,2022/03/03,ftp://ftp.ncbi.nlm.nih.gov/geo/series/GSE155nnn/GSE155498/
GSE189121,Patient-derived brain organoids uncover reversible cellular abnormalities in Pitt-Hopkins Syndrome IV,15,,2022/03/02,ftp://ftp.ncbi.nlm.nih.gov/geo/series/GSE189nnn/GSE189121/
GSE165408,Addition of retinoic acid to kidney organoids,1,"MTX, TSV",2022/03/02,ftp://ftp.ncbi.nlm.nih.gov/geo/series/GSE165nnn/GSE165408/
GSE159860,Patient-derived brain organoids uncover reversible cellular abnormalities in Pitt-Hopkins Syndrome III,8,TAR,2022/03/02,ftp://ftp.ncbi.nlm.nih.gov/geo/series/GSE159nnn/GSE159860/
GSE159859,Patient-derived brain organoids uncover reversible cellular abnormalities in Pitt-Hopkins Syndrome II,12,,2022/03/02,ftp://ftp.ncbi.nlm.nih.gov/geo/series/GSE159nnn/GSE159859/
GSE159392,Patient-derived brain organoids uncover reversible cellular abnormalities in Pitt-Hopkins Syndrome,30,,2022/03/02,ftp://ftp.ncbi.nlm.nih.gov/geo/series/GSE159nnn/GSE159392/
GSE193759,Downregulation of Neurodevelopmental Gene Expression in iPSC-Derived Cerebral Organoids Upon Infection by Human Cytomegalovirus,12,XLSX,2022/03/01,ftp://ftp.ncbi.nlm.nih.gov/geo/series/GSE193nnn/GSE193759/
GSE197445,Patient-derived parathyroid organoids as tracer and drug-screening application model,9,TXT,2022/02/28,ftp://ftp.ncbi.nlm.nih.gov/geo/series/GSE197nnn/GSE197445/
GSE194297,Transcriptome analysis of cardiac organoids derived from Duchenne Muscular Dystrophy patient-derived inudced pluripotent stem cells,6,CSV,2022/02/28,ftp://ftp.ncbi.nlm.nih.gov/geo/series/GSE194nnn/GSE194297/
GSE188987,Single cell transcriptomics of hepatostellate organoids derived from DKC1 A353V mutant and DKC1 A353V corrected iPSCs,4,"CSV, MTX, TSV, TXT",2022/02/28,ftp://ftp.ncbi.nlm.nih.gov/geo/series/GSE188nnn/GSE188987/
GSE184255,Modeling endogenous HTT/mHTT pathogenesis in fibroblasts and striatal GABAergic neurons from a Mongolian family with Huntington’s disease,13,"MTX, TSV, XLS",2022/02/26,ftp://ftp.ncbi.nlm.nih.gov/geo/series/GSE184nnn/GSE184255/
GSE183903,Human striatal organoids derived from pluripotent stem cells recapitulate striatal development and compartments,14,"MTX, TSV, XLS",2022/02/26,ftp://ftp.ncbi.nlm.nih.gov/geo/series/GSE183nnn/GSE183903/
GSE194249,Integrated profiling of human pancreatic cancer organoids reveals chromatin accessibility features associated with drug sensitivity,87,TXT,2022/02/23,ftp://ftp.ncbi.nlm.nih.gov/geo/series/GSE194nnn/GSE194249/
GSE193248,Liver colonisation by colorectal cancer metastases requires YAP-controlled plasticity at the micrometastatic stage,15,TXT,2022/02/23,ftp://ftp.ncbi.nlm.nih.gov/geo/series/GSE193nnn/GSE193248/
GSE171566,From cohorts to molecules: adverse impacts of endocrine disrupting mixtures. Transcriptomics Analysis,171,"CSV, RDATA",2022/02/23,ftp://ftp.ncbi.nlm.nih.gov/geo/series/GSE171nnn/GSE171566/
GSE189274,CDK12 promotes tumorigenesis but induces vulnerability to therapies inhibiting folate one-carbon metabolism in breast cancer.,8,TSV,2022/02/22,ftp://ftp.ncbi.nlm.nih.gov/geo/series/GSE189nnn/GSE189274/
GSE196813,"RNA-Seq of MSK-PCa3 prostate cancer organoids upon knockdown of FOSL1, YAP, TAZ, or YAP/TAZ",10,TXT,2022/02/20,ftp://ftp.ncbi.nlm.nih.gov/geo/series/GSE196nnn/GSE196813/
GSE193884,Single-cell landscapes of primary glioblastomas and matched organoids and cell lines reveal variable retention of inter- and intra-tumor heterogeneity [multi-generation scRNA-seq],11,"CSV, MTX, TSV",2022/02/16,ftp://ftp.ncbi.nlm.nih.gov/geo/series/GSE193nnn/GSE193884/
GSE179949,Transcriptome analysis of human colonic organoids infected SARS-CoV-2,53,TXT,2022/02/16,ftp://ftp.ncbi.nlm.nih.gov/geo/series/GSE179nnn/GSE179949/
GSE173278,Single-cell landscapes of primary glioblastomas and matched organoids and cell lines reveal variable retention of inter- and intra-tumor heterogeneity [scRNA-seq],99,"CSV, MTX, TSV",2022/02/16,ftp://ftp.ncbi.nlm.nih.gov/geo/series/GSE173nnn/GSE173278/
GSE196573,Single-cell RNA sequencing data for 1-month human spinal cord organoids derived from human pluripotent stem cells,1,"MTX, TSV",2022/02/15,ftp://ftp.ncbi.nlm.nih.gov/geo/series/GSE196nnn/GSE196573/
GSE186531,RNA sequencing of human CRC PDOs treated with Cetuximab versus MCLA-158,24,XLSX,2022/02/15,ftp://ftp.ncbi.nlm.nih.gov/geo/series/GSE186nnn/GSE186531/
GSE173280,Single-cell landscapes of primary glioblastomas and matched organoids and cell lines reveal variable retention of inter- and intra-tumor heterogeneity.,126,,2022/02/15,ftp://ftp.ncbi.nlm.nih.gov/geo/series/GSE173nnn/GSE173280/
GSE196423,Silk scaffolding drives self-assembly of functional and mature human brain organoids [scRNA-seq],3,CSV,2022/02/12,ftp://ftp.ncbi.nlm.nih.gov/geo/series/GSE196nnn/GSE196423/
GSE196464,Global transcriptomic analyses of pluripotent stem cell-derived airway epithelial cells at 1 and 3 days after infection with SARS-CoV-2,18,CSV,2022/02/10,ftp://ftp.ncbi.nlm.nih.gov/geo/series/GSE196nnn/GSE196464/
GSE190772,Single cell RNA analysis of breast cancer bone metastases,9,TXT,2022/02/08,ftp://ftp.ncbi.nlm.nih.gov/geo/series/GSE190nnn/GSE190772/
GSE195977,Mutation-specific reporter for optimization and enrichment of prime editing,8,TXT,2022/02/03,ftp://ftp.ncbi.nlm.nih.gov/geo/series/GSE195nnn/GSE195977/
GSE152390,Improved maturity and yield of pluripotent stem cell-derived hepatocytes for 2D and 3D modeling of human liver pathophysiology,13,"CSV, TXT",2022/02/03,ftp://ftp.ncbi.nlm.nih.gov/geo/series/GSE152nnn/GSE152390/
GSE193422,"RNA expression data of Tn/mem-iPSC derived T/ CAR T cells,  PBMC derived T/CAR T cells, PBMC derived NK cells and Tn/mem-iPSC cells",20,TXT,2022/02/01,ftp://ftp.ncbi.nlm.nih.gov/geo/series/GSE193nnn/GSE193422/
GSE195666,Human iPSC-derived cerebral organoids reveal progenitor pathology in EML1-linked cortical malformation,2,"MTX, TSV",2022/01/31,ftp://ftp.ncbi.nlm.nih.gov/geo/series/GSE195nnn/GSE195666/
GSE195642,Human iPSC-derived renal organoids engineered to report oxidative stress can predict drug-induced nephrotoxicity,9,"CSV, PDF, XLSX",2022/01/31,ftp://ftp.ncbi.nlm.nih.gov/geo/series/GSE195nnn/GSE195642/
GSE191015,GSDMB is increased in IBD and regulates epithelial restitution/repair independent of pyroptosis,12,TSV,2022/01/30,ftp://ftp.ncbi.nlm.nih.gov/geo/series/GSE191nnn/GSE191015/
GSE194214,Paraxial mesoderm organoids model development of human somites,4,"MTX, TSV",2022/01/26,ftp://ftp.ncbi.nlm.nih.gov/geo/series/GSE194nnn/GSE194214/
GSE190134,Human iPSC-Derived Fallopian Tube Organoids with BRCA1 Mutation Recapitulate Early Stage Carcinogenesis,12,CSV,2022/01/24,ftp://ftp.ncbi.nlm.nih.gov/geo/series/GSE190nnn/GSE190134/
GSE188541,Patient-Derived Liver on Chips,6,TAR,2022/01/24,ftp://ftp.ncbi.nlm.nih.gov/geo/series/GSE188nnn/GSE188541/
GSE149687,Attenuation of SARS-CoV-2 Infection by Losartan in Human Kidney Organoids,4,"MTX, TSV",2022/01/23,ftp://ftp.ncbi.nlm.nih.gov/geo/series/GSE149nnn/GSE149687/
GSE159425,YTHDF1-N6-methyladenosine-ARHGEF2 axis  promoted colorectal tumorigenesis and metastasis,12,"BED, CSV",2022/01/18,ftp://ftp.ncbi.nlm.nih.gov/geo/series/GSE159nnn/GSE159425/
GSE167409,A hidden layer of structural variation in transposable elements reveals potential genetic modifiers in human disease-risk loci,39,"BROADPEAK, TSV, TXT",2022/01/17,ftp://ftp.ncbi.nlm.nih.gov/geo/series/GSE167nnn/GSE167409/
GSE178519,Human distal lung maps and lineage hierarchies reveal a bipotent progenitor [human lung organoids],3,H5,2022/01/16,ftp://ftp.ncbi.nlm.nih.gov/geo/series/GSE178nnn/GSE178519/
GSE190826,Inflammatory fibroblasts mediate resistance to neoadjuvant therapy in rectal cancer,117,TXT,2022/01/12,ftp://ftp.ncbi.nlm.nih.gov/geo/series/GSE190nnn/GSE190826/
GSE193149,Orthogonally induced differentiation of stem cells for the pattering of vascularized organoids and bioprinted tissues,36,"H5, SF",2022/01/11,ftp://ftp.ncbi.nlm.nih.gov/geo/series/GSE193nnn/GSE193149/
GSE193148,Orthogonally induced differentiation of stem cells for the pattering of vascularized organoids and bioprinted tissues [bulkRNA-seq],24,SF,2022/01/11,ftp://ftp.ncbi.nlm.nih.gov/geo/series/GSE193nnn/GSE193148/
GSE193102,Orthogonally induced differentiation of stem cells for the pattering of vascularized organoids and bioprinted tissues [scRNA-seq],12,H5,2022/01/11,ftp://ftp.ncbi.nlm.nih.gov/geo/series/GSE193nnn/GSE193102/
GSE188211,Single Cell RNA-Seq of iPSC-derived 3D Cardiac Organoids Reveals Cardiovascular Effects of Immunosuppressive Drugs,9,,2022/01/10,ftp://ftp.ncbi.nlm.nih.gov/geo/series/GSE188nnn/GSE188211/
GSE174653,Single-cell RNA sequencing of human iPSC-derived lacrimal gland-like organoids,3,"TSV, TXT",2022/01/10,ftp://ftp.ncbi.nlm.nih.gov/geo/series/GSE174nnn/GSE174653/
GSE164515,Development of novel in vitro human alveolar epithelial cell models to study distal lung biology and disease.,19,,2022/01/10,ftp://ftp.ncbi.nlm.nih.gov/geo/series/GSE164nnn/GSE164515/
GSE164514,Development of novel in vitro human alveolar epithelial cell models to study distal lung biology and disease [scRNA-seq],2,"MTX, TSV",2022/01/10,ftp://ftp.ncbi.nlm.nih.gov/geo/series/GSE164nnn/GSE164514/
GSE164513,Development of novel in vitro human alveolar epithelial cell models to study distal lung biology and disease [bulk RNA-seq],17,CSV,2022/01/10,ftp://ftp.ncbi.nlm.nih.gov/geo/series/GSE164nnn/GSE164513/
GSE182432,YAP1 and PRDM14 converge to promote cell survival and tumorigenesis,36,"BW, DIFF",2022/01/05,ftp://ftp.ncbi.nlm.nih.gov/geo/series/GSE182nnn/GSE182432/
GSE174843,SARS-CoV-2 infects and replicates in photoreceptor and retinal ganglion cells of human retinal organoids,12,CSV,2022/01/01,ftp://ftp.ncbi.nlm.nih.gov/geo/series/GSE174nnn/GSE174843/
GSE164648,Kidney organoids gene expression profile,8,XLSX,2022/01/01,ftp://ftp.ncbi.nlm.nih.gov/geo/series/GSE164nnn/GSE164648/
GSE164647,Injured kidney organoids gene expression profile at single cell,3,CLOUPE,2022/01/01,ftp://ftp.ncbi.nlm.nih.gov/geo/series/GSE164nnn/GSE164647/
GSE184878,Cell-specific neuropathology and multiple morphogenic mechanisms in 3D human-derived tissue,7,CSV,2021/12/31,ftp://ftp.ncbi.nlm.nih.gov/geo/series/GSE184nnn/GSE184878/
GSE182350,Modeling oxidative injury response in human kidney organoids,20,TXT,2021/12/31,ftp://ftp.ncbi.nlm.nih.gov/geo/series/GSE182nnn/GSE182350/
GSE165944,Fully human umbilical cord-derived organoid for acute liver failure,8,"MTX, TSV",2021/12/31,ftp://ftp.ncbi.nlm.nih.gov/geo/series/GSE165nnn/GSE165944/
GSE138768,DUX4 promotes mitochondrial impairment in skeletal muscle,8,TSV,2021/12/31,ftp://ftp.ncbi.nlm.nih.gov/geo/series/GSE138nnn/GSE138768/
GSE190899,"Transcriptional Responses of Human Intestinal Organoids to Interferon Types I, II, and III",35,TXT,2021/12/21,ftp://ftp.ncbi.nlm.nih.gov/geo/series/GSE190nnn/GSE190899/
GSE176552,Transcriptomics of MLN-expressing cells in human duodenum organoids,8,TSV,2021/12/21,ftp://ftp.ncbi.nlm.nih.gov/geo/series/GSE176nnn/GSE176552/
GSE175722,"Human cortical organoids with engineered microglia-like cells [scRNA-Seq]  Apr 05, 2024   pending   None",8,"MTX, TSV",2021/12/21,ftp://ftp.ncbi.nlm.nih.gov/geo/series/GSE175nnn/GSE175722/
GSE175721,Human cortical organoids with engineered microglia-like cells [CROP-seq],2,"FA, MTX, TSV",2021/12/21,ftp://ftp.ncbi.nlm.nih.gov/geo/series/GSE175nnn/GSE175721/
GSE175719,Human cortical organoids with engineered microglia-like cells [scRNA-Seq],6,"MTX, TSV",2021/12/21,ftp://ftp.ncbi.nlm.nih.gov/geo/series/GSE175nnn/GSE175719/
GSE163698,Self-organized stem cell-derived human lung buds with proximo-distal patterning and novel targets of SARS-CoV-2,1,"CSV, MTX, TSV",2021/12/21,ftp://ftp.ncbi.nlm.nih.gov/geo/series/GSE163nnn/GSE163698/
GSE167747,SARS-CoV-2 infects the human kidney and drives fibrosis in kidney organoids,6,"MTX, TAR, TSV",2021/12/16,ftp://ftp.ncbi.nlm.nih.gov/geo/series/GSE167nnn/GSE167747/
GSE182347,Rescue of chloride and bicarbonate transport by elexacaftor-ivacaftor-tezacaftor in organoid-derived CF intestinal and cholangiocyte monolayers,4,TXT,2021/12/14,ftp://ftp.ncbi.nlm.nih.gov/geo/series/GSE182nnn/GSE182347/
GSE174481,Single cell trajectory modeling identifies a primitive trophoblast state defined by BCAM enrichment,13,"MTX, TSV",2021/12/14,ftp://ftp.ncbi.nlm.nih.gov/geo/series/GSE174nnn/GSE174481/
GSE190633,Neural Epidermal Growth Factor-Like Like Protein 2 (NELL2) is Expressed in Human Oligodendroglial Cell types,1,"CSV, H5, MTX, TSV",2021/12/13,ftp://ftp.ncbi.nlm.nih.gov/geo/series/GSE190nnn/GSE190633/
GSE190429,PAX6-positive microglia evolve locally in hiPSC-derived ocular organoids,10,"RDS, TXT",2021/12/10,ftp://ftp.ncbi.nlm.nih.gov/geo/series/GSE190nnn/GSE190429/
GSE190428,PAX6-positive microglia evolve locally in hiPSC-derived ocular organoids [RNA-Seq],9,TSV,2021/12/10,ftp://ftp.ncbi.nlm.nih.gov/geo/series/GSE190nnn/GSE190428/
GSE190387,PAX6-positive microglia evolve locally in hiPSC-derived ocular organoids [scRNA-Seq],1,"RDS, TXT",2021/12/10,ftp://ftp.ncbi.nlm.nih.gov/geo/series/GSE190nnn/GSE190387/
GSE188915,Comparison of organoids from Menstrual Fluid and Hormone-treated Endometrium: Novel tools for Gynaecological Research,7,CSV,2021/12/06,ftp://ftp.ncbi.nlm.nih.gov/geo/series/GSE188nnn/GSE188915/
GSE183964,Generation of thyroid follicular cell organoids from adult thyroid tissue,24,,2021/12/06,ftp://ftp.ncbi.nlm.nih.gov/geo/series/GSE183nnn/GSE183964/
GSE183961,Generation of thyroid follicular cell organoids from adult thyroid tissue [Human],9,CSV,2021/12/06,ftp://ftp.ncbi.nlm.nih.gov/geo/series/GSE183nnn/GSE183961/
GSE189758,CDK16 is a vulnerable target for triple negative breast cancer therapy,6,TXT,2021/12/03,ftp://ftp.ncbi.nlm.nih.gov/geo/series/GSE189nnn/GSE189758/
GSE189535,Cell-Type-Specific Impact of Glucocorticoid Receptor Activation on the Developing Brain: A Cerebral Organoid Study,28,"CSV, MTX, TSV",2021/12/02,ftp://ftp.ncbi.nlm.nih.gov/geo/series/GSE189nnn/GSE189535/
GSE189534,Cell-Type-Specific Impact of Glucocorticoid Receptor Activation on the Developing Brain: A Cerebral Organoid Study [10x Genomics],16,"MTX, TSV",2021/12/02,ftp://ftp.ncbi.nlm.nih.gov/geo/series/GSE189nnn/GSE189534/
GSE189533,Cell-Type-Specific Impact of Glucocorticoid Receptor Activation on the Developing Brain: A Cerebral Organoid Study [Wafergen iCell8],12,"CSV, TSV",2021/12/02,ftp://ftp.ncbi.nlm.nih.gov/geo/series/GSE189nnn/GSE189533/
GSE188739,Functional precision medicine pipeline combines comparative transcriptomics and tumor organoid modeling to identify be-spoke treatment strategies for glioblastoma,5,RESULTS,2021/12/02,ftp://ftp.ncbi.nlm.nih.gov/geo/series/GSE188nnn/GSE188739/
GSE173146,BET inhibitor UM-002 reduces GBM proliferation and invasion,4,TSV,2021/12/01,ftp://ftp.ncbi.nlm.nih.gov/geo/series/GSE173nnn/GSE173146/
GSE131254,TBC1D3 Associates with the Histone Lysine N-methyltransferase G9a to Affect the Promotion of Neural Progenitors and Cortical Expansion in an Epigenetic Way,4,TXT,2021/12/01,ftp://ftp.ncbi.nlm.nih.gov/geo/series/GSE131nnn/GSE131254/
GSE131250,TBC1D3 Associates with the Histone Lysine N-methyltransferase G9a to Affect the Promotion of Neural Progenitors and Cortical Expansion in an Epigenetic Way [RNA-Seq],2,TXT,2021/12/01,ftp://ftp.ncbi.nlm.nih.gov/geo/series/GSE131nnn/GSE131250/
GSE150506,KMT9 controls growth and stemness of colorectal cancer,72,"BED, WIG",2021/11/29,ftp://ftp.ncbi.nlm.nih.gov/geo/series/GSE150nnn/GSE150506/
GSE150503,KMT9 controls growth and stemness of colorectal cancer [RNA-Seq],52,TXT,2021/11/29,ftp://ftp.ncbi.nlm.nih.gov/geo/series/GSE150nnn/GSE150503/
GSE163142,Retinoic Acid Signaling Drives Differentiation towards Enterocytes in Colorectal Cancer,58,"BIGWIG, CSV, TXT",2021/11/26,ftp://ftp.ncbi.nlm.nih.gov/geo/series/GSE163nnn/GSE163142/
GSE188936,Time-Series Single Cell RNA Sequencing of Inner Ear Organoid Development,12,RDS,2021/11/23,ftp://ftp.ncbi.nlm.nih.gov/geo/series/GSE188nnn/GSE188936/
GSE172123,Disease modeling of pulmonary fibrosis using human iPS cell-derived alveolar organoids,18,,2021/11/19,ftp://ftp.ncbi.nlm.nih.gov/geo/series/GSE172nnn/GSE172123/
GSE172122,Disease modeling of pulmonary fibrosis using human iPS cell-derived alveolar organoids (SPC+ cells),6,TXT,2021/11/19,ftp://ftp.ncbi.nlm.nih.gov/geo/series/GSE172nnn/GSE172122/
GSE172121,Disease modeling of pulmonary fibrosis using human iPS cell-derived alveolar organoids (fibroblasts),12,TXT,2021/11/19,ftp://ftp.ncbi.nlm.nih.gov/geo/series/GSE172nnn/GSE172121/
GSE184569,Enteric coronavirus infection and treatment modeled with an immunocompetent human intestine-on-a-chip,6,CSV,2021/11/17,ftp://ftp.ncbi.nlm.nih.gov/geo/series/GSE184nnn/GSE184569/
GSE183684,Multi-omic Analysis of Developing Human Retina and Organoids Reveals Cell-Specific Cis-Regulatory Elements and Mechanisms of Non-Coding Genetic Disease Risk.,51,"MTX, TSV",2021/11/16,ftp://ftp.ncbi.nlm.nih.gov/geo/series/GSE183nnn/GSE183684/
GSE187619,Organoid sensitivity correlates with therapeutic resonsein patients with pancreatic cancer,9,XLS,2021/11/10,ftp://ftp.ncbi.nlm.nih.gov/geo/series/GSE187nnn/GSE187619/
GSE183689,"Low-input, deterministic profiling of single-cell transcriptomes reveals individual intestinal organoid subtypes comprised of single, dominant cell types [HEK Kinetic]",5,TXT,2021/11/10,ftp://ftp.ncbi.nlm.nih.gov/geo/series/GSE183nnn/GSE183689/
GSE183686,"Low-input, deterministic profiling of single-cell transcriptomes reveals individual intestinal organoid subtypes comprised of single, dominant cell types [C1-HEK]",140,TXT,2021/11/10,ftp://ftp.ncbi.nlm.nih.gov/geo/series/GSE183nnn/GSE183686/
GSE179130,Genome-wide transcriptome profiling of Colon Intestine-Chip and Conventional Organoid Cell Culture System Using RNA-seq,48,CSV,2021/11/10,ftp://ftp.ncbi.nlm.nih.gov/geo/series/GSE179nnn/GSE179130/
GSE148093,"Low-input, deterministic profiling of single-cell transcriptomes reveals individual intestinal organoid subtypes comprised of single, dominant cell types",219,"TAR, TXT",2021/11/10,ftp://ftp.ncbi.nlm.nih.gov/geo/series/GSE148nnn/GSE148093/
GSE148092,"Low-input, deterministic profiling of single-cell transcriptomes reveals individual intestinal organoid subtypes comprised of single, dominant cell types [SPM]",1,TAR,2021/11/10,ftp://ftp.ncbi.nlm.nih.gov/geo/series/GSE148nnn/GSE148092/
GSE148091,"Low-input, deterministic profiling of single-cell transcriptomes reveals individual intestinal organoid subtypes comprised of single, dominant cell types [Dispencell]",5,TAR,2021/11/10,ftp://ftp.ncbi.nlm.nih.gov/geo/series/GSE148nnn/GSE148091/
GSE187877,Androgens increase excitatory neurogenic potential in human brain organoids,17,"CSV, TXT",2021/11/06,ftp://ftp.ncbi.nlm.nih.gov/geo/series/GSE187nnn/GSE187877/
GSE187006,Genome-wide gene expression prolifing post-valproic acid exposure in human forebrain organoids,12,CSV,2021/11/05,ftp://ftp.ncbi.nlm.nih.gov/geo/series/GSE187nnn/GSE187006/
GSE179900,Modeling of lung phenotype of Hermansky-Pudlak syndrome type I using patient-specific iPS cells,9,,2021/11/04,ftp://ftp.ncbi.nlm.nih.gov/geo/series/GSE179nnn/GSE179900/
GSE179899,Modeling of lung phenotype of Hermansky-Pudlak syndrome type I using patient-specific iPS cells (NaPi2Bhigh cells),6,TXT,2021/11/04,ftp://ftp.ncbi.nlm.nih.gov/geo/series/GSE179nnn/GSE179899/
GSE179898,Modeling of lung phenotype of Hermansky-Pudlak syndrome type I using patient-specific iPS cells (SPC positive cells),3,TXT,2021/11/04,ftp://ftp.ncbi.nlm.nih.gov/geo/series/GSE179nnn/GSE179898/
GSE186780,Single cell RNA sequencing analysis of midbrain organoids with SNCA gene triplication modeling key features of synuclienopathy,2,"RDS, ZIP",2021/11/02,ftp://ftp.ncbi.nlm.nih.gov/geo/series/GSE186nnn/GSE186780/
GSE186814,Single cell RNA-seq post valproic acid exposure in human forebrain organoids,4,"MTX, TSV",2021/10/31,ftp://ftp.ncbi.nlm.nih.gov/geo/series/GSE186nnn/GSE186814/
GSE184125,"9-ING-41, a small molecule inhibitor of GSK-3β, potentiates the effects of chemotherapy in KRAS mutated colorectal cancer",6,TXT,2021/10/31,ftp://ftp.ncbi.nlm.nih.gov/geo/series/GSE184nnn/GSE184125/
GSE182437,RNA-Seq to validate the effect of substrate and format as drivers of transcriptional variance in human intestinal organoids,25,TSV,2021/10/30,ftp://ftp.ncbi.nlm.nih.gov/geo/series/GSE182nnn/GSE182437/
GSE182424,﻿Telomere dysfunction instigates inflammation in inflammatory bowel disease,12,TSV,2021/10/30,ftp://ftp.ncbi.nlm.nih.gov/geo/series/GSE182nnn/GSE182424/
GSE168323,Single cell transcriptomics captures features of developing and mature DA  neurons in human brain organoids and reveals more precise and reproducible patterning in silk-bioengineered culture,27,CSV,2021/10/29,ftp://ftp.ncbi.nlm.nih.gov/geo/series/GSE168nnn/GSE168323/
GSE162808,MARS Seq and total RNA seq data from human choroid plexus organoids,12,TXT,2021/10/28,ftp://ftp.ncbi.nlm.nih.gov/geo/series/GSE162nnn/GSE162808/
GSE184409,Induction of inverted morphology in brain organoids by vertical-mixing bioreactors,6,"MTX, TSV",2021/10/27,ftp://ftp.ncbi.nlm.nih.gov/geo/series/GSE184nnn/GSE184409/
GSE158775,Bulk RNA sequencing of airway organoids in differentiation medium towards ciliated cells,6,TXT,2021/10/26,ftp://ftp.ncbi.nlm.nih.gov/geo/series/GSE158nnn/GSE158775/
GSE186444,Biliary organoids uncover delayed epithelial development and barrier function in biliary atresia.,20,TXT,2021/10/25,ftp://ftp.ncbi.nlm.nih.gov/geo/series/GSE186nnn/GSE186444/
GSE162296,Breast tissue regeneration is driven by cell-matrix interactions that coordinate multi-lineage stem cell differentiation through DDR1,3,TXT,2021/10/25,ftp://ftp.ncbi.nlm.nih.gov/geo/series/GSE162nnn/GSE162296/
GSE148168,SIX6 regulation in human optic vesicles is mediated by early microenvironmenta factors,6,TXT,2021/10/25,ftp://ftp.ncbi.nlm.nih.gov/geo/series/GSE148nnn/GSE148168/
GSE121788,"Omeprazole regulates miRNA, mRNA and lncRNA networks revealed by RNA deep-sequencing  in Barrett's Esophagus",4,TXT,2021/10/23,ftp://ftp.ncbi.nlm.nih.gov/geo/series/GSE121nnn/GSE121788/
GSE180122,Single cell RNA-sequencing of long-term human control and C9ORF72 ALS/FTD patient-specific iPSC-derived cortical organoid slice cultures,10,CSV,2021/10/21,ftp://ftp.ncbi.nlm.nih.gov/geo/series/GSE180nnn/GSE180122/
GSE182614,BulkRNAseq - Neurotransmitters regulate distinct phases of multimodal human interneuron migration,52,TXT,2021/10/20,ftp://ftp.ncbi.nlm.nih.gov/geo/series/GSE182nnn/GSE182614/
GSE175898,RNA sequencing of Timothy syndrome human cortical and subpalial organoids,94,CSV,2021/10/20,ftp://ftp.ncbi.nlm.nih.gov/geo/series/GSE175nnn/GSE175898/
GSE161550,ScRNAseq - Neurotransmitter signaling regulates distinct phases of multimodal human interneuron migration,4,MTX,2021/10/20,ftp://ftp.ncbi.nlm.nih.gov/geo/series/GSE161nnn/GSE161550/
GSE150068,Single cell transcriptome of human alveolar epithelial cells,6,"MTX, TSV",2021/10/13,ftp://ftp.ncbi.nlm.nih.gov/geo/series/GSE150nnn/GSE150068/
GSE180282,VprBP directs epigenetic gene silencing through H2A phosphorylation in colon cancer,6,TXT,2021/10/06,ftp://ftp.ncbi.nlm.nih.gov/geo/series/GSE180nnn/GSE180282/
GSE167286,Bulk RNA-seq of Human Duodenal and Colonic Stem Cells,8,TXT,2021/10/05,ftp://ftp.ncbi.nlm.nih.gov/geo/series/GSE167nnn/GSE167286/
GSE167285,Bulk RNA-seq of CRISPR SATB2 Knockout Human Colonic Organoids,10,TXT,2021/10/05,ftp://ftp.ncbi.nlm.nih.gov/geo/series/GSE167nnn/GSE167285/
GSE148695,SATB2 preserves colon stem cell identity and mediates ileum-colon conversion via enhancer remodeling,148,"BED, BW, MTX, TSV",2021/10/05,ftp://ftp.ncbi.nlm.nih.gov/geo/series/GSE148nnn/GSE148695/
GSE175502,Generation of functional ciliated cholangiocytes from human pluripotent stem,2,"MTX, TSV",2021/10/03,ftp://ftp.ncbi.nlm.nih.gov/geo/series/GSE175nnn/GSE175502/
GSE133087,Metformin-treated hESC-derived pancreatic organoids,20,TXT,2021/10/03,ftp://ftp.ncbi.nlm.nih.gov/geo/series/GSE133nnn/GSE133087/
GSE181462,Extracellular Microenvironment in Patient-derived Hydrogel Organoids of Prostate Cancer Regulates Therapeutic Response,24,TXT,2021/10/01,ftp://ftp.ncbi.nlm.nih.gov/geo/series/GSE181nnn/GSE181462/
GSE165571,Hi-C profiling of cancer spheroids identifies 3D-growth-specific chromatin interactions in breast cancer endocrine resistance [RNA-Seq],12,"TXT, XLSX",2021/09/29,ftp://ftp.ncbi.nlm.nih.gov/geo/series/GSE165nnn/GSE165571/
GSE164089,Modeling sporadic Alzheimer’s disease in human brain organoids under serum exposure,4,"MTX, TSV",2021/09/29,ftp://ftp.ncbi.nlm.nih.gov/geo/series/GSE164nnn/GSE164089/
GSE174650,Single-cell deconvolution of colon organoids exposed to carcinogens reveals novel insights into the early molecular events defining the role of smoking in colorectal cancer,74,CSV,2021/09/22,ftp://ftp.ncbi.nlm.nih.gov/geo/series/GSE174nnn/GSE174650/
GSE184390,SARS-CoV-2 infection and replication in human  gastric organoids,12,RESULTS,2021/09/20,ftp://ftp.ncbi.nlm.nih.gov/geo/series/GSE184nnn/GSE184390/
GSE182224,Structural variation at the ZNF558 locus controls a gene regulatory network in human brain development,71,"BW, MTX, TAB, TSV, TXT",2021/09/19,ftp://ftp.ncbi.nlm.nih.gov/geo/series/GSE182nnn/GSE182224/
GSE184080,scRNAseq comparison of iPSC-derived retinal organoids from Control and LCA7 patients,3,TAR,2021/09/17,ftp://ftp.ncbi.nlm.nih.gov/geo/series/GSE184nnn/GSE184080/
GSE171474,Gene expression analysis of hiPSC-derived renal angiomyolipoma organoids,9,TXT,2021/09/10,ftp://ftp.ncbi.nlm.nih.gov/geo/series/GSE171nnn/GSE171474/
GSE183477,RNAseq analysis of treatment-resistant and sensitive breast cancer patient-derived organoids with paclitaxel treatments,4,XLSX,2021/09/09,ftp://ftp.ncbi.nlm.nih.gov/geo/series/GSE183nnn/GSE183477/
GSE158017,Plexin-B2 regulates mechanotension during multicellular organization,9,TXT,2021/09/07,ftp://ftp.ncbi.nlm.nih.gov/geo/series/GSE158nnn/GSE158017/
GSE161566,Ontogeny and function of the circadian clock in intestinal organoids [human],24,"CSV, XLSX",2021/09/01,ftp://ftp.ncbi.nlm.nih.gov/geo/series/GSE161nnn/GSE161566/
GSE181397,Multicellular human cardiac organoids transcriptomically model distinct tissue-level features of adult myocardium,3,TXT,2021/08/31,ftp://ftp.ncbi.nlm.nih.gov/geo/series/GSE181nnn/GSE181397/
GSE179260,A SIX6 reporter for studies of early optic development,12,"CSV, XLS, XLSX",2021/08/31,ftp://ftp.ncbi.nlm.nih.gov/geo/series/GSE179nnn/GSE179260/
GSE181405,These data describe bulk RNAsequencing in wild-type cerbreal organoids sampled across a time series,21,CSV,2021/08/30,ftp://ftp.ncbi.nlm.nih.gov/geo/series/GSE181nnn/GSE181405/
GSE179028,Ontogeny and function of the circadian clock in intestinal organoids,48,,2021/08/30,ftp://ftp.ncbi.nlm.nih.gov/geo/series/GSE179nnn/GSE179028/
GSE182877,In vitro expansion of cirrhosis derived liver epithelial cells reveals progenitor-like properties,35,TXT,2021/08/28,ftp://ftp.ncbi.nlm.nih.gov/geo/series/GSE182nnn/GSE182877/
GSE182520,Human  retinal   organoids release  extracellular vesicles  that  regulate  gene  expression in  target  human  retinal  progenitors,21,"TXT, XLSX",2021/08/27,ftp://ftp.ncbi.nlm.nih.gov/geo/series/GSE182nnn/GSE182520/
GSE156405,Elucidation of tumor-stromal heterogeneity and the ligand-receptor interactome by single cell transcriptomics in real-world pancreatic cancer biopsies,17,TAR,2021/08/25,ftp://ftp.ncbi.nlm.nih.gov/geo/series/GSE156nnn/GSE156405/
GSE154883,Singel cell RNA-seq  analysis of ARPKD mutation affect hepatic organoid differentiation,4,"CSV, MTX, ROBJ, TSV",2021/08/25,ftp://ftp.ncbi.nlm.nih.gov/geo/series/GSE154nnn/GSE154883/
GSE175821,"Genome-wide transcriptome profiling of human organoids, colon intestine-chip and human alveolus-chips using RNA-seq",15,TXT,2021/08/24,ftp://ftp.ncbi.nlm.nih.gov/geo/series/GSE175nnn/GSE175821/
GSE176031,Single-cell analysis of human primary prostate cancer reveals the heterogeneity of tumor-associated epithelial cell states,53,TXT,2021/08/23,ftp://ftp.ncbi.nlm.nih.gov/geo/series/GSE176nnn/GSE176031/
GSE168005,Use of Human Adult Stem Cell-Derived Organoid Cultures to Model Enterohepatic Circulation [Ileal organoids],16,CSV,2021/08/21,ftp://ftp.ncbi.nlm.nih.gov/geo/series/GSE168nnn/GSE168005/
GSE182453,"RNA sequencing for enteroids treated with different concentrations of IL-17 (0 ng/ml. 1 ng/ml, 10 ng/ml and 100 ng/ml)",12,TXT,2021/08/20,ftp://ftp.ncbi.nlm.nih.gov/geo/series/GSE182nnn/GSE182453/
GSE182451,single-cell RNA sequencing for enteroids treated with IL-17,2,"MTX, TSV",2021/08/20,ftp://ftp.ncbi.nlm.nih.gov/geo/series/GSE182nnn/GSE182451/
GSE164268,Programmatic Introduction of Parenchymal Cell Types in Blood Vessel Organoids,3,"MTX, TSV",2021/08/20,ftp://ftp.ncbi.nlm.nih.gov/geo/series/GSE164nnn/GSE164268/
GSE182338,Genome-wide loss of lineage fidelity is a hallmark of aging breast epithelia and reflects a biology convergent with susceptibility to cancer initiation,120,CSV,2021/08/19,ftp://ftp.ncbi.nlm.nih.gov/geo/series/GSE182nnn/GSE182338/
GSE131268,BAZ2A-mediated repression via H3K14ac-marked enhancers promotes prostate cancer stem cells,17,"BED, BIGWIG, BW, CSV",2021/08/18,ftp://ftp.ncbi.nlm.nih.gov/geo/series/GSE131nnn/GSE131268/
GSE181560,Single cell sequencing of human intestinal organoid cells.,4,CSV,2021/08/17,ftp://ftp.ncbi.nlm.nih.gov/geo/series/GSE181nnn/GSE181560/
GSE181514,Bulk RNA sequencing of human intestinal and airway organoids,14,CSV,2021/08/17,ftp://ftp.ncbi.nlm.nih.gov/geo/series/GSE181nnn/GSE181514/
GSE153110,A microRNA signature for early detection and RNA therapy in Alzheimer´s disease (3-microRNA mimic),8,"CSV, TXT",2021/08/17,ftp://ftp.ncbi.nlm.nih.gov/geo/series/GSE153nnn/GSE153110/
GSE181595,Human kidney organoid scRNA-seq (from study: Genome-wide screening in human kidney organoids identifies novel aspects of nephrogenesis),7,H5,2021/08/10,ftp://ftp.ncbi.nlm.nih.gov/geo/series/GSE181nnn/GSE181595/
GSE155974,RNA-Seq of SARS-Cov-2 Infection in Human Airway Epithelium Organoids,5,TXT,2021/08/07,ftp://ftp.ncbi.nlm.nih.gov/geo/series/GSE155nnn/GSE155974/
GSE181374,RNA-Seq of MSK-PCa series of Patient Derived Organoids and Xenografts,33,CSV,2021/08/04,ftp://ftp.ncbi.nlm.nih.gov/geo/series/GSE181nnn/GSE181374/
GSE142174,Cortical organoids model early brain development disrupted by 16p11.2 CNV in autism,108,XLSX,2021/07/31,ftp://ftp.ncbi.nlm.nih.gov/geo/series/GSE142nnn/GSE142174/
GSE180945,Neuro-immune organoid model reveals a role of microglia in cell stress response and emergence of neural activity,3,"MTX, TSV, XLSX",2021/07/30,ftp://ftp.ncbi.nlm.nih.gov/geo/series/GSE180nnn/GSE180945/
GSE180882,Transcriptome characterization of organoids derived from healthy and irreversibly damaged NASH patient liver,45,CSV,2021/07/28,ftp://ftp.ncbi.nlm.nih.gov/geo/series/GSE180nnn/GSE180882/
GSE166589,Use of Human Adult Stem Cell-Derived Organoid Cultures to Model Enterohepatic Circulation,3,"MTX, TSV",2021/07/28,ftp://ftp.ncbi.nlm.nih.gov/geo/series/GSE166nnn/GSE166589/
GSE171345,Glutamatergic dysfunction precedes neuron loss in cerebral organoids with MAPT mutations,276,TXT,2021/07/26,ftp://ftp.ncbi.nlm.nih.gov/geo/series/GSE171nnn/GSE171345/
GSE171344,Glutamatergic dysfunction precedes neuron loss in cerebral organoids with MAPT mutations [scRNA-Seq],36,"PDF, TXT, XLSX",2021/07/26,ftp://ftp.ncbi.nlm.nih.gov/geo/series/GSE171nnn/GSE171344/
GSE171343,Glutamatergic dysfunction precedes neuron loss in cerebral organoids with MAPT mutations [bulk RNA-Seq],240,TSV,2021/07/26,ftp://ftp.ncbi.nlm.nih.gov/geo/series/GSE171nnn/GSE171343/
GSE179297,Mutant collagen COL11A1 enhances cancerous invasion,72,,2021/07/23,ftp://ftp.ncbi.nlm.nih.gov/geo/series/GSE179nnn/GSE179297/
GSE178870,Mutant collagen COL11A1 enhances cancerous invasion [RNA-seq],6,TXT,2021/07/23,ftp://ftp.ncbi.nlm.nih.gov/geo/series/GSE178nnn/GSE178870/
GSE173391,RGCC balances self-renewal and neuronal differentiation of neural stem cells in the developing mammalian neocortex,14,,2021/07/23,ftp://ftp.ncbi.nlm.nih.gov/geo/series/GSE173nnn/GSE173391/
GSE173307,RGCC balances self-renewal and neuronal differentiation of neural stem cells in the developing mammalian neocortex [2D NSCs],8,XLSX,2021/07/23,ftp://ftp.ncbi.nlm.nih.gov/geo/series/GSE173nnn/GSE173307/
GSE157684,RGCC balances self-renewal and neuronal differentiation of neural stem cells in the developing mammalian neocortex [3D cerebral organoid],6,XLS,2021/07/23,ftp://ftp.ncbi.nlm.nih.gov/geo/series/GSE157nnn/GSE157684/
GSE180475,ARID1A loss derepresses human endogenous retrovirus-H to modulate BRD4-dependent transcription,34,"TXT, XLSX",2021/07/21,ftp://ftp.ncbi.nlm.nih.gov/geo/series/GSE180nnn/GSE180475/
GSE171682,Immuno-genomic classification of colorectal cancer organoids reveals cancer cells with intrinsic immunogenic properties associated with patient survival,174,,2021/07/20,ftp://ftp.ncbi.nlm.nih.gov/geo/series/GSE171nnn/GSE171682/
GSE171681,Gene expression profiles of colorectal cancer organoids from 87 patients,87,TXT,2021/07/20,ftp://ftp.ncbi.nlm.nih.gov/geo/series/GSE171nnn/GSE171681/
GSE171680,Gene expression profile of colorectal cancer tissues from 87 patients,87,TXT,2021/07/20,ftp://ftp.ncbi.nlm.nih.gov/geo/series/GSE171nnn/GSE171680/
GSE167375,Visualization of individual cell division history in complex tissues,969,TXT,2021/07/19,ftp://ftp.ncbi.nlm.nih.gov/geo/series/GSE167nnn/GSE167375/
GSE153185,GENERATION OF HEART ORGANOIDS MODELING EARLY HUMAN CARDIAC DEVELOPMENT UNDER DEFINED CONDITIONS,20,XLSX,2021/07/19,ftp://ftp.ncbi.nlm.nih.gov/geo/series/GSE153nnn/GSE153185/
GSE179784,Inflammatory Conditions Promote Resistance to Immune Checkpoint Inhibitors in High Microsatellite Instability Colorectal Cancer,6,"RDS, TAR, TSV",2021/07/09,ftp://ftp.ncbi.nlm.nih.gov/geo/series/GSE179nnn/GSE179784/
GSE179439,Cilium induction triggers differentiation of glioma stem cells,4,"CSV, TXT",2021/07/08,ftp://ftp.ncbi.nlm.nih.gov/geo/series/GSE179nnn/GSE179439/
GSE179438,Human brain organoids assemble functionally integrated bilateral optic vesicles,6,"CSV, TXT",2021/07/08,ftp://ftp.ncbi.nlm.nih.gov/geo/series/GSE179nnn/GSE179438/
GSE162547,Single-cell-resolved differentiation of human induced pluripotent stem cells into pancreatic duct-like organoids on a microwell chip,8,TAR,2021/07/08,ftp://ftp.ncbi.nlm.nih.gov/geo/series/GSE162nnn/GSE162547/
GSE139184,Transcriptomic analysis of patient-derived ex vivo models of pancreatic cancer,29,"H5, TSV",2021/07/03,ftp://ftp.ncbi.nlm.nih.gov/geo/series/GSE139nnn/GSE139184/
GSE178858,Development of quantitative direct prediction algorithm for the human target organ similarity of human pluripotent stem cell-derived organoids and cells,26,"MTX, TSV, TXT",2021/07/02,ftp://ftp.ncbi.nlm.nih.gov/geo/series/GSE178nnn/GSE178858/
GSE178857,Development of quantitative direct prediction algorithm for the human target organ similarity of human pluripotent stem cell-derived organoids and cells [scRNA-seq],2,"MTX, TSV",2021/07/02,ftp://ftp.ncbi.nlm.nih.gov/geo/series/GSE178nnn/GSE178857/
GSE178855,Development of quantitative direct prediction algorithm for the human target organ similarity of human pluripotent stem cell-derived organoids and cells [RNA-seq],24,TXT,2021/07/02,ftp://ftp.ncbi.nlm.nih.gov/geo/series/GSE178nnn/GSE178855/
GSE172016,Gene expression associated with acquired paclitaxel resistance in ovarian cancer cell lines,19,TXT,2021/07/02,ftp://ftp.ncbi.nlm.nih.gov/geo/series/GSE172nnn/GSE172016/
GSE153834,Self-Renewing Tri-Potent Stem/Progenitor-like Cells from Adult Human Pancreas ,1,"MTX, TSV",2021/07/02,ftp://ftp.ncbi.nlm.nih.gov/geo/series/GSE153nnn/GSE153834/
GSE156243,Modeling Genetic Epileptic Encephalopathies using Brain Organoids,6,TXT,2021/07/01,ftp://ftp.ncbi.nlm.nih.gov/geo/series/GSE156nnn/GSE156243/
GSE161953,Distinct gene expression profiles between preterm- and adult-derived intestinal enteroids exposed to Enterococcus faecalis: A pilot study,43,TXT,2021/06/30,ftp://ftp.ncbi.nlm.nih.gov/geo/series/GSE161nnn/GSE161953/
GSE153302,"The Unfolded Protein Response Regulator, ATF6, is Essential for Cone Photoreceptor Development",8,XLS,2021/06/25,ftp://ftp.ncbi.nlm.nih.gov/geo/series/GSE153nnn/GSE153302/
GSE178698,RNA sequencing of chronically damage human colon organoids via Air-liquid interface submergence,12,TXT,2021/06/23,ftp://ftp.ncbi.nlm.nih.gov/geo/series/GSE178nnn/GSE178698/
GSE163971,POLYseq: A poly(ß-amino ester)-based vector for multifunctional cellular barcoding,5,"MTX, TSV",2021/06/22,ftp://ftp.ncbi.nlm.nih.gov/geo/series/GSE163nnn/GSE163971/
GSE157004,"Integrated -Omics Analyses Demonstrate that Patient-Derived Colon Organoids Faithfully Recapitulate the Tumor Tissue of Origin, Highlighting Altered Pathways in Colorectal Cancer Progression",33,"CSV, VCF",2021/06/22,ftp://ftp.ncbi.nlm.nih.gov/geo/series/GSE157nnn/GSE157004/
GSE146878,FMRP-Mediated Gene Regulation in Human Brain Development,50,CSV,2021/06/19,ftp://ftp.ncbi.nlm.nih.gov/geo/series/GSE146nnn/GSE146878/
GSE153075,Single-cell transcriptomic analysis of day 100 multilineage and gut organoids,2,"MTX, TSV",2021/06/15,ftp://ftp.ncbi.nlm.nih.gov/geo/series/GSE153nnn/GSE153075/
GSE153071,"Retrospective analysis of mesendoderm progenitors that give rise to cardiac microtissues, multilineage and gut organoids",5,TXT,2021/06/15,ftp://ftp.ncbi.nlm.nih.gov/geo/series/GSE153nnn/GSE153071/
GSE165577,Identification of neural oscillations and epileptiform changes in human brain organoids,6,CSV,2021/06/11,ftp://ftp.ncbi.nlm.nih.gov/geo/series/GSE165nnn/GSE165577/
GSE152060,RNA-Seq of SARS-Cov-2 Infection in Human Bronchial Epithelium Organoids,3,TXT,2021/06/08,ftp://ftp.ncbi.nlm.nih.gov/geo/series/GSE152nnn/GSE152060/
GSE166080,Patient-derived iPSC-cerebral organoid modeling of the 17q11.2 microdeletion syndrome establishes CRLF3 as a critical regulator of neurogenesis,21,"TXT, XLSX",2021/06/07,ftp://ftp.ncbi.nlm.nih.gov/geo/series/GSE166nnn/GSE166080/
GSE171266,SETBP1 accumulation induces P53 inhibition and genotoxic stress in neural progenitors underlying neurodegeneration in Schinzel-Giedion syndrome,11,"MTX, TSV, TXT",2021/06/03,ftp://ftp.ncbi.nlm.nih.gov/geo/series/GSE171nnn/GSE171266/
GSE171263,Single cell profiling of the cerebral organoids derived from Schinzel-Giedion syndrome cells and isogenic controls,2,"MTX, TSV",2021/06/03,ftp://ftp.ncbi.nlm.nih.gov/geo/series/GSE171nnn/GSE171263/
GSE171620, Single-cell transcriptomics reveals immune response of intestinal cell types to viral infection ,19,H5,2021/06/01,ftp://ftp.ncbi.nlm.nih.gov/geo/series/GSE171nnn/GSE171620/
GSE145386,Microfluidic device with brain extracellular matrix promotes structural and functional maturation of human brain organoids,12,TXT,2021/06/01,ftp://ftp.ncbi.nlm.nih.gov/geo/series/GSE145nnn/GSE145386/
GSE163699,A live single-cell state reporter assay links intra-tumor heterogeneity to metastatic proclivity in Ewing sarcoma,14,CSV,2021/05/31,ftp://ftp.ncbi.nlm.nih.gov/geo/series/GSE163nnn/GSE163699/
GSE155384,Axial Elongation of Caudalized Human Pluripotent Stem Cell Organoids Mimics Neural Tube Development,32,CSV,2021/05/28,ftp://ftp.ncbi.nlm.nih.gov/geo/series/GSE155nnn/GSE155384/
GSE155383,Axial Elongation of Caudalized Human Pluripotent Stem Cell Organoids Mimics Neural Tube Development [scRNA-Seq],2,"CSV, MTX, TSV",2021/05/28,ftp://ftp.ncbi.nlm.nih.gov/geo/series/GSE155nnn/GSE155383/
GSE155382,Axial Elongation of Caudalized Human Pluripotent Stem Cell Organoids Mimics Neural Tube Development [RNA-Seq],30,CSV,2021/05/28,ftp://ftp.ncbi.nlm.nih.gov/geo/series/GSE155nnn/GSE155382/
GSE164982,Single cell RNA sequencing of mock and RV1A infected human airway epithelial organoids,2,"MTX, TSV",2021/05/25,ftp://ftp.ncbi.nlm.nih.gov/geo/series/GSE164nnn/GSE164982/
GSE174792,RNA sequencing for the paired TNF-free and -treated intestinal enteroids,32,TXT,2021/05/21,ftp://ftp.ncbi.nlm.nih.gov/geo/series/GSE174nnn/GSE174792/
GSE149267,"DUX/DUX4 activation is coupled to p53 signaling in embryos, 2C-like cells, and FSHD patient cells",76,NARROWPEAK,2021/05/20,ftp://ftp.ncbi.nlm.nih.gov/geo/series/GSE149nnn/GSE149267/
GSE148025,Cardiac organoids reveal mechanisms of human cardiogenesis,198,TSV,2021/05/20,ftp://ftp.ncbi.nlm.nih.gov/geo/series/GSE148nnn/GSE148025/
GSE174569,Cortical Overgrowth in a Preclinical Forebrain Organoid Model of CNTNAP2-Associated Autism Spectrum Disorder,17,"TSV, TXT",2021/05/18,ftp://ftp.ncbi.nlm.nih.gov/geo/series/GSE174nnn/GSE174569/
GSE171430,Gene expression data of alveolosphere/airway organoid and alveolosphere with SARS-CoV-2 or mock infection,10,CSV,2021/05/17,ftp://ftp.ncbi.nlm.nih.gov/geo/series/GSE171nnn/GSE171430/
GSE174232,Differentiation of cortical brain organoids and optic nerve-like structures from retinal confluent cultures of pluripotent stem cells.,1,TXT,2021/05/12,ftp://ftp.ncbi.nlm.nih.gov/geo/series/GSE174nnn/GSE174232/
GSE155274,Xenografted breast epithelia reveal differences in growth stimulation among contraceptive progestins related to androgenic properties.,15,,2021/05/12,ftp://ftp.ncbi.nlm.nih.gov/geo/series/GSE155nnn/GSE155274/
GSE174202,Retinoblastoma from Human Stem Cell-Derived Retinal Organoids,282,"IDAT, MTX, TSV",2021/05/11,ftp://ftp.ncbi.nlm.nih.gov/geo/series/GSE174nnn/GSE174202/
GSE174200,Retinoblastoma from Human Stem Cell-Derived Retinal Organoids (RNA-Seq),132,"MTX, TSV, XLSX",2021/05/11,ftp://ftp.ncbi.nlm.nih.gov/geo/series/GSE174nnn/GSE174200/
GSE171513,Enhanced efficacy of aurora kinase inhibitors in G2/M checkpoint deficient TP53 mutant uterine carcinomas is linked to the summation of LKB1-AKT-p53 interactions [RNA-seq],12,"CSV, FPKM_TRACKING",2021/05/08,ftp://ftp.ncbi.nlm.nih.gov/geo/series/GSE171nnn/GSE171513/
GSE171516,Enhanced efficacy of aurora kinase inhibitors in G2/M checkpoint deficient TP53 mutant uterine carcinomas is linked to the summation of LKB1-AKT-p53 interactions,24,"FPKM_TRACKING, TXT, VCF",2021/05/07,ftp://ftp.ncbi.nlm.nih.gov/geo/series/GSE171nnn/GSE171516/
GSE157140,Self-organized yolk sac-like organoids allow for scalable generation of multipotent hematopoietic progenitor cells from human induced pluripotent stem cells,10,TXT,2021/05/05,ftp://ftp.ncbi.nlm.nih.gov/geo/series/GSE157nnn/GSE157140/
GSE152212,Histological and single cell transcriptomic analysis of human retinal organoid models of Leber Congenital Amaurosis identifies endoplasmic reticulum stress as a common degenerative pathway,51,TXT,2021/05/01,ftp://ftp.ncbi.nlm.nih.gov/geo/series/GSE152nnn/GSE152212/
GSE173294,"RNA sequencing for endoscopic biopsy tissue samples from controls and Crohn's disease patients, and organoids derived from these specimens.",24,XLSX,2021/04/27,ftp://ftp.ncbi.nlm.nih.gov/geo/series/GSE173nnn/GSE173294/
GSE151818,5-hydroxymethylcytosine is Dynamically Regulated During Forebrain Organoid Development and Prematurely Altered in Forebrain Organoids of Alzheimer’s Disease Patients,48,"BED, DIFF, NARROWPEAK",2021/04/27,ftp://ftp.ncbi.nlm.nih.gov/geo/series/GSE151nnn/GSE151818/
GSE161549,Transcriptome profiling of human pluripotent stem cell-derived cerebellar organoids reveals faster commitment under dynamic conditions,15,TXT,2021/04/26,ftp://ftp.ncbi.nlm.nih.gov/geo/series/GSE161nnn/GSE161549/
GSE172404,Patient derived colonoids as drug testing platforms - critical importance of oxygen concentration,36,SF,2021/04/21,ftp://ftp.ncbi.nlm.nih.gov/geo/series/GSE172nnn/GSE172404/
GSE159201,iPSC-derived Human Intestinal Organoids are permissive to SARS-CoV-2 infection,24,CSV,2021/04/20,ftp://ftp.ncbi.nlm.nih.gov/geo/series/GSE159nnn/GSE159201/
GSE169008,Human stem cell-derived pancreatic acini-like and duct-like organoids demonstrate lineage-specific differences to oncogene activation,4,"CSV, MTX, TSV",2021/04/16,ftp://ftp.ncbi.nlm.nih.gov/geo/series/GSE169nnn/GSE169008/
GSE160583,Impact of the bone microenvironment on phenotypic plasticity of ER+ breast cancer cells,107,"BW, TXT",2021/04/16,ftp://ftp.ncbi.nlm.nih.gov/geo/series/GSE160nnn/GSE160583/
GSE137270,Impact of the bone microenvironment on phenotypic plasticity of ER+ breast cancer cells [MCF7],24,TXT,2021/04/16,ftp://ftp.ncbi.nlm.nih.gov/geo/series/GSE137nnn/GSE137270/
GSE146722,Detection of Chemotherapy-Resistant Pancreatic Cancer Using a Glycan Biomarker,27,TSV,2021/04/13,ftp://ftp.ncbi.nlm.nih.gov/geo/series/GSE146nnn/GSE146722/
GSE156760,Single-cell transcriptomics of human intestinal organoids infected with  SARS-CoV-2,12,"CSV, H5",2021/04/12,ftp://ftp.ncbi.nlm.nih.gov/geo/series/GSE156nnn/GSE156760/
GSE146339,Cell-type-specific profiling of defects in translation and neurogenesis in a human iPSC model of fragile X syndrome,12,"FPKM_TRACKING, TXT",2021/04/12,ftp://ftp.ncbi.nlm.nih.gov/geo/series/GSE146nnn/GSE146339/
GSE171719,Klotho inhibits neuronal senescence in human brain organoids,6,XLS,2021/04/09,ftp://ftp.ncbi.nlm.nih.gov/geo/series/GSE171nnn/GSE171719/
GSE145496,Effect of type I interferons against HSV infection in cerebral organoids,72,TXT,2021/04/09,ftp://ftp.ncbi.nlm.nih.gov/geo/series/GSE145nnn/GSE145496/
GSE123816,Organoid phenotypic testing identifies IFN-beta as neuroprotective compound against ZIKA virus (ZIKV),36,TXT,2021/04/09,ftp://ftp.ncbi.nlm.nih.gov/geo/series/GSE123nnn/GSE123816/
GSE149206,Dickkopf 1 Impairs Sensitivity to PD-1 Blockade through CD8+ T Cell Inactivation in dMMR/MSI Colorectal Cancer,22,TXT,2021/04/07,ftp://ftp.ncbi.nlm.nih.gov/geo/series/GSE149nnn/GSE149206/
GSE164102,Arcuate organoid cells,49,TXT,2021/04/06,ftp://ftp.ncbi.nlm.nih.gov/geo/series/GSE164nnn/GSE164102/
GSE171101,Activation of HERV-K(HML-2) limits cortical neuronal differentiation by modulating Neurotrophic Tyrosine Receptor Kinase 3 expression,50,TXT,2021/03/30,ftp://ftp.ncbi.nlm.nih.gov/geo/series/GSE171nnn/GSE171101/
GSE169321,Patient-derived organoids after neoadjuvant FOLFIRINOX predict therapy resistance in pancreatic ductal adenocarcinoma,20,CSV,2021/03/23,ftp://ftp.ncbi.nlm.nih.gov/geo/series/GSE169nnn/GSE169321/
GSE156703,Sex-specific control of human heart maturation by the progesterone receptor [snRNAseq_human],9,TAR,2021/03/22,ftp://ftp.ncbi.nlm.nih.gov/geo/series/GSE156nnn/GSE156703/
GSE156702,Sex-specific control of human heart maturation by the progesterone receptor [bulk_RNAseq_human],21,CSV,2021/03/22,ftp://ftp.ncbi.nlm.nih.gov/geo/series/GSE156nnn/GSE156702/
GSE167367,"SOX2 Reprograms the Esophageal Squamous Carcinoma Epigenome and Induces Endogenous Retroviral Elements and dsRNA, Thereby Promoting ADAR1 Dependence",86,BW,2021/03/17,ftp://ftp.ncbi.nlm.nih.gov/geo/series/GSE167nnn/GSE167367/
GSE167365,"SOX2 Reprograms the Esophageal Squamous Carcinoma Epigenome and Induces Endogenous Retroviral Elements and dsRNA, Thereby Promoting ADAR1 Dependence [RNA-Seq]",30,BW,2021/03/17,ftp://ftp.ncbi.nlm.nih.gov/geo/series/GSE167nnn/GSE167365/
GSE164403,Single-cell sequencing of human lacrimal gland tissue and organoids,8,CSV,2021/03/16,ftp://ftp.ncbi.nlm.nih.gov/geo/series/GSE164nnn/GSE164403/
GSE168405,Single-cell RNA Sequencing of Endometrial Assembloid Cultures,9,CSV,2021/03/08,ftp://ftp.ncbi.nlm.nih.gov/geo/series/GSE168nnn/GSE168405/
GSE168244,Patient-derived organoids as a platform to study cervical cancer and viral infection,36,XLSX,2021/03/05,ftp://ftp.ncbi.nlm.nih.gov/geo/series/GSE168nnn/GSE168244/
GSE120159,Targeting the eIF4A dependent translation of KRAS and other oncoproteins in pancreatic cancer,12,TXT,2021/03/03,ftp://ftp.ncbi.nlm.nih.gov/geo/series/GSE120nnn/GSE120159/
GSE140897,Single-cell RNA-sequencing of organoid derived from colon cancer stem cells,72,XLSX,2021/03/01,ftp://ftp.ncbi.nlm.nih.gov/geo/series/GSE140nnn/GSE140897/
GSE154120,Actuation Enhances Patterning in Human Neural Tube Organoids,5,TXT,2021/02/28,ftp://ftp.ncbi.nlm.nih.gov/geo/series/GSE154nnn/GSE154120/
GSE167208,Effects of early geometric confinement on the transcriptomic profile of human cerebral organoids,45,XLSX,2021/02/23,ftp://ftp.ncbi.nlm.nih.gov/geo/series/GSE167nnn/GSE167208/
GSE167115,Identification of novel human Wnt target genes using adult endodermal tissue-derived organoids,45,TXT,2021/02/22,ftp://ftp.ncbi.nlm.nih.gov/geo/series/GSE167nnn/GSE167115/
GSE146612,Alteration of lipid homeostasis by hydroxypropyl cyclodextrin improves amiodarone-induced alveolar cell disorder,12,TXT,2021/02/20,ftp://ftp.ncbi.nlm.nih.gov/geo/series/GSE146nnn/GSE146612/
GSE153101,Gene therapy of dominant CRX-Leber congenital amaurosis using patient retinal organoids,43,H5,2021/02/17,ftp://ftp.ncbi.nlm.nih.gov/geo/series/GSE153nnn/GSE153101/
GSE153099,Gene therapy of dominant CRX-Leber congenital amaurosis using patient retinal organoids II,5,H5,2021/02/17,ftp://ftp.ncbi.nlm.nih.gov/geo/series/GSE153nnn/GSE153099/
GSE152939,Gene therapy of dominant CRX-Leber congenital amaurosis using patient retinal organoids I,38,TXT,2021/02/17,ftp://ftp.ncbi.nlm.nih.gov/geo/series/GSE152nnn/GSE152939/
GSE146842,QRICH1 Dictates the Outcome of ER Stress through Transcriptional Control of Proteostasis,23,"BIGWIG, CSV, TSV",2021/02/17,ftp://ftp.ncbi.nlm.nih.gov/geo/series/GSE146nnn/GSE146842/
GSE149799,Proteasome Stress in Skeletal Muscle Mounts a Long-Range Protective Response that Delays Retinal and Brain Aging,36,TXT,2021/02/12,ftp://ftp.ncbi.nlm.nih.gov/geo/series/GSE149nnn/GSE149799/
GSE149797,Proteasome Stress in Skeletal Muscle Mounts a Long-Range Protective Response that Delays Retinal and Brain Aging [Human],12,TXT,2021/02/12,ftp://ftp.ncbi.nlm.nih.gov/geo/series/GSE149nnn/GSE149797/
GSE166556,Single-cell SLAM-seq profiling of normal and tumor organoids,12,CSV,2021/02/11,ftp://ftp.ncbi.nlm.nih.gov/geo/series/GSE166nnn/GSE166556/
GSE166471,A novel KRAB zinc finger gene has changed the balance of HES1 autoregulation during primate evolution,9,CSV,2021/02/10,ftp://ftp.ncbi.nlm.nih.gov/geo/series/GSE166nnn/GSE166471/
GSE157659,Clinical Application of a Lung Tumoroid Culture System,1,TSV,2021/02/09,ftp://ftp.ncbi.nlm.nih.gov/geo/series/GSE157nnn/GSE157659/
GSE136283,TBC1D3 suppression of the Histone Lysine N-methyltransferase G9a promotes the generation of neural progenitors and cortical expansion,8,,2021/02/08,ftp://ftp.ncbi.nlm.nih.gov/geo/series/GSE136nnn/GSE136283/
GSE136282,TBC1D3 suppression of the Histone Lysine N-methyltransferase G9a promotes the generation of neural progenitors and cortical expansion [RNA-seq],4,CSV,2021/02/08,ftp://ftp.ncbi.nlm.nih.gov/geo/series/GSE136nnn/GSE136282/
GSE166293,Barcoded oligonucleotides ligated on RNA amplified for multiplexed and parallel in situ analyses,7,TAB,2021/02/07,ftp://ftp.ncbi.nlm.nih.gov/geo/series/GSE166nnn/GSE166293/
GSE166289,Capture and metabolomic analysis of the human endometrial epithelial organoid secretome,3,TXT,2021/02/07,ftp://ftp.ncbi.nlm.nih.gov/geo/series/GSE166nnn/GSE166289/
GSE155007,A bladder cancer patient-derived xenograft reflects aggressive growth dynamics in vivo and in organoids,10,TXT,2021/02/03,ftp://ftp.ncbi.nlm.nih.gov/geo/series/GSE155nnn/GSE155007/
GSE163282,Transcriptome-wide in vitro effects of aspirin on patient-derived normal colon organoids,74,CSV,2021/01/31,ftp://ftp.ncbi.nlm.nih.gov/geo/series/GSE163nnn/GSE163282/
GSE152312,Effect of bone marrow microenvironment on the sensitivity of breast cancer cells to antiestrogens,18,TXT,2021/01/31,ftp://ftp.ncbi.nlm.nih.gov/geo/series/GSE152nnn/GSE152312/
GSE161934,Single-cell RNA-seq of air-liquid interface bronchioalveolar cells,1,TSV,2021/01/29,ftp://ftp.ncbi.nlm.nih.gov/geo/series/GSE161nnn/GSE161934/
GSE152915,iPSC-derived 2D and 3D models of mitochondrial disease reveal early defects in neuronal morphogenesis and identify intervention strategies,12,TXT,2021/01/29,ftp://ftp.ncbi.nlm.nih.gov/geo/series/GSE152nnn/GSE152915/
GSE134453,Defective metabolic programming impairs early neuronal morphogenesis in neural cultures and an organoid model of Leigh syndrome [rRNA-depleted organoids],4,TXT,2021/01/29,ftp://ftp.ncbi.nlm.nih.gov/geo/series/GSE134nnn/GSE134453/
GSE126360,Defective metabolic programming impairs early neuronal morphogenesis in neural cultures and an organoid model of Leigh syndrome,40,TXT,2021/01/29,ftp://ftp.ncbi.nlm.nih.gov/geo/series/GSE126nnn/GSE126360/
GSE126359,Defective metabolic programming impairs early neuronal morphogenesis in neural cultures and an organoid model of Leigh syndrome [rRNA-depleted RNA-seq],12,TXT,2021/01/29,ftp://ftp.ncbi.nlm.nih.gov/geo/series/GSE126nnn/GSE126359/
GSE126358,Defective metabolic programming impairs early neuronal morphogenesis in neural cultures and an organoid model of Leigh syndrome [polyA RNA-seq],24,TXT,2021/01/29,ftp://ftp.ncbi.nlm.nih.gov/geo/series/GSE126nnn/GSE126358/
GSE142316,Chromatin regulatory dynamics of early development and regional specification in a directed differentiation model of the human small intestine,30,TXT,2021/01/27,ftp://ftp.ncbi.nlm.nih.gov/geo/series/GSE142nnn/GSE142316/
GSE128605,Human endometrial organoids,15,TXT,2021/01/27,ftp://ftp.ncbi.nlm.nih.gov/geo/series/GSE128nnn/GSE128605/
GSE165477,Single cell sequencing of whole eye organoids to identify ocular cell susceptible to infection with SARS-CoV2 and the viral response in infected cells,2,"HTML, MTX, RDS, TSV",2021/01/26,ftp://ftp.ncbi.nlm.nih.gov/geo/series/GSE165nnn/GSE165477/
GSE165266,"Kidney organoids are capable of forming Wilms-like tumors, but not teratomas",1,CSV,2021/01/22,ftp://ftp.ncbi.nlm.nih.gov/geo/series/GSE165nnn/GSE165266/
GSE163952,Neurodegeneration in herpes simplex virus 1 infected human brain organoids,40,"CSV, FA, GTF, RDS, TXT",2021/01/22,ftp://ftp.ncbi.nlm.nih.gov/geo/series/GSE163nnn/GSE163952/
GSE124252,Synchrony and asynchrony between an epigenetic clock and developmental timing [RNA-Seq],15,TXT,2021/01/21,ftp://ftp.ncbi.nlm.nih.gov/geo/series/GSE124nnn/GSE124252/
GSE165200,Adult Stem Cell-derived Complete Lung Organoid Models Emulate Lung Disease in COVID-19,33,TXT,2021/01/20,ftp://ftp.ncbi.nlm.nih.gov/geo/series/GSE165nnn/GSE165200/
GSE148367,An organoid model to assay the role of CFTR in the human epididymis epithelium,1,"MTX, TSV, TXT",2021/01/16,ftp://ftp.ncbi.nlm.nih.gov/geo/series/GSE148nnn/GSE148367/
GSE161255,Distal nephron plasticity allows the induction of ureteric tip and stalk for the modelling of collecting duct disease,35,"CSV, MTX, TSV, TXT",2021/01/15,ftp://ftp.ncbi.nlm.nih.gov/geo/series/GSE161nnn/GSE161255/
GSE164544,Patient-Derived Nasopharyngeal Cancer Organoids for Disease Modelling and Radiation Dose Optimization,67,"TXT, XLSX",2021/01/12,ftp://ftp.ncbi.nlm.nih.gov/geo/series/GSE164nnn/GSE164544/
GSE162285,Gene expression profiling of drug-persistent breast and prostate cancer cells derived from treatment of organoids or PDX with cytotoxic agents,91,TXT,2021/01/11,ftp://ftp.ncbi.nlm.nih.gov/geo/series/GSE162nnn/GSE162285/
GSE164376,Total RNA sequencing for human induced pluripotent derived cortical neurons,17,TXT,2021/01/08,ftp://ftp.ncbi.nlm.nih.gov/geo/series/GSE164nnn/GSE164376/
GSE164179,A CRISPR/Cas9-engineered ARID1A-deficient human gastric cancer organoid model reveals essential and non-essential modes of oncogenic transformation,6,TSV,2021/01/05,ftp://ftp.ncbi.nlm.nih.gov/geo/series/GSE164nnn/GSE164179/
GSE148697,Identification of Lead Drug Candidates for COVID-19 based on Drug Screening Using Human Pluripotent Stem Cell-Derived Cells/Organoids,6,TXT,2021/01/01,ftp://ftp.ncbi.nlm.nih.gov/geo/series/GSE148nnn/GSE148697/
GSE148696,Identification of Drugs Blocking SARS-CoV-2 Infection using Human Pluripotent Stem Cell-derived Colonic Organoids,4,TXT,2021/01/01,ftp://ftp.ncbi.nlm.nih.gov/geo/series/GSE148nnn/GSE148696/
GSE157057,Human lung organoid for modeling infection and disease conditions (Lung II),17,TXT,2020/12/31,ftp://ftp.ncbi.nlm.nih.gov/geo/series/GSE157nnn/GSE157057/
GSE157055,Human lung organoid for modeling infection and disease conditions (Lung I),7,TXT,2020/12/31,ftp://ftp.ncbi.nlm.nih.gov/geo/series/GSE157nnn/GSE157055/
GSE163906,"PTEN DEFICIENCY LEADS TO PROTEASOME ADDICTION, A NOVEL VULNERABILITY IN GLIOBLASTOMA",18,TXT,2020/12/29,ftp://ftp.ncbi.nlm.nih.gov/geo/series/GSE163nnn/GSE163906/
GSE154023,The Effect of Synonymous Single-Nucleotide Polymorphisms on an Atypical Cystic Fibrosis Clinical Presentation,2,TAB,2020/12/28,ftp://ftp.ncbi.nlm.nih.gov/geo/series/GSE154nnn/GSE154023/
GSE150123,RNA sequencing of Human Cortical Organoids diffrentiated for extended periods of time,62,CSV,2020/12/25,ftp://ftp.ncbi.nlm.nih.gov/geo/series/GSE150nnn/GSE150123/
GSE163706,Gene expression data of 2D duodenum organoids with or without continuous flow,6,TXT,2020/12/23,ftp://ftp.ncbi.nlm.nih.gov/geo/series/GSE163nnn/GSE163706/
GSE143223,Whole transcriptome data of human liver organoids cultured in Matrigel and polyisocyanopeptides-based hydrogel,18,TXT,2020/12/23,ftp://ftp.ncbi.nlm.nih.gov/geo/series/GSE143nnn/GSE143223/
GSE132105,Transcriptome regulation by ALK in cerebral organoids revealed by single-cell RNA sequencing,2,TXT,2020/12/23,ftp://ftp.ncbi.nlm.nih.gov/geo/series/GSE132nnn/GSE132105/
GSE163557,Lung tumorigenic model employing human pluripotent stem cell-derived lung organoids that conditionally overexpress HER2,4,XLSX,2020/12/21,ftp://ftp.ncbi.nlm.nih.gov/geo/series/GSE163nnn/GSE163557/
GSE157676,Human iNSC-derived brain organoid model of lysosomal storage disorder in Niemann-Pick disease type C,9,TXT,2020/12/21,ftp://ftp.ncbi.nlm.nih.gov/geo/series/GSE157nnn/GSE157676/
GSE148724,The chromatin landscape of primary synovial sarcoma organoids is linked to specific epigenetic mechanisms and dependencies.,106,BW,2020/12/21,ftp://ftp.ncbi.nlm.nih.gov/geo/series/GSE148nnn/GSE148724/
GSE148723,The chromatin landscape of primary synovial sarcoma organoids is linked to specific epigenetic mechanisms and dependencies [RNA-seq],15,"BW, TXT",2020/12/21,ftp://ftp.ncbi.nlm.nih.gov/geo/series/GSE148nnn/GSE148723/
GSE150202,Human heart-forming organoids recapitulate early heart and foregut development - single-cell RNA sequencing data,2,CLOUPE,2020/12/17,ftp://ftp.ncbi.nlm.nih.gov/geo/series/GSE150nnn/GSE150202/
GSE142143,NGLY1-deficient cerebral organiods display abnormal neuronal differentiation,8,"MTX, RDS, TSV",2020/12/16,ftp://ftp.ncbi.nlm.nih.gov/geo/series/GSE142nnn/GSE142143/
GSE161449,Silencing of the Long Noncoding RNA MYCNOS1 Suppresses Activity of MYCN-Amplified Retinoblastoma Without RB1 Mutation,4,CSV,2020/12/15,ftp://ftp.ncbi.nlm.nih.gov/geo/series/GSE161nnn/GSE161449/
GSE161264,Androgen Regulates SARS-CoV-2 Receptor Levels and Is Associated with Severe COVID-19 Symptoms in Men,17,CSV,2020/12/15,ftp://ftp.ncbi.nlm.nih.gov/geo/series/GSE161nnn/GSE161264/
GSE161263,Androgen Regulates SARS-CoV-2 Receptor Levels and Is Associated with Severe COVID-19 Symptoms in Men [scRNA-Seq],3,CSV,2020/12/15,ftp://ftp.ncbi.nlm.nih.gov/geo/series/GSE161nnn/GSE161263/
GSE161262,Androgen Regulates SARS-CoV-2 Receptor Levels and Is Associated with Severe COVID-19 Symptoms in Men [bulk RNA-Seq],14,CSV,2020/12/15,ftp://ftp.ncbi.nlm.nih.gov/geo/series/GSE161nnn/GSE161262/
GSE131086,Human Pluripotent Stem Cell-Derived Kidney Organoids for Modeling Epithelial Transport and Injury,2,TXT,2020/12/15,ftp://ftp.ncbi.nlm.nih.gov/geo/series/GSE131nnn/GSE131086/
GSE150027,Ethanol exposure drives colon location-specific cell composition changes in a normal colon crypt 3D organoid model,68,CSV,2020/12/14,ftp://ftp.ncbi.nlm.nih.gov/geo/series/GSE150nnn/GSE150027/
GSE163018,Single cell epigenomics reveals mechanisms of human cortical development,10,"CSV, MTX, RDS, SNAP, TSV",2020/12/11,ftp://ftp.ncbi.nlm.nih.gov/geo/series/GSE163nnn/GSE163018/
GSE162856,"Genomic and epigenomic 1α,25(OH)2D3 responses in human colonic organoids",24,"NARROWPEAK, TXT",2020/12/09,ftp://ftp.ncbi.nlm.nih.gov/geo/series/GSE162nnn/GSE162856/
GSE159491,Gene Regulatory Network Analysis and Engineering Directs Development and Vascularization of Multilineage Human Liver Organoids,26,"CSV, MTX, TSV, TXT",2020/12/07,ftp://ftp.ncbi.nlm.nih.gov/geo/series/GSE159nnn/GSE159491/
GSE157059,AI-guided Discovery of a Paradoxical Immune Response in Fatal COVID-19 (Ileum),3,TXT,2020/12/07,ftp://ftp.ncbi.nlm.nih.gov/geo/series/GSE157nnn/GSE157059/
GSE153499,Protein synthesis inhibitors stimulate MondoA transcriptional activity by driving accumulation of glucose 6-phosphate,8,TXT,2020/12/07,ftp://ftp.ncbi.nlm.nih.gov/geo/series/GSE153nnn/GSE153499/
GSE153218,Bulk RNA sequencing of SARS-CoV-2 infected alveolar type I- and type II like cells,16,CSV,2020/12/07,ftp://ftp.ncbi.nlm.nih.gov/geo/series/GSE153nnn/GSE153218/
GSE147326,Single Cell RNA-Seq data for Cancer Stem Like Reversal Project,14,TXT,2020/12/07,ftp://ftp.ncbi.nlm.nih.gov/geo/series/GSE147nnn/GSE147326/
GSE152765,Metabolic programming drives proximal tubule differentiation and kidney dysfunction,1,H5,2020/11/30,ftp://ftp.ncbi.nlm.nih.gov/geo/series/GSE152nnn/GSE152765/
GSE158733,Single-Cell RNA Sequencing Reveals Human iPS Cell-derived Alveolar Type 1 Cells in Alveolar Organoids [2D_EpCAM+ scRNA-seq],83,TXT,2020/11/26,ftp://ftp.ncbi.nlm.nih.gov/geo/series/GSE158nnn/GSE158733/
GSE145539,Single-Cell RNA Sequencing Reveals Human iPS Cell-derived Alveolar Type 1 Cells in Alveolar Organoids,452,TXT,2020/11/26,ftp://ftp.ncbi.nlm.nih.gov/geo/series/GSE145nnn/GSE145539/
GSE161937,Self-renewing Endometrial Epithelial Organoids of the Human Uterus [single-cell RNA-seq data],5,"MTX, TSV",2020/11/22,ftp://ftp.ncbi.nlm.nih.gov/geo/series/GSE161nnn/GSE161937/
GSE161928,RNA sequencing analysis of organoids and their parental tissues,15,XLS,2020/11/21,ftp://ftp.ncbi.nlm.nih.gov/geo/series/GSE161nnn/GSE161928/
GSE156519,Human bile cholangiocyte organoids originate from the extrahepatic bile duct and can repair bile duct scaffolds in vitro,18,TXT,2020/11/19,ftp://ftp.ncbi.nlm.nih.gov/geo/series/GSE156nnn/GSE156519/
GSE144825,Primate cell fusion disentangles gene regulatory divergence in neural development,888,TXT,2020/11/17,ftp://ftp.ncbi.nlm.nih.gov/geo/series/GSE144nnn/GSE144825/
GSE161543,RNA sequencing comparing human colon organoids transduced with Empty control vs. sgMGA (guide RNA targeting MGA),8,CSV,2020/11/16,ftp://ftp.ncbi.nlm.nih.gov/geo/series/GSE161nnn/GSE161543/
GSE160435,bulk RNAseq of SARS-COV2 infected human lung organoid,10,CSV,2020/11/06,ftp://ftp.ncbi.nlm.nih.gov/geo/series/GSE160nnn/GSE160435/
GSE155518,SARS-CoV-2 infection of primary human lung epithelium for COVID-19 modeling and drug discovery,6,XLSX,2020/11/06,ftp://ftp.ncbi.nlm.nih.gov/geo/series/GSE155nnn/GSE155518/
GSE160755,Enhanced efficacy of simultaneous PD-1 and PD-L1 immune checkpoint blockade in high grade serous ovarian cancer,44,"BW, CSV, NARROWPEAK, TXT",2020/11/04,ftp://ftp.ncbi.nlm.nih.gov/geo/series/GSE160nnn/GSE160755/
GSE160754,Enhanced efficacy of simultaneous PD-1 and PD-L1 immune checkpoint blockade in high grade serous ovarian cancer [single-cell RNA-seq tumor],1,CSV,2020/11/04,ftp://ftp.ncbi.nlm.nih.gov/geo/series/GSE160nnn/GSE160754/
GSE160753,Enhanced efficacy of simultaneous PD-1 and PD-L1 immune checkpoint blockade in high grade serous ovarian cancer [single-cell RNA-seq organoid],1,CSV,2020/11/04,ftp://ftp.ncbi.nlm.nih.gov/geo/series/GSE160nnn/GSE160753/
GSE160752,Enhanced efficacy of simultaneous PD-1 and PD-L1 immune checkpoint blockade in high grade serous ovarian cancer [bulk RNA-seq immune cells],16,TXT,2020/11/04,ftp://ftp.ncbi.nlm.nih.gov/geo/series/GSE160nnn/GSE160752/
GSE160751,Enhanced efficacy of simultaneous PD-1 and PD-L1 immune checkpoint blockade in high grade serous ovarian cancer [bulk RNA-seq tumor],22,TXT,2020/11/04,ftp://ftp.ncbi.nlm.nih.gov/geo/series/GSE160nnn/GSE160751/
GSE156170,Defining the Teratoma as a Model for Multi-Lineage Human Development,56,"CSV, TXT, XLSX",2020/11/04,ftp://ftp.ncbi.nlm.nih.gov/geo/series/GSE156nnn/GSE156170/
GSE151384,A human tissue screen identifies a regulator of ER secretion as a brain size determinant,45,"MTX, TSV",2020/11/01,ftp://ftp.ncbi.nlm.nih.gov/geo/series/GSE151nnn/GSE151384/
GSE151381,A human tissue screen identifies a regulator of ER secretion as a brain size determinant [scRNA-Seq],2,"MTX, TSV",2020/11/01,ftp://ftp.ncbi.nlm.nih.gov/geo/series/GSE151nnn/GSE151381/
GSE151379,A human tissue screen identifies a regulator of ER secretion as a brain size determinant [RNA-Seq],40,TSV,2020/11/01,ftp://ftp.ncbi.nlm.nih.gov/geo/series/GSE151nnn/GSE151379/
GSE106850,Progenitor identification and SARS-CoV-2 infection in human distal lung organoids ,12,"MTX, TSV",2020/11/01,ftp://ftp.ncbi.nlm.nih.gov/geo/series/GSE106nnn/GSE106850/
GSE149931,Generation of human induced pluripotent stem cell-derived 3D human striatal spheroids,4,"MTX, TSV",2020/10/31,ftp://ftp.ncbi.nlm.nih.gov/geo/series/GSE149nnn/GSE149931/
GSE160146,Pharmacological reversal of synaptic and network pathology in human MECP2-KO neurons and cortical organoids,12,TXT,2020/10/27,ftp://ftp.ncbi.nlm.nih.gov/geo/series/GSE160nnn/GSE160146/
GSE158803,A Single-Cell Tumor Immune Atlas for Precision Oncology,10,"CSV, MTX, TSV",2020/10/27,ftp://ftp.ncbi.nlm.nih.gov/geo/series/GSE158nnn/GSE158803/
GSE152586,Transcriptomic analysis of human alveolar type II cell organoids post infection of SARS-CoV-2,6,CSV,2020/10/27,ftp://ftp.ncbi.nlm.nih.gov/geo/series/GSE152nnn/GSE152586/
GSE159926,The confined environment in microfluidic reveals a hidden role of self-organizing extracellular-matrix in hepatic commitment and organoid formation of hiPSCs,9,TXT,2020/10/24,ftp://ftp.ncbi.nlm.nih.gov/geo/series/GSE159nnn/GSE159926/
GSE159784,A comprehensive library of human transcription factors for cell fate engineering (scRNA-Seq),3,"MTX, TSV",2020/10/22,ftp://ftp.ncbi.nlm.nih.gov/geo/series/GSE159nnn/GSE159784/
GSE159778,A comprehensive library of human transcription factors for cell fate engineering (Bulk RNA-Seq),21,XLSX,2020/10/22,ftp://ftp.ncbi.nlm.nih.gov/geo/series/GSE159nnn/GSE159778/
GSE141183,RNA-sequencing with human liver organoids derived from human induced pluripotent stem cells,1,"CLOUPE, MTX, TSV",2020/10/18,ftp://ftp.ncbi.nlm.nih.gov/geo/series/GSE141nnn/GSE141183/
GSE155364,A Wnt-induced phenotypic switch in cancer-associated fibroblasts inhibits EMT in colorectal cancer,30,TXT,2020/10/15,ftp://ftp.ncbi.nlm.nih.gov/geo/series/GSE155nnn/GSE155364/
GSE142246,Derivation of airway basal stem cells from human pluripotent stem cells,7,H5,2020/10/14,ftp://ftp.ncbi.nlm.nih.gov/geo/series/GSE142nnn/GSE142246/
GSE157299,Positional influence on cellular transcriptional identity revealed through spatially segmented single-cell transcriptomics,34,"MTX, TSV",2020/10/11,ftp://ftp.ncbi.nlm.nih.gov/geo/series/GSE157nnn/GSE157299/
GSE159266,Transcriptomic deconvolution of human endometrial cell types,21,TXT,2020/10/09,ftp://ftp.ncbi.nlm.nih.gov/geo/series/GSE159nnn/GSE159266/
GSE152999,Induced organoids derived from patients with ulcerative colitis recapitulate the colitic reactivity,11,"MTX, TSV",2020/10/09,ftp://ftp.ncbi.nlm.nih.gov/geo/series/GSE152nnn/GSE152999/
GSE117345,Inhibition of CXCR1/2 in human colitis-derived pluripotent stem cell intestinal organoids attenuates the inflammatory phenotype,24,TXT,2020/10/06,ftp://ftp.ncbi.nlm.nih.gov/geo/series/GSE117nnn/GSE117345/
GSE148918,Modeling Tumor Development and Metastasis using Paired Organoids Derived from Patients with Colorectal Cancer Liver Metastases,16,TXT,2020/10/05,ftp://ftp.ncbi.nlm.nih.gov/geo/series/GSE148nnn/GSE148918/
GSE157525,SMARCB1 loss interacts with neuronal differentiation state to block maturation in an organoid model,6,"CSV, MTX, TSV",2020/10/01,ftp://ftp.ncbi.nlm.nih.gov/geo/series/GSE157nnn/GSE157525/
GSE153698,Human fetal and pediatric primary gastric samples and organoids derived from them,42,TXT,2020/10/01,ftp://ftp.ncbi.nlm.nih.gov/geo/series/GSE153nnn/GSE153698/
GSE153684,SARS-CoV-2 infection and replication in human fetal and pediatric gastric organoids,18,TXT,2020/10/01,ftp://ftp.ncbi.nlm.nih.gov/geo/series/GSE153nnn/GSE153684/
GSE143479,Autophagy mitigates ethanol-induced mitochondrial dysfunction and oxidative stress in esophageal keratinocytes ,9,CSV,2020/10/01,ftp://ftp.ncbi.nlm.nih.gov/geo/series/GSE143nnn/GSE143479/
GSE150153,Human iPSC-derived organoids recapitulate development of the cerebellum.,2,"CSV, MTX, RDS, TSV",2020/09/30,ftp://ftp.ncbi.nlm.nih.gov/geo/series/GSE150nnn/GSE150153/
GSE119060,A fully automated high throughput-workflow for human neural organoids,80,TXT,2020/09/28,ftp://ftp.ncbi.nlm.nih.gov/geo/series/GSE119nnn/GSE119060/
GSE141356,Epigenomic analyses of FOXA1-mediated enhancer reprogramming to control tumor subtype plasticity through HH-BMP-FOXA1 signalling feedback between urothelial tumor and stromal fibroblasts,72,"BW, NARROWPEAK, TXT",2020/09/27,ftp://ftp.ncbi.nlm.nih.gov/geo/series/GSE141nnn/GSE141356/
GSE141350,Epigenomic analyses of FOXA1-mediated enhancer reprogramming to control tumor subtype plasticity through HH-BMP-FOXA1 signalling feedback between urothelial tumor and stromal fibroblasts [RNA-seq],16,TXT,2020/09/27,ftp://ftp.ncbi.nlm.nih.gov/geo/series/GSE141nnn/GSE141350/
GSE158459,Targeted single-cell RNAseq of tonsil organoid cultures,1,"CSV, TXT",2020/09/24,ftp://ftp.ncbi.nlm.nih.gov/geo/series/GSE158nnn/GSE158459/
GSE157852,Human Pluripotent Stem Cell-Derived Neural Cells and Brain Organoids Reveal SARS-CoV-2 Neurotropism Predominates in Choroid Plexus Epithelium,9,TXT,2020/09/23,ftp://ftp.ncbi.nlm.nih.gov/geo/series/GSE157nnn/GSE157852/
GSE155286,SARS-CoV-2 infection is effectively treated and prevented by EIDD-2801,13,CSV,2020/09/23,ftp://ftp.ncbi.nlm.nih.gov/geo/series/GSE155nnn/GSE155286/
GSE158248,Deficiency of Serotonin Receptor 6 (5-HT6R) or/and its constitutive activity leads to the reduced neurogenesis and the depression-like behavior,6,XLSX,2020/09/21,ftp://ftp.ncbi.nlm.nih.gov/geo/series/GSE158nnn/GSE158248/
GSE147133,Expansion of human colonic organoids from tissue biopsies in a fully defined hydrogel matrix,12,TXT,2020/09/12,ftp://ftp.ncbi.nlm.nih.gov/geo/series/GSE147nnn/GSE147133/
GSE119861,Single cell gene expression analysis of stem cell-derived cerebral organoids treated with Methamphetamine,14,"MTX, TSV",2020/09/11,ftp://ftp.ncbi.nlm.nih.gov/geo/series/GSE119nnn/GSE119861/
GSE143782,"Colon, rectum and rectal tumor organoids. Effects of calcitriol (active form of Vitamin D) treatment",36,"XLS, XLSX",2020/09/08,ftp://ftp.ncbi.nlm.nih.gov/geo/series/GSE143nnn/GSE143782/
GSE152447,Polygenic architecture informs potential vulnerability to drug-induced liver injury,44,TXT,2020/09/07,ftp://ftp.ncbi.nlm.nih.gov/geo/series/GSE152nnn/GSE152447/
GSE136929,Human embryonic stem cell-derived organoidal retinoblastoma reveals cancerous origin and therapeutic target,89,"BW, CSV, MTX, TSV, TXT",2020/09/05,ftp://ftp.ncbi.nlm.nih.gov/geo/series/GSE136nnn/GSE136929/
GSE157380,Derivation of endometrial gland organoids from term placenta,10,TXT,2020/09/03,ftp://ftp.ncbi.nlm.nih.gov/geo/series/GSE157nnn/GSE157380/
GSE152014,Comparison manual and two types of bioprinted kidney organoids by single cell RNA-seq,3,TAR,2020/09/01,ftp://ftp.ncbi.nlm.nih.gov/geo/series/GSE152nnn/GSE152014/
GSE138835,Single cell RNA-seq of bioprinted human kidney organoid,1,"MTX, TSV",2020/09/01,ftp://ftp.ncbi.nlm.nih.gov/geo/series/GSE138nnn/GSE138835/
GSE138733,Comparison of bioprinted kidney organoids in different conformations,9,CSV,2020/09/01,ftp://ftp.ncbi.nlm.nih.gov/geo/series/GSE138nnn/GSE138733/
GSE143621,Global assessment of integrated stress response in CF patients lung explants and organoids,12,"TAB, TXT",2020/08/30,ftp://ftp.ncbi.nlm.nih.gov/geo/series/GSE143nnn/GSE143621/
GSE157019,Electrophysiological Maturation of Cerebral Organoids Correlates with Dynamic Morphological and Cellular Development,2,"MTX, TSV",2020/08/28,ftp://ftp.ncbi.nlm.nih.gov/geo/series/GSE157nnn/GSE157019/
GSE134311,scRCAT-seq: simultaneously profile RNA TSS and TES at single-cell level,116,"BED, CSV, GTF, MTX, TSV, TXT",2020/08/24,ftp://ftp.ncbi.nlm.nih.gov/geo/series/GSE134nnn/GSE134311/
GSE136129,An unorthodox AR addiction drives enzalutamide resistance in prostate cancer (RNA-Seq),6,XLS,2020/08/20,ftp://ftp.ncbi.nlm.nih.gov/geo/series/GSE136nnn/GSE136129/
GSE120225,Channelopathy pathogenesis in a human neural cell model of Angelman Syndrome,6,TXT,2020/08/18,ftp://ftp.ncbi.nlm.nih.gov/geo/series/GSE120nnn/GSE120225/
GSE116778,Inhibition of O-GlcNAc transferase renders prostate cancer cells dependent on CDK9,8,TXT,2020/08/18,ftp://ftp.ncbi.nlm.nih.gov/geo/series/GSE116nnn/GSE116778/
GSE154280,“Reprogram enablement” as an assay for identifying pivotal early oncogenic pathways by their ability to allow neoplastic cells to reacquire a normal epiblast-emulating state: evidence from human thyroid cancer,10,"BW, TXT, XLSX",2020/08/13,ftp://ftp.ncbi.nlm.nih.gov/geo/series/GSE154nnn/GSE154280/
GSE151921,Multisite methylation profiling of primary human meningioma [RNA-seq],77,XLS,2020/08/12,ftp://ftp.ncbi.nlm.nih.gov/geo/series/GSE151nnn/GSE151921/
GSE155241,Identification of Drugs Blocking SARS-CoV-2 Infection using hPSC-derived Lung and Colonic Organoids,18,XLSX,2020/08/11,ftp://ftp.ncbi.nlm.nih.gov/geo/series/GSE155nnn/GSE155241/
GSE148113,Identification of Candidate COVID-19 Therapeutics using hPSC-derived Lung Organoids,2,"MTX, TSV",2020/08/11,ftp://ftp.ncbi.nlm.nih.gov/geo/series/GSE148nnn/GSE148113/
GSE147975,Identification of A Drug Blocking SARS-CoV-2 Infection using Human Pluripotent Stem Cell-derived Colon Organoids,2,"MTX, TSV",2020/08/11,ftp://ftp.ncbi.nlm.nih.gov/geo/series/GSE147nnn/GSE147975/
GSE129288,"RNA sequencing of WT, TP53KO and onco-RNF43/TP53KO human colon organoid lines.",18,TXT,2020/08/10,ftp://ftp.ncbi.nlm.nih.gov/geo/series/GSE129nnn/GSE129288/
GSE155886,Molecular features of the measles virus viral fusion complex that favor infection and spread in the brain,28,TSV,2020/08/08,ftp://ftp.ncbi.nlm.nih.gov/geo/series/GSE155nnn/GSE155886/
GSE155884,Molecular features of the measles virus viral fusion complex that favor infection and spread in the brain [human],18,TXT,2020/08/08,ftp://ftp.ncbi.nlm.nih.gov/geo/series/GSE155nnn/GSE155884/
GSE155130,Transcriptomic analysis of shCtrl and shCTCL  organoids by bulk RNA-seq,4,CSV,2020/07/27,ftp://ftp.ncbi.nlm.nih.gov/geo/series/GSE155nnn/GSE155130/
GSE148212,CRISPR/Cas9 targeted deletions in frataxin rescue Friedreich’s ataxia pathology in a human stem cell-based peripheral sensory neural circuitry,2,"MTX, TSV",2020/07/27,ftp://ftp.ncbi.nlm.nih.gov/geo/series/GSE148nnn/GSE148212/
GSE133755,In vitro restoration of Friedreich's Ataxia defect with novel Cas9-edited hiPSC-derived Dorsal Root Ganglion-like Organoids (DRGOs) and Microfluidic System,3,TAB,2020/07/27,ftp://ftp.ncbi.nlm.nih.gov/geo/series/GSE133nnn/GSE133755/
GSE154613,Modulating the transcriptional landscape of SARS-CoV-2 as an effective method for developing antiviral compounds,66,TXT,2020/07/17,ftp://ftp.ncbi.nlm.nih.gov/geo/series/GSE154nnn/GSE154613/
GSE147047,Loss of function of the mitochondrial peptidase PITRM1 induces Alzheimer’s disease-like pathology and immune perturbations in human cerebral organoids,2,"MTX, TSV",2020/07/16,ftp://ftp.ncbi.nlm.nih.gov/geo/series/GSE147nnn/GSE147047/
GSE152685,Expansion of human iPSC derived ureteric bud organoids with repeated branching potential,1,"MTX, TSV",2020/07/15,ftp://ftp.ncbi.nlm.nih.gov/geo/series/GSE152nnn/GSE152685/
GSE146119,A modular differentiation system maps multiple human kidney lineages from pluripotent stem cells,14,TSV,2020/07/15,ftp://ftp.ncbi.nlm.nih.gov/geo/series/GSE146nnn/GSE146119/
GSE146118,A modular differentiation system maps multiple human kidney lineages from pluripotent stem cells [scRNA-Seq],2,TSV,2020/07/15,ftp://ftp.ncbi.nlm.nih.gov/geo/series/GSE146nnn/GSE146118/
GSE146117,A modular differentiation system maps multiple human kidney lineages from pluripotent stem cells [RNA-Seq],12,TSV,2020/07/15,ftp://ftp.ncbi.nlm.nih.gov/geo/series/GSE146nnn/GSE146117/
GSE143707,Human basal cell diversity in normal and IPF lung,25,H5,2020/07/09,ftp://ftp.ncbi.nlm.nih.gov/geo/series/GSE143nnn/GSE143707/
GSE143706,Single cell reconstruction of human basal cell diversity in normal and IPF lung (single-cell RNAseq),13,H5,2020/07/09,ftp://ftp.ncbi.nlm.nih.gov/geo/series/GSE143nnn/GSE143706/
GSE143705,Human basal cell diversity in normal and IPF lung (bulk RNAseq),12,"CSV, TXT",2020/07/09,ftp://ftp.ncbi.nlm.nih.gov/geo/series/GSE143nnn/GSE143705/
GSE148300,Modelling and rescue of RP2 Retinitis Pigmentosa using iPSC Derived Retinal Organoids,8,TXT,2020/07/08,ftp://ftp.ncbi.nlm.nih.gov/geo/series/GSE148nnn/GSE148300/
GSE145122,Neuronal Defects in a Human Cellular Model of 22q11.2 Deletion Syndrome,4,"MTX, TSV",2020/07/08,ftp://ftp.ncbi.nlm.nih.gov/geo/series/GSE145nnn/GSE145122/
GSE142041,22q11.2 deletion syndrome human cortical organoids,175,CSV,2020/07/08,ftp://ftp.ncbi.nlm.nih.gov/geo/series/GSE142nnn/GSE142041/
GSE153076,An early cell shape transition drives evolutionary expansion of human forebrain,42,TXT,2020/07/06,ftp://ftp.ncbi.nlm.nih.gov/geo/series/GSE153nnn/GSE153076/
GSE145988,Targeted Inhibition of Purine Metabolism is Effective in Suppressing Hepatocellular Carcinoma Progression,9,TXT,2020/07/06,ftp://ftp.ncbi.nlm.nih.gov/geo/series/GSE145nnn/GSE145988/
GSE153802,single cell RNA sequencing for the paired TNF-free and -treated intestinal organoids,4,"MTX, TSV",2020/07/05,ftp://ftp.ncbi.nlm.nih.gov/geo/series/GSE153nnn/GSE153802/
GSE153715,RNA sequencing for the paired TNF-free and -treated intestinal organoids,24,XLSX,2020/07/03,ftp://ftp.ncbi.nlm.nih.gov/geo/series/GSE153nnn/GSE153715/
GSE139101,Developmental GABA polarity switch and neuronal plasticity in Bioengineered Neuronal Organoids,38,TXT,2020/07/02,ftp://ftp.ncbi.nlm.nih.gov/geo/series/GSE139nnn/GSE139101/
GSE153492,A novel class of CLK inhibitors that targets SRSF10 and promote p53-mediated cytotoxicity on human colorectal cancer cells,3,XLSX,2020/06/30,ftp://ftp.ncbi.nlm.nih.gov/geo/series/GSE153nnn/GSE153492/
GSE148224,Human intestinal organoid cell transcriptomic profiling,16,TXT,2020/06/30,ftp://ftp.ncbi.nlm.nih.gov/geo/series/GSE148nnn/GSE148224/
GSE153191,Comparison of microfludic and static culture of human intestinal organoids in normal and inflammatory conditions,9,TSV,2020/06/25,ftp://ftp.ncbi.nlm.nih.gov/geo/series/GSE153nnn/GSE153191/
GSE144381,Naproxen Chemoprevention Promotes Immune Activation In Lynch Syndrome Colorectal Mucosa,118,TXT,2020/06/25,ftp://ftp.ncbi.nlm.nih.gov/geo/series/GSE144nnn/GSE144381/
GSE150283,WNT and inflammatory signaling distinguish human Fallopian tube epithelial cell populations,34,TSV,2020/06/24,ftp://ftp.ncbi.nlm.nih.gov/geo/series/GSE150nnn/GSE150283/
GSE133534,RNA sequencing for human induced pluripotent derived cerebral organoids,21,TXT,2020/06/22,ftp://ftp.ncbi.nlm.nih.gov/geo/series/GSE133nnn/GSE133534/
GSE152472,Expansion of human iPSC-derived ureteric bud organoids with repeated branching potential,4,,2020/06/16,ftp://ftp.ncbi.nlm.nih.gov/geo/series/GSE152nnn/GSE152472/
GSE152471,Expansion of human iPSC-derived ureteric bud organoids with repeated branching potential [DiI-VLDL],2,TXT,2020/06/16,ftp://ftp.ncbi.nlm.nih.gov/geo/series/GSE152nnn/GSE152471/
GSE152470,Expansion of human iPSC-derived ureteric bud organoids with repeated branching potential [CDP & TIP],2,TXT,2020/06/16,ftp://ftp.ncbi.nlm.nih.gov/geo/series/GSE152nnn/GSE152470/
GSE145306,Brainstem organoids from human pluripotent stem cells contain neural crest population,1,CSV,2020/06/13,ftp://ftp.ncbi.nlm.nih.gov/geo/series/GSE145nnn/GSE145306/
GSE151803,Identification of Lead Drug Candidates for COVID-19 based on Drug Screening Using Human Pluripotent Stem Cell-Derived Cells/Organoids,21,TXT,2020/06/12,ftp://ftp.ncbi.nlm.nih.gov/geo/series/GSE151nnn/GSE151803/
GSE117513,Inhibition of BET proteins rescues neural defects in Rett syndrome,65,"BED, BROADPEAK",2020/06/12,ftp://ftp.ncbi.nlm.nih.gov/geo/series/GSE117nnn/GSE117513/
GSE117512,Inhibition of BET proteins rescues neural defects in Rett syndrome [scRNA-seq],8,"MTX, TSV",2020/06/12,ftp://ftp.ncbi.nlm.nih.gov/geo/series/GSE117nnn/GSE117512/
GSE117511,Inhibition of BET proteins rescues neural defects in Rett syndrome [RNA-seq],20,XLSX,2020/06/12,ftp://ftp.ncbi.nlm.nih.gov/geo/series/GSE117nnn/GSE117511/
GSE150903,Choroid plexus organoids predict CNS drug permeability and reveal human CSF proteins produced by specialized cell types,4,TXT,2020/06/11,ftp://ftp.ncbi.nlm.nih.gov/geo/series/GSE150nnn/GSE150903/
GSE147903,A Platform to Define Cellular Targets of SARS-COV-2 Infection Using Human Pluripotent Stem Cell-Derived Cells and Organoids,3,"MTX, TSV",2020/06/11,ftp://ftp.ncbi.nlm.nih.gov/geo/series/GSE147nnn/GSE147903/
GSE151796,Comparison of two human organoid models of lung and intestinal inflammation reveals Toll-like receptor signalling activation and monocyte recruitment.,24,"CSV, TSV",2020/06/05,ftp://ftp.ncbi.nlm.nih.gov/geo/series/GSE151nnn/GSE151796/
GSE131094,Vascularized human cortical organoids (vOrganoid) model cortical development in vivo,12,TXT,2020/06/04,ftp://ftp.ncbi.nlm.nih.gov/geo/series/GSE131nnn/GSE131094/
GSE142489,"Single cell analysis of primary prostate human epithelial organoids grown in vehicle or 1,25D to day 8 and day 14",4,"MTX, TSV",2020/06/01,ftp://ftp.ncbi.nlm.nih.gov/geo/series/GSE142nnn/GSE142489/
GSE114455,Organoids derived from pancreatic adenocarcinoma patients share morphological and genetic features with the primary tumor,42,TXT,2020/06/01,ftp://ftp.ncbi.nlm.nih.gov/geo/series/GSE114nnn/GSE114455/
GSE114454,Organoids derived from pancreatic adenocarcinoma patients share morphological and genetic features with the primary tumor [Drop-seq],17,TXT,2020/06/01,ftp://ftp.ncbi.nlm.nih.gov/geo/series/GSE114nnn/GSE114454/
GSE114453,Organoids derived from pancreatic adenocarcinoma patients share morphological and genetic features with the primary tumor [RNA-seq],25,TXT,2020/06/01,ftp://ftp.ncbi.nlm.nih.gov/geo/series/GSE114nnn/GSE114453/
GSE147971,Medium-throughput drug screening of patient-derived organoids from colorectal peritoneal metastases can be used to guide therapy,17,CSV,2020/05/31,ftp://ftp.ncbi.nlm.nih.gov/geo/series/GSE147nnn/GSE147971/
GSE131877,Retinal Organoids derived from AIPL1-LCA Patient iPSCs Maintain Retinal Cytoarchitecture under Reduced AIPL1 Levels,30,"TXT, XLSX",2020/05/28,ftp://ftp.ncbi.nlm.nih.gov/geo/series/GSE131nnn/GSE131877/
GSE151190,Neurodevelopmental Defects and Neurodegenerative Phenotypes in Human Brain Organoids Carrying Parkinson Disease-Linked DNAJC6 Mutations,8,TXT,2020/05/27,ftp://ftp.ncbi.nlm.nih.gov/geo/series/GSE151nnn/GSE151190/
GSE150819,Generation of human bronchial organoids for SARS-CoV-2 research,18,CSV,2020/05/26,ftp://ftp.ncbi.nlm.nih.gov/geo/series/GSE150nnn/GSE150819/
GSE127938,Transcriptome profiling of organoids from the human and murine gastrointestinal tract,41,TXT,2020/05/23,ftp://ftp.ncbi.nlm.nih.gov/geo/series/GSE127nnn/GSE127938/
GSE125232,A cancer stem cell hierarchy based on differential ribosomal RNA and protein synthesis capacities,49,CEL,2020/05/22,ftp://ftp.ncbi.nlm.nih.gov/geo/series/GSE125nnn/GSE125232/
GSE148996,Adaptable durable human endothelial cells for organogenesis and tumorigenesis,8,"MTX, TSV",2020/05/21,ftp://ftp.ncbi.nlm.nih.gov/geo/series/GSE148nnn/GSE148996/
GSE140458,Functional genomics of human colon organoids,9,,2020/05/19,ftp://ftp.ncbi.nlm.nih.gov/geo/series/GSE140nnn/GSE140458/
GSE140455,Functional genomics of human colon organoids (RNA-Seq),3,TXT,2020/05/19,ftp://ftp.ncbi.nlm.nih.gov/geo/series/GSE140nnn/GSE140455/
GSE131380,High-throughput propagation of human prostate tissue from induced-pluripotent stem cells.,7,TXT,2020/05/15,ftp://ftp.ncbi.nlm.nih.gov/geo/series/GSE131nnn/GSE131380/
GSE146799,Single cell and bulk RNA sequencing of Enteroendocrine cells from human hormone reporter organoids,28,CSV,2020/05/13,ftp://ftp.ncbi.nlm.nih.gov/geo/series/GSE146nnn/GSE146799/
GSE138002,scRNA-seq of the developing human retina,12,"CSV, MTX",2020/05/07,ftp://ftp.ncbi.nlm.nih.gov/geo/series/GSE138nnn/GSE138002/
GSE122970,Single-cell analysis of human retina identifies evolutionarily conserved and species-specific mechanisms controlling development,2,"MTX, TSV",2020/05/07,ftp://ftp.ncbi.nlm.nih.gov/geo/series/GSE122nnn/GSE122970/
GSE116106,Single-cell analysis of human retina identifies evolutionarily conserved and species-specific mechanisms controlling development,10,"MTX, TSV",2020/05/07,ftp://ftp.ncbi.nlm.nih.gov/geo/series/GSE116nnn/GSE116106/
GSE149312,Bulk RNA sequencing of SARS-CoV and SARS-CoV-2 infected human intestinal organoids,22,CSV,2020/05/01,ftp://ftp.ncbi.nlm.nih.gov/geo/series/GSE149nnn/GSE149312/
GSE142023,UTP18 as an oncogene promotes colorectal adenoma to carcinoma progression,2,XLSX,2020/05/01,ftp://ftp.ncbi.nlm.nih.gov/geo/series/GSE142nnn/GSE142023/
GSE133894,The Parkinson's disease associated mutation LRRK2-G2019S affects astrocyte specification,4,TXT,2020/05/01,ftp://ftp.ncbi.nlm.nih.gov/geo/series/GSE133nnn/GSE133894/
GSE149262,RNA-sequencing analysis of transcriptional changes in DLD-1 KRAS MUT and WT isogenic cells following IL-22 or IL-6 stimulation,36,CSV,2020/04/24,ftp://ftp.ncbi.nlm.nih.gov/geo/series/GSE149nnn/GSE149262/
GSE148937,"Targeted next generation sequencing of transcriptomes from human treatment-naïve patient-derived prostate tissues, organoids, and organoid-derived cells (unaffected and tumor counterparts)",16,TXT,2020/04/21,ftp://ftp.ncbi.nlm.nih.gov/geo/series/GSE148nnn/GSE148937/
GSE115031,Cardiac organoid model of human myocardial infarction (batch2),6,TXT,2020/04/14,ftp://ftp.ncbi.nlm.nih.gov/geo/series/GSE115nnn/GSE115031/
GSE113871,Cardiac organoid model of human myocardial infarction,6,TXT,2020/04/14,ftp://ftp.ncbi.nlm.nih.gov/geo/series/GSE113nnn/GSE113871/
GSE137877,An optimized platform to generate human cerebral organoids,17,"CSV, MTX, TSV",2020/04/11,ftp://ftp.ncbi.nlm.nih.gov/geo/series/GSE137nnn/GSE137877/
GSE148347,High-throughput automated organoid culture via stem-cell aggregation in microcavity arrays,4,CSV,2020/04/10,ftp://ftp.ncbi.nlm.nih.gov/geo/series/GSE148nnn/GSE148347/
GSE140490,Discovery of a selective inhibitor of Doublecortin Like Kinase 1,18,TXT,2020/04/06,ftp://ftp.ncbi.nlm.nih.gov/geo/series/GSE140nnn/GSE140490/
GSE147863,Single-cell RNA-seq of engineered healthy human kidney organoids,1,H5,2020/04/05,ftp://ftp.ncbi.nlm.nih.gov/geo/series/GSE147nnn/GSE147863/
GSE134497,Total RNA sequecing for human induced pluripotent derived cerebral organoids,22,TXT,2020/04/01,ftp://ftp.ncbi.nlm.nih.gov/geo/series/GSE134nnn/GSE134497/
GSE147735,Mechanism and Reversal of Nephrotoxicity on a Chip,8,TXT,2020/03/31,ftp://ftp.ncbi.nlm.nih.gov/geo/series/GSE147nnn/GSE147735/
GSE142116,5' droplet-based single cell RNA sequencing of human colorectal cancer and normal organoids,12,TXT,2020/03/31,ftp://ftp.ncbi.nlm.nih.gov/geo/series/GSE142nnn/GSE142116/
GSE147206,Hair-bearing human skin generated entirely from pluripotent stem cells,5,TAR,2020/03/25,ftp://ftp.ncbi.nlm.nih.gov/geo/series/GSE147nnn/GSE147206/
GSE145415,Modeling Human Cytomegalovirus-Induced Microcephaly in Human iPSC-derived Brain Organoids,2,TXT,2020/03/25,ftp://ftp.ncbi.nlm.nih.gov/geo/series/GSE145nnn/GSE145415/
GSE140270,α-Ketoglutarate attenuates Wnt signaling and drives differentiation in colorectal cancer,44,VCF,2020/03/23,ftp://ftp.ncbi.nlm.nih.gov/geo/series/GSE140nnn/GSE140270/
GSE124569,Synchrony and asynchrony between an epigenetic clock and developmental timing,81,"IDAT, TXT",2020/03/12,ftp://ftp.ncbi.nlm.nih.gov/geo/series/GSE124nnn/GSE124569/
GSE114502,Altered mRNA splicing by mutant p53 activates oncogenic RAS in pancreatic cancer,36,"H5, JSON, TSV",2020/03/12,ftp://ftp.ncbi.nlm.nih.gov/geo/series/GSE114nnn/GSE114502/
GSE145803,Transcriptional comparison of in vitro and in vivo generated human dendritic cells,16,CSV,2020/03/11,ftp://ftp.ncbi.nlm.nih.gov/geo/series/GSE145nnn/GSE145803/
GSE117911,Transcriptional profiling of human intestinal organoids following human norovirus infection,18,TXT,2020/03/06,ftp://ftp.ncbi.nlm.nih.gov/geo/series/GSE117nnn/GSE117911/
GSE137941,Sliced Human Cortical Organoids for Modeling Distinct Cortical Neuronal Layer Formation,1,TXT,2020/03/05,ftp://ftp.ncbi.nlm.nih.gov/geo/series/GSE137nnn/GSE137941/
GSE128365,Sequencing of metabolically labeled transcripts in single cells from RPE1-FUCCI cells and murine intestinal organoids.,80,"CSV, XLSX",2020/03/05,ftp://ftp.ncbi.nlm.nih.gov/geo/series/GSE128nnn/GSE128365/
GSE144601,Human iPSC-derived neurons and cerebral organoids establish differential effects of germline NF1 gene mutations,12,TXT,2020/03/03,ftp://ftp.ncbi.nlm.nih.gov/geo/series/GSE144nnn/GSE144601/
GSE134403,Construction of Human Primary Epidermal Organoids and Modeling of Dermatophyte Infection,4,TXT,2020/03/01,ftp://ftp.ncbi.nlm.nih.gov/geo/series/GSE134nnn/GSE134403/
GSE128717,Human Embryonic Stem Cell-derived Expandable Hepatic Organoids  Enable Pathophysiological Model of Alcoholic Liver Injury,14,TXT,2020/03/01,ftp://ftp.ncbi.nlm.nih.gov/geo/series/GSE128nnn/GSE128717/
GSE145085,Evaluation of cisplatin-induced injury in human kidney organoids,8,TXT,2020/02/29,ftp://ftp.ncbi.nlm.nih.gov/geo/series/GSE145nnn/GSE145085/
GSE142505,Ventral midbrain-type neural stem/precursor cells (VM-NSCs) derived from human midbrain organoids as a stable source for treating symptoms of Parkinson’s disease,11,TXT,2020/02/29,ftp://ftp.ncbi.nlm.nih.gov/geo/series/GSE142nnn/GSE142505/
GSE145308,Pooled CRISPR screens in human intestinal organoids [RNA-seq],24,TXT,2020/02/26,ftp://ftp.ncbi.nlm.nih.gov/geo/series/GSE145nnn/GSE145308/
GSE145185,Pooled CRISPR screens in human intestinal organoids,72,"NARROWPEAK, TXT",2020/02/25,ftp://ftp.ncbi.nlm.nih.gov/geo/series/GSE145nnn/GSE145185/
GSE126798,"Human liver organoids; a patient-derived primary model for HBV Infection, Replication and Related Hepatocellular Carcinoma",25,TXT,2020/02/20,ftp://ftp.ncbi.nlm.nih.gov/geo/series/GSE126nnn/GSE126798/
GSE145406,Control or KZFP KD hESC-derived organoids RNA-seqs,6,TXT,2020/02/18,ftp://ftp.ncbi.nlm.nih.gov/geo/series/GSE145nnn/GSE145406/
GSE145069,Differential gene expression and pathway analysis by RNA sequencing in human OPTN(E50K) retinal ganglion cells,8,TXT,2020/02/11,ftp://ftp.ncbi.nlm.nih.gov/geo/series/GSE145nnn/GSE145069/
GSE131434,Virus-induced apoptosis in human cerebral organoids occurs primarily in committed neurons and is associated with a limited interferon stimulated gene response,2,"MTX, TSV",2020/02/10,ftp://ftp.ncbi.nlm.nih.gov/geo/series/GSE131nnn/GSE131434/
GSE144737,Modelling of pancreatic cancer biology: transcriptomic signature for 3D PDX-derived organoids and primary cell line organoid development,16,XLSX,2020/02/05,ftp://ftp.ncbi.nlm.nih.gov/geo/series/GSE144nnn/GSE144737/
GSE144633,Tissue responses to Shiga toxin in human intestinal organoids,12,XLSX,2020/02/01,ftp://ftp.ncbi.nlm.nih.gov/geo/series/GSE144nnn/GSE144633/
GSE144192,Primate-restricted KRAB zinc finger proteins control gene expression in human brain,71,"BED, TXT",2020/01/24,ftp://ftp.ncbi.nlm.nih.gov/geo/series/GSE144nnn/GSE144192/
GSE135663,Single-Cell Transcriptomics of Genome-Edited Kidney Organoids,16,TSV,2020/01/24,ftp://ftp.ncbi.nlm.nih.gov/geo/series/GSE135nnn/GSE135663/
GSE144062,Ventral midbrain-type neural stem/precursor cells (VM-NSCs) derived from human midbrain organoids as a stable source for treating symptoms of Parkinson’s disease,2,"CSV, MTX, TSV",2020/01/23,ftp://ftp.ncbi.nlm.nih.gov/geo/series/GSE144nnn/GSE144062/
GSE128357,Self-organizing human trunk 3D neuromuscular organoids,3,"CSV, H5, TAR, TXT",2020/01/20,ftp://ftp.ncbi.nlm.nih.gov/geo/series/GSE128nnn/GSE128357/
GSE143669,Investigating cone photoreceptor development using patient-derived NRLnull retinal organoids,17,TXT,2020/01/15,ftp://ftp.ncbi.nlm.nih.gov/geo/series/GSE143nnn/GSE143669/
GSE143505,mRNA sequencing of human colorectal cancer organoids,8,TXT,2020/01/14,ftp://ftp.ncbi.nlm.nih.gov/geo/series/GSE143nnn/GSE143505/
GSE140405,Single cell RNA sequencing of day 6 and day 13 endodermal progenitors,2,H5,2020/01/13,ftp://ftp.ncbi.nlm.nih.gov/geo/series/GSE140nnn/GSE140405/
GSE128922,Digital gene expression of directed differenciation protocols,36,TXT,2020/01/13,ftp://ftp.ncbi.nlm.nih.gov/geo/series/GSE128nnn/GSE128922/
GSE142526,"Single cell transcriptomic comparison of human fetal retina, hPSC-derived retinal organoids, and long-term retinal cultures.",22,TAR,2020/01/10,ftp://ftp.ncbi.nlm.nih.gov/geo/series/GSE142nnn/GSE142526/
GSE135196,"Genome-wide transcriptome profiling of human duodenal organoids, Duodenum Intestine-Chip and adult duodenal tissue using RNA-seq.",6,"CSV, TXT",2020/01/06,ftp://ftp.ncbi.nlm.nih.gov/geo/series/GSE135nnn/GSE135196/
GSE142838,Differentiation of PSC into lung organoids with endogenous functional alveolar macrophages and blood vessels,1,TAR,2020/01/03,ftp://ftp.ncbi.nlm.nih.gov/geo/series/GSE142nnn/GSE142838/
GSE137420,Synapse alterations precede neuronal damage and storage pathology in a human cerebral organoid  model of CLN3-Juvenile Neuronal Ceroid Lipofuscinosis,12,FPKM_TRACKING,2020/01/03,ftp://ftp.ncbi.nlm.nih.gov/geo/series/GSE137nnn/GSE137420/
GSE140057,TGFβ superfamily signaling regulates the state of human stem cell pluripotency and competency to create telencephalic organoids,12,CSV,2020/01/01,ftp://ftp.ncbi.nlm.nih.gov/geo/series/GSE140nnn/GSE140057/
GSE134216,Cell-to-cell adhesion and neurogenesis in human cortical development: a study comparing 2D monolayers with 3D organoid cultures,33,TXT,2020/01/01,ftp://ftp.ncbi.nlm.nih.gov/geo/series/GSE134nnn/GSE134216/
GSE108726,Vascular organoids differentiation from human induced pluripotent stem cells (iPSC),6,TXT,2020/01/01,ftp://ftp.ncbi.nlm.nih.gov/geo/series/GSE108nnn/GSE108726/
GSE109814,Expression data and SNP data of Familial adenomatous polyposis (FAP) organoids,48,"CEL, CHP",2019/12/31,ftp://ftp.ncbi.nlm.nih.gov/geo/series/GSE109nnn/GSE109814/
GSE141947,Glioblastoma Tumors and GBOs,134,,2019/12/26,ftp://ftp.ncbi.nlm.nih.gov/geo/series/GSE141nnn/GSE141947/
GSE141946,Single Cell RNA-seq of Glioblastoma Tumors and GBOs,12,"CSV, TXT",2019/12/26,ftp://ftp.ncbi.nlm.nih.gov/geo/series/GSE141nnn/GSE141946/
GSE141945,RNA-seq of Glioblastoma Tumors and GBOs,85,CSV,2019/12/26,ftp://ftp.ncbi.nlm.nih.gov/geo/series/GSE141nnn/GSE141945/
GSE123498,Large-scale Production of Human Liver Organoids with Improved Hepatocyte Differentiation,21,TXT,2019/12/26,ftp://ftp.ncbi.nlm.nih.gov/geo/series/GSE123nnn/GSE123498/
GSE129104,Transcriptome-based molecular staging of human stem cell-derived retinal organoids uncovers accelerated photoreceptor differentiation by 9-cis retinal,90,"TXT, XLSX",2019/12/17,ftp://ftp.ncbi.nlm.nih.gov/geo/series/GSE129nnn/GSE129104/
GSE131640,BRCA1 mutation influences progesterone response in human  benign mammary organoids.,24,TXT,2019/12/10,ftp://ftp.ncbi.nlm.nih.gov/geo/series/GSE131nnn/GSE131640/
GSE133036,AQP5-Expressing Cells Serve as Stem Cells and Cancer Origins in the Distal Stomach,16,TXT,2019/12/09,ftp://ftp.ncbi.nlm.nih.gov/geo/series/GSE133nnn/GSE133036/
GSE141531,Transcriptomic comparison of 3D retinal organoids derived from retinitis pigmentosa patient harboring PDE6B mutation and non-phenotype control,10,TXT,2019/12/06,ftp://ftp.ncbi.nlm.nih.gov/geo/series/GSE141nnn/GSE141531/
GSE133075,TRPS1 acts as a context-dependent regulator of mammary epithelial cell growth/differentiation and breast cancer development,43,BED,2019/12/05,ftp://ftp.ncbi.nlm.nih.gov/geo/series/GSE133nnn/GSE133075/
GSE128328,Gene expression profile in endometrial organoids cultured in normal follicular phase vs PCOS-like hormone profile,8,TXT,2019/12/01,ftp://ftp.ncbi.nlm.nih.gov/geo/series/GSE128nnn/GSE128328/
GSE119004,Establishment and disease modeling of non-small cell lung cancer organoids,23,CSV,2019/11/26,ftp://ftp.ncbi.nlm.nih.gov/geo/series/GSE119nnn/GSE119004/
GSE140843,Total RNA sequencing for human induced pluripotent derived cerebral organoids [controls only],19,TXT,2019/11/23,ftp://ftp.ncbi.nlm.nih.gov/geo/series/GSE140nnn/GSE140843/
GSE124173,RAG1+ multipotent progenitors emerge directly from hemogenic endothelium of human PSC derived haemopoietic organoids [bulk RNA-seq],58,"FASTA, GTF, TXT",2019/11/19,ftp://ftp.ncbi.nlm.nih.gov/geo/series/GSE124nnn/GSE124173/
GSE124172,RAG1+ multipotent progenitors emerge directly from hemogenic endothelium of human PSC derived haemopoietic organoids [single cell RNA-Seq],2,"MTX, TSV",2019/11/19,ftp://ftp.ncbi.nlm.nih.gov/geo/series/GSE124nnn/GSE124172/
GSE138611,Extracellular matrix hydrogel derived from decellularized tissues enables endoderm organoids culture,20,CSV,2019/11/05,ftp://ftp.ncbi.nlm.nih.gov/geo/series/GSE138nnn/GSE138611/
GSE135108,Extracellular matrix hydrogel derived from decellularized tissues enables endoderm organoids culture,8,TXT,2019/11/05,ftp://ftp.ncbi.nlm.nih.gov/geo/series/GSE135nnn/GSE135108/
GSE136314,Kidney organoid reproducibility across multiple human iPSC lines and diminished off target cells after transplantation revealed by single cell transcriptomics,9,"MTX, TSV",2019/11/04,ftp://ftp.ncbi.nlm.nih.gov/geo/series/GSE136nnn/GSE136314/
GSE106858,A MYC/GCN2/eIF2alpha negative feedback loop limits protein synthesis to prevent MYC-dependent apoptosis in colorectal cancer,42,TXT,2019/11/04,ftp://ftp.ncbi.nlm.nih.gov/geo/series/GSE106nnn/GSE106858/
GSE139382,scRNA-seq reveals development of a broad spectrum of cell types in human iPSC derived hepatic organoids (HOs) and defines biomarkers in iPSC to liver lineage differentiation stages,569,CSV,2019/10/26,ftp://ftp.ncbi.nlm.nih.gov/geo/series/GSE139nnn/GSE139382/
GSE138549,Whole transcriptome analysis of iPSC derived hepatic organoids cultures,9,CSV,2019/10/09,ftp://ftp.ncbi.nlm.nih.gov/geo/series/GSE138nnn/GSE138549/
GSE121830,"RNA-sequencing with micro-dissected boundary organoid into anterior, posterior, and boundary regions",15,"TXT, XLS",2019/10/04,ftp://ftp.ncbi.nlm.nih.gov/geo/series/GSE121nnn/GSE121830/
GSE120190,Transcriptome analyses of iPSC-derived neural stem/progenitor cells and cerebral organoids from monozygotic twins discordant for schizoaffective bipolar disorder,8,TXT,2019/09/30,ftp://ftp.ncbi.nlm.nih.gov/geo/series/GSE120nnn/GSE120190/
GSE104675,Role for the Transcriptional Activator ZRF1 in Breast Cancer Progression and Endocrine Resistance,6,TSV,2019/09/24,ftp://ftp.ncbi.nlm.nih.gov/geo/series/GSE104nnn/GSE104675/
GSE137775,CREB5 promotes resistance to androgen-receptor antagonists and androgen deprivation in prostate cancer,28,"BW, CSV",2019/09/21,ftp://ftp.ncbi.nlm.nih.gov/geo/series/GSE137nnn/GSE137775/
GSE134049,Development of human brain organoids with functional vascular-like system,2,"MTX, TSV",2019/09/19,ftp://ftp.ncbi.nlm.nih.gov/geo/series/GSE134nnn/GSE134049/
GSE137071,Post-transcriptional gene regulation by microRNA-194 promotes neuroendocrine transdifferentiation in prostate cancer,6,"BIGWIG, XLSX",2019/09/09,ftp://ftp.ncbi.nlm.nih.gov/geo/series/GSE137nnn/GSE137071/
GSE137070,Post-transcriptional gene regulation by microRNA-194 promotes neuroendocrine transdifferentiation in prostate cancer,8,XLSX,2019/09/09,ftp://ftp.ncbi.nlm.nih.gov/geo/series/GSE137nnn/GSE137070/
GSE136795,Self-renewing Endometrial Epithelial Organoids of the Human Uterus [bulk RNA-seq data],24,TXT,2019/09/04,ftp://ftp.ncbi.nlm.nih.gov/geo/series/GSE136nnn/GSE136795/
GSE120145,"Robust, long-term culture of endoderm derived hepatic organoids (eHEPOs) for disease modeling",24,CSV,2019/09/01,ftp://ftp.ncbi.nlm.nih.gov/geo/series/GSE120nnn/GSE120145/
GSE117306,N-Myc-mediated epigenetic reprogramming drives lineage plasticity in advanced prostate cancer,92,BEDGRAPH,2019/08/26,ftp://ftp.ncbi.nlm.nih.gov/geo/series/GSE117nnn/GSE117306/
GSE117305,N-Myc-mediated epigenetic reprogramming drives lineage plasticity in advanced prostate cancer [RNA-seq],38,TXT,2019/08/26,ftp://ftp.ncbi.nlm.nih.gov/geo/series/GSE117nnn/GSE117305/
GSE122783,Single-cell RNA-seq reveals the molecular progression of retinal progenitors in human embryonic stem cell models of early retinogenesis ,451,TXT,2019/08/22,ftp://ftp.ncbi.nlm.nih.gov/geo/series/GSE122nnn/GSE122783/
GSE116015,Organoid-induced differentiation of conventional T cells from human pluripotent stem cells,32,TXT,2019/08/20,ftp://ftp.ncbi.nlm.nih.gov/geo/series/GSE116nnn/GSE116015/
GSE113909,Myoepithelial cell perturbations in BRCA mutation carriers and in DCIS (ductal carcinoma in situ),54,"BED, NARROWPEAK, TSV",2019/08/20,ftp://ftp.ncbi.nlm.nih.gov/geo/series/GSE113nnn/GSE113909/
GSE135634,Analysis of the Clustered Protocadherin (cPcdh) Locus in Human Pluripotent Stem and Derived Cells [scRNA-seq],153,BEDGRAPH,2019/08/12,ftp://ftp.ncbi.nlm.nih.gov/geo/series/GSE135nnn/GSE135634/
GSE135633,Analysis of the Clustered Protocadherin (cPcdh) Locus in Human Pluripotent Stem and Derived Cells [RNA-seq II our of II],7,BEDGRAPH,2019/08/12,ftp://ftp.ncbi.nlm.nih.gov/geo/series/GSE135nnn/GSE135633/
GSE106871,Analysis of the Clustered Protocadherin (cPcdh) Locus in Human Pluripotent Stem and Derived Cells (RNA-seq I out of II),24,BEDGRAPH,2019/08/02,ftp://ftp.ncbi.nlm.nih.gov/geo/series/GSE106nnn/GSE106871/
GSE130075,scRNA-Seq of iPS cells derived multicellular human liver organoids; RNA-Seq of multicellular human liver organoids derived from 3 different iPS cells,5,"CLOUPE, MTX, TSV, TXT",2019/07/31,ftp://ftp.ncbi.nlm.nih.gov/geo/series/GSE130nnn/GSE130075/
GSE130074,RNA-sequencing of multicellular human liver organoids derived from 3 different iPS cells,4,TXT,2019/07/31,ftp://ftp.ncbi.nlm.nih.gov/geo/series/GSE130nnn/GSE130074/
GSE130073,Single cell RNA-sequencing of iPS cells derived multicellular human liver organoids,1,"CLOUPE, MTX, TSV",2019/07/31,ftp://ftp.ncbi.nlm.nih.gov/geo/series/GSE130nnn/GSE130073/
GSE106872,Analysis of the Clustered Protocadherin (cPcdh) Locus in Human Pluripotent Stem and Derived Cells,341,BEDGRAPH,2019/07/29,ftp://ftp.ncbi.nlm.nih.gov/geo/series/GSE106nnn/GSE106872/
GSE100785,RNA-Seq on the effect of VitaminD on colonic and tumor organoids,24,"CSV, XLS",2019/07/21,ftp://ftp.ncbi.nlm.nih.gov/geo/series/GSE100nnn/GSE100785/
GSE117431,Loss of CHD1 facilitates oncogenic hijacking of AR during cancer progression,40,TXT,2019/07/18,ftp://ftp.ncbi.nlm.nih.gov/geo/series/GSE117nnn/GSE117431/
GSE117429,Loss of CHD1 facilitates oncogenic hijacking of AR during cancer progression [RNA-seq],24,TXT,2019/07/18,ftp://ftp.ncbi.nlm.nih.gov/geo/series/GSE117nnn/GSE117429/
GSE130318,Single cell analysis of Monolayer and Organoid Primary Prostate Human Epithelial Cells Derived from the same patient,2,"MTX, TSV",2019/07/11,ftp://ftp.ncbi.nlm.nih.gov/geo/series/GSE130nnn/GSE130318/
GSE121999,Genome-wide expression analysis of EPCAM+ epithelial cells from 3-dimensional lung organoids harboring Hermansky-Pudlak Syndrome-associated mutations,12,TXT,2019/06/25,ftp://ftp.ncbi.nlm.nih.gov/geo/series/GSE121nnn/GSE121999/
GSE127344,Transcriptomic profile of human embryonic renal corpuscles,10,XLSX,2019/06/19,ftp://ftp.ncbi.nlm.nih.gov/geo/series/GSE127nnn/GSE127344/
GSE124472,Single Cell RNA-Seq profiling of human embryonic kidney outer and inner cortical cells and kidney organoid cells,8,TAR,2019/06/19,ftp://ftp.ncbi.nlm.nih.gov/geo/series/GSE124nnn/GSE124472/
GSE124392,In vivo developmental trajectories of human podocyte development inform in vitro differentiation of pluripotent stem-cell derived podocytes,31,TXT,2019/06/19,ftp://ftp.ncbi.nlm.nih.gov/geo/series/GSE124nnn/GSE124392/
GSE124395,A Human Liver Cell Atlas reveals Heterogeneity and Epithelial Progenitors ,319,"CSV, RDATA, TXT",2019/06/18,ftp://ftp.ncbi.nlm.nih.gov/geo/series/GSE124nnn/GSE124395/
GSE132672,Comparison of Cortical Organoids to Human Cortex Identifies Cellular Identity and Maturation Differences,37,TXT,2019/06/14,ftp://ftp.ncbi.nlm.nih.gov/geo/series/GSE132nnn/GSE132672/
GSE129519,Brain organoids reproducibly generate the cellular diversity of the human cerebral cortex,21,TXT,2019/06/05,ftp://ftp.ncbi.nlm.nih.gov/geo/series/GSE129nnn/GSE129519/
GSE118928,"Transcriptional profiling of healthy, eutopic and ectopic endometrial organoids",15,XLSX,2019/06/05,ftp://ftp.ncbi.nlm.nih.gov/geo/series/GSE118nnn/GSE118928/
GSE129180,ZIKV infection strongly induces antiviral immune responses in human NPCs,23,TXT,2019/06/04,ftp://ftp.ncbi.nlm.nih.gov/geo/series/GSE129nnn/GSE129180/
GSE132026,Generating Patterned Kidney Organoids for Studying Development and Diseases,17,,2019/06/01,ftp://ftp.ncbi.nlm.nih.gov/geo/series/GSE132nnn/GSE132026/
GSE132023,Generating Patterned Kidney Organoids for Studying Development and Diseases [scRNA-Seq],5,TXT,2019/06/01,ftp://ftp.ncbi.nlm.nih.gov/geo/series/GSE132nnn/GSE132023/
GSE131841,Generating Patterned Kidney Organoids for Studying Development and Diseases [bulk RNA-Seq],12,TXT,2019/05/29,ftp://ftp.ncbi.nlm.nih.gov/geo/series/GSE131nnn/GSE131841/
GSE113492,Human gut derived-organoids as model to study gluten response and effects of microbiota bioproducts in celiac disease,6,TXT,2019/05/29,ftp://ftp.ncbi.nlm.nih.gov/geo/series/GSE113nnn/GSE113492/
GSE129457,"RNA sequencing, chromatin accesibility and ChIP seq analysis of BAP1 -/- human liver organoids",20,"CSV, TXT",2019/05/22,ftp://ftp.ncbi.nlm.nih.gov/geo/series/GSE129nnn/GSE129457/
GSE115853,Organoids derived from directly reprogrammed human hepatocytes for modeling liver cancer initiation,13,TXT,2019/05/20,ftp://ftp.ncbi.nlm.nih.gov/geo/series/GSE115nnn/GSE115853/
GSE130238,Nested oscillatory dynamics in cortical organoids model early human brain network development,4,"MTX, TSV",2019/04/25,ftp://ftp.ncbi.nlm.nih.gov/geo/series/GSE130nnn/GSE130238/
GSE119343,"Generation, transcriptome profiling, and functional validation of single cells from cone-enriched human retinal organoids",1346,TXT,2019/04/25,ftp://ftp.ncbi.nlm.nih.gov/geo/series/GSE119nnn/GSE119343/
GSE119274,"Generation, transcriptome profiling, and functional validation of cone-enriched human retinal organoids",15,TXT,2019/04/25,ftp://ftp.ncbi.nlm.nih.gov/geo/series/GSE119nnn/GSE119274/
GSE129804,ETV4 is necessary for estrogen signaling and growth in endometrial cancer cells [RNA-seq],6,TXT,2019/04/23,ftp://ftp.ncbi.nlm.nih.gov/geo/series/GSE129nnn/GSE129804/
GSE114574,Quiescent glioblastoma cells shift to an epithelial-mesenchymal transition-like gene program,12,"CSV, TXT",2019/04/22,ftp://ftp.ncbi.nlm.nih.gov/geo/series/GSE114nnn/GSE114574/
GSE112507,Single cell RNA-seq of CRX+ cells obtained at day 90 of retinal organoid differentiation,96,TXT,2019/04/01,ftp://ftp.ncbi.nlm.nih.gov/geo/series/GSE112nnn/GSE112507/
GSE111853,Screening in Human Cardiac Organoids Identifies a Requirement for the Mevalonate Pathway in Cardiomyocyte Proliferation,14,XLS,2019/03/20,ftp://ftp.ncbi.nlm.nih.gov/geo/series/GSE111nnn/GSE111853/
GSE119561,Fate-mapping within human iPSC-derived kidney organoids reveals conserved mammalian nephron progenitor lineage relationships.,2,"MTX, TSV",2019/03/12,ftp://ftp.ncbi.nlm.nih.gov/geo/series/GSE119nnn/GSE119561/
GSE124031,Altered migratory trajectories in cerebral organoids derived from individuals with neuronal heterotopia,807,"CSV, MTX, TSV, TXT",2019/03/06,ftp://ftp.ncbi.nlm.nih.gov/geo/series/GSE124nnn/GSE124031/
GSE117211,Kidney micro-organoids generated in suspension culture,1,"MTX, TSV",2019/03/01,ftp://ftp.ncbi.nlm.nih.gov/geo/series/GSE117nnn/GSE117211/
GSE124174,Single cell RNA-sequencing of 75-day old human H1 and H9 embryonic stem cell-derived cerebral organoids,3,TXT,2019/02/28,ftp://ftp.ncbi.nlm.nih.gov/geo/series/GSE124nnn/GSE124174/
GSE115314,"The lineage-specific transcriptional regulator, CDX2, navigates a dynamic chromatin landscape to control distinct stages of intestinal development",21,"BW, TXT",2019/02/18,ftp://ftp.ncbi.nlm.nih.gov/geo/series/GSE115nnn/GSE115314/
GSE108116,UTX and 53BP1 co-regulate genetic programs for neural differentiation of human embryonic stem cells,67,"BED, TXT",2019/02/15,ftp://ftp.ncbi.nlm.nih.gov/geo/series/GSE108nnn/GSE108116/
GSE108115,UTX and 53BP1 co-regulate genetic programs for neural differentiation of human embryonic stem cells [RNA-seq],27,TXT,2019/02/15,ftp://ftp.ncbi.nlm.nih.gov/geo/series/GSE108nnn/GSE108115/
GSE125578,Human colon organoids reveal distinct physiologic and oncogenic Wnt responses II,30,CSV,2019/02/11,ftp://ftp.ncbi.nlm.nih.gov/geo/series/GSE125nnn/GSE125578/
GSE125472,Human colon organoids reveal distinct physiologic and oncogenic Wnt responses,12,TXT,2019/02/11,ftp://ftp.ncbi.nlm.nih.gov/geo/series/GSE125nnn/GSE125472/
GSE124299,Establishing Cerebral Organoids as Models of Human-Specific Brain Evolution,3096,"TXT, XLSX",2019/02/07,ftp://ftp.ncbi.nlm.nih.gov/geo/series/GSE124nnn/GSE124299/
GSE115986,Single-cell analysis of human kidney organoids,8,TXT,2019/02/05,ftp://ftp.ncbi.nlm.nih.gov/geo/series/GSE115nnn/GSE115986/
GSE117589,REST and Neural Gene Network Dysregulation in iPS Cell Models of Alzheimer’s Disease,37,CEL,2019/01/29,ftp://ftp.ncbi.nlm.nih.gov/geo/series/GSE117nnn/GSE117589/
GSE117588,REST and Neural Gene Network Dysregulation in iPS Cell Models of Alzheimer’s Disease (RNA-seq data set),6,TSV,2019/01/29,ftp://ftp.ncbi.nlm.nih.gov/geo/series/GSE117nnn/GSE117588/
GSE108854,Expansion of adult human pancreatic tissue yields organoids harbouring progenitor cells with endocrine differentiation potential,18,XLSX,2019/01/08,ftp://ftp.ncbi.nlm.nih.gov/geo/series/GSE108nnn/GSE108854/
GSE124513,Reversing Abnormal Neural Development by Inhibiting OLIG2 in Down Syndrome Human iPSC Brain Organoids and Neuronal Mouse Chimeras,6,XLSX,2019/01/01,ftp://ftp.ncbi.nlm.nih.gov/geo/series/GSE124nnn/GSE124513/
GSE122342,Fusion of Human Brain Organoids Assembles Bidirectional Connectivity Between Thalamus and Cortex,2,"MTX, TSV, TXT",2018/12/20,ftp://ftp.ncbi.nlm.nih.gov/geo/series/GSE122nnn/GSE122342/
GSE108351,Derivation of kidney organoids from human pluripotent stem cells,22,,2018/12/20,ftp://ftp.ncbi.nlm.nih.gov/geo/series/GSE108nnn/GSE108351/
GSE108350,Derivation of kidney organoids from human pluripotent stem cells [RNA-Seq: Data Set 2],12,CSV,2018/12/20,ftp://ftp.ncbi.nlm.nih.gov/geo/series/GSE108nnn/GSE108350/
GSE108349,Derivation of kidney organoids from human pluripotent stem cells [RNA-Seq: Data Set 1],10,CSV,2018/12/20,ftp://ftp.ncbi.nlm.nih.gov/geo/series/GSE108nnn/GSE108349/
GSE107795,Transcriptome analysis of kidney organoids,6,TXT,2018/12/20,ftp://ftp.ncbi.nlm.nih.gov/geo/series/GSE107nnn/GSE107795/
GSE107794,Single cell RNA sequencing of kidney tubuloids and the tissue that the tubuloids were derived from,4,TXT,2018/12/20,ftp://ftp.ncbi.nlm.nih.gov/geo/series/GSE107nnn/GSE107794/
GSE107793,Bulk RNA sequencing of kidney tubuloids and the tissue that the tubuloids were derived from,2,TXT,2018/12/20,ftp://ftp.ncbi.nlm.nih.gov/geo/series/GSE107nnn/GSE107793/
GSE119893,Deconstructing Retinal Organoids: single cell RNA-Seq reveals the cellular components of human pluripotent stem cell-derived retina,79,CSV,2018/12/19,ftp://ftp.ncbi.nlm.nih.gov/geo/series/GSE119nnn/GSE119893/
GSE111360,Organoid modeling of the tumor immune microenvironment,35,"CSV, MTX, TSV, TXT",2018/12/13,ftp://ftp.ncbi.nlm.nih.gov/geo/series/GSE111nnn/GSE111360/
GSE114802,Single cell RNA-Seq of four human kidney organoids,4,"CSV, MTX, TSV",2018/12/07,ftp://ftp.ncbi.nlm.nih.gov/geo/series/GSE114nnn/GSE114802/
GSE119969,3' droplet-based single cell RNA sequencing of a human small intestinal tissue and human small intestinal organoids,3,TXT,2018/12/06,ftp://ftp.ncbi.nlm.nih.gov/geo/series/GSE119nnn/GSE119969/
GSE111992,Human iPSC-derived glomeruli provide an advanced model to interrogate podocyte biology and accurately recapitulate podocytopathy,15,TXT,2018/12/04,ftp://ftp.ncbi.nlm.nih.gov/geo/series/GSE111nnn/GSE111992/
GSE99583,Human iPSC derived glomeruli facilitate accurate modelling of podocytopathy,9,TXT,2018/12/04,ftp://ftp.ncbi.nlm.nih.gov/geo/series/GSE99nnn/GSE99583/
GSE111301,"mRNA sequencing of the mouse and human Hep-Orgs, Chol-Orgs and primary hepatocytes",29,"CSV, TSV, TXT",2018/11/29,ftp://ftp.ncbi.nlm.nih.gov/geo/series/GSE111nnn/GSE111301/
GSE122729,Robust generation of honemogeneous midbrain organoids with in vivo–like cellular composition facilitates neurotoxin-based Parkinson’s disease modeling,11,TXT,2018/11/21,ftp://ftp.ncbi.nlm.nih.gov/geo/series/GSE122nnn/GSE122729/
GSE115463,TP63-mediated enhancer reprogramming drives the squamous subtype of pancreatic ductal adenocarcinoma,92,BIGWIG,2018/11/13,ftp://ftp.ncbi.nlm.nih.gov/geo/series/GSE115nnn/GSE115463/
GSE115462,TP63-mediated enhancer reprogramming drives the squamous subtype of pancreatic ductal adenocarcinoma (RNA-seq),42,TXT,2018/11/13,ftp://ftp.ncbi.nlm.nih.gov/geo/series/GSE115nnn/GSE115462/
GSE75711,Generation of nephronal cells from human pluripotent stem cells via renal-vesicle formation,24,TXT,2018/11/08,ftp://ftp.ncbi.nlm.nih.gov/geo/series/GSE75nnn/GSE75711/
GSE117469,Profiling of vascular organoid endothelial cells and pericytes from iPS cells,33,TXT,2018/10/31,ftp://ftp.ncbi.nlm.nih.gov/geo/series/GSE117nnn/GSE117469/
GSE107305,Gene expression profiling of human iPSC kidney organoid-derived epithelium,3,TXT,2018/10/31,ftp://ftp.ncbi.nlm.nih.gov/geo/series/GSE107nnn/GSE107305/
GSE99582,Gene expression profiling of human iPSC kidney organoid-derived proximal tubules,3,TXT,2018/10/31,ftp://ftp.ncbi.nlm.nih.gov/geo/series/GSE99nnn/GSE99582/
GSE99469,"RNA-Seq profiling of days 0, 7 and 18 kidney organoids differentiated from three separate vials of starting material",12,TXT,2018/10/31,ftp://ftp.ncbi.nlm.nih.gov/geo/series/GSE99nnn/GSE99469/
GSE99468,RNA-Seq profiling of day 7 and day 18 kidney organoids differentiated in two batches,10,TXT,2018/10/31,ftp://ftp.ncbi.nlm.nih.gov/geo/series/GSE99nnn/GSE99468/
GSE89044,Understanding the reproducibility and robustness of the kidney organoid differentiation protocol using RNA-seq,10,TXT,2018/10/31,ftp://ftp.ncbi.nlm.nih.gov/geo/series/GSE89nnn/GSE89044/
GSE88942,RNA-Seq from early time points in the kidney differentiation protocol,6,TXT,2018/10/31,ftp://ftp.ncbi.nlm.nih.gov/geo/series/GSE88nnn/GSE88942/
GSE106311,"Human Sandhoff Disease Cerebral Organoids Exhibit Enlarged Size, Increased Cellular Proliferation, and Impaired Differentiation",16,TXT,2018/10/30,ftp://ftp.ncbi.nlm.nih.gov/geo/series/GSE106nnn/GSE106311/
GSE120710,A three-dimensional organoid model recapitulates tumorigenic aspects and drug responses of advanced human retinoblastoma,3,TSV,2018/10/23,ftp://ftp.ncbi.nlm.nih.gov/geo/series/GSE120nnn/GSE120710/
GSE102335,Microglia innatly develop within cerebral organoids,16,TXT,2018/10/22,ftp://ftp.ncbi.nlm.nih.gov/geo/series/GSE102nnn/GSE102335/
GSE101531,RNA seq analysis of human Fetal and adult derived Enterospheres,9,TXT,2018/10/17,ftp://ftp.ncbi.nlm.nih.gov/geo/series/GSE101nnn/GSE101531/
GSE118184,Comparative analysis of kidney organoid and adult human kidney single cell and single nucleus transcriptomes,25,TXT,2018/10/13,ftp://ftp.ncbi.nlm.nih.gov/geo/series/GSE118nnn/GSE118184/
GSE119320,Thyroid hormone signaling specifies cone subtypes in human retinal organoids,31,XLSX,2018/10/12,ftp://ftp.ncbi.nlm.nih.gov/geo/series/GSE119nnn/GSE119320/
GSE120702,"CRISPR activation of long non-coding RNAs transiently expressed during cortical neuron differentiation associated with Field, et al, Stem Cell Reports 2018",15,TXT,2018/10/04,ftp://ftp.ncbi.nlm.nih.gov/geo/series/GSE120nnn/GSE120702/
GSE118923,ATO treatment on mesenchymal stem cells (MSCs) interacting breast cancer cells,6,"CSV, RDATA",2018/10/01,ftp://ftp.ncbi.nlm.nih.gov/geo/series/GSE118nnn/GSE118923/
GSE116797,Untreated vs. QR-110 treated retinal organoids,4,CSV,2018/10/01,ftp://ftp.ncbi.nlm.nih.gov/geo/series/GSE116nnn/GSE116797/
GSE113089,Spontaneous functional network activity in organoids resembles programmed early human brain development,2,"CSV, HTML",2018/10/01,ftp://ftp.ncbi.nlm.nih.gov/geo/series/GSE113nnn/GSE113089/
GSE110656,Binding of TMPRSS2-ERG to BAF Chromatin Remodeling Complexes Mediates Prostate Oncogenesis. [RNA-seq],24,TXT,2018/08/02,ftp://ftp.ncbi.nlm.nih.gov/geo/series/GSE110nnn/GSE110656/
GSE109976,Human cytotrophoblast organoids,12,TXT,2018/08/02,ftp://ftp.ncbi.nlm.nih.gov/geo/series/GSE109nnn/GSE109976/
GSE89475,Endothelial cells derived from iPSC in response to diabetic medium,4,TXT,2018/08/01,ftp://ftp.ncbi.nlm.nih.gov/geo/series/GSE89nnn/GSE89475/
GSE110006,Induction of Myelinating Oligodendrocytes in Human Cortical Spheroids,3,"FPKM_TRACKING, MTX, TSV, XLSX",2018/07/30,ftp://ftp.ncbi.nlm.nih.gov/geo/series/GSE110nnn/GSE110006/
GSE102746,Transcriptome-analysis of patient-derived normal and ulcerative colitis intestinal epithelial organoids,20,TXT,2018/07/15,ftp://ftp.ncbi.nlm.nih.gov/geo/series/GSE102nnn/GSE102746/
GSE116936,Transcriptome profiling of intestinal organoids stimulated with TNF and PGE2,12,TXT,2018/07/12,ftp://ftp.ncbi.nlm.nih.gov/geo/series/GSE116nnn/GSE116936/
GSE112886,Generation of esophageal organoids from human pluripotent stem cells and their use to study human development,18,XLSX,2018/07/01,ftp://ftp.ncbi.nlm.nih.gov/geo/series/GSE112nnn/GSE112886/
GSE112830,Neuroendocrine prostate cancer models,12,TXT,2018/06/22,ftp://ftp.ncbi.nlm.nih.gov/geo/series/GSE112nnn/GSE112830/
GSE112786,Molecular characterization of neuroendocrine prostate cancer organoids and PDOX by RNA-seq,9,TXT,2018/06/22,ftp://ftp.ncbi.nlm.nih.gov/geo/series/GSE112nnn/GSE112786/
GSE115867,The ESCRT-III protein CHMP1A mediates secretion of sonic hedgehog on a novel class of extracellular vesicles,16,TXT,2018/06/16,ftp://ftp.ncbi.nlm.nih.gov/geo/series/GSE115nnn/GSE115867/
GSE115112,Estrogen responsive transcriptome of estrogen receptor positive normal human breast cells in 3D cultures,39,"CSV, GTF",2018/06/15,ftp://ftp.ncbi.nlm.nih.gov/geo/series/GSE115nnn/GSE115112/
GSE113931,High-resolution comparative analysis of great ape genomes,117,TXT,2018/06/12,ftp://ftp.ncbi.nlm.nih.gov/geo/series/GSE113nnn/GSE113931/
GSE106245,"Human embryonic stem cell, chimpanzee induced pluripotent stem cell, orangutan induced pluripotent stem cell, rhesus embryonic stem cell, and their derived cortical organoid RNA-seq",55,"GTF, TAR, TSV, TXT",2018/05/31,ftp://ftp.ncbi.nlm.nih.gov/geo/series/GSE106nnn/GSE106245/
GSE110611,Targeted mutagenesis recapitulates brain tumor initiation in cerebral organoids,62,TSV,2018/05/30,ftp://ftp.ncbi.nlm.nih.gov/geo/series/GSE110nnn/GSE110611/
GSE110610,Targeted mutagenesis recapitulates brain tumor initiation in cerebral organoids (RNA-seq data set: 130d),36,TSV,2018/05/30,ftp://ftp.ncbi.nlm.nih.gov/geo/series/GSE110nnn/GSE110610/
GSE101577,Targeted mutagenesis recapitulates brain tumor initiation in cerebral organoids (RNA-seq data set: 45d),26,XLSX,2018/05/30,ftp://ftp.ncbi.nlm.nih.gov/geo/series/GSE101nnn/GSE101577/
GSE109718,Enhancing human kidney organoid differentiation from pluripotent stem cells with high-throughput automation,6,TXT,2018/05/17,ftp://ftp.ncbi.nlm.nih.gov/geo/series/GSE109nnn/GSE109718/
GSE113743,Establishment and characterization of prostate cancer organoids,20,TXT,2018/05/10,ftp://ftp.ncbi.nlm.nih.gov/geo/series/GSE113nnn/GSE113743/
GSE113741,Establishment and characterization of prostate cancer organoids [RNA-seq],8,TXT,2018/05/10,ftp://ftp.ncbi.nlm.nih.gov/geo/series/GSE113nnn/GSE113741/
GSE107230,Patient-iPSC-derived kidney organoids show functional validation of a ciliopathic renal phenotype,6,TXT,2018/04/26,ftp://ftp.ncbi.nlm.nih.gov/geo/series/GSE107nnn/GSE107230/
GSE109982,Molecular signature of human cerebral organoids glioma model,8,XLSX,2018/04/25,ftp://ftp.ncbi.nlm.nih.gov/geo/series/GSE109nnn/GSE109982/
GSE113198,Single Cell RNA sequencing of Adult Human Breast Epithelial Cells [C1_Individual_3],325,TXT,2018/04/17,ftp://ftp.ncbi.nlm.nih.gov/geo/series/GSE113nnn/GSE113198/
GSE113197,Single Cell RNA sequencing of Adult Human Breast Epithelial Cells,871,TXT,2018/04/17,ftp://ftp.ncbi.nlm.nih.gov/geo/series/GSE113nnn/GSE113197/
GSE113196,Single Cell RNA sequencing of Adult Human Breast Epithelial Cells [Individual 4..7],4,TXT,2018/04/17,ftp://ftp.ncbi.nlm.nih.gov/geo/series/GSE113nnn/GSE113196/
GSE113127,Single Cell RNA sequencing of Adult Human Breast Epithelial Cells [C1_Individual_2],246,TXT,2018/04/17,ftp://ftp.ncbi.nlm.nih.gov/geo/series/GSE113nnn/GSE113127/
GSE113099,Single Cell RNA sequencing of Adult Human Breast Epithelial Cells [C1_Individual_1],296,TXT,2018/04/17,ftp://ftp.ncbi.nlm.nih.gov/geo/series/GSE113nnn/GSE113099/
GSE112991,Transcriptome profiling of Cryptosporidium parvum infected lung and intestinal organoids,12,XLSX,2018/04/12,ftp://ftp.ncbi.nlm.nih.gov/geo/series/GSE112nnn/GSE112991/
GSE103990,Tumor evolution and drug response in patient-derived organoid models of bladder cancer,42,TXT,2018/04/09,ftp://ftp.ncbi.nlm.nih.gov/geo/series/GSE103nnn/GSE103990/
GSE106821,MARS Seq data from human cortical organoids,18,TXT,2018/03/02,ftp://ftp.ncbi.nlm.nih.gov/geo/series/GSE106nnn/GSE106821/
GSE109607,Mechanistic insights into anti-cancer properties of oligomeric proanthocyanidins from grape seeds in colorectal cancer,30,CSV,2018/02/28,ftp://ftp.ncbi.nlm.nih.gov/geo/series/GSE109nnn/GSE109607/
GSE111082,Hominin-specific NOTCH2NL genes affect Notch signaling and cortical neurogenesis,12,TXT,2018/02/26,ftp://ftp.ncbi.nlm.nih.gov/geo/series/GSE111nnn/GSE111082/
GSE99133,Specific labeling of stem cell activity in human colorectal organoids using an ASCL2-responsive minigene,18,TXT,2018/01/29,ftp://ftp.ncbi.nlm.nih.gov/geo/series/GSE99nnn/GSE99133/
GSE103350,Mechanisms of tolerance and resistance to EGFR inhibition in lung cancer [RNA-seq],21,XLS,2018/01/11,ftp://ftp.ncbi.nlm.nih.gov/geo/series/GSE103nnn/GSE103350/
GSE108291,Single cell RNA-Seq of E18.5 developing mouse kidney and human kidney organoids,7,"CSV, MTX, TSV",2018/01/09,ftp://ftp.ncbi.nlm.nih.gov/geo/series/GSE108nnn/GSE108291/
GSE97053,Regeneration of the lung alveolus by an evolutionarily conserved epithelial progenitor [human RNA-seq],9,CSV,2018/01/08,ftp://ftp.ncbi.nlm.nih.gov/geo/series/GSE97nnn/GSE97053/
GSE108571,Single-cell RNA sequencing of vascularized brain organoids,4,H5,2017/12/28,ftp://ftp.ncbi.nlm.nih.gov/geo/series/GSE108nnn/GSE108571/
GSE108391,Patient-derived organoids (PDOs) model treatment response of metastatic gastrointestinal cancers.,10,XLSX,2017/12/22,ftp://ftp.ncbi.nlm.nih.gov/geo/series/GSE108nnn/GSE108391/
GSE104827,Molecular anatomy of the developing human retina,25,TXT,2017/12/07,ftp://ftp.ncbi.nlm.nih.gov/geo/series/GSE104nnn/GSE104827/
GSE84073,Patient-derived organoid cultures model human primary liver cancer in vitro,59,"TXT, VCF",2017/11/13,ftp://ftp.ncbi.nlm.nih.gov/geo/series/GSE84nnn/GSE84073/
GSE101770,Whole transcriptome analysis of iPSC-derived hepatic organoids cultures,9,CSV,2017/10/21,ftp://ftp.ncbi.nlm.nih.gov/geo/series/GSE101nnn/GSE101770/
GSE99317,Maturing an Enteric Nervous System in Human Intestinal Organoid-derived Tissue-Engineered Small Intestine,6,TXT,2017/10/20,ftp://ftp.ncbi.nlm.nih.gov/geo/series/GSE99nnn/GSE99317/
GSE104279,Self-organized cerebral organoids with human specific features predict effective drugs to combat Zika virus infection,24,TXT,2017/10/11,ftp://ftp.ncbi.nlm.nih.gov/geo/series/GSE104nnn/GSE104279/
GSE97919,Self-organized cerebral organoids with human specific features predict effective drugs to combat Zika virus infection [RNA-seq],12,TXT,2017/10/11,ftp://ftp.ncbi.nlm.nih.gov/geo/series/GSE97nnn/GSE97919/
GSE90813,Single cell analysis of SFTPC+ cells and CPM-high progenitor cells derived from human induced pluripotent stem cells (hiPSCs),479,TXT,2017/10/02,ftp://ftp.ncbi.nlm.nih.gov/geo/series/GSE90nnn/GSE90813/
GSE103547,Gene-Edited Human Kidney Organoids Reveal Mechanisms of Disease in Podocyte Development,12,TXT,2017/09/20,ftp://ftp.ncbi.nlm.nih.gov/geo/series/GSE103nnn/GSE103547/
GSE103826,Treatment Paradigms for Retinal and Macular Diseases Using 3-D Retina Cultures Derived From Human Reporter Pluripotent Stem Cell Lines,6,TXT,2017/09/14,ftp://ftp.ncbi.nlm.nih.gov/geo/series/GSE103nnn/GSE103826/
GSE93841,Functional Screening in Human Cardiac Organoids Reveals a Metabolic Mechanism for Cardiomyocyte Maturation,9,TSV,2017/08/30,ftp://ftp.ncbi.nlm.nih.gov/geo/series/GSE93nnn/GSE93841/
GSE102244,Zika Virus Has Oncolytic Activity against Glioblastoma Stem Cells,6,TXT,2017/08/23,ftp://ftp.ncbi.nlm.nih.gov/geo/series/GSE102nnn/GSE102244/
GSE99311,Enhancer reprogramming promotes pancreatic cancer progression and metastasis,136,"BIGWIG, TXT",2017/07/31,ftp://ftp.ncbi.nlm.nih.gov/geo/series/GSE99nnn/GSE99311/
GSE99310,Enhancer reprogramming promotes pancreatic cancer progression and metastasis [RNA-seq],36,TXT,2017/07/31,ftp://ftp.ncbi.nlm.nih.gov/geo/series/GSE99nnn/GSE99310/
GSE84610,CHD1 loss sensitizes prostate cancer to DNA damaging therapy by promoting error-prone double-strand break repair,20,TXT,2017/07/26,ftp://ftp.ncbi.nlm.nih.gov/geo/series/GSE84nnn/GSE84610/
GSE101668,PRDM1 inhibits proliferation of human colon cancer organoids,12,"CSV, FPKM_TRACKING, TXT",2017/07/21,ftp://ftp.ncbi.nlm.nih.gov/geo/series/GSE101nnn/GSE101668/
GSE98201,Medial Ganglionic Eminence and Cortical Organoids Model Human Brain Development and Interneuron Migration [RNA-seq2],8,"MTX, TSV, TXT",2017/07/21,ftp://ftp.ncbi.nlm.nih.gov/geo/series/GSE98nnn/GSE98201/
GSE97882,Medial Ganglionic Eminence and Cortical Organoids Model Human Brain Development and Interneuron Migration,16,BED,2017/07/21,ftp://ftp.ncbi.nlm.nih.gov/geo/series/GSE97nnn/GSE97882/
GSE97881,Medial Ganglionic Eminence and Cortical Organoids Model Human Brain Development and Interneuron Migration [RNA-seq],5,XLSX,2017/07/21,ftp://ftp.ncbi.nlm.nih.gov/geo/series/GSE97nnn/GSE97881/
GSE89334,Discovery of Drug Candidates that Inhibit and Eliminate Zika Virus Infection in Fetal and Adult Brain,6,XLS,2017/07/06,ftp://ftp.ncbi.nlm.nih.gov/geo/series/GSE89nnn/GSE89334/
GSE97388,In vitro differentiation of human embryonic stem cells into ovarian follicle-like cells,6,TXT,2017/07/04,ftp://ftp.ncbi.nlm.nih.gov/geo/series/GSE97nnn/GSE97388/
GSE95860,Expression data from fresh human embryonic lung epithelial tip and stalk cells and cultured organoids derived from tip and stalk.,16,TXT,2017/06/26,ftp://ftp.ncbi.nlm.nih.gov/geo/series/GSE95nnn/GSE95860/
GSE96981,Multilineage communication regulates human liver bud self-organization from pluripotency II,741,CSV,2017/06/21,ftp://ftp.ncbi.nlm.nih.gov/geo/series/GSE96nnn/GSE96981/
GSE88945,Colonic Organoids Derived from Human Pluripotent Stem Cells for Modeling Colorectal Cancer and Drug Discovery,3,TXT,2017/06/19,ftp://ftp.ncbi.nlm.nih.gov/geo/series/GSE88nnn/GSE88945/
GSE82207,Total RNA sequencing of WT intestinal orgaonids.,8,XLS,2017/06/19,ftp://ftp.ncbi.nlm.nih.gov/geo/series/GSE82nnn/GSE82207/
GSE77250,Total RNA sequencing of APC mutant and wt colonic organoids,8,XLS,2017/06/19,ftp://ftp.ncbi.nlm.nih.gov/geo/series/GSE77nnn/GSE77250/
GSE99821,Transcriptional profile of human iPSC and HIOs with APC mutations,48,TXT,2017/06/09,ftp://ftp.ncbi.nlm.nih.gov/geo/series/GSE99nnn/GSE99821/
GSE83653,Loss of Function Mutations in ETS2 Repressor Factor (ERF) Reveal a Balance Between Positive and Negative ETS Factors Controlling Prostate Oncogenesis,59,BED,2017/06/08,ftp://ftp.ncbi.nlm.nih.gov/geo/series/GSE83nnn/GSE83653/
GSE80538,Guided self-organization recapitulates tissue architecture in a bioengineered brain organoid model,24,TXT,2017/05/29,ftp://ftp.ncbi.nlm.nih.gov/geo/series/GSE80nnn/GSE80538/
GSE86153,Identification of extensive cellular diversity and maturation of active neuronal networks in long-term cultures of human brain organoids,2,"CSV, TXT",2017/04/27,ftp://ftp.ncbi.nlm.nih.gov/geo/series/GSE86nnn/GSE86153/
GSE93811,Single cell profiling of hCS and hSS derived from human iPSC,2,CSV,2017/04/26,ftp://ftp.ncbi.nlm.nih.gov/geo/series/GSE93nnn/GSE93811/
GSE85223,Hepatic differentiation of liver organoids,29,TXT,2017/03/14,ftp://ftp.ncbi.nlm.nih.gov/geo/series/GSE85nnn/GSE85223/
GSE94968,Generation of mature T cells from human hematopoietic stem/progenitor cells in artificial thymic organoids,12,TXT,2017/02/17,ftp://ftp.ncbi.nlm.nih.gov/geo/series/GSE94nnn/GSE94968/
GSE85417,Transcriptome of iPSC-derived Cerebral Organoids with Heterozygous Knockout in CHD8,6,TXT,2017/02/16,ftp://ftp.ncbi.nlm.nih.gov/geo/series/GSE85nnn/GSE85417/
GSE81252,Multilineage communication regulates human liver bud self-organization from pluripotency I,770,CSV,2017/02/08,ftp://ftp.ncbi.nlm.nih.gov/geo/series/GSE81nnn/GSE81252/
GSE82022,Cerebral Organoids Recapitulate Epigenomic Signatures of the Human Fetal Brain,18,"TAR, TSV",2016/12/20,ftp://ftp.ncbi.nlm.nih.gov/geo/series/GSE82nnn/GSE82022/
GSE84666,Engineered human pluripotent stem cell-derived intestinal tissues with a functional enteric nervous system,12,XLS,2016/11/23,ftp://ftp.ncbi.nlm.nih.gov/geo/series/GSE84nnn/GSE84666/
GSE86207,Differences and similarities between human and chimpanzee neural progenitors during cerebral cortex development,396,TXT,2016/11/04,ftp://ftp.ncbi.nlm.nih.gov/geo/series/GSE86nnn/GSE86207/
GSE74698,Developing a Novel Two-Dimensional Culture System to Enrich Human Prostate Luminal Progenitors That Can Function as a Cell of Origin for Prostate Cancer,18,TXT,2016/09/25,ftp://ftp.ncbi.nlm.nih.gov/geo/series/GSE74nnn/GSE74698/
GSE86532,N-Myc induces an EZH2-mediated transcriptional program driving Neuroendocrine Prostate Cancer,38,"BED, TXT",2016/09/08,ftp://ftp.ncbi.nlm.nih.gov/geo/series/GSE86nnn/GSE86532/
GSE74210,A Primate lncRNA Mediates Notch Signaling During Neuronal Development by Sequestering miRNA,70,,2016/06/23,ftp://ftp.ncbi.nlm.nih.gov/geo/series/GSE74nnn/GSE74210/
GSE74207,A Primate lncRNA Mediates Notch Signaling During Neuronal Development by Sequestering miRNA [single cell sequencing analysis],60,TXT,2016/06/23,ftp://ftp.ncbi.nlm.nih.gov/geo/series/GSE74nnn/GSE74207/
GSE80264,Transcriptome analysis of H9 hESC derived cerebral organoids,6,TXT,2016/05/05,ftp://ftp.ncbi.nlm.nih.gov/geo/series/GSE80nnn/GSE80264/
GSE80073,Generation of Brain Region-specific Organoids using a Miniaturized Spinning Bioreactor and Modelling ZIKV Exposure,20,TXT,2016/04/22,ftp://ftp.ncbi.nlm.nih.gov/geo/series/GSE80nnn/GSE80073/
GSE74550,A designed inhibitor of p53 aggregation rescues p53 tumor-suppression in ovarian carcinomas,24,TXT,2016/01/04,ftp://ftp.ncbi.nlm.nih.gov/geo/series/GSE74nnn/GSE74550/
GSE75140,Human cerebral organoids recapitulate gene expression programs of fetal neocortex development.,734,TXT,2015/12/07,ftp://ftp.ncbi.nlm.nih.gov/geo/series/GSE75nnn/GSE75140/
GSE73579,Illumina Human Polycystic Liver Disease and Normal Biliary Stem Cell RNAseq,12,XLSX,2015/09/30,ftp://ftp.ncbi.nlm.nih.gov/geo/series/GSE73nnn/GSE73579/
GSE69994,A Molecular Portrait Of High-Grade Ductal Carcinoma In Situ (DCIS),64,XLSX,2015/07/25,ftp://ftp.ncbi.nlm.nih.gov/geo/series/GSE69nnn/GSE69994/
GSE69240,A Molecular Portrait Of High-Grade Ductal Carcinoma In Situ (DCIS) [RNA-seq],35,CSV,2015/07/25,ftp://ftp.ncbi.nlm.nih.gov/geo/series/GSE69nnn/GSE69240/
GSE61476,FOXG1-dependent dysregulation of GABA/glutamate neuron differentiation in autism spectrum disorders,45,"RPKM, TXT",2015/07/16,ftp://ftp.ncbi.nlm.nih.gov/geo/series/GSE61nnn/GSE61476/
GSE65253,Prospective derivation of a 'Living Organoid Biobank' of colorectal cancer patients,108,CSV,2015/05/07,ftp://ftp.ncbi.nlm.nih.gov/geo/series/GSE65nnn/GSE65253/
GSE56930,Human intestinal tissue with adult stem cell properties derived from pluripotent stem cells,24,TXT,2014/04/24,ftp://ftp.ncbi.nlm.nih.gov/geo/series/GSE56nnn/GSE56930/
GSE52194,mRNA-sequencing of breast cancer subtypes and normal tissue,20,"GTF, VCF",2013/11/08,ftp://ftp.ncbi.nlm.nih.gov/geo/series/GSE52nnn/GSE52194/
