well,time,area,patient,date,filename,mapping,mix,replicate,type,fsk_concentration
1,0,350.34693877551,06,20240409,06-CF 20240409.xlsx,std,1,a,ETI,0.008192000000000003
1,10,348.117647058823,06,20240409,06-CF 20240409.xlsx,std,1,a,ETI,0.008192000000000003
1,20,406.260869565217,06,20240409,06-CF 20240409.xlsx,std,1,a,ETI,0.008192000000000003
1,30,419.291666666666,06,20240409,06-CF 20240409.xlsx,std,1,a,ETI,0.008192000000000003
1,40,457.541666666666,06,20240409,06-CF 20240409.xlsx,std,1,a,ETI,0.008192000000000003
1,50,523.521739130434,06,20240409,06-CF 20240409.xlsx,std,1,a,ETI,0.008192000000000003
1,60,528.122448979591,06,20240409,06-CF 20240409.xlsx,std,1,a,ETI,0.008192000000000003
2,0,346.333333333333,06,20240409,06-CF 20240409.xlsx,std,1,b,ETI,0.008192000000000003
2,10,360.26923076923,06,20240409,06-CF 20240409.xlsx,std,1,b,ETI,0.008192000000000003
2,20,386,06,20240409,06-CF 20240409.xlsx,std,1,b,ETI,0.008192000000000003
2,30,400.538461538461,06,20240409,06-CF 20240409.xlsx,std,1,b,ETI,0.008192000000000003
2,40,417.851851851851,06,20240409,06-CF 20240409.xlsx,std,1,b,ETI,0.008192000000000003
2,50,457.074074074074,06,20240409,06-CF 20240409.xlsx,std,1,b,ETI,0.008192000000000003
2,60,514.76923076923,06,20240409,06-CF 20240409.xlsx,std,1,b,ETI,0.008192000000000003
3,0,313.875,06,20240409,06-CF 20240409.xlsx,std,2,a,ETI,0.02048000000000001
3,10,323.458333333333,06,20240409,06-CF 20240409.xlsx,std,2,a,ETI,0.02048000000000001
3,20,356.541666666666,06,20240409,06-CF 20240409.xlsx,std,2,a,ETI,0.02048000000000001
3,30,400.958333333333,06,20240409,06-CF 20240409.xlsx,std,2,a,ETI,0.02048000000000001
3,40,448,06,20240409,06-CF 20240409.xlsx,std,2,a,ETI,0.02048000000000001
3,50,526.363636363636,06,20240409,06-CF 20240409.xlsx,std,2,a,ETI,0.02048000000000001
3,60,534,06,20240409,06-CF 20240409.xlsx,std,2,a,ETI,0.02048000000000001
4,0,370.861111111111,06,20240409,06-CF 20240409.xlsx,std,2,b,ETI,0.02048000000000001
4,10,402.676470588235,06,20240409,06-CF 20240409.xlsx,std,2,b,ETI,0.02048000000000001
4,20,380.052631578947,06,20240409,06-CF 20240409.xlsx,std,2,b,ETI,0.02048000000000001
4,30,425.842105263157,06,20240409,06-CF 20240409.xlsx,std,2,b,ETI,0.02048000000000001
4,40,514.666666666666,06,20240409,06-CF 20240409.xlsx,std,2,b,ETI,0.02048000000000001
4,50,693.233333333333,06,20240409,06-CF 20240409.xlsx,std,2,b,ETI,0.02048000000000001
4,60,705.866666666666,06,20240409,06-CF 20240409.xlsx,std,2,b,ETI,0.02048000000000001
5,0,374.114285714285,06,20240409,06-CF 20240409.xlsx,std,3,a,ETI,0.05120000000000001
5,10,401.676470588235,06,20240409,06-CF 20240409.xlsx,std,3,a,ETI,0.05120000000000001
5,20,455.857142857142,06,20240409,06-CF 20240409.xlsx,std,3,a,ETI,0.05120000000000001
5,30,548.142857142857,06,20240409,06-CF 20240409.xlsx,std,3,a,ETI,0.05120000000000001
5,40,622.857142857142,06,20240409,06-CF 20240409.xlsx,std,3,a,ETI,0.05120000000000001
5,50,652.371428571428,06,20240409,06-CF 20240409.xlsx,std,3,a,ETI,0.05120000000000001
5,60,624.277777777777,06,20240409,06-CF 20240409.xlsx,std,3,a,ETI,0.05120000000000001
6,0,337.5,06,20240409,06-CF 20240409.xlsx,std,3,b,ETI,0.05120000000000001
6,10,354.375,06,20240409,06-CF 20240409.xlsx,std,3,b,ETI,0.05120000000000001
6,20,399.25,06,20240409,06-CF 20240409.xlsx,std,3,b,ETI,0.05120000000000001
6,30,474.5,06,20240409,06-CF 20240409.xlsx,std,3,b,ETI,0.05120000000000001
6,40,528,06,20240409,06-CF 20240409.xlsx,std,3,b,ETI,0.05120000000000001
6,50,542.375,06,20240409,06-CF 20240409.xlsx,std,3,b,ETI,0.05120000000000001
6,60,544.375,06,20240409,06-CF 20240409.xlsx,std,3,b,ETI,0.05120000000000001
7,0,354,06,20240409,06-CF 20240409.xlsx,std,4,a,ETI,0.12800000000000003
7,10,367.95,06,20240409,06-CF 20240409.xlsx,std,4,a,ETI,0.12800000000000003
7,20,426.636363636363,06,20240409,06-CF 20240409.xlsx,std,4,a,ETI,0.12800000000000003
7,30,572.35,06,20240409,06-CF 20240409.xlsx,std,4,a,ETI,0.12800000000000003
7,40,615.190476190476,06,20240409,06-CF 20240409.xlsx,std,4,a,ETI,0.12800000000000003
7,50,691.95,06,20240409,06-CF 20240409.xlsx,std,4,a,ETI,0.12800000000000003
7,60,725.684210526315,06,20240409,06-CF 20240409.xlsx,std,4,a,ETI,0.12800000000000003
8,0,324.695652173913,06,20240409,06-CF 20240409.xlsx,std,4,b,ETI,0.12800000000000003
8,10,376,06,20240409,06-CF 20240409.xlsx,std,4,b,ETI,0.12800000000000003
8,20,467.40909090909,06,20240409,06-CF 20240409.xlsx,std,4,b,ETI,0.12800000000000003
8,30,564.47619047619,06,20240409,06-CF 20240409.xlsx,std,4,b,ETI,0.12800000000000003
8,40,618.904761904761,06,20240409,06-CF 20240409.xlsx,std,4,b,ETI,0.12800000000000003
8,50,628.809523809523,06,20240409,06-CF 20240409.xlsx,std,4,b,ETI,0.12800000000000003
8,60,593.318181818181,06,20240409,06-CF 20240409.xlsx,std,4,b,ETI,0.12800000000000003
9,0,347.28,06,20240409,06-CF 20240409.xlsx,std,5,a,ETI,0.32000000000000006
9,10,412.16,06,20240409,06-CF 20240409.xlsx,std,5,a,ETI,0.32000000000000006
9,20,606.181818181818,06,20240409,06-CF 20240409.xlsx,std,5,a,ETI,0.32000000000000006
9,30,723.095238095238,06,20240409,06-CF 20240409.xlsx,std,5,a,ETI,0.32000000000000006
9,40,808,06,20240409,06-CF 20240409.xlsx,std,5,a,ETI,0.32000000000000006
9,50,795.238095238095,06,20240409,06-CF 20240409.xlsx,std,5,a,ETI,0.32000000000000006
9,60,721.318181818181,06,20240409,06-CF 20240409.xlsx,std,5,a,ETI,0.32000000000000006
10,0,315.85,06,20240409,06-CF 20240409.xlsx,std,5,b,ETI,0.32000000000000006
10,10,371.526315789473,06,20240409,06-CF 20240409.xlsx,std,5,b,ETI,0.32000000000000006
10,20,477.684210526315,06,20240409,06-CF 20240409.xlsx,std,5,b,ETI,0.32000000000000006
10,30,558.631578947368,06,20240409,06-CF 20240409.xlsx,std,5,b,ETI,0.32000000000000006
10,40,730.8125,06,20240409,06-CF 20240409.xlsx,std,5,b,ETI,0.32000000000000006
10,50,704.411764705882,06,20240409,06-CF 20240409.xlsx,std,5,b,ETI,0.32000000000000006
10,60,682.529411764705,06,20240409,06-CF 20240409.xlsx,std,5,b,ETI,0.32000000000000006
11,0,355.264705882352,06,20240409,06-CF 20240409.xlsx,std,6,a,ETI,0.8000000000000002
11,10,431.71875,06,20240409,06-CF 20240409.xlsx,std,6,a,ETI,0.8000000000000002
11,20,546.363636363636,06,20240409,06-CF 20240409.xlsx,std,6,a,ETI,0.8000000000000002
11,30,684.064516129032,06,20240409,06-CF 20240409.xlsx,std,6,a,ETI,0.8000000000000002
11,40,843.25,06,20240409,06-CF 20240409.xlsx,std,6,a,ETI,0.8000000000000002
11,50,903.962962962962,06,20240409,06-CF 20240409.xlsx,std,6,a,ETI,0.8000000000000002
11,60,921.111111111111,06,20240409,06-CF 20240409.xlsx,std,6,a,ETI,0.8000000000000002
12,0,320.925925925925,06,20240409,06-CF 20240409.xlsx,std,6,b,ETI,0.8000000000000002
12,10,363.428571428571,06,20240409,06-CF 20240409.xlsx,std,6,b,ETI,0.8000000000000002
12,20,519.846153846153,06,20240409,06-CF 20240409.xlsx,std,6,b,ETI,0.8000000000000002
12,30,595.846153846153,06,20240409,06-CF 20240409.xlsx,std,6,b,ETI,0.8000000000000002
12,40,588.814814814814,06,20240409,06-CF 20240409.xlsx,std,6,b,ETI,0.8000000000000002
12,50,602.038461538461,06,20240409,06-CF 20240409.xlsx,std,6,b,ETI,0.8000000000000002
12,60,573.592592592592,06,20240409,06-CF 20240409.xlsx,std,6,b,ETI,0.8000000000000002
13,0,318.304347826086,06,20240409,06-CF 20240409.xlsx,std,7,a,ETI,2
13,10,398,06,20240409,06-CF 20240409.xlsx,std,7,a,ETI,2
13,20,552.636363636363,06,20240409,06-CF 20240409.xlsx,std,7,a,ETI,2
13,30,687.25,06,20240409,06-CF 20240409.xlsx,std,7,a,ETI,2
13,40,825.611111111111,06,20240409,06-CF 20240409.xlsx,std,7,a,ETI,2
13,50,791.052631578947,06,20240409,06-CF 20240409.xlsx,std,7,a,ETI,2
13,60,694.428571428571,06,20240409,06-CF 20240409.xlsx,std,7,a,ETI,2
14,0,290.96,06,20240409,06-CF 20240409.xlsx,std,7,b,ETI,2
14,10,343.285714285714,06,20240409,06-CF 20240409.xlsx,std,7,b,ETI,2
14,20,442.884615384615,06,20240409,06-CF 20240409.xlsx,std,7,b,ETI,2
14,30,456.964285714285,06,20240409,06-CF 20240409.xlsx,std,7,b,ETI,2
14,40,506.037037037037,06,20240409,06-CF 20240409.xlsx,std,7,b,ETI,2
14,50,528.230769230769,06,20240409,06-CF 20240409.xlsx,std,7,b,ETI,2
14,60,552.6,06,20240409,06-CF 20240409.xlsx,std,7,b,ETI,2
15,0,324.714285714285,06,20240409,06-CF 20240409.xlsx,std,8,a,ETI,5
15,10,449.05,06,20240409,06-CF 20240409.xlsx,std,8,a,ETI,5
15,20,563.6,06,20240409,06-CF 20240409.xlsx,std,8,a,ETI,5
15,30,682.263157894736,06,20240409,06-CF 20240409.xlsx,std,8,a,ETI,5
15,40,699.8,06,20240409,06-CF 20240409.xlsx,std,8,a,ETI,5
15,50,774.368421052631,06,20240409,06-CF 20240409.xlsx,std,8,a,ETI,5
15,60,834.647058823529,06,20240409,06-CF 20240409.xlsx,std,8,a,ETI,5
16,0,364.5,06,20240409,06-CF 20240409.xlsx,std,8,b,ETI,5
16,10,492.166666666666,06,20240409,06-CF 20240409.xlsx,std,8,b,ETI,5
16,20,589.472222222222,06,20240409,06-CF 20240409.xlsx,std,8,b,ETI,5
16,30,720.636363636363,06,20240409,06-CF 20240409.xlsx,std,8,b,ETI,5
16,40,836.6,06,20240409,06-CF 20240409.xlsx,std,8,b,ETI,5
16,50,705.555555555555,06,20240409,06-CF 20240409.xlsx,std,8,b,ETI,5
16,60,808.064516129032,06,20240409,06-CF 20240409.xlsx,std,8,b,ETI,5
17,0,313.263157894736,06,20240409,06-CF 20240409.xlsx,std,1,a,VTI,0.008192000000000003
17,10,326.052631578947,06,20240409,06-CF 20240409.xlsx,std,1,a,VTI,0.008192000000000003
17,20,369.052631578947,06,20240409,06-CF 20240409.xlsx,std,1,a,VTI,0.008192000000000003
17,30,394.95,06,20240409,06-CF 20240409.xlsx,std,1,a,VTI,0.008192000000000003
17,40,436,06,20240409,06-CF 20240409.xlsx,std,1,a,VTI,0.008192000000000003
17,50,463.25,06,20240409,06-CF 20240409.xlsx,std,1,a,VTI,0.008192000000000003
17,60,461.75,06,20240409,06-CF 20240409.xlsx,std,1,a,VTI,0.008192000000000003
18,0,369.2,06,20240409,06-CF 20240409.xlsx,std,1,b,VTI,0.008192000000000003
18,10,403.594594594594,06,20240409,06-CF 20240409.xlsx,std,1,b,VTI,0.008192000000000003
18,20,420.210526315789,06,20240409,06-CF 20240409.xlsx,std,1,b,VTI,0.008192000000000003
18,30,471.026315789473,06,20240409,06-CF 20240409.xlsx,std,1,b,VTI,0.008192000000000003
18,40,519.564102564102,06,20240409,06-CF 20240409.xlsx,std,1,b,VTI,0.008192000000000003
18,50,544.634146341463,06,20240409,06-CF 20240409.xlsx,std,1,b,VTI,0.008192000000000003
18,60,602.307692307692,06,20240409,06-CF 20240409.xlsx,std,1,b,VTI,0.008192000000000003
19,0,405.302325581395,06,20240409,06-CF 20240409.xlsx,std,2,a,VTI,0.02048000000000001
19,10,396.363636363636,06,20240409,06-CF 20240409.xlsx,std,2,a,VTI,0.02048000000000001
19,20,443.767441860465,06,20240409,06-CF 20240409.xlsx,std,2,a,VTI,0.02048000000000001
19,30,629.527777777777,06,20240409,06-CF 20240409.xlsx,std,2,a,VTI,0.02048000000000001
19,40,732.314285714285,06,20240409,06-CF 20240409.xlsx,std,2,a,VTI,0.02048000000000001
19,50,761.222222222222,06,20240409,06-CF 20240409.xlsx,std,2,a,VTI,0.02048000000000001
19,60,838.515151515151,06,20240409,06-CF 20240409.xlsx,std,2,a,VTI,0.02048000000000001
20,0,395.521739130434,06,20240409,06-CF 20240409.xlsx,std,2,b,VTI,0.02048000000000001
20,10,425.090909090909,06,20240409,06-CF 20240409.xlsx,std,2,b,VTI,0.02048000000000001
20,20,488.772727272727,06,20240409,06-CF 20240409.xlsx,std,2,b,VTI,0.02048000000000001
20,30,554.391304347826,06,20240409,06-CF 20240409.xlsx,std,2,b,VTI,0.02048000000000001
20,40,636.086956521739,06,20240409,06-CF 20240409.xlsx,std,2,b,VTI,0.02048000000000001
20,50,708.090909090909,06,20240409,06-CF 20240409.xlsx,std,2,b,VTI,0.02048000000000001
20,60,695.434782608695,06,20240409,06-CF 20240409.xlsx,std,2,b,VTI,0.02048000000000001
21,0,359.76923076923,06,20240409,06-CF 20240409.xlsx,std,3,a,VTI,0.05120000000000001
21,10,396.375,06,20240409,06-CF 20240409.xlsx,std,3,a,VTI,0.05120000000000001
21,20,426,06,20240409,06-CF 20240409.xlsx,std,3,a,VTI,0.05120000000000001
21,30,505.964285714285,06,20240409,06-CF 20240409.xlsx,std,3,a,VTI,0.05120000000000001
21,40,608.153846153846,06,20240409,06-CF 20240409.xlsx,std,3,a,VTI,0.05120000000000001
21,50,619.961538461538,06,20240409,06-CF 20240409.xlsx,std,3,a,VTI,0.05120000000000001
21,60,614.846153846153,06,20240409,06-CF 20240409.xlsx,std,3,a,VTI,0.05120000000000001
22,0,286.51282051282,06,20240409,06-CF 20240409.xlsx,std,3,b,VTI,0.05120000000000001
22,10,314.162162162162,06,20240409,06-CF 20240409.xlsx,std,3,b,VTI,0.05120000000000001
22,20,384.236842105263,06,20240409,06-CF 20240409.xlsx,std,3,b,VTI,0.05120000000000001
22,30,505.714285714285,06,20240409,06-CF 20240409.xlsx,std,3,b,VTI,0.05120000000000001
22,40,564.628571428571,06,20240409,06-CF 20240409.xlsx,std,3,b,VTI,0.05120000000000001
22,50,576.028571428571,06,20240409,06-CF 20240409.xlsx,std,3,b,VTI,0.05120000000000001
22,60,580,06,20240409,06-CF 20240409.xlsx,std,3,b,VTI,0.05120000000000001
23,0,379.071428571428,06,20240409,06-CF 20240409.xlsx,std,4,a,VTI,0.12800000000000003
23,10,418.689655172413,06,20240409,06-CF 20240409.xlsx,std,4,a,VTI,0.12800000000000003
23,20,533.51724137931,06,20240409,06-CF 20240409.xlsx,std,4,a,VTI,0.12800000000000003
23,30,665.518518518518,06,20240409,06-CF 20240409.xlsx,std,4,a,VTI,0.12800000000000003
23,40,824.652173913043,06,20240409,06-CF 20240409.xlsx,std,4,a,VTI,0.12800000000000003
23,50,763.04,06,20240409,06-CF 20240409.xlsx,std,4,a,VTI,0.12800000000000003
23,60,691.185185185185,06,20240409,06-CF 20240409.xlsx,std,4,a,VTI,0.12800000000000003
24,0,327.44,06,20240409,06-CF 20240409.xlsx,std,4,b,VTI,0.12800000000000003
24,10,391.08,06,20240409,06-CF 20240409.xlsx,std,4,b,VTI,0.12800000000000003
24,20,535.083333333333,06,20240409,06-CF 20240409.xlsx,std,4,b,VTI,0.12800000000000003
24,30,612.375,06,20240409,06-CF 20240409.xlsx,std,4,b,VTI,0.12800000000000003
24,40,635.833333333333,06,20240409,06-CF 20240409.xlsx,std,4,b,VTI,0.12800000000000003
24,50,615.91304347826,06,20240409,06-CF 20240409.xlsx,std,4,b,VTI,0.12800000000000003
24,60,613.695652173913,06,20240409,06-CF 20240409.xlsx,std,4,b,VTI,0.12800000000000003
25,0,442.391304347826,06,20240409,06-CF 20240409.xlsx,std,5,a,VTI,0.32000000000000006
25,10,483.347826086956,06,20240409,06-CF 20240409.xlsx,std,5,a,VTI,0.32000000000000006
25,20,588.52,06,20240409,06-CF 20240409.xlsx,std,5,a,VTI,0.32000000000000006
25,30,724.708333333333,06,20240409,06-CF 20240409.xlsx,std,5,a,VTI,0.32000000000000006
25,40,822.521739130434,06,20240409,06-CF 20240409.xlsx,std,5,a,VTI,0.32000000000000006
25,50,775.333333333333,06,20240409,06-CF 20240409.xlsx,std,5,a,VTI,0.32000000000000006
25,60,854.681818181818,06,20240409,06-CF 20240409.xlsx,std,5,a,VTI,0.32000000000000006
26,0,360.807692307692,06,20240409,06-CF 20240409.xlsx,std,5,b,VTI,0.32000000000000006
26,10,410.923076923076,06,20240409,06-CF 20240409.xlsx,std,5,b,VTI,0.32000000000000006
26,20,587.791666666666,06,20240409,06-CF 20240409.xlsx,std,5,b,VTI,0.32000000000000006
26,30,678.875,06,20240409,06-CF 20240409.xlsx,std,5,b,VTI,0.32000000000000006
26,40,704,06,20240409,06-CF 20240409.xlsx,std,5,b,VTI,0.32000000000000006
26,50,732.25,06,20240409,06-CF 20240409.xlsx,std,5,b,VTI,0.32000000000000006
26,60,725.083333333333,06,20240409,06-CF 20240409.xlsx,std,5,b,VTI,0.32000000000000006
27,0,303.590909090909,06,20240409,06-CF 20240409.xlsx,std,6,a,VTI,0.8000000000000002
27,10,369.5,06,20240409,06-CF 20240409.xlsx,std,6,a,VTI,0.8000000000000002
27,20,436.75,06,20240409,06-CF 20240409.xlsx,std,6,a,VTI,0.8000000000000002
27,30,516.304347826087,06,20240409,06-CF 20240409.xlsx,std,6,a,VTI,0.8000000000000002
27,40,522.083333333333,06,20240409,06-CF 20240409.xlsx,std,6,a,VTI,0.8000000000000002
27,50,573.681818181818,06,20240409,06-CF 20240409.xlsx,std,6,a,VTI,0.8000000000000002
27,60,542.434782608695,06,20240409,06-CF 20240409.xlsx,std,6,a,VTI,0.8000000000000002
28,0,361.28,06,20240409,06-CF 20240409.xlsx,std,6,b,VTI,0.8000000000000002
28,10,466.76923076923,06,20240409,06-CF 20240409.xlsx,std,6,b,VTI,0.8000000000000002
28,20,631.75,06,20240409,06-CF 20240409.xlsx,std,6,b,VTI,0.8000000000000002
28,30,734.608695652173,06,20240409,06-CF 20240409.xlsx,std,6,b,VTI,0.8000000000000002
28,40,774.91304347826,06,20240409,06-CF 20240409.xlsx,std,6,b,VTI,0.8000000000000002
28,50,778,06,20240409,06-CF 20240409.xlsx,std,6,b,VTI,0.8000000000000002
28,60,707.875,06,20240409,06-CF 20240409.xlsx,std,6,b,VTI,0.8000000000000002
29,0,432.75,06,20240409,06-CF 20240409.xlsx,std,7,a,VTI,2
29,10,580.95,06,20240409,06-CF 20240409.xlsx,std,7,a,VTI,2
29,20,708.238095238095,06,20240409,06-CF 20240409.xlsx,std,7,a,VTI,2
29,30,821.571428571428,06,20240409,06-CF 20240409.xlsx,std,7,a,VTI,2
29,40,900.095238095238,06,20240409,06-CF 20240409.xlsx,std,7,a,VTI,2
29,50,963.25,06,20240409,06-CF 20240409.xlsx,std,7,a,VTI,2
29,60,898.619047619047,06,20240409,06-CF 20240409.xlsx,std,7,a,VTI,2
30,0,309.666666666666,06,20240409,06-CF 20240409.xlsx,std,7,b,VTI,2
30,10,392.052631578947,06,20240409,06-CF 20240409.xlsx,std,7,b,VTI,2
30,20,528.588235294117,06,20240409,06-CF 20240409.xlsx,std,7,b,VTI,2
30,30,595.294117647058,06,20240409,06-CF 20240409.xlsx,std,7,b,VTI,2
30,40,625.647058823529,06,20240409,06-CF 20240409.xlsx,std,7,b,VTI,2
30,50,639.411764705882,06,20240409,06-CF 20240409.xlsx,std,7,b,VTI,2
30,60,629.823529411764,06,20240409,06-CF 20240409.xlsx,std,7,b,VTI,2
31,0,389.88,06,20240409,06-CF 20240409.xlsx,std,8,a,VTI,5
31,10,525.26923076923,06,20240409,06-CF 20240409.xlsx,std,8,a,VTI,5
31,20,663.12,06,20240409,06-CF 20240409.xlsx,std,8,a,VTI,5
31,30,749.24,06,20240409,06-CF 20240409.xlsx,std,8,a,VTI,5
31,40,801,06,20240409,06-CF 20240409.xlsx,std,8,a,VTI,5
31,50,823.32,06,20240409,06-CF 20240409.xlsx,std,8,a,VTI,5
31,60,812.52,06,20240409,06-CF 20240409.xlsx,std,8,a,VTI,5
32,0,292.684210526315,06,20240409,06-CF 20240409.xlsx,std,8,b,VTI,5
32,10,409.421052631578,06,20240409,06-CF 20240409.xlsx,std,8,b,VTI,5
32,20,486.78947368421,06,20240409,06-CF 20240409.xlsx,std,8,b,VTI,5
32,30,537.052631578947,06,20240409,06-CF 20240409.xlsx,std,8,b,VTI,5
32,40,575.277777777777,06,20240409,06-CF 20240409.xlsx,std,8,b,VTI,5
32,50,526.842105263157,06,20240409,06-CF 20240409.xlsx,std,8,b,VTI,5
32,60,477.95,06,20240409,06-CF 20240409.xlsx,std,8,b,VTI,5
65,0,252.928571428571,06,20240409,06-CF 20240409.xlsx,std,2,a,FskOnly,0.02048000000000001
65,10,252.928571428571,06,20240409,06-CF 20240409.xlsx,std,2,a,FskOnly,0.02048000000000001
65,20,254.142857142857,06,20240409,06-CF 20240409.xlsx,std,2,a,FskOnly,0.02048000000000001
65,30,252.642857142857,06,20240409,06-CF 20240409.xlsx,std,2,a,FskOnly,0.02048000000000001
65,40,251.5,06,20240409,06-CF 20240409.xlsx,std,2,a,FskOnly,0.02048000000000001
65,50,261.923076923076,06,20240409,06-CF 20240409.xlsx,std,2,a,FskOnly,0.02048000000000001
65,60,260.923076923076,06,20240409,06-CF 20240409.xlsx,std,2,a,FskOnly,0.02048000000000001
66,0,364.071428571428,06,20240409,06-CF 20240409.xlsx,std,2,b,FskOnly,0.02048000000000001
66,10,362.5,06,20240409,06-CF 20240409.xlsx,std,2,b,FskOnly,0.02048000000000001
66,20,336.533333333333,06,20240409,06-CF 20240409.xlsx,std,2,b,FskOnly,0.02048000000000001
66,30,354.607142857142,06,20240409,06-CF 20240409.xlsx,std,2,b,FskOnly,0.02048000000000001
66,40,351.75,06,20240409,06-CF 20240409.xlsx,std,2,b,FskOnly,0.02048000000000001
66,50,349.142857142857,06,20240409,06-CF 20240409.xlsx,std,2,b,FskOnly,0.02048000000000001
66,60,369.230769230769,06,20240409,06-CF 20240409.xlsx,std,2,b,FskOnly,0.02048000000000001
67,0,283.966666666666,06,20240409,06-CF 20240409.xlsx,std,4,a,FskOnly,0.12800000000000003
67,10,283.6,06,20240409,06-CF 20240409.xlsx,std,4,a,FskOnly,0.12800000000000003
67,20,282.333333333333,06,20240409,06-CF 20240409.xlsx,std,4,a,FskOnly,0.12800000000000003
67,30,281.033333333333,06,20240409,06-CF 20240409.xlsx,std,4,a,FskOnly,0.12800000000000003
67,40,271.096774193548,06,20240409,06-CF 20240409.xlsx,std,4,a,FskOnly,0.12800000000000003
67,50,269.387096774193,06,20240409,06-CF 20240409.xlsx,std,4,a,FskOnly,0.12800000000000003
67,60,269.032258064516,06,20240409,06-CF 20240409.xlsx,std,4,a,FskOnly,0.12800000000000003
68,0,347.538461538461,06,20240409,06-CF 20240409.xlsx,std,4,b,FskOnly,0.12800000000000003
68,10,346.730769230769,06,20240409,06-CF 20240409.xlsx,std,4,b,FskOnly,0.12800000000000003
68,20,342.230769230769,06,20240409,06-CF 20240409.xlsx,std,4,b,FskOnly,0.12800000000000003
68,30,354.64,06,20240409,06-CF 20240409.xlsx,std,4,b,FskOnly,0.12800000000000003
68,40,346.12,06,20240409,06-CF 20240409.xlsx,std,4,b,FskOnly,0.12800000000000003
68,50,338.076923076923,06,20240409,06-CF 20240409.xlsx,std,4,b,FskOnly,0.12800000000000003
68,60,348.92,06,20240409,06-CF 20240409.xlsx,std,4,b,FskOnly,0.12800000000000003
69,0,323.125,06,20240409,06-CF 20240409.xlsx,std,6,a,FskOnly,0.8000000000000002
69,10,320.166666666666,06,20240409,06-CF 20240409.xlsx,std,6,a,FskOnly,0.8000000000000002
69,20,334.260869565217,06,20240409,06-CF 20240409.xlsx,std,6,a,FskOnly,0.8000000000000002
69,30,336.130434782608,06,20240409,06-CF 20240409.xlsx,std,6,a,FskOnly,0.8000000000000002
69,40,333.608695652173,06,20240409,06-CF 20240409.xlsx,std,6,a,FskOnly,0.8000000000000002
69,50,325.25,06,20240409,06-CF 20240409.xlsx,std,6,a,FskOnly,0.8000000000000002
69,60,336.608695652173,06,20240409,06-CF 20240409.xlsx,std,6,a,FskOnly,0.8000000000000002
70,0,366.857142857142,06,20240409,06-CF 20240409.xlsx,std,6,b,FskOnly,0.8000000000000002
70,10,354.181818181818,06,20240409,06-CF 20240409.xlsx,std,6,b,FskOnly,0.8000000000000002
70,20,370.047619047619,06,20240409,06-CF 20240409.xlsx,std,6,b,FskOnly,0.8000000000000002
70,30,359.545454545454,06,20240409,06-CF 20240409.xlsx,std,6,b,FskOnly,0.8000000000000002
70,40,375.428571428571,06,20240409,06-CF 20240409.xlsx,std,6,b,FskOnly,0.8000000000000002
70,50,391.45,06,20240409,06-CF 20240409.xlsx,std,6,b,FskOnly,0.8000000000000002
70,60,396,06,20240409,06-CF 20240409.xlsx,std,6,b,FskOnly,0.8000000000000002
71,0,338.916666666666,06,20240409,06-CF 20240409.xlsx,std,8,a,FskOnly,5
71,10,326.615384615384,06,20240409,06-CF 20240409.xlsx,std,8,a,FskOnly,5
71,20,338.846153846153,06,20240409,06-CF 20240409.xlsx,std,8,a,FskOnly,5
71,30,377.416666666666,06,20240409,06-CF 20240409.xlsx,std,8,a,FskOnly,5
71,40,385.916666666666,06,20240409,06-CF 20240409.xlsx,std,8,a,FskOnly,5
71,50,392.25,06,20240409,06-CF 20240409.xlsx,std,8,a,FskOnly,5
71,60,403.5,06,20240409,06-CF 20240409.xlsx,std,8,a,FskOnly,5
72,0,332.142857142857,06,20240409,06-CF 20240409.xlsx,std,8,b,FskOnly,5
72,10,336.142857142857,06,20240409,06-CF 20240409.xlsx,std,8,b,FskOnly,5
72,20,346.571428571428,06,20240409,06-CF 20240409.xlsx,std,8,b,FskOnly,5
72,30,355.857142857142,06,20240409,06-CF 20240409.xlsx,std,8,b,FskOnly,5
72,40,361.571428571428,06,20240409,06-CF 20240409.xlsx,std,8,b,FskOnly,5
72,50,368.142857142857,06,20240409,06-CF 20240409.xlsx,std,8,b,FskOnly,5
72,60,375.071428571428,06,20240409,06-CF 20240409.xlsx,std,8,b,FskOnly,5
1,0,283.684210526315,06,20240416,06-CF 20240416.xlsx,std,1,a,ETI,0.008192000000000003
1,10,265.904761904761,06,20240416,06-CF 20240416.xlsx,std,1,a,ETI,0.008192000000000003
1,20,290.761904761904,06,20240416,06-CF 20240416.xlsx,std,1,a,ETI,0.008192000000000003
1,30,295,06,20240416,06-CF 20240416.xlsx,std,1,a,ETI,0.008192000000000003
1,40,345.045454545454,06,20240416,06-CF 20240416.xlsx,std,1,a,ETI,0.008192000000000003
1,50,365.043478260869,06,20240416,06-CF 20240416.xlsx,std,1,a,ETI,0.008192000000000003
1,60,386,06,20240416,06-CF 20240416.xlsx,std,1,a,ETI,0.008192000000000003
2,0,323.35294117647,06,20240416,06-CF 20240416.xlsx,std,1,b,ETI,0.008192000000000003
2,10,339.666666666666,06,20240416,06-CF 20240416.xlsx,std,1,b,ETI,0.008192000000000003
2,20,365.323529411764,06,20240416,06-CF 20240416.xlsx,std,1,b,ETI,0.008192000000000003
2,30,403.117647058823,06,20240416,06-CF 20240416.xlsx,std,1,b,ETI,0.008192000000000003
2,40,442.147058823529,06,20240416,06-CF 20240416.xlsx,std,1,b,ETI,0.008192000000000003
2,50,498.212121212121,06,20240416,06-CF 20240416.xlsx,std,1,b,ETI,0.008192000000000003
2,60,540.878787878787,06,20240416,06-CF 20240416.xlsx,std,1,b,ETI,0.008192000000000003
3,0,290.04,06,20240416,06-CF 20240416.xlsx,std,2,a,ETI,0.02048000000000001
3,10,306.333333333333,06,20240416,06-CF 20240416.xlsx,std,2,a,ETI,0.02048000000000001
3,20,335.375,06,20240416,06-CF 20240416.xlsx,std,2,a,ETI,0.02048000000000001
3,30,369.64,06,20240416,06-CF 20240416.xlsx,std,2,a,ETI,0.02048000000000001
3,40,428.36,06,20240416,06-CF 20240416.xlsx,std,2,a,ETI,0.02048000000000001
3,50,457.576923076923,06,20240416,06-CF 20240416.xlsx,std,2,a,ETI,0.02048000000000001
3,60,468.230769230769,06,20240416,06-CF 20240416.xlsx,std,2,a,ETI,0.02048000000000001
4,0,254.6875,06,20240416,06-CF 20240416.xlsx,std,2,b,ETI,0.02048000000000001
4,10,262.75,06,20240416,06-CF 20240416.xlsx,std,2,b,ETI,0.02048000000000001
4,20,276.470588235294,06,20240416,06-CF 20240416.xlsx,std,2,b,ETI,0.02048000000000001
4,30,325.176470588235,06,20240416,06-CF 20240416.xlsx,std,2,b,ETI,0.02048000000000001
4,40,365.823529411764,06,20240416,06-CF 20240416.xlsx,std,2,b,ETI,0.02048000000000001
4,50,428.625,06,20240416,06-CF 20240416.xlsx,std,2,b,ETI,0.02048000000000001
4,60,431.8125,06,20240416,06-CF 20240416.xlsx,std,2,b,ETI,0.02048000000000001
5,0,277.074074074074,06,20240416,06-CF 20240416.xlsx,std,3,a,ETI,0.05120000000000001
5,10,283.259259259259,06,20240416,06-CF 20240416.xlsx,std,3,a,ETI,0.05120000000000001
5,20,336.807692307692,06,20240416,06-CF 20240416.xlsx,std,3,a,ETI,0.05120000000000001
5,30,408.037037037037,06,20240416,06-CF 20240416.xlsx,std,3,a,ETI,0.05120000000000001
5,40,469.666666666666,06,20240416,06-CF 20240416.xlsx,std,3,a,ETI,0.05120000000000001
5,50,480.964285714285,06,20240416,06-CF 20240416.xlsx,std,3,a,ETI,0.05120000000000001
5,60,517.72,06,20240416,06-CF 20240416.xlsx,std,3,a,ETI,0.05120000000000001
6,0,279.9375,06,20240416,06-CF 20240416.xlsx,std,3,b,ETI,0.05120000000000001
6,10,295.444444444444,06,20240416,06-CF 20240416.xlsx,std,3,b,ETI,0.05120000000000001
6,20,379.388888888888,06,20240416,06-CF 20240416.xlsx,std,3,b,ETI,0.05120000000000001
6,30,443.444444444444,06,20240416,06-CF 20240416.xlsx,std,3,b,ETI,0.05120000000000001
6,40,480.222222222222,06,20240416,06-CF 20240416.xlsx,std,3,b,ETI,0.05120000000000001
6,50,493.588235294117,06,20240416,06-CF 20240416.xlsx,std,3,b,ETI,0.05120000000000001
6,60,448.058823529411,06,20240416,06-CF 20240416.xlsx,std,3,b,ETI,0.05120000000000001
7,0,348.722222222222,06,20240416,06-CF 20240416.xlsx,std,4,a,ETI,0.12800000000000003
7,10,394.5,06,20240416,06-CF 20240416.xlsx,std,4,a,ETI,0.12800000000000003
7,20,508.555555555555,06,20240416,06-CF 20240416.xlsx,std,4,a,ETI,0.12800000000000003
7,30,621.705882352941,06,20240416,06-CF 20240416.xlsx,std,4,a,ETI,0.12800000000000003
7,40,686.764705882352,06,20240416,06-CF 20240416.xlsx,std,4,a,ETI,0.12800000000000003
7,50,700.35294117647,06,20240416,06-CF 20240416.xlsx,std,4,a,ETI,0.12800000000000003
7,60,661,06,20240416,06-CF 20240416.xlsx,std,4,a,ETI,0.12800000000000003
8,0,285.285714285714,06,20240416,06-CF 20240416.xlsx,std,4,b,ETI,0.12800000000000003
8,10,308.310344827586,06,20240416,06-CF 20240416.xlsx,std,4,b,ETI,0.12800000000000003
8,20,391.068965517241,06,20240416,06-CF 20240416.xlsx,std,4,b,ETI,0.12800000000000003
8,30,434.290322580645,06,20240416,06-CF 20240416.xlsx,std,4,b,ETI,0.12800000000000003
8,40,479.451612903225,06,20240416,06-CF 20240416.xlsx,std,4,b,ETI,0.12800000000000003
8,50,490.677419354838,06,20240416,06-CF 20240416.xlsx,std,4,b,ETI,0.12800000000000003
8,60,461,06,20240416,06-CF 20240416.xlsx,std,4,b,ETI,0.12800000000000003
9,0,317.634146341463,06,20240416,06-CF 20240416.xlsx,std,5,a,ETI,0.32000000000000006
9,10,336.731707317073,06,20240416,06-CF 20240416.xlsx,std,5,a,ETI,0.32000000000000006
9,20,458.878048780487,06,20240416,06-CF 20240416.xlsx,std,5,a,ETI,0.32000000000000006
9,30,574.282051282051,06,20240416,06-CF 20240416.xlsx,std,5,a,ETI,0.32000000000000006
9,40,677.783783783783,06,20240416,06-CF 20240416.xlsx,std,5,a,ETI,0.32000000000000006
9,50,795.121212121212,06,20240416,06-CF 20240416.xlsx,std,5,a,ETI,0.32000000000000006
9,60,812.125,06,20240416,06-CF 20240416.xlsx,std,5,a,ETI,0.32000000000000006
10,0,216.821428571428,06,20240416,06-CF 20240416.xlsx,std,5,b,ETI,0.32000000000000006
10,10,269.481481481481,06,20240416,06-CF 20240416.xlsx,std,5,b,ETI,0.32000000000000006
10,20,330.571428571428,06,20240416,06-CF 20240416.xlsx,std,5,b,ETI,0.32000000000000006
10,30,376.321428571428,06,20240416,06-CF 20240416.xlsx,std,5,b,ETI,0.32000000000000006
10,40,408.25,06,20240416,06-CF 20240416.xlsx,std,5,b,ETI,0.32000000000000006
10,50,439.148148148148,06,20240416,06-CF 20240416.xlsx,std,5,b,ETI,0.32000000000000006
10,60,404.428571428571,06,20240416,06-CF 20240416.xlsx,std,5,b,ETI,0.32000000000000006
11,0,306.90909090909,06,20240416,06-CF 20240416.xlsx,std,6,a,ETI,0.8000000000000002
11,10,420.090909090909,06,20240416,06-CF 20240416.xlsx,std,6,a,ETI,0.8000000000000002
11,20,510.823529411764,06,20240416,06-CF 20240416.xlsx,std,6,a,ETI,0.8000000000000002
11,30,576.176470588235,06,20240416,06-CF 20240416.xlsx,std,6,a,ETI,0.8000000000000002
11,40,679.096774193548,06,20240416,06-CF 20240416.xlsx,std,6,a,ETI,0.8000000000000002
11,50,663.3125,06,20240416,06-CF 20240416.xlsx,std,6,a,ETI,0.8000000000000002
11,60,660.838709677419,06,20240416,06-CF 20240416.xlsx,std,6,a,ETI,0.8000000000000002
12,0,251.555555555555,06,20240416,06-CF 20240416.xlsx,std,6,b,ETI,0.8000000000000002
12,10,317.357142857142,06,20240416,06-CF 20240416.xlsx,std,6,b,ETI,0.8000000000000002
12,20,408.481481481481,06,20240416,06-CF 20240416.xlsx,std,6,b,ETI,0.8000000000000002
12,30,465.074074074074,06,20240416,06-CF 20240416.xlsx,std,6,b,ETI,0.8000000000000002
12,40,504.518518518518,06,20240416,06-CF 20240416.xlsx,std,6,b,ETI,0.8000000000000002
12,50,497.678571428571,06,20240416,06-CF 20240416.xlsx,std,6,b,ETI,0.8000000000000002
12,60,539.44,06,20240416,06-CF 20240416.xlsx,std,6,b,ETI,0.8000000000000002
13,0,362.117647058823,06,20240416,06-CF 20240416.xlsx,std,7,a,ETI,2
13,10,456.4,06,20240416,06-CF 20240416.xlsx,std,7,a,ETI,2
13,20,554.388888888888,06,20240416,06-CF 20240416.xlsx,std,7,a,ETI,2
13,30,668.058823529411,06,20240416,06-CF 20240416.xlsx,std,7,a,ETI,2
13,40,749.484848484848,06,20240416,06-CF 20240416.xlsx,std,7,a,ETI,2
13,50,863.466666666666,06,20240416,06-CF 20240416.xlsx,std,7,a,ETI,2
13,60,776.625,06,20240416,06-CF 20240416.xlsx,std,7,a,ETI,2
14,0,240.15625,06,20240416,06-CF 20240416.xlsx,std,7,b,ETI,2
14,10,323.46875,06,20240416,06-CF 20240416.xlsx,std,7,b,ETI,2
14,20,411.258064516129,06,20240416,06-CF 20240416.xlsx,std,7,b,ETI,2
14,30,478.766666666666,06,20240416,06-CF 20240416.xlsx,std,7,b,ETI,2
14,40,502.451612903225,06,20240416,06-CF 20240416.xlsx,std,7,b,ETI,2
14,50,553.379310344827,06,20240416,06-CF 20240416.xlsx,std,7,b,ETI,2
14,60,504.290322580645,06,20240416,06-CF 20240416.xlsx,std,7,b,ETI,2
15,0,267.9,06,20240416,06-CF 20240416.xlsx,std,8,a,ETI,5
15,10,435.277777777777,06,20240416,06-CF 20240416.xlsx,std,8,a,ETI,5
15,20,464.4,06,20240416,06-CF 20240416.xlsx,std,8,a,ETI,5
15,30,550,06,20240416,06-CF 20240416.xlsx,std,8,a,ETI,5
15,40,569.65,06,20240416,06-CF 20240416.xlsx,std,8,a,ETI,5
15,50,626.526315789473,06,20240416,06-CF 20240416.xlsx,std,8,a,ETI,5
15,60,650.444444444444,06,20240416,06-CF 20240416.xlsx,std,8,a,ETI,5
16,0,268.689655172413,06,20240416,06-CF 20240416.xlsx,std,8,b,ETI,5
16,10,365.8,06,20240416,06-CF 20240416.xlsx,std,8,b,ETI,5
16,20,463.964285714285,06,20240416,06-CF 20240416.xlsx,std,8,b,ETI,5
16,30,503.827586206896,06,20240416,06-CF 20240416.xlsx,std,8,b,ETI,5
16,40,530.586206896551,06,20240416,06-CF 20240416.xlsx,std,8,b,ETI,5
16,50,531.068965517241,06,20240416,06-CF 20240416.xlsx,std,8,b,ETI,5
16,60,508.366666666666,06,20240416,06-CF 20240416.xlsx,std,8,b,ETI,5
17,0,239.75,06,20240416,06-CF 20240416.xlsx,std,1,a,VTI,0.008192000000000003
17,10,237.448275862068,06,20240416,06-CF 20240416.xlsx,std,1,a,VTI,0.008192000000000003
17,20,265.862068965517,06,20240416,06-CF 20240416.xlsx,std,1,a,VTI,0.008192000000000003
17,30,293.1,06,20240416,06-CF 20240416.xlsx,std,1,a,VTI,0.008192000000000003
17,40,321.967741935483,06,20240416,06-CF 20240416.xlsx,std,1,a,VTI,0.008192000000000003
17,50,354.58064516129,06,20240416,06-CF 20240416.xlsx,std,1,a,VTI,0.008192000000000003
17,60,363.322580645161,06,20240416,06-CF 20240416.xlsx,std,1,a,VTI,0.008192000000000003
18,0,279.709677419354,06,20240416,06-CF 20240416.xlsx,std,1,b,VTI,0.008192000000000003
18,10,293.9,06,20240416,06-CF 20240416.xlsx,std,1,b,VTI,0.008192000000000003
18,20,319.966666666666,06,20240416,06-CF 20240416.xlsx,std,1,b,VTI,0.008192000000000003
18,30,361.066666666666,06,20240416,06-CF 20240416.xlsx,std,1,b,VTI,0.008192000000000003
18,40,425.827586206896,06,20240416,06-CF 20240416.xlsx,std,1,b,VTI,0.008192000000000003
18,50,498.285714285714,06,20240416,06-CF 20240416.xlsx,std,1,b,VTI,0.008192000000000003
18,60,534.321428571428,06,20240416,06-CF 20240416.xlsx,std,1,b,VTI,0.008192000000000003
19,0,304.638888888888,06,20240416,06-CF 20240416.xlsx,std,2,a,VTI,0.02048000000000001
19,10,306.583333333333,06,20240416,06-CF 20240416.xlsx,std,2,a,VTI,0.02048000000000001
19,20,347.571428571428,06,20240416,06-CF 20240416.xlsx,std,2,a,VTI,0.02048000000000001
19,30,392.777777777777,06,20240416,06-CF 20240416.xlsx,std,2,a,VTI,0.02048000000000001
19,40,481.235294117647,06,20240416,06-CF 20240416.xlsx,std,2,a,VTI,0.02048000000000001
19,50,552.60606060606,06,20240416,06-CF 20240416.xlsx,std,2,a,VTI,0.02048000000000001
19,60,691.724137931034,06,20240416,06-CF 20240416.xlsx,std,2,a,VTI,0.02048000000000001
20,0,332.333333333333,06,20240416,06-CF 20240416.xlsx,std,2,b,VTI,0.02048000000000001
20,10,326.181818181818,06,20240416,06-CF 20240416.xlsx,std,2,b,VTI,0.02048000000000001
20,20,368.790697674418,06,20240416,06-CF 20240416.xlsx,std,2,b,VTI,0.02048000000000001
20,30,432.511627906976,06,20240416,06-CF 20240416.xlsx,std,2,b,VTI,0.02048000000000001
20,40,492.863636363636,06,20240416,06-CF 20240416.xlsx,std,2,b,VTI,0.02048000000000001
20,50,580.404761904761,06,20240416,06-CF 20240416.xlsx,std,2,b,VTI,0.02048000000000001
20,60,587.714285714285,06,20240416,06-CF 20240416.xlsx,std,2,b,VTI,0.02048000000000001
21,0,307.102564102564,06,20240416,06-CF 20240416.xlsx,std,3,a,VTI,0.05120000000000001
21,10,308.025,06,20240416,06-CF 20240416.xlsx,std,3,a,VTI,0.05120000000000001
21,20,343.341463414634,06,20240416,06-CF 20240416.xlsx,std,3,a,VTI,0.05120000000000001
21,30,418.928571428571,06,20240416,06-CF 20240416.xlsx,std,3,a,VTI,0.05120000000000001
21,40,477.380952380952,06,20240416,06-CF 20240416.xlsx,std,3,a,VTI,0.05120000000000001
21,50,537.575,06,20240416,06-CF 20240416.xlsx,std,3,a,VTI,0.05120000000000001
21,60,554.897435897435,06,20240416,06-CF 20240416.xlsx,std,3,a,VTI,0.05120000000000001
22,0,290.105263157894,06,20240416,06-CF 20240416.xlsx,std,3,b,VTI,0.05120000000000001
22,10,287.285714285714,06,20240416,06-CF 20240416.xlsx,std,3,b,VTI,0.05120000000000001
22,20,370.6,06,20240416,06-CF 20240416.xlsx,std,3,b,VTI,0.05120000000000001
22,30,444.05,06,20240416,06-CF 20240416.xlsx,std,3,b,VTI,0.05120000000000001
22,40,494.65,06,20240416,06-CF 20240416.xlsx,std,3,b,VTI,0.05120000000000001
22,50,517.5,06,20240416,06-CF 20240416.xlsx,std,3,b,VTI,0.05120000000000001
22,60,513.578947368421,06,20240416,06-CF 20240416.xlsx,std,3,b,VTI,0.05120000000000001
23,0,282.478260869565,06,20240416,06-CF 20240416.xlsx,std,4,a,VTI,0.12800000000000003
23,10,335.826086956521,06,20240416,06-CF 20240416.xlsx,std,4,a,VTI,0.12800000000000003
23,20,412.875,06,20240416,06-CF 20240416.xlsx,std,4,a,VTI,0.12800000000000003
23,30,480.208333333333,06,20240416,06-CF 20240416.xlsx,std,4,a,VTI,0.12800000000000003
23,40,518.458333333333,06,20240416,06-CF 20240416.xlsx,std,4,a,VTI,0.12800000000000003
23,50,522.76,06,20240416,06-CF 20240416.xlsx,std,4,a,VTI,0.12800000000000003
23,60,532.416666666666,06,20240416,06-CF 20240416.xlsx,std,4,a,VTI,0.12800000000000003
24,0,298.088235294117,06,20240416,06-CF 20240416.xlsx,std,4,b,VTI,0.12800000000000003
24,10,334.457142857142,06,20240416,06-CF 20240416.xlsx,std,4,b,VTI,0.12800000000000003
24,20,438.555555555555,06,20240416,06-CF 20240416.xlsx,std,4,b,VTI,0.12800000000000003
24,30,548.363636363636,06,20240416,06-CF 20240416.xlsx,std,4,b,VTI,0.12800000000000003
24,40,586.941176470588,06,20240416,06-CF 20240416.xlsx,std,4,b,VTI,0.12800000000000003
24,50,635.59375,06,20240416,06-CF 20240416.xlsx,std,4,b,VTI,0.12800000000000003
24,60,581.029411764705,06,20240416,06-CF 20240416.xlsx,std,4,b,VTI,0.12800000000000003
25,0,276.121212121212,06,20240416,06-CF 20240416.xlsx,std,5,a,VTI,0.32000000000000006
25,10,342.575757575757,06,20240416,06-CF 20240416.xlsx,std,5,a,VTI,0.32000000000000006
25,20,443.212121212121,06,20240416,06-CF 20240416.xlsx,std,5,a,VTI,0.32000000000000006
25,30,529.870967741935,06,20240416,06-CF 20240416.xlsx,std,5,a,VTI,0.32000000000000006
25,40,569.935483870967,06,20240416,06-CF 20240416.xlsx,std,5,a,VTI,0.32000000000000006
25,50,566.516129032258,06,20240416,06-CF 20240416.xlsx,std,5,a,VTI,0.32000000000000006
25,60,530.1875,06,20240416,06-CF 20240416.xlsx,std,5,a,VTI,0.32000000000000006
26,0,244.774193548387,06,20240416,06-CF 20240416.xlsx,std,5,b,VTI,0.32000000000000006
26,10,277.193548387096,06,20240416,06-CF 20240416.xlsx,std,5,b,VTI,0.32000000000000006
26,20,360.060606060606,06,20240416,06-CF 20240416.xlsx,std,5,b,VTI,0.32000000000000006
26,30,401.617647058823,06,20240416,06-CF 20240416.xlsx,std,5,b,VTI,0.32000000000000006
26,40,463.515151515151,06,20240416,06-CF 20240416.xlsx,std,5,b,VTI,0.32000000000000006
26,50,500.1875,06,20240416,06-CF 20240416.xlsx,std,5,b,VTI,0.32000000000000006
26,60,492.3125,06,20240416,06-CF 20240416.xlsx,std,5,b,VTI,0.32000000000000006
27,0,268.233333333333,06,20240416,06-CF 20240416.xlsx,std,6,a,VTI,0.8000000000000002
27,10,376.862068965517,06,20240416,06-CF 20240416.xlsx,std,6,a,VTI,0.8000000000000002
27,20,442.566666666666,06,20240416,06-CF 20240416.xlsx,std,6,a,VTI,0.8000000000000002
27,30,512.862068965517,06,20240416,06-CF 20240416.xlsx,std,6,a,VTI,0.8000000000000002
27,40,640.6,06,20240416,06-CF 20240416.xlsx,std,6,a,VTI,0.8000000000000002
27,50,599,06,20240416,06-CF 20240416.xlsx,std,6,a,VTI,0.8000000000000002
27,60,591.592592592592,06,20240416,06-CF 20240416.xlsx,std,6,a,VTI,0.8000000000000002
28,0,278.026315789473,06,20240416,06-CF 20240416.xlsx,std,6,b,VTI,0.8000000000000002
28,10,326.189189189189,06,20240416,06-CF 20240416.xlsx,std,6,b,VTI,0.8000000000000002
28,20,429.631578947368,06,20240416,06-CF 20240416.xlsx,std,6,b,VTI,0.8000000000000002
28,30,492.538461538461,06,20240416,06-CF 20240416.xlsx,std,6,b,VTI,0.8000000000000002
28,40,575.486486486486,06,20240416,06-CF 20240416.xlsx,std,6,b,VTI,0.8000000000000002
28,50,548.692307692307,06,20240416,06-CF 20240416.xlsx,std,6,b,VTI,0.8000000000000002
28,60,605.444444444444,06,20240416,06-CF 20240416.xlsx,std,6,b,VTI,0.8000000000000002
29,0,255.52,06,20240416,06-CF 20240416.xlsx,std,7,a,VTI,2
29,10,336.192307692307,06,20240416,06-CF 20240416.xlsx,std,7,a,VTI,2
29,20,423.5,06,20240416,06-CF 20240416.xlsx,std,7,a,VTI,2
29,30,478.153846153846,06,20240416,06-CF 20240416.xlsx,std,7,a,VTI,2
29,40,519.115384615384,06,20240416,06-CF 20240416.xlsx,std,7,a,VTI,2
29,50,532.230769230769,06,20240416,06-CF 20240416.xlsx,std,7,a,VTI,2
29,60,535.846153846153,06,20240416,06-CF 20240416.xlsx,std,7,a,VTI,2
30,0,359,06,20240416,06-CF 20240416.xlsx,std,7,b,VTI,2
30,10,425.608695652173,06,20240416,06-CF 20240416.xlsx,std,7,b,VTI,2
30,20,505.416666666666,06,20240416,06-CF 20240416.xlsx,std,7,b,VTI,2
30,30,516.958333333333,06,20240416,06-CF 20240416.xlsx,std,7,b,VTI,2
30,40,611.863636363636,06,20240416,06-CF 20240416.xlsx,std,7,b,VTI,2
30,50,684.714285714285,06,20240416,06-CF 20240416.xlsx,std,7,b,VTI,2
30,60,656.727272727272,06,20240416,06-CF 20240416.xlsx,std,7,b,VTI,2
31,0,279.185185185185,06,20240416,06-CF 20240416.xlsx,std,8,a,VTI,5
31,10,390.285714285714,06,20240416,06-CF 20240416.xlsx,std,8,a,VTI,5
31,20,474.214285714285,06,20240416,06-CF 20240416.xlsx,std,8,a,VTI,5
31,30,540.142857142857,06,20240416,06-CF 20240416.xlsx,std,8,a,VTI,5
31,40,593.107142857142,06,20240416,06-CF 20240416.xlsx,std,8,a,VTI,5
31,50,628.777777777777,06,20240416,06-CF 20240416.xlsx,std,8,a,VTI,5
31,60,600.185185185185,06,20240416,06-CF 20240416.xlsx,std,8,a,VTI,5
32,0,250.35,06,20240416,06-CF 20240416.xlsx,std,8,b,VTI,5
32,10,342.25,06,20240416,06-CF 20240416.xlsx,std,8,b,VTI,5
32,20,410.3,06,20240416,06-CF 20240416.xlsx,std,8,b,VTI,5
32,30,437.136363636363,06,20240416,06-CF 20240416.xlsx,std,8,b,VTI,5
32,40,487.571428571428,06,20240416,06-CF 20240416.xlsx,std,8,b,VTI,5
32,50,492.761904761904,06,20240416,06-CF 20240416.xlsx,std,8,b,VTI,5
32,60,465.954545454545,06,20240416,06-CF 20240416.xlsx,std,8,b,VTI,5
65,0,232,06,20240416,06-CF 20240416.xlsx,std,2,a,FskOnly,0.02048000000000001
65,10,231.038461538461,06,20240416,06-CF 20240416.xlsx,std,2,a,FskOnly,0.02048000000000001
65,20,229.5,06,20240416,06-CF 20240416.xlsx,std,2,a,FskOnly,0.02048000000000001
65,30,227.230769230769,06,20240416,06-CF 20240416.xlsx,std,2,a,FskOnly,0.02048000000000001
65,40,226.038461538461,06,20240416,06-CF 20240416.xlsx,std,2,a,FskOnly,0.02048000000000001
65,50,228.08,06,20240416,06-CF 20240416.xlsx,std,2,a,FskOnly,0.02048000000000001
65,60,235.666666666666,06,20240416,06-CF 20240416.xlsx,std,2,a,FskOnly,0.02048000000000001
66,0,315.206896551724,06,20240416,06-CF 20240416.xlsx,std,2,b,FskOnly,0.02048000000000001
66,10,322.571428571428,06,20240416,06-CF 20240416.xlsx,std,2,b,FskOnly,0.02048000000000001
66,20,305.2,06,20240416,06-CF 20240416.xlsx,std,2,b,FskOnly,0.02048000000000001
66,30,329.592592592592,06,20240416,06-CF 20240416.xlsx,std,2,b,FskOnly,0.02048000000000001
66,40,340.115384615384,06,20240416,06-CF 20240416.xlsx,std,2,b,FskOnly,0.02048000000000001
66,50,311.75,06,20240416,06-CF 20240416.xlsx,std,2,b,FskOnly,0.02048000000000001
66,60,316.74074074074,06,20240416,06-CF 20240416.xlsx,std,2,b,FskOnly,0.02048000000000001
67,0,292.066666666666,06,20240416,06-CF 20240416.xlsx,std,4,a,FskOnly,0.12800000000000003
67,10,271,06,20240416,06-CF 20240416.xlsx,std,4,a,FskOnly,0.12800000000000003
67,20,277.75,06,20240416,06-CF 20240416.xlsx,std,4,a,FskOnly,0.12800000000000003
67,30,274.625,06,20240416,06-CF 20240416.xlsx,std,4,a,FskOnly,0.12800000000000003
67,40,273.4375,06,20240416,06-CF 20240416.xlsx,std,4,a,FskOnly,0.12800000000000003
67,50,269.1875,06,20240416,06-CF 20240416.xlsx,std,4,a,FskOnly,0.12800000000000003
67,60,267.5,06,20240416,06-CF 20240416.xlsx,std,4,a,FskOnly,0.12800000000000003
68,0,296.90909090909,06,20240416,06-CF 20240416.xlsx,std,4,b,FskOnly,0.12800000000000003
68,10,296.772727272727,06,20240416,06-CF 20240416.xlsx,std,4,b,FskOnly,0.12800000000000003
68,20,292.217391304347,06,20240416,06-CF 20240416.xlsx,std,4,b,FskOnly,0.12800000000000003
68,30,290.347826086956,06,20240416,06-CF 20240416.xlsx,std,4,b,FskOnly,0.12800000000000003
68,40,287.086956521739,06,20240416,06-CF 20240416.xlsx,std,4,b,FskOnly,0.12800000000000003
68,50,283.91304347826,06,20240416,06-CF 20240416.xlsx,std,4,b,FskOnly,0.12800000000000003
68,60,281.739130434782,06,20240416,06-CF 20240416.xlsx,std,4,b,FskOnly,0.12800000000000003
69,0,266.136363636363,06,20240416,06-CF 20240416.xlsx,std,6,a,FskOnly,0.8000000000000002
69,10,255.826086956521,06,20240416,06-CF 20240416.xlsx,std,6,a,FskOnly,0.8000000000000002
69,20,254.434782608695,06,20240416,06-CF 20240416.xlsx,std,6,a,FskOnly,0.8000000000000002
69,30,253.173913043478,06,20240416,06-CF 20240416.xlsx,std,6,a,FskOnly,0.8000000000000002
69,40,251.565217391304,06,20240416,06-CF 20240416.xlsx,std,6,a,FskOnly,0.8000000000000002
69,50,252.608695652173,06,20240416,06-CF 20240416.xlsx,std,6,a,FskOnly,0.8000000000000002
69,60,264.40909090909,06,20240416,06-CF 20240416.xlsx,std,6,a,FskOnly,0.8000000000000002
70,0,270.928571428571,06,20240416,06-CF 20240416.xlsx,std,6,b,FskOnly,0.8000000000000002
70,10,264.321428571428,06,20240416,06-CF 20240416.xlsx,std,6,b,FskOnly,0.8000000000000002
70,20,261.642857142857,06,20240416,06-CF 20240416.xlsx,std,6,b,FskOnly,0.8000000000000002
70,30,262.25,06,20240416,06-CF 20240416.xlsx,std,6,b,FskOnly,0.8000000000000002
70,40,275.692307692307,06,20240416,06-CF 20240416.xlsx,std,6,b,FskOnly,0.8000000000000002
70,50,267.703703703703,06,20240416,06-CF 20240416.xlsx,std,6,b,FskOnly,0.8000000000000002
70,60,259.214285714285,06,20240416,06-CF 20240416.xlsx,std,6,b,FskOnly,0.8000000000000002
71,0,262.636363636363,06,20240416,06-CF 20240416.xlsx,std,8,a,FskOnly,5
71,10,264.363636363636,06,20240416,06-CF 20240416.xlsx,std,8,a,FskOnly,5
71,20,271.636363636363,06,20240416,06-CF 20240416.xlsx,std,8,a,FskOnly,5
71,30,276.90909090909,06,20240416,06-CF 20240416.xlsx,std,8,a,FskOnly,5
71,40,269.347826086956,06,20240416,06-CF 20240416.xlsx,std,8,a,FskOnly,5
71,50,286.181818181818,06,20240416,06-CF 20240416.xlsx,std,8,a,FskOnly,5
71,60,290.954545454545,06,20240416,06-CF 20240416.xlsx,std,8,a,FskOnly,5
72,0,267.227272727272,06,20240416,06-CF 20240416.xlsx,std,8,b,FskOnly,5
72,10,270.5,06,20240416,06-CF 20240416.xlsx,std,8,b,FskOnly,5
72,20,264.869565217391,06,20240416,06-CF 20240416.xlsx,std,8,b,FskOnly,5
72,30,271.347826086956,06,20240416,06-CF 20240416.xlsx,std,8,b,FskOnly,5
72,40,276.478260869565,06,20240416,06-CF 20240416.xlsx,std,8,b,FskOnly,5
72,50,279.217391304347,06,20240416,06-CF 20240416.xlsx,std,8,b,FskOnly,5
72,60,282.95652173913,06,20240416,06-CF 20240416.xlsx,std,8,b,FskOnly,5
1,0,416.196428571428,06,20240430,06-CF 20240430.xlsx,std,1,a,ETI,0.008192000000000003
1,10,429.928571428571,06,20240430,06-CF 20240430.xlsx,std,1,a,ETI,0.008192000000000003
1,20,468.054545454545,06,20240430,06-CF 20240430.xlsx,std,1,a,ETI,0.008192000000000003
1,30,537.264150943396,06,20240430,06-CF 20240430.xlsx,std,1,a,ETI,0.008192000000000003
1,40,611.634615384615,06,20240430,06-CF 20240430.xlsx,std,1,a,ETI,0.008192000000000003
1,50,647.685185185185,06,20240430,06-CF 20240430.xlsx,std,1,a,ETI,0.008192000000000003
1,60,682.358490566037,06,20240430,06-CF 20240430.xlsx,std,1,a,ETI,0.008192000000000003
2,0,365.897959183673,06,20240430,06-CF 20240430.xlsx,std,1,b,ETI,0.008192000000000003
2,10,368.795918367346,06,20240430,06-CF 20240430.xlsx,std,1,b,ETI,0.008192000000000003
2,20,411.404255319148,06,20240430,06-CF 20240430.xlsx,std,1,b,ETI,0.008192000000000003
2,30,445.229166666666,06,20240430,06-CF 20240430.xlsx,std,1,b,ETI,0.008192000000000003
2,40,516.297872340425,06,20240430,06-CF 20240430.xlsx,std,1,b,ETI,0.008192000000000003
2,50,577.255319148936,06,20240430,06-CF 20240430.xlsx,std,1,b,ETI,0.008192000000000003
2,60,577.125,06,20240430,06-CF 20240430.xlsx,std,1,b,ETI,0.008192000000000003
3,0,399.241379310344,06,20240430,06-CF 20240430.xlsx,std,2,a,ETI,0.02048000000000001
3,10,403.655172413793,06,20240430,06-CF 20240430.xlsx,std,2,a,ETI,0.02048000000000001
3,20,394.322580645161,06,20240430,06-CF 20240430.xlsx,std,2,a,ETI,0.02048000000000001
3,30,482.03448275862,06,20240430,06-CF 20240430.xlsx,std,2,a,ETI,0.02048000000000001
3,40,540.733333333333,06,20240430,06-CF 20240430.xlsx,std,2,a,ETI,0.02048000000000001
3,50,659.857142857142,06,20240430,06-CF 20240430.xlsx,std,2,a,ETI,0.02048000000000001
3,60,721.925925925926,06,20240430,06-CF 20240430.xlsx,std,2,a,ETI,0.02048000000000001
4,0,392.45652173913,06,20240430,06-CF 20240430.xlsx,std,2,b,ETI,0.02048000000000001
4,10,423.888888888888,06,20240430,06-CF 20240430.xlsx,std,2,b,ETI,0.02048000000000001
4,20,484.136363636363,06,20240430,06-CF 20240430.xlsx,std,2,b,ETI,0.02048000000000001
4,30,563.837209302325,06,20240430,06-CF 20240430.xlsx,std,2,b,ETI,0.02048000000000001
4,40,643.325581395348,06,20240430,06-CF 20240430.xlsx,std,2,b,ETI,0.02048000000000001
4,50,691.952380952381,06,20240430,06-CF 20240430.xlsx,std,2,b,ETI,0.02048000000000001
4,60,739.35,06,20240430,06-CF 20240430.xlsx,std,2,b,ETI,0.02048000000000001
5,0,362.157894736842,06,20240430,06-CF 20240430.xlsx,std,3,a,ETI,0.05120000000000001
5,10,367.368421052631,06,20240430,06-CF 20240430.xlsx,std,3,a,ETI,0.05120000000000001
5,20,418.105263157894,06,20240430,06-CF 20240430.xlsx,std,3,a,ETI,0.05120000000000001
5,30,517.8,06,20240430,06-CF 20240430.xlsx,std,3,a,ETI,0.05120000000000001
5,40,610.85,06,20240430,06-CF 20240430.xlsx,std,3,a,ETI,0.05120000000000001
5,50,623.904761904761,06,20240430,06-CF 20240430.xlsx,std,3,a,ETI,0.05120000000000001
5,60,613,06,20240430,06-CF 20240430.xlsx,std,3,a,ETI,0.05120000000000001
6,0,601.190476190476,06,20240430,06-CF 20240430.xlsx,std,3,b,ETI,0.05120000000000001
6,10,621,06,20240430,06-CF 20240430.xlsx,std,3,b,ETI,0.05120000000000001
6,20,747.380952380952,06,20240430,06-CF 20240430.xlsx,std,3,b,ETI,0.05120000000000001
6,30,882.190476190476,06,20240430,06-CF 20240430.xlsx,std,3,b,ETI,0.05120000000000001
6,40,1046.35,06,20240430,06-CF 20240430.xlsx,std,3,b,ETI,0.05120000000000001
6,50,1075,06,20240430,06-CF 20240430.xlsx,std,3,b,ETI,0.05120000000000001
6,60,1072.73684210526,06,20240430,06-CF 20240430.xlsx,std,3,b,ETI,0.05120000000000001
7,0,502.860465116279,06,20240430,06-CF 20240430.xlsx,std,4,a,ETI,0.12800000000000003
7,10,558.093023255813,06,20240430,06-CF 20240430.xlsx,std,4,a,ETI,0.12800000000000003
7,20,739.404761904761,06,20240430,06-CF 20240430.xlsx,std,4,a,ETI,0.12800000000000003
7,30,877.809523809523,06,20240430,06-CF 20240430.xlsx,std,4,a,ETI,0.12800000000000003
7,40,1036.02564102564,06,20240430,06-CF 20240430.xlsx,std,4,a,ETI,0.12800000000000003
7,50,978.97619047619,06,20240430,06-CF 20240430.xlsx,std,4,a,ETI,0.12800000000000003
7,60,996.878048780487,06,20240430,06-CF 20240430.xlsx,std,4,a,ETI,0.12800000000000003
8,0,388.941176470588,06,20240430,06-CF 20240430.xlsx,std,4,b,ETI,0.12800000000000003
8,10,411.588235294117,06,20240430,06-CF 20240430.xlsx,std,4,b,ETI,0.12800000000000003
8,20,516.694444444444,06,20240430,06-CF 20240430.xlsx,std,4,b,ETI,0.12800000000000003
8,30,614.138888888888,06,20240430,06-CF 20240430.xlsx,std,4,b,ETI,0.12800000000000003
8,40,680.305555555555,06,20240430,06-CF 20240430.xlsx,std,4,b,ETI,0.12800000000000003
8,50,677.108108108108,06,20240430,06-CF 20240430.xlsx,std,4,b,ETI,0.12800000000000003
8,60,609.333333333333,06,20240430,06-CF 20240430.xlsx,std,4,b,ETI,0.12800000000000003
9,0,417.594594594594,06,20240430,06-CF 20240430.xlsx,std,5,a,ETI,0.32000000000000006
9,10,443.666666666666,06,20240430,06-CF 20240430.xlsx,std,5,a,ETI,0.32000000000000006
9,20,637.864864864864,06,20240430,06-CF 20240430.xlsx,std,5,a,ETI,0.32000000000000006
9,30,783.777777777777,06,20240430,06-CF 20240430.xlsx,std,5,a,ETI,0.32000000000000006
9,40,874.685714285714,06,20240430,06-CF 20240430.xlsx,std,5,a,ETI,0.32000000000000006
9,50,837.351351351351,06,20240430,06-CF 20240430.xlsx,std,5,a,ETI,0.32000000000000006
9,60,821.81081081081,06,20240430,06-CF 20240430.xlsx,std,5,a,ETI,0.32000000000000006
10,0,339.217391304347,06,20240430,06-CF 20240430.xlsx,std,5,b,ETI,0.32000000000000006
10,10,403,06,20240430,06-CF 20240430.xlsx,std,5,b,ETI,0.32000000000000006
10,20,537.454545454545,06,20240430,06-CF 20240430.xlsx,std,5,b,ETI,0.32000000000000006
10,30,612.739130434782,06,20240430,06-CF 20240430.xlsx,std,5,b,ETI,0.32000000000000006
10,40,689.521739130434,06,20240430,06-CF 20240430.xlsx,std,5,b,ETI,0.32000000000000006
10,50,766.681818181818,06,20240430,06-CF 20240430.xlsx,std,5,b,ETI,0.32000000000000006
10,60,820.333333333333,06,20240430,06-CF 20240430.xlsx,std,5,b,ETI,0.32000000000000006
11,0,332.103448275862,06,20240430,06-CF 20240430.xlsx,std,6,a,ETI,0.8000000000000002
11,10,414.310344827586,06,20240430,06-CF 20240430.xlsx,std,6,a,ETI,0.8000000000000002
11,20,611.230769230769,06,20240430,06-CF 20240430.xlsx,std,6,a,ETI,0.8000000000000002
11,30,710.884615384615,06,20240430,06-CF 20240430.xlsx,std,6,a,ETI,0.8000000000000002
11,40,788.36,06,20240430,06-CF 20240430.xlsx,std,6,a,ETI,0.8000000000000002
11,50,804.4,06,20240430,06-CF 20240430.xlsx,std,6,a,ETI,0.8000000000000002
11,60,759.36,06,20240430,06-CF 20240430.xlsx,std,6,a,ETI,0.8000000000000002
12,0,349.869565217391,06,20240430,06-CF 20240430.xlsx,std,6,b,ETI,0.8000000000000002
12,10,433.869565217391,06,20240430,06-CF 20240430.xlsx,std,6,b,ETI,0.8000000000000002
12,20,612.931818181818,06,20240430,06-CF 20240430.xlsx,std,6,b,ETI,0.8000000000000002
12,30,701.333333333333,06,20240430,06-CF 20240430.xlsx,std,6,b,ETI,0.8000000000000002
12,40,806.06976744186,06,20240430,06-CF 20240430.xlsx,std,6,b,ETI,0.8000000000000002
12,50,841.714285714285,06,20240430,06-CF 20240430.xlsx,std,6,b,ETI,0.8000000000000002
12,60,831.452380952381,06,20240430,06-CF 20240430.xlsx,std,6,b,ETI,0.8000000000000002
13,0,504,06,20240430,06-CF 20240430.xlsx,std,7,a,ETI,2
13,10,632.675675675675,06,20240430,06-CF 20240430.xlsx,std,7,a,ETI,2
13,20,820,06,20240430,06-CF 20240430.xlsx,std,7,a,ETI,2
13,30,940.722222222222,06,20240430,06-CF 20240430.xlsx,std,7,a,ETI,2
13,40,1034.25,06,20240430,06-CF 20240430.xlsx,std,7,a,ETI,2
13,50,1097.94285714285,06,20240430,06-CF 20240430.xlsx,std,7,a,ETI,2
13,60,1125.05882352941,06,20240430,06-CF 20240430.xlsx,std,7,a,ETI,2
14,0,436.348837209302,06,20240430,06-CF 20240430.xlsx,std,7,b,ETI,2
14,10,535.787234042553,06,20240430,06-CF 20240430.xlsx,std,7,b,ETI,2
14,20,707.444444444444,06,20240430,06-CF 20240430.xlsx,std,7,b,ETI,2
14,30,829.704545454545,06,20240430,06-CF 20240430.xlsx,std,7,b,ETI,2
14,40,872.911111111111,06,20240430,06-CF 20240430.xlsx,std,7,b,ETI,2
14,50,901.720930232558,06,20240430,06-CF 20240430.xlsx,std,7,b,ETI,2
14,60,868.954545454545,06,20240430,06-CF 20240430.xlsx,std,7,b,ETI,2
15,0,354.116279069767,06,20240430,06-CF 20240430.xlsx,std,8,a,ETI,5
15,10,473.739130434782,06,20240430,06-CF 20240430.xlsx,std,8,a,ETI,5
15,20,581.521739130434,06,20240430,06-CF 20240430.xlsx,std,8,a,ETI,5
15,30,675.933333333333,06,20240430,06-CF 20240430.xlsx,std,8,a,ETI,5
15,40,708.478260869565,06,20240430,06-CF 20240430.xlsx,std,8,a,ETI,5
15,50,721.239130434782,06,20240430,06-CF 20240430.xlsx,std,8,a,ETI,5
15,60,705.586956521739,06,20240430,06-CF 20240430.xlsx,std,8,a,ETI,5
16,0,455.225806451612,06,20240430,06-CF 20240430.xlsx,std,8,b,ETI,5
16,10,588.176470588235,06,20240430,06-CF 20240430.xlsx,std,8,b,ETI,5
16,20,743.181818181818,06,20240430,06-CF 20240430.xlsx,std,8,b,ETI,5
16,30,899.870967741935,06,20240430,06-CF 20240430.xlsx,std,8,b,ETI,5
16,40,943.032258064516,06,20240430,06-CF 20240430.xlsx,std,8,b,ETI,5
16,50,698.051282051282,06,20240430,06-CF 20240430.xlsx,std,8,b,ETI,5
16,60,657.315789473684,06,20240430,06-CF 20240430.xlsx,std,8,b,ETI,5
17,0,374.615384615384,06,20240430,06-CF 20240430.xlsx,std,1,a,VTI,0.008192000000000003
17,10,378.846153846153,06,20240430,06-CF 20240430.xlsx,std,1,a,VTI,0.008192000000000003
17,20,387.357142857142,06,20240430,06-CF 20240430.xlsx,std,1,a,VTI,0.008192000000000003
17,30,474.153846153846,06,20240430,06-CF 20240430.xlsx,std,1,a,VTI,0.008192000000000003
17,40,537.615384615384,06,20240430,06-CF 20240430.xlsx,std,1,a,VTI,0.008192000000000003
17,50,599.230769230769,06,20240430,06-CF 20240430.xlsx,std,1,a,VTI,0.008192000000000003
17,60,634,06,20240430,06-CF 20240430.xlsx,std,1,a,VTI,0.008192000000000003
18,0,339.461538461538,06,20240430,06-CF 20240430.xlsx,std,1,b,VTI,0.008192000000000003
18,10,350.26923076923,06,20240430,06-CF 20240430.xlsx,std,1,b,VTI,0.008192000000000003
18,20,407.04,06,20240430,06-CF 20240430.xlsx,std,1,b,VTI,0.008192000000000003
18,30,450.461538461538,06,20240430,06-CF 20240430.xlsx,std,1,b,VTI,0.008192000000000003
18,40,516.461538461538,06,20240430,06-CF 20240430.xlsx,std,1,b,VTI,0.008192000000000003
18,50,592.6,06,20240430,06-CF 20240430.xlsx,std,1,b,VTI,0.008192000000000003
18,60,597.76,06,20240430,06-CF 20240430.xlsx,std,1,b,VTI,0.008192000000000003
19,0,329.297297297297,06,20240430,06-CF 20240430.xlsx,std,2,a,VTI,0.02048000000000001
19,10,341.472222222222,06,20240430,06-CF 20240430.xlsx,std,2,a,VTI,0.02048000000000001
19,20,362.947368421052,06,20240430,06-CF 20240430.xlsx,std,2,a,VTI,0.02048000000000001
19,30,447.342105263157,06,20240430,06-CF 20240430.xlsx,std,2,a,VTI,0.02048000000000001
19,40,521.026315789473,06,20240430,06-CF 20240430.xlsx,std,2,a,VTI,0.02048000000000001
19,50,580.594594594594,06,20240430,06-CF 20240430.xlsx,std,2,a,VTI,0.02048000000000001
19,60,570.378378378378,06,20240430,06-CF 20240430.xlsx,std,2,a,VTI,0.02048000000000001
20,0,508.9,06,20240430,06-CF 20240430.xlsx,std,2,b,VTI,0.02048000000000001
20,10,509.1,06,20240430,06-CF 20240430.xlsx,std,2,b,VTI,0.02048000000000001
20,20,584.421052631579,06,20240430,06-CF 20240430.xlsx,std,2,b,VTI,0.02048000000000001
20,30,673.526315789473,06,20240430,06-CF 20240430.xlsx,std,2,b,VTI,0.02048000000000001
20,40,784.421052631579,06,20240430,06-CF 20240430.xlsx,std,2,b,VTI,0.02048000000000001
20,50,876.631578947368,06,20240430,06-CF 20240430.xlsx,std,2,b,VTI,0.02048000000000001
20,60,970.611111111111,06,20240430,06-CF 20240430.xlsx,std,2,b,VTI,0.02048000000000001
21,0,394.297297297297,06,20240430,06-CF 20240430.xlsx,std,3,a,VTI,0.05120000000000001
21,10,409.416666666666,06,20240430,06-CF 20240430.xlsx,std,3,a,VTI,0.05120000000000001
21,20,463.324324324324,06,20240430,06-CF 20240430.xlsx,std,3,a,VTI,0.05120000000000001
21,30,579.27027027027,06,20240430,06-CF 20240430.xlsx,std,3,a,VTI,0.05120000000000001
21,40,650.342105263157,06,20240430,06-CF 20240430.xlsx,std,3,a,VTI,0.05120000000000001
21,50,711.583333333333,06,20240430,06-CF 20240430.xlsx,std,3,a,VTI,0.05120000000000001
21,60,688.918918918919,06,20240430,06-CF 20240430.xlsx,std,3,a,VTI,0.05120000000000001
22,0,390.482758620689,06,20240430,06-CF 20240430.xlsx,std,3,b,VTI,0.05120000000000001
22,10,428.592592592592,06,20240430,06-CF 20240430.xlsx,std,3,b,VTI,0.05120000000000001
22,20,493,06,20240430,06-CF 20240430.xlsx,std,3,b,VTI,0.05120000000000001
22,30,557.636363636363,06,20240430,06-CF 20240430.xlsx,std,3,b,VTI,0.05120000000000001
22,40,745.857142857142,06,20240430,06-CF 20240430.xlsx,std,3,b,VTI,0.05120000000000001
22,50,724.933333333333,06,20240430,06-CF 20240430.xlsx,std,3,b,VTI,0.05120000000000001
22,60,780.5,06,20240430,06-CF 20240430.xlsx,std,3,b,VTI,0.05120000000000001
23,0,388.60606060606,06,20240430,06-CF 20240430.xlsx,std,4,a,VTI,0.12800000000000003
23,10,426.742857142857,06,20240430,06-CF 20240430.xlsx,std,4,a,VTI,0.12800000000000003
23,20,570.257142857142,06,20240430,06-CF 20240430.xlsx,std,4,a,VTI,0.12800000000000003
23,30,696.676470588235,06,20240430,06-CF 20240430.xlsx,std,4,a,VTI,0.12800000000000003
23,40,777.030303030303,06,20240430,06-CF 20240430.xlsx,std,4,a,VTI,0.12800000000000003
23,50,779.787878787878,06,20240430,06-CF 20240430.xlsx,std,4,a,VTI,0.12800000000000003
23,60,777.484848484848,06,20240430,06-CF 20240430.xlsx,std,4,a,VTI,0.12800000000000003
24,0,300.47619047619,06,20240430,06-CF 20240430.xlsx,std,4,b,VTI,0.12800000000000003
24,10,322.190476190476,06,20240430,06-CF 20240430.xlsx,std,4,b,VTI,0.12800000000000003
24,20,456.047619047619,06,20240430,06-CF 20240430.xlsx,std,4,b,VTI,0.12800000000000003
24,30,505.523809523809,06,20240430,06-CF 20240430.xlsx,std,4,b,VTI,0.12800000000000003
24,40,596.2,06,20240430,06-CF 20240430.xlsx,std,4,b,VTI,0.12800000000000003
24,50,576.47619047619,06,20240430,06-CF 20240430.xlsx,std,4,b,VTI,0.12800000000000003
24,60,578.684210526315,06,20240430,06-CF 20240430.xlsx,std,4,b,VTI,0.12800000000000003
25,0,482.026315789473,06,20240430,06-CF 20240430.xlsx,std,5,a,VTI,0.32000000000000006
25,10,551.162162162162,06,20240430,06-CF 20240430.xlsx,std,5,a,VTI,0.32000000000000006
25,20,699.15,06,20240430,06-CF 20240430.xlsx,std,5,a,VTI,0.32000000000000006
25,30,906.135135135135,06,20240430,06-CF 20240430.xlsx,std,5,a,VTI,0.32000000000000006
25,40,1008.43243243243,06,20240430,06-CF 20240430.xlsx,std,5,a,VTI,0.32000000000000006
25,50,939.756097560975,06,20240430,06-CF 20240430.xlsx,std,5,a,VTI,0.32000000000000006
25,60,952.25,06,20240430,06-CF 20240430.xlsx,std,5,a,VTI,0.32000000000000006
26,0,357.5,06,20240430,06-CF 20240430.xlsx,std,5,b,VTI,0.32000000000000006
26,10,397.56,06,20240430,06-CF 20240430.xlsx,std,5,b,VTI,0.32000000000000006
26,20,542.36,06,20240430,06-CF 20240430.xlsx,std,5,b,VTI,0.32000000000000006
26,30,650.48,06,20240430,06-CF 20240430.xlsx,std,5,b,VTI,0.32000000000000006
26,40,696,06,20240430,06-CF 20240430.xlsx,std,5,b,VTI,0.32000000000000006
26,50,724.458333333333,06,20240430,06-CF 20240430.xlsx,std,5,b,VTI,0.32000000000000006
26,60,761.869565217391,06,20240430,06-CF 20240430.xlsx,std,5,b,VTI,0.32000000000000006
27,0,419.523809523809,06,20240430,06-CF 20240430.xlsx,std,6,a,VTI,0.8000000000000002
27,10,541.571428571428,06,20240430,06-CF 20240430.xlsx,std,6,a,VTI,0.8000000000000002
27,20,776.894736842105,06,20240430,06-CF 20240430.xlsx,std,6,a,VTI,0.8000000000000002
27,30,772.545454545454,06,20240430,06-CF 20240430.xlsx,std,6,a,VTI,0.8000000000000002
27,40,976.842105263157,06,20240430,06-CF 20240430.xlsx,std,6,a,VTI,0.8000000000000002
27,50,974.75,06,20240430,06-CF 20240430.xlsx,std,6,a,VTI,0.8000000000000002
27,60,989.55,06,20240430,06-CF 20240430.xlsx,std,6,a,VTI,0.8000000000000002
28,0,325.636363636363,06,20240430,06-CF 20240430.xlsx,std,6,b,VTI,0.8000000000000002
28,10,428.086956521739,06,20240430,06-CF 20240430.xlsx,std,6,b,VTI,0.8000000000000002
28,20,565.545454545454,06,20240430,06-CF 20240430.xlsx,std,6,b,VTI,0.8000000000000002
28,30,616.391304347826,06,20240430,06-CF 20240430.xlsx,std,6,b,VTI,0.8000000000000002
28,40,654.043478260869,06,20240430,06-CF 20240430.xlsx,std,6,b,VTI,0.8000000000000002
28,50,688.636363636363,06,20240430,06-CF 20240430.xlsx,std,6,b,VTI,0.8000000000000002
28,60,709.190476190476,06,20240430,06-CF 20240430.xlsx,std,6,b,VTI,0.8000000000000002
29,0,408.148148148148,06,20240430,06-CF 20240430.xlsx,std,7,a,VTI,2
29,10,469.666666666666,06,20240430,06-CF 20240430.xlsx,std,7,a,VTI,2
29,20,673.107142857142,06,20240430,06-CF 20240430.xlsx,std,7,a,VTI,2
29,30,790.37037037037,06,20240430,06-CF 20240430.xlsx,std,7,a,VTI,2
29,40,901.5,06,20240430,06-CF 20240430.xlsx,std,7,a,VTI,2
29,50,908.346153846153,06,20240430,06-CF 20240430.xlsx,std,7,a,VTI,2
29,60,866.115384615384,06,20240430,06-CF 20240430.xlsx,std,7,a,VTI,2
30,0,349.470588235294,06,20240430,06-CF 20240430.xlsx,std,7,b,VTI,2
30,10,500.942857142857,06,20240430,06-CF 20240430.xlsx,std,7,b,VTI,2
30,20,597.833333333333,06,20240430,06-CF 20240430.xlsx,std,7,b,VTI,2
30,30,739.939393939394,06,20240430,06-CF 20240430.xlsx,std,7,b,VTI,2
30,40,874.533333333333,06,20240430,06-CF 20240430.xlsx,std,7,b,VTI,2
30,50,861.419354838709,06,20240430,06-CF 20240430.xlsx,std,7,b,VTI,2
30,60,760.212121212121,06,20240430,06-CF 20240430.xlsx,std,7,b,VTI,2
31,0,445.4,06,20240430,06-CF 20240430.xlsx,std,8,a,VTI,5
31,10,600.111111111111,06,20240430,06-CF 20240430.xlsx,std,8,a,VTI,5
31,20,742.888888888888,06,20240430,06-CF 20240430.xlsx,std,8,a,VTI,5
31,30,911.96,06,20240430,06-CF 20240430.xlsx,std,8,a,VTI,5
31,40,963.2,06,20240430,06-CF 20240430.xlsx,std,8,a,VTI,5
31,50,1038.08333333333,06,20240430,06-CF 20240430.xlsx,std,8,a,VTI,5
31,60,992,06,20240430,06-CF 20240430.xlsx,std,8,a,VTI,5
32,0,403.384615384615,06,20240430,06-CF 20240430.xlsx,std,8,b,VTI,5
32,10,601.923076923076,06,20240430,06-CF 20240430.xlsx,std,8,b,VTI,5
32,20,765.72,06,20240430,06-CF 20240430.xlsx,std,8,b,VTI,5
32,30,835.5,06,20240430,06-CF 20240430.xlsx,std,8,b,VTI,5
32,40,961.5,06,20240430,06-CF 20240430.xlsx,std,8,b,VTI,5
32,50,959.291666666666,06,20240430,06-CF 20240430.xlsx,std,8,b,VTI,5
32,60,876.807692307692,06,20240430,06-CF 20240430.xlsx,std,8,b,VTI,5
65,0,304.26923076923,06,20240430,06-CF 20240430.xlsx,std,2,a,FskOnly,0.02048000000000001
65,10,301.923076923076,06,20240430,06-CF 20240430.xlsx,std,2,a,FskOnly,0.02048000000000001
65,20,301.576923076923,06,20240430,06-CF 20240430.xlsx,std,2,a,FskOnly,0.02048000000000001
65,30,299.192307692307,06,20240430,06-CF 20240430.xlsx,std,2,a,FskOnly,0.02048000000000001
65,40,305.84,06,20240430,06-CF 20240430.xlsx,std,2,a,FskOnly,0.02048000000000001
65,50,295.76923076923,06,20240430,06-CF 20240430.xlsx,std,2,a,FskOnly,0.02048000000000001
65,60,307.6,06,20240430,06-CF 20240430.xlsx,std,2,a,FskOnly,0.02048000000000001
66,0,387.607142857142,06,20240430,06-CF 20240430.xlsx,std,2,b,FskOnly,0.02048000000000001
66,10,400.37037037037,06,20240430,06-CF 20240430.xlsx,std,2,b,FskOnly,0.02048000000000001
66,20,412.615384615384,06,20240430,06-CF 20240430.xlsx,std,2,b,FskOnly,0.02048000000000001
66,30,427.36,06,20240430,06-CF 20240430.xlsx,std,2,b,FskOnly,0.02048000000000001
66,40,376.821428571428,06,20240430,06-CF 20240430.xlsx,std,2,b,FskOnly,0.02048000000000001
66,50,404.038461538461,06,20240430,06-CF 20240430.xlsx,std,2,b,FskOnly,0.02048000000000001
66,60,373.821428571428,06,20240430,06-CF 20240430.xlsx,std,2,b,FskOnly,0.02048000000000001
67,0,329.090909090909,06,20240430,06-CF 20240430.xlsx,std,4,a,FskOnly,0.12800000000000003
67,10,341.809523809523,06,20240430,06-CF 20240430.xlsx,std,4,a,FskOnly,0.12800000000000003
67,20,324.863636363636,06,20240430,06-CF 20240430.xlsx,std,4,a,FskOnly,0.12800000000000003
67,30,338.761904761904,06,20240430,06-CF 20240430.xlsx,std,4,a,FskOnly,0.12800000000000003
67,40,322.954545454545,06,20240430,06-CF 20240430.xlsx,std,4,a,FskOnly,0.12800000000000003
67,50,322.227272727272,06,20240430,06-CF 20240430.xlsx,std,4,a,FskOnly,0.12800000000000003
67,60,336.380952380952,06,20240430,06-CF 20240430.xlsx,std,4,a,FskOnly,0.12800000000000003
68,0,319.625,06,20240430,06-CF 20240430.xlsx,std,4,b,FskOnly,0.12800000000000003
68,10,365.571428571428,06,20240430,06-CF 20240430.xlsx,std,4,b,FskOnly,0.12800000000000003
68,20,390.615384615384,06,20240430,06-CF 20240430.xlsx,std,4,b,FskOnly,0.12800000000000003
68,30,391.692307692307,06,20240430,06-CF 20240430.xlsx,std,4,b,FskOnly,0.12800000000000003
68,40,392.76923076923,06,20240430,06-CF 20240430.xlsx,std,4,b,FskOnly,0.12800000000000003
68,50,384.384615384615,06,20240430,06-CF 20240430.xlsx,std,4,b,FskOnly,0.12800000000000003
68,60,355.071428571428,06,20240430,06-CF 20240430.xlsx,std,4,b,FskOnly,0.12800000000000003
69,0,355.15,06,20240430,06-CF 20240430.xlsx,std,6,a,FskOnly,0.8000000000000002
69,10,352.7,06,20240430,06-CF 20240430.xlsx,std,6,a,FskOnly,0.8000000000000002
69,20,354.6,06,20240430,06-CF 20240430.xlsx,std,6,a,FskOnly,0.8000000000000002
69,30,355.1,06,20240430,06-CF 20240430.xlsx,std,6,a,FskOnly,0.8000000000000002
69,40,358.65,06,20240430,06-CF 20240430.xlsx,std,6,a,FskOnly,0.8000000000000002
69,50,359.1,06,20240430,06-CF 20240430.xlsx,std,6,a,FskOnly,0.8000000000000002
69,60,361.15,06,20240430,06-CF 20240430.xlsx,std,6,a,FskOnly,0.8000000000000002
70,0,314.633333333333,06,20240430,06-CF 20240430.xlsx,std,6,b,FskOnly,0.8000000000000002
70,10,304.032258064516,06,20240430,06-CF 20240430.xlsx,std,6,b,FskOnly,0.8000000000000002
70,20,314.7,06,20240430,06-CF 20240430.xlsx,std,6,b,FskOnly,0.8000000000000002
70,30,335.178571428571,06,20240430,06-CF 20240430.xlsx,std,6,b,FskOnly,0.8000000000000002
70,40,335.142857142857,06,20240430,06-CF 20240430.xlsx,std,6,b,FskOnly,0.8000000000000002
70,50,329.103448275862,06,20240430,06-CF 20240430.xlsx,std,6,b,FskOnly,0.8000000000000002
70,60,330.689655172413,06,20240430,06-CF 20240430.xlsx,std,6,b,FskOnly,0.8000000000000002
71,0,257.941176470588,06,20240430,06-CF 20240430.xlsx,std,8,a,FskOnly,5
71,10,282.25,06,20240430,06-CF 20240430.xlsx,std,8,a,FskOnly,5
71,20,292.625,06,20240430,06-CF 20240430.xlsx,std,8,a,FskOnly,5
71,30,299.25,06,20240430,06-CF 20240430.xlsx,std,8,a,FskOnly,5
71,40,306.125,06,20240430,06-CF 20240430.xlsx,std,8,a,FskOnly,5
71,50,293.941176470588,06,20240430,06-CF 20240430.xlsx,std,8,a,FskOnly,5
71,60,300.529411764705,06,20240430,06-CF 20240430.xlsx,std,8,a,FskOnly,5
72,0,395.958333333333,06,20240430,06-CF 20240430.xlsx,std,8,b,FskOnly,5
72,10,402.583333333333,06,20240430,06-CF 20240430.xlsx,std,8,b,FskOnly,5
72,20,396.32,06,20240430,06-CF 20240430.xlsx,std,8,b,FskOnly,5
72,30,421.166666666666,06,20240430,06-CF 20240430.xlsx,std,8,b,FskOnly,5
72,40,426.875,06,20240430,06-CF 20240430.xlsx,std,8,b,FskOnly,5
72,50,415.8,06,20240430,06-CF 20240430.xlsx,std,8,b,FskOnly,5
72,60,419.84,06,20240430,06-CF 20240430.xlsx,std,8,b,FskOnly,5
1,0,247.589743589743,27,20240409,27-CF 20240409.xlsx,std,1,a,ETI,0.008192000000000003
1,10,245.225,27,20240409,27-CF 20240409.xlsx,std,1,a,ETI,0.008192000000000003
1,20,251.575,27,20240409,27-CF 20240409.xlsx,std,1,a,ETI,0.008192000000000003
1,30,257.756097560975,27,20240409,27-CF 20240409.xlsx,std,1,a,ETI,0.008192000000000003
1,40,268.560975609756,27,20240409,27-CF 20240409.xlsx,std,1,a,ETI,0.008192000000000003
1,50,281.146341463414,27,20240409,27-CF 20240409.xlsx,std,1,a,ETI,0.008192000000000003
1,60,292.658536585365,27,20240409,27-CF 20240409.xlsx,std,1,a,ETI,0.008192000000000003
2,0,237.90243902439,27,20240409,27-CF 20240409.xlsx,std,1,b,ETI,0.008192000000000003
2,10,242.65,27,20240409,27-CF 20240409.xlsx,std,1,b,ETI,0.008192000000000003
2,20,251.25,27,20240409,27-CF 20240409.xlsx,std,1,b,ETI,0.008192000000000003
2,30,261.475,27,20240409,27-CF 20240409.xlsx,std,1,b,ETI,0.008192000000000003
2,40,271.125,27,20240409,27-CF 20240409.xlsx,std,1,b,ETI,0.008192000000000003
2,50,283.05,27,20240409,27-CF 20240409.xlsx,std,1,b,ETI,0.008192000000000003
2,60,295.975,27,20240409,27-CF 20240409.xlsx,std,1,b,ETI,0.008192000000000003
3,0,256.666666666666,27,20240409,27-CF 20240409.xlsx,std,2,a,ETI,0.02048000000000001
3,10,263.309523809523,27,20240409,27-CF 20240409.xlsx,std,2,a,ETI,0.02048000000000001
3,20,282.658536585365,27,20240409,27-CF 20240409.xlsx,std,2,a,ETI,0.02048000000000001
3,30,292.690476190476,27,20240409,27-CF 20240409.xlsx,std,2,a,ETI,0.02048000000000001
3,40,308.627906976744,27,20240409,27-CF 20240409.xlsx,std,2,a,ETI,0.02048000000000001
3,50,336.214285714285,27,20240409,27-CF 20240409.xlsx,std,2,a,ETI,0.02048000000000001
3,60,367.317073170731,27,20240409,27-CF 20240409.xlsx,std,2,a,ETI,0.02048000000000001
4,0,259,27,20240409,27-CF 20240409.xlsx,std,2,b,ETI,0.02048000000000001
4,10,266.258064516129,27,20240409,27-CF 20240409.xlsx,std,2,b,ETI,0.02048000000000001
4,20,286.033333333333,27,20240409,27-CF 20240409.xlsx,std,2,b,ETI,0.02048000000000001
4,30,292.354838709677,27,20240409,27-CF 20240409.xlsx,std,2,b,ETI,0.02048000000000001
4,40,322,27,20240409,27-CF 20240409.xlsx,std,2,b,ETI,0.02048000000000001
4,50,342.9,27,20240409,27-CF 20240409.xlsx,std,2,b,ETI,0.02048000000000001
4,60,366.333333333333,27,20240409,27-CF 20240409.xlsx,std,2,b,ETI,0.02048000000000001
5,0,228.40625,27,20240409,27-CF 20240409.xlsx,std,3,a,ETI,0.05120000000000001
5,10,233.625,27,20240409,27-CF 20240409.xlsx,std,3,a,ETI,0.05120000000000001
5,20,252.875,27,20240409,27-CF 20240409.xlsx,std,3,a,ETI,0.05120000000000001
5,30,289.4375,27,20240409,27-CF 20240409.xlsx,std,3,a,ETI,0.05120000000000001
5,40,351.066666666666,27,20240409,27-CF 20240409.xlsx,std,3,a,ETI,0.05120000000000001
5,50,396.633333333333,27,20240409,27-CF 20240409.xlsx,std,3,a,ETI,0.05120000000000001
5,60,403.28125,27,20240409,27-CF 20240409.xlsx,std,3,a,ETI,0.05120000000000001
6,0,319.432432432432,27,20240409,27-CF 20240409.xlsx,std,3,b,ETI,0.05120000000000001
6,10,309.487179487179,27,20240409,27-CF 20240409.xlsx,std,3,b,ETI,0.05120000000000001
6,20,341.473684210526,27,20240409,27-CF 20240409.xlsx,std,3,b,ETI,0.05120000000000001
6,30,378.282051282051,27,20240409,27-CF 20240409.xlsx,std,3,b,ETI,0.05120000000000001
6,40,425.075,27,20240409,27-CF 20240409.xlsx,std,3,b,ETI,0.05120000000000001
6,50,509.105263157894,27,20240409,27-CF 20240409.xlsx,std,3,b,ETI,0.05120000000000001
6,60,538.487179487179,27,20240409,27-CF 20240409.xlsx,std,3,b,ETI,0.05120000000000001
7,0,249.425531914893,27,20240409,27-CF 20240409.xlsx,std,4,a,ETI,0.12800000000000003
7,10,275.872340425531,27,20240409,27-CF 20240409.xlsx,std,4,a,ETI,0.12800000000000003
7,20,339.52,27,20240409,27-CF 20240409.xlsx,std,4,a,ETI,0.12800000000000003
7,30,394.44,27,20240409,27-CF 20240409.xlsx,std,4,a,ETI,0.12800000000000003
7,40,422.019607843137,27,20240409,27-CF 20240409.xlsx,std,4,a,ETI,0.12800000000000003
7,50,425.423076923076,27,20240409,27-CF 20240409.xlsx,std,4,a,ETI,0.12800000000000003
7,60,432.941176470588,27,20240409,27-CF 20240409.xlsx,std,4,a,ETI,0.12800000000000003
8,0,198.382352941176,27,20240409,27-CF 20240409.xlsx,std,4,b,ETI,0.12800000000000003
8,10,206.264705882352,27,20240409,27-CF 20240409.xlsx,std,4,b,ETI,0.12800000000000003
8,20,250.428571428571,27,20240409,27-CF 20240409.xlsx,std,4,b,ETI,0.12800000000000003
8,30,322.588235294117,27,20240409,27-CF 20240409.xlsx,std,4,b,ETI,0.12800000000000003
8,40,347.972222222222,27,20240409,27-CF 20240409.xlsx,std,4,b,ETI,0.12800000000000003
8,50,374.833333333333,27,20240409,27-CF 20240409.xlsx,std,4,b,ETI,0.12800000000000003
8,60,384.8,27,20240409,27-CF 20240409.xlsx,std,4,b,ETI,0.12800000000000003
9,0,250.263157894736,27,20240409,27-CF 20240409.xlsx,std,5,a,ETI,0.32000000000000006
9,10,271.27027027027,27,20240409,27-CF 20240409.xlsx,std,5,a,ETI,0.32000000000000006
9,20,310.926829268292,27,20240409,27-CF 20240409.xlsx,std,5,a,ETI,0.32000000000000006
9,30,381.80487804878,27,20240409,27-CF 20240409.xlsx,std,5,a,ETI,0.32000000000000006
9,40,420.837209302325,27,20240409,27-CF 20240409.xlsx,std,5,a,ETI,0.32000000000000006
9,50,453.790697674418,27,20240409,27-CF 20240409.xlsx,std,5,a,ETI,0.32000000000000006
9,60,472.488372093023,27,20240409,27-CF 20240409.xlsx,std,5,a,ETI,0.32000000000000006
10,0,273.81081081081,27,20240409,27-CF 20240409.xlsx,std,5,b,ETI,0.32000000000000006
10,10,313.405405405405,27,20240409,27-CF 20240409.xlsx,std,5,b,ETI,0.32000000000000006
10,20,411.324324324324,27,20240409,27-CF 20240409.xlsx,std,5,b,ETI,0.32000000000000006
10,30,593.16129032258,27,20240409,27-CF 20240409.xlsx,std,5,b,ETI,0.32000000000000006
10,40,657.612903225806,27,20240409,27-CF 20240409.xlsx,std,5,b,ETI,0.32000000000000006
10,50,683.096774193548,27,20240409,27-CF 20240409.xlsx,std,5,b,ETI,0.32000000000000006
10,60,682.258064516129,27,20240409,27-CF 20240409.xlsx,std,5,b,ETI,0.32000000000000006
11,0,226.785714285714,27,20240409,27-CF 20240409.xlsx,std,6,a,ETI,0.8000000000000002
11,10,242.954545454545,27,20240409,27-CF 20240409.xlsx,std,6,a,ETI,0.8000000000000002
11,20,315.111111111111,27,20240409,27-CF 20240409.xlsx,std,6,a,ETI,0.8000000000000002
11,30,365.446808510638,27,20240409,27-CF 20240409.xlsx,std,6,a,ETI,0.8000000000000002
11,40,433.933333333333,27,20240409,27-CF 20240409.xlsx,std,6,a,ETI,0.8000000000000002
11,50,448.130434782608,27,20240409,27-CF 20240409.xlsx,std,6,a,ETI,0.8000000000000002
11,60,503.395348837209,27,20240409,27-CF 20240409.xlsx,std,6,a,ETI,0.8000000000000002
12,0,337.230769230769,27,20240409,27-CF 20240409.xlsx,std,6,b,ETI,0.8000000000000002
12,10,372.375,27,20240409,27-CF 20240409.xlsx,std,6,b,ETI,0.8000000000000002
12,20,517.868421052631,27,20240409,27-CF 20240409.xlsx,std,6,b,ETI,0.8000000000000002
12,30,679.6,27,20240409,27-CF 20240409.xlsx,std,6,b,ETI,0.8000000000000002
12,40,817.666666666666,27,20240409,27-CF 20240409.xlsx,std,6,b,ETI,0.8000000000000002
12,50,854.147058823529,27,20240409,27-CF 20240409.xlsx,std,6,b,ETI,0.8000000000000002
12,60,808.388888888888,27,20240409,27-CF 20240409.xlsx,std,6,b,ETI,0.8000000000000002
13,0,197.297297297297,27,20240409,27-CF 20240409.xlsx,std,7,a,ETI,2
13,10,233.052631578947,27,20240409,27-CF 20240409.xlsx,std,7,a,ETI,2
13,20,328.457142857142,27,20240409,27-CF 20240409.xlsx,std,7,a,ETI,2
13,30,376.138888888888,27,20240409,27-CF 20240409.xlsx,std,7,a,ETI,2
13,40,431.485714285714,27,20240409,27-CF 20240409.xlsx,std,7,a,ETI,2
13,50,449.833333333333,27,20240409,27-CF 20240409.xlsx,std,7,a,ETI,2
13,60,450.432432432432,27,20240409,27-CF 20240409.xlsx,std,7,a,ETI,2
14,0,229.567567567567,27,20240409,27-CF 20240409.xlsx,std,7,b,ETI,2
14,10,301.918918918918,27,20240409,27-CF 20240409.xlsx,std,7,b,ETI,2
14,20,366.025641025641,27,20240409,27-CF 20240409.xlsx,std,7,b,ETI,2
14,30,486.088235294117,27,20240409,27-CF 20240409.xlsx,std,7,b,ETI,2
14,40,524.628571428571,27,20240409,27-CF 20240409.xlsx,std,7,b,ETI,2
14,50,535.944444444444,27,20240409,27-CF 20240409.xlsx,std,7,b,ETI,2
14,60,588.147058823529,27,20240409,27-CF 20240409.xlsx,std,7,b,ETI,2
15,0,208.739130434782,27,20240409,27-CF 20240409.xlsx,std,8,a,ETI,5
15,10,282.541666666666,27,20240409,27-CF 20240409.xlsx,std,8,a,ETI,5
15,20,341.625,27,20240409,27-CF 20240409.xlsx,std,8,a,ETI,5
15,30,369.192307692307,27,20240409,27-CF 20240409.xlsx,std,8,a,ETI,5
15,40,382.185185185185,27,20240409,27-CF 20240409.xlsx,std,8,a,ETI,5
15,50,390.444444444444,27,20240409,27-CF 20240409.xlsx,std,8,a,ETI,5
15,60,403,27,20240409,27-CF 20240409.xlsx,std,8,a,ETI,5
16,0,271.903225806451,27,20240409,27-CF 20240409.xlsx,std,8,b,ETI,5
16,10,387.3,27,20240409,27-CF 20240409.xlsx,std,8,b,ETI,5
16,20,439.96875,27,20240409,27-CF 20240409.xlsx,std,8,b,ETI,5
16,30,513.225806451612,27,20240409,27-CF 20240409.xlsx,std,8,b,ETI,5
16,40,567.8,27,20240409,27-CF 20240409.xlsx,std,8,b,ETI,5
16,50,517.382352941176,27,20240409,27-CF 20240409.xlsx,std,8,b,ETI,5
16,60,552.375,27,20240409,27-CF 20240409.xlsx,std,8,b,ETI,5
17,0,276.846153846153,27,20240409,27-CF 20240409.xlsx,std,1,a,VTI,0.008192000000000003
17,10,284.115384615384,27,20240409,27-CF 20240409.xlsx,std,1,a,VTI,0.008192000000000003
17,20,296.37037037037,27,20240409,27-CF 20240409.xlsx,std,1,a,VTI,0.008192000000000003
17,30,348.64,27,20240409,27-CF 20240409.xlsx,std,1,a,VTI,0.008192000000000003
17,40,377.28,27,20240409,27-CF 20240409.xlsx,std,1,a,VTI,0.008192000000000003
17,50,404.6,27,20240409,27-CF 20240409.xlsx,std,1,a,VTI,0.008192000000000003
17,60,418,27,20240409,27-CF 20240409.xlsx,std,1,a,VTI,0.008192000000000003
18,0,182.684210526315,27,20240409,27-CF 20240409.xlsx,std,1,b,VTI,0.008192000000000003
18,10,186.45,27,20240409,27-CF 20240409.xlsx,std,1,b,VTI,0.008192000000000003
18,20,201.7,27,20240409,27-CF 20240409.xlsx,std,1,b,VTI,0.008192000000000003
18,30,218.05,27,20240409,27-CF 20240409.xlsx,std,1,b,VTI,0.008192000000000003
18,40,234.85,27,20240409,27-CF 20240409.xlsx,std,1,b,VTI,0.008192000000000003
18,50,253.8,27,20240409,27-CF 20240409.xlsx,std,1,b,VTI,0.008192000000000003
18,60,270.95,27,20240409,27-CF 20240409.xlsx,std,1,b,VTI,0.008192000000000003
19,0,216.589743589743,27,20240409,27-CF 20240409.xlsx,std,2,a,VTI,0.02048000000000001
19,10,224.975,27,20240409,27-CF 20240409.xlsx,std,2,a,VTI,0.02048000000000001
19,20,255.225,27,20240409,27-CF 20240409.xlsx,std,2,a,VTI,0.02048000000000001
19,30,284.658536585365,27,20240409,27-CF 20240409.xlsx,std,2,a,VTI,0.02048000000000001
19,40,322.365853658536,27,20240409,27-CF 20240409.xlsx,std,2,a,VTI,0.02048000000000001
19,50,354.926829268292,27,20240409,27-CF 20240409.xlsx,std,2,a,VTI,0.02048000000000001
19,60,369.439024390243,27,20240409,27-CF 20240409.xlsx,std,2,a,VTI,0.02048000000000001
20,0,270.211538461538,27,20240409,27-CF 20240409.xlsx,std,2,b,VTI,0.02048000000000001
20,10,290.92,27,20240409,27-CF 20240409.xlsx,std,2,b,VTI,0.02048000000000001
20,20,302.076923076923,27,20240409,27-CF 20240409.xlsx,std,2,b,VTI,0.02048000000000001
20,30,364.583333333333,27,20240409,27-CF 20240409.xlsx,std,2,b,VTI,0.02048000000000001
20,40,398.367346938775,27,20240409,27-CF 20240409.xlsx,std,2,b,VTI,0.02048000000000001
20,50,416.115384615384,27,20240409,27-CF 20240409.xlsx,std,2,b,VTI,0.02048000000000001
20,60,439.75,27,20240409,27-CF 20240409.xlsx,std,2,b,VTI,0.02048000000000001
21,0,259.75,27,20240409,27-CF 20240409.xlsx,std,3,a,VTI,0.05120000000000001
21,10,257.117647058823,27,20240409,27-CF 20240409.xlsx,std,3,a,VTI,0.05120000000000001
21,20,285.171428571428,27,20240409,27-CF 20240409.xlsx,std,3,a,VTI,0.05120000000000001
21,30,329.972972972972,27,20240409,27-CF 20240409.xlsx,std,3,a,VTI,0.05120000000000001
21,40,409.2,27,20240409,27-CF 20240409.xlsx,std,3,a,VTI,0.05120000000000001
21,50,462.794117647058,27,20240409,27-CF 20240409.xlsx,std,3,a,VTI,0.05120000000000001
21,60,465.942857142857,27,20240409,27-CF 20240409.xlsx,std,3,a,VTI,0.05120000000000001
22,0,251.128205128205,27,20240409,27-CF 20240409.xlsx,std,3,b,VTI,0.05120000000000001
22,10,260.333333333333,27,20240409,27-CF 20240409.xlsx,std,3,b,VTI,0.05120000000000001
22,20,303.410256410256,27,20240409,27-CF 20240409.xlsx,std,3,b,VTI,0.05120000000000001
22,30,370.075,27,20240409,27-CF 20240409.xlsx,std,3,b,VTI,0.05120000000000001
22,40,446.692307692307,27,20240409,27-CF 20240409.xlsx,std,3,b,VTI,0.05120000000000001
22,50,481.538461538461,27,20240409,27-CF 20240409.xlsx,std,3,b,VTI,0.05120000000000001
22,60,481.128205128205,27,20240409,27-CF 20240409.xlsx,std,3,b,VTI,0.05120000000000001
23,0,249.885714285714,27,20240409,27-CF 20240409.xlsx,std,4,a,VTI,0.12800000000000003
23,10,279.878787878787,27,20240409,27-CF 20240409.xlsx,std,4,a,VTI,0.12800000000000003
23,20,341.685714285714,27,20240409,27-CF 20240409.xlsx,std,4,a,VTI,0.12800000000000003
23,30,502,27,20240409,27-CF 20240409.xlsx,std,4,a,VTI,0.12800000000000003
23,40,543.870967741935,27,20240409,27-CF 20240409.xlsx,std,4,a,VTI,0.12800000000000003
23,50,636.357142857142,27,20240409,27-CF 20240409.xlsx,std,4,a,VTI,0.12800000000000003
23,60,559.806451612903,27,20240409,27-CF 20240409.xlsx,std,4,a,VTI,0.12800000000000003
24,0,193.263157894736,27,20240409,27-CF 20240409.xlsx,std,4,b,VTI,0.12800000000000003
24,10,212.729729729729,27,20240409,27-CF 20240409.xlsx,std,4,b,VTI,0.12800000000000003
24,20,261.236842105263,27,20240409,27-CF 20240409.xlsx,std,4,b,VTI,0.12800000000000003
24,30,324.891891891891,27,20240409,27-CF 20240409.xlsx,std,4,b,VTI,0.12800000000000003
24,40,363.891891891891,27,20240409,27-CF 20240409.xlsx,std,4,b,VTI,0.12800000000000003
24,50,404.4,27,20240409,27-CF 20240409.xlsx,std,4,b,VTI,0.12800000000000003
24,60,393.444444444444,27,20240409,27-CF 20240409.xlsx,std,4,b,VTI,0.12800000000000003
25,0,224.962962962962,27,20240409,27-CF 20240409.xlsx,std,5,a,VTI,0.32000000000000006
25,10,240.763636363636,27,20240409,27-CF 20240409.xlsx,std,5,a,VTI,0.32000000000000006
25,20,301.137931034482,27,20240409,27-CF 20240409.xlsx,std,5,a,VTI,0.32000000000000006
25,30,353.983333333333,27,20240409,27-CF 20240409.xlsx,std,5,a,VTI,0.32000000000000006
25,40,408.603448275862,27,20240409,27-CF 20240409.xlsx,std,5,a,VTI,0.32000000000000006
25,50,415.233333333333,27,20240409,27-CF 20240409.xlsx,std,5,a,VTI,0.32000000000000006
25,60,417.677966101694,27,20240409,27-CF 20240409.xlsx,std,5,a,VTI,0.32000000000000006
26,0,260.555555555555,27,20240409,27-CF 20240409.xlsx,std,5,b,VTI,0.32000000000000006
26,10,299.611111111111,27,20240409,27-CF 20240409.xlsx,std,5,b,VTI,0.32000000000000006
26,20,388.81081081081,27,20240409,27-CF 20240409.xlsx,std,5,b,VTI,0.32000000000000006
26,30,461.108108108108,27,20240409,27-CF 20240409.xlsx,std,5,b,VTI,0.32000000000000006
26,40,510.945945945945,27,20240409,27-CF 20240409.xlsx,std,5,b,VTI,0.32000000000000006
26,50,543.513513513513,27,20240409,27-CF 20240409.xlsx,std,5,b,VTI,0.32000000000000006
26,60,556.833333333333,27,20240409,27-CF 20240409.xlsx,std,5,b,VTI,0.32000000000000006
27,0,263.068965517241,27,20240409,27-CF 20240409.xlsx,std,6,a,VTI,0.8000000000000002
27,10,280.171428571428,27,20240409,27-CF 20240409.xlsx,std,6,a,VTI,0.8000000000000002
27,20,360.257142857142,27,20240409,27-CF 20240409.xlsx,std,6,a,VTI,0.8000000000000002
27,30,398.837837837837,27,20240409,27-CF 20240409.xlsx,std,6,a,VTI,0.8000000000000002
27,40,448.777777777777,27,20240409,27-CF 20240409.xlsx,std,6,a,VTI,0.8000000000000002
27,50,453.918918918918,27,20240409,27-CF 20240409.xlsx,std,6,a,VTI,0.8000000000000002
27,60,445.864864864864,27,20240409,27-CF 20240409.xlsx,std,6,a,VTI,0.8000000000000002
28,0,224.15909090909,27,20240409,27-CF 20240409.xlsx,std,6,b,VTI,0.8000000000000002
28,10,277.53488372093,27,20240409,27-CF 20240409.xlsx,std,6,b,VTI,0.8000000000000002
28,20,377.357142857142,27,20240409,27-CF 20240409.xlsx,std,6,b,VTI,0.8000000000000002
28,30,439.761904761904,27,20240409,27-CF 20240409.xlsx,std,6,b,VTI,0.8000000000000002
28,40,490.166666666666,27,20240409,27-CF 20240409.xlsx,std,6,b,VTI,0.8000000000000002
28,50,516.47619047619,27,20240409,27-CF 20240409.xlsx,std,6,b,VTI,0.8000000000000002
28,60,501.418604651162,27,20240409,27-CF 20240409.xlsx,std,6,b,VTI,0.8000000000000002
29,0,271.288888888888,27,20240409,27-CF 20240409.xlsx,std,7,a,VTI,2
29,10,330.404255319148,27,20240409,27-CF 20240409.xlsx,std,7,a,VTI,2
29,20,411.6875,27,20240409,27-CF 20240409.xlsx,std,7,a,VTI,2
29,30,478.479166666666,27,20240409,27-CF 20240409.xlsx,std,7,a,VTI,2
29,40,519.530612244898,27,20240409,27-CF 20240409.xlsx,std,7,a,VTI,2
29,50,573.042553191489,27,20240409,27-CF 20240409.xlsx,std,7,a,VTI,2
29,60,583.234042553191,27,20240409,27-CF 20240409.xlsx,std,7,a,VTI,2
30,0,247.612903225806,27,20240409,27-CF 20240409.xlsx,std,7,b,VTI,2
30,10,320.96875,27,20240409,27-CF 20240409.xlsx,std,7,b,VTI,2
30,20,378.30303030303,27,20240409,27-CF 20240409.xlsx,std,7,b,VTI,2
30,30,430.393939393939,27,20240409,27-CF 20240409.xlsx,std,7,b,VTI,2
30,40,432.805555555555,27,20240409,27-CF 20240409.xlsx,std,7,b,VTI,2
30,50,492.757575757575,27,20240409,27-CF 20240409.xlsx,std,7,b,VTI,2
30,60,494.575757575757,27,20240409,27-CF 20240409.xlsx,std,7,b,VTI,2
31,0,222.27027027027,27,20240409,27-CF 20240409.xlsx,std,8,a,VTI,5
31,10,292.878048780487,27,20240409,27-CF 20240409.xlsx,std,8,a,VTI,5
31,20,331.395348837209,27,20240409,27-CF 20240409.xlsx,std,8,a,VTI,5
31,30,364.888888888888,27,20240409,27-CF 20240409.xlsx,std,8,a,VTI,5
31,40,412.651162790697,27,20240409,27-CF 20240409.xlsx,std,8,a,VTI,5
31,50,435.95238095238,27,20240409,27-CF 20240409.xlsx,std,8,a,VTI,5
31,60,434.785714285714,27,20240409,27-CF 20240409.xlsx,std,8,a,VTI,5
32,0,267.45,27,20240409,27-CF 20240409.xlsx,std,8,b,VTI,5
32,10,367.190476190476,27,20240409,27-CF 20240409.xlsx,std,8,b,VTI,5
32,20,424.478260869565,27,20240409,27-CF 20240409.xlsx,std,8,b,VTI,5
32,30,465.583333333333,27,20240409,27-CF 20240409.xlsx,std,8,b,VTI,5
32,40,482.84,27,20240409,27-CF 20240409.xlsx,std,8,b,VTI,5
32,50,545.608695652173,27,20240409,27-CF 20240409.xlsx,std,8,b,VTI,5
32,60,525.5,27,20240409,27-CF 20240409.xlsx,std,8,b,VTI,5
65,0,302.76,27,20240409,27-CF 20240409.xlsx,std,2,a,FskOnly,0.02048000000000001
65,10,307.56,27,20240409,27-CF 20240409.xlsx,std,2,a,FskOnly,0.02048000000000001
65,20,308.2,27,20240409,27-CF 20240409.xlsx,std,2,a,FskOnly,0.02048000000000001
65,30,294.192307692307,27,20240409,27-CF 20240409.xlsx,std,2,a,FskOnly,0.02048000000000001
65,40,304.72,27,20240409,27-CF 20240409.xlsx,std,2,a,FskOnly,0.02048000000000001
65,50,290.538461538461,27,20240409,27-CF 20240409.xlsx,std,2,a,FskOnly,0.02048000000000001
65,60,288.807692307692,27,20240409,27-CF 20240409.xlsx,std,2,a,FskOnly,0.02048000000000001
66,0,244.482758620689,27,20240409,27-CF 20240409.xlsx,std,2,b,FskOnly,0.02048000000000001
66,10,240.7,27,20240409,27-CF 20240409.xlsx,std,2,b,FskOnly,0.02048000000000001
66,20,240.3,27,20240409,27-CF 20240409.xlsx,std,2,b,FskOnly,0.02048000000000001
66,30,241.4,27,20240409,27-CF 20240409.xlsx,std,2,b,FskOnly,0.02048000000000001
66,40,245.827586206896,27,20240409,27-CF 20240409.xlsx,std,2,b,FskOnly,0.02048000000000001
66,50,241.433333333333,27,20240409,27-CF 20240409.xlsx,std,2,b,FskOnly,0.02048000000000001
66,60,245.965517241379,27,20240409,27-CF 20240409.xlsx,std,2,b,FskOnly,0.02048000000000001
67,0,235.472222222222,27,20240409,27-CF 20240409.xlsx,std,4,a,FskOnly,0.12800000000000003
67,10,237.694444444444,27,20240409,27-CF 20240409.xlsx,std,4,a,FskOnly,0.12800000000000003
67,20,237.972222222222,27,20240409,27-CF 20240409.xlsx,std,4,a,FskOnly,0.12800000000000003
67,30,237.416666666666,27,20240409,27-CF 20240409.xlsx,std,4,a,FskOnly,0.12800000000000003
67,40,237.861111111111,27,20240409,27-CF 20240409.xlsx,std,4,a,FskOnly,0.12800000000000003
67,50,235.833333333333,27,20240409,27-CF 20240409.xlsx,std,4,a,FskOnly,0.12800000000000003
67,60,235.138888888888,27,20240409,27-CF 20240409.xlsx,std,4,a,FskOnly,0.12800000000000003
68,0,240.710526315789,27,20240409,27-CF 20240409.xlsx,std,4,b,FskOnly,0.12800000000000003
68,10,248.486486486486,27,20240409,27-CF 20240409.xlsx,std,4,b,FskOnly,0.12800000000000003
68,20,241.157894736842,27,20240409,27-CF 20240409.xlsx,std,4,b,FskOnly,0.12800000000000003
68,30,240.263157894736,27,20240409,27-CF 20240409.xlsx,std,4,b,FskOnly,0.12800000000000003
68,40,246.27027027027,27,20240409,27-CF 20240409.xlsx,std,4,b,FskOnly,0.12800000000000003
68,50,245.648648648648,27,20240409,27-CF 20240409.xlsx,std,4,b,FskOnly,0.12800000000000003
68,60,239.394736842105,27,20240409,27-CF 20240409.xlsx,std,4,b,FskOnly,0.12800000000000003
69,0,273.892857142857,27,20240409,27-CF 20240409.xlsx,std,6,a,FskOnly,0.8000000000000002
69,10,270.928571428571,27,20240409,27-CF 20240409.xlsx,std,6,a,FskOnly,0.8000000000000002
69,20,281.481481481481,27,20240409,27-CF 20240409.xlsx,std,6,a,FskOnly,0.8000000000000002
69,30,272.428571428571,27,20240409,27-CF 20240409.xlsx,std,6,a,FskOnly,0.8000000000000002
69,40,271.535714285714,27,20240409,27-CF 20240409.xlsx,std,6,a,FskOnly,0.8000000000000002
69,50,282.333333333333,27,20240409,27-CF 20240409.xlsx,std,6,a,FskOnly,0.8000000000000002
69,60,276.321428571428,27,20240409,27-CF 20240409.xlsx,std,6,a,FskOnly,0.8000000000000002
70,0,268.529411764705,27,20240409,27-CF 20240409.xlsx,std,6,b,FskOnly,0.8000000000000002
70,10,267.323529411764,27,20240409,27-CF 20240409.xlsx,std,6,b,FskOnly,0.8000000000000002
70,20,270.5,27,20240409,27-CF 20240409.xlsx,std,6,b,FskOnly,0.8000000000000002
70,30,271.323529411764,27,20240409,27-CF 20240409.xlsx,std,6,b,FskOnly,0.8000000000000002
70,40,263,27,20240409,27-CF 20240409.xlsx,std,6,b,FskOnly,0.8000000000000002
70,50,264.911764705882,27,20240409,27-CF 20240409.xlsx,std,6,b,FskOnly,0.8000000000000002
70,60,281.90625,27,20240409,27-CF 20240409.xlsx,std,6,b,FskOnly,0.8000000000000002
71,0,214.848484848484,27,20240409,27-CF 20240409.xlsx,std,8,a,FskOnly,5
71,10,217.515151515151,27,20240409,27-CF 20240409.xlsx,std,8,a,FskOnly,5
71,20,219.90909090909,27,20240409,27-CF 20240409.xlsx,std,8,a,FskOnly,5
71,30,222.393939393939,27,20240409,27-CF 20240409.xlsx,std,8,a,FskOnly,5
71,40,231.34375,27,20240409,27-CF 20240409.xlsx,std,8,a,FskOnly,5
71,50,229.575757575757,27,20240409,27-CF 20240409.xlsx,std,8,a,FskOnly,5
71,60,231.121212121212,27,20240409,27-CF 20240409.xlsx,std,8,a,FskOnly,5
72,0,292.2,27,20240409,27-CF 20240409.xlsx,std,8,b,FskOnly,5
72,10,305.51724137931,27,20240409,27-CF 20240409.xlsx,std,8,b,FskOnly,5
72,20,330.888888888888,27,20240409,27-CF 20240409.xlsx,std,8,b,FskOnly,5
72,30,344.576923076923,27,20240409,27-CF 20240409.xlsx,std,8,b,FskOnly,5
72,40,348.346153846153,27,20240409,27-CF 20240409.xlsx,std,8,b,FskOnly,5
72,50,341,27,20240409,27-CF 20240409.xlsx,std,8,b,FskOnly,5
72,60,326.758620689655,27,20240409,27-CF 20240409.xlsx,std,8,b,FskOnly,5
1,0,337.225806451612,27,20240416,27-CF 20240416.xlsx,std,1,a,ETI,0.008192000000000003
1,10,359.833333333333,27,20240416,27-CF 20240416.xlsx,std,1,a,ETI,0.008192000000000003
1,20,374.866666666666,27,20240416,27-CF 20240416.xlsx,std,1,a,ETI,0.008192000000000003
1,30,391.466666666666,27,20240416,27-CF 20240416.xlsx,std,1,a,ETI,0.008192000000000003
1,40,405.9,27,20240416,27-CF 20240416.xlsx,std,1,a,ETI,0.008192000000000003
1,50,424.933333333333,27,20240416,27-CF 20240416.xlsx,std,1,a,ETI,0.008192000000000003
1,60,461.206896551724,27,20240416,27-CF 20240416.xlsx,std,1,a,ETI,0.008192000000000003
2,0,348.85,27,20240416,27-CF 20240416.xlsx,std,1,b,ETI,0.008192000000000003
2,10,337.714285714285,27,20240416,27-CF 20240416.xlsx,std,1,b,ETI,0.008192000000000003
2,20,344,27,20240416,27-CF 20240416.xlsx,std,1,b,ETI,0.008192000000000003
2,30,338.727272727272,27,20240416,27-CF 20240416.xlsx,std,1,b,ETI,0.008192000000000003
2,40,364.619047619047,27,20240416,27-CF 20240416.xlsx,std,1,b,ETI,0.008192000000000003
2,50,362.818181818181,27,20240416,27-CF 20240416.xlsx,std,1,b,ETI,0.008192000000000003
2,60,376.863636363636,27,20240416,27-CF 20240416.xlsx,std,1,b,ETI,0.008192000000000003
3,0,346.5,27,20240416,27-CF 20240416.xlsx,std,2,a,ETI,0.02048000000000001
3,10,352.6,27,20240416,27-CF 20240416.xlsx,std,2,a,ETI,0.02048000000000001
3,20,364.05,27,20240416,27-CF 20240416.xlsx,std,2,a,ETI,0.02048000000000001
3,30,364.857142857142,27,20240416,27-CF 20240416.xlsx,std,2,a,ETI,0.02048000000000001
3,40,384.809523809523,27,20240416,27-CF 20240416.xlsx,std,2,a,ETI,0.02048000000000001
3,50,408.666666666666,27,20240416,27-CF 20240416.xlsx,std,2,a,ETI,0.02048000000000001
3,60,436.190476190476,27,20240416,27-CF 20240416.xlsx,std,2,a,ETI,0.02048000000000001
4,0,329.78947368421,27,20240416,27-CF 20240416.xlsx,std,2,b,ETI,0.02048000000000001
4,10,327.35,27,20240416,27-CF 20240416.xlsx,std,2,b,ETI,0.02048000000000001
4,20,338.1,27,20240416,27-CF 20240416.xlsx,std,2,b,ETI,0.02048000000000001
4,30,350.05,27,20240416,27-CF 20240416.xlsx,std,2,b,ETI,0.02048000000000001
4,40,347.285714285714,27,20240416,27-CF 20240416.xlsx,std,2,b,ETI,0.02048000000000001
4,50,373.35,27,20240416,27-CF 20240416.xlsx,std,2,b,ETI,0.02048000000000001
4,60,389,27,20240416,27-CF 20240416.xlsx,std,2,b,ETI,0.02048000000000001
5,0,272,27,20240416,27-CF 20240416.xlsx,std,3,a,ETI,0.05120000000000001
5,10,283.041666666666,27,20240416,27-CF 20240416.xlsx,std,3,a,ETI,0.05120000000000001
5,20,293.36,27,20240416,27-CF 20240416.xlsx,std,3,a,ETI,0.05120000000000001
5,30,332.458333333333,27,20240416,27-CF 20240416.xlsx,std,3,a,ETI,0.05120000000000001
5,40,381.434782608695,27,20240416,27-CF 20240416.xlsx,std,3,a,ETI,0.05120000000000001
5,50,420.869565217391,27,20240416,27-CF 20240416.xlsx,std,3,a,ETI,0.05120000000000001
5,60,454.347826086956,27,20240416,27-CF 20240416.xlsx,std,3,a,ETI,0.05120000000000001
6,0,368.814814814814,27,20240416,27-CF 20240416.xlsx,std,3,b,ETI,0.05120000000000001
6,10,338.7,27,20240416,27-CF 20240416.xlsx,std,3,b,ETI,0.05120000000000001
6,20,423.88,27,20240416,27-CF 20240416.xlsx,std,3,b,ETI,0.05120000000000001
6,30,424,27,20240416,27-CF 20240416.xlsx,std,3,b,ETI,0.05120000000000001
6,40,450.035714285714,27,20240416,27-CF 20240416.xlsx,std,3,b,ETI,0.05120000000000001
6,50,510.428571428571,27,20240416,27-CF 20240416.xlsx,std,3,b,ETI,0.05120000000000001
6,60,526.566666666666,27,20240416,27-CF 20240416.xlsx,std,3,b,ETI,0.05120000000000001
7,0,408.346153846153,27,20240416,27-CF 20240416.xlsx,std,4,a,ETI,0.12800000000000003
7,10,416.730769230769,27,20240416,27-CF 20240416.xlsx,std,4,a,ETI,0.12800000000000003
7,20,447.5,27,20240416,27-CF 20240416.xlsx,std,4,a,ETI,0.12800000000000003
7,30,487.074074074074,27,20240416,27-CF 20240416.xlsx,std,4,a,ETI,0.12800000000000003
7,40,550.444444444444,27,20240416,27-CF 20240416.xlsx,std,4,a,ETI,0.12800000000000003
7,50,583.178571428571,27,20240416,27-CF 20240416.xlsx,std,4,a,ETI,0.12800000000000003
7,60,642.851851851851,27,20240416,27-CF 20240416.xlsx,std,4,a,ETI,0.12800000000000003
8,0,355.407407407407,27,20240416,27-CF 20240416.xlsx,std,4,b,ETI,0.12800000000000003
8,10,365.444444444444,27,20240416,27-CF 20240416.xlsx,std,4,b,ETI,0.12800000000000003
8,20,408.615384615384,27,20240416,27-CF 20240416.xlsx,std,4,b,ETI,0.12800000000000003
8,30,444.714285714285,27,20240416,27-CF 20240416.xlsx,std,4,b,ETI,0.12800000000000003
8,40,534.555555555555,27,20240416,27-CF 20240416.xlsx,std,4,b,ETI,0.12800000000000003
8,50,585.925925925926,27,20240416,27-CF 20240416.xlsx,std,4,b,ETI,0.12800000000000003
8,60,649.88,27,20240416,27-CF 20240416.xlsx,std,4,b,ETI,0.12800000000000003
9,0,330.523809523809,27,20240416,27-CF 20240416.xlsx,std,5,a,ETI,0.32000000000000006
9,10,360,27,20240416,27-CF 20240416.xlsx,std,5,a,ETI,0.32000000000000006
9,20,407.857142857142,27,20240416,27-CF 20240416.xlsx,std,5,a,ETI,0.32000000000000006
9,30,513.809523809523,27,20240416,27-CF 20240416.xlsx,std,5,a,ETI,0.32000000000000006
9,40,598.714285714285,27,20240416,27-CF 20240416.xlsx,std,5,a,ETI,0.32000000000000006
9,50,692.3,27,20240416,27-CF 20240416.xlsx,std,5,a,ETI,0.32000000000000006
9,60,736.65,27,20240416,27-CF 20240416.xlsx,std,5,a,ETI,0.32000000000000006
10,0,319.538461538461,27,20240416,27-CF 20240416.xlsx,std,5,b,ETI,0.32000000000000006
10,10,350.653846153846,27,20240416,27-CF 20240416.xlsx,std,5,b,ETI,0.32000000000000006
10,20,445.730769230769,27,20240416,27-CF 20240416.xlsx,std,5,b,ETI,0.32000000000000006
10,30,523.814814814814,27,20240416,27-CF 20240416.xlsx,std,5,b,ETI,0.32000000000000006
10,40,618.423076923076,27,20240416,27-CF 20240416.xlsx,std,5,b,ETI,0.32000000000000006
10,50,636.703703703703,27,20240416,27-CF 20240416.xlsx,std,5,b,ETI,0.32000000000000006
10,60,679.884615384615,27,20240416,27-CF 20240416.xlsx,std,5,b,ETI,0.32000000000000006
11,0,311.16129032258,27,20240416,27-CF 20240416.xlsx,std,6,a,ETI,0.8000000000000002
11,10,334.969696969697,27,20240416,27-CF 20240416.xlsx,std,6,a,ETI,0.8000000000000002
11,20,485.066666666666,27,20240416,27-CF 20240416.xlsx,std,6,a,ETI,0.8000000000000002
11,30,545.375,27,20240416,27-CF 20240416.xlsx,std,6,a,ETI,0.8000000000000002
11,40,614.09375,27,20240416,27-CF 20240416.xlsx,std,6,a,ETI,0.8000000000000002
11,50,609.088235294117,27,20240416,27-CF 20240416.xlsx,std,6,a,ETI,0.8000000000000002
11,60,630.969696969697,27,20240416,27-CF 20240416.xlsx,std,6,a,ETI,0.8000000000000002
12,0,295.676470588235,27,20240416,27-CF 20240416.xlsx,std,6,b,ETI,0.8000000000000002
12,10,366.71875,27,20240416,27-CF 20240416.xlsx,std,6,b,ETI,0.8000000000000002
12,20,477.21875,27,20240416,27-CF 20240416.xlsx,std,6,b,ETI,0.8000000000000002
12,30,587.193548387096,27,20240416,27-CF 20240416.xlsx,std,6,b,ETI,0.8000000000000002
12,40,616.939393939394,27,20240416,27-CF 20240416.xlsx,std,6,b,ETI,0.8000000000000002
12,50,685,27,20240416,27-CF 20240416.xlsx,std,6,b,ETI,0.8000000000000002
12,60,657.823529411764,27,20240416,27-CF 20240416.xlsx,std,6,b,ETI,0.8000000000000002
13,0,323.947368421052,27,20240416,27-CF 20240416.xlsx,std,7,a,ETI,2
13,10,373.076923076923,27,20240416,27-CF 20240416.xlsx,std,7,a,ETI,2
13,20,468.275,27,20240416,27-CF 20240416.xlsx,std,7,a,ETI,2
13,30,560.051282051282,27,20240416,27-CF 20240416.xlsx,std,7,a,ETI,2
13,40,620.538461538461,27,20240416,27-CF 20240416.xlsx,std,7,a,ETI,2
13,50,657,27,20240416,27-CF 20240416.xlsx,std,7,a,ETI,2
13,60,643.95,27,20240416,27-CF 20240416.xlsx,std,7,a,ETI,2
14,0,331.230769230769,27,20240416,27-CF 20240416.xlsx,std,7,b,ETI,2
14,10,409.1,27,20240416,27-CF 20240416.xlsx,std,7,b,ETI,2
14,20,525.75,27,20240416,27-CF 20240416.xlsx,std,7,b,ETI,2
14,30,571.767441860465,27,20240416,27-CF 20240416.xlsx,std,7,b,ETI,2
14,40,666.658536585365,27,20240416,27-CF 20240416.xlsx,std,7,b,ETI,2
14,50,724.675,27,20240416,27-CF 20240416.xlsx,std,7,b,ETI,2
14,60,741.075,27,20240416,27-CF 20240416.xlsx,std,7,b,ETI,2
15,0,342.321428571428,27,20240416,27-CF 20240416.xlsx,std,8,a,ETI,5
15,10,425.678571428571,27,20240416,27-CF 20240416.xlsx,std,8,a,ETI,5
15,20,548.925925925926,27,20240416,27-CF 20240416.xlsx,std,8,a,ETI,5
15,30,611.892857142857,27,20240416,27-CF 20240416.xlsx,std,8,a,ETI,5
15,40,699.814814814814,27,20240416,27-CF 20240416.xlsx,std,8,a,ETI,5
15,50,736.703703703703,27,20240416,27-CF 20240416.xlsx,std,8,a,ETI,5
15,60,753.851851851851,27,20240416,27-CF 20240416.xlsx,std,8,a,ETI,5
16,0,301.115384615384,27,20240416,27-CF 20240416.xlsx,std,8,b,ETI,5
16,10,450.333333333333,27,20240416,27-CF 20240416.xlsx,std,8,b,ETI,5
16,20,551.375,27,20240416,27-CF 20240416.xlsx,std,8,b,ETI,5
16,30,606.92,27,20240416,27-CF 20240416.xlsx,std,8,b,ETI,5
16,40,665.12,27,20240416,27-CF 20240416.xlsx,std,8,b,ETI,5
16,50,693.875,27,20240416,27-CF 20240416.xlsx,std,8,b,ETI,5
16,60,688.75,27,20240416,27-CF 20240416.xlsx,std,8,b,ETI,5
17,0,296.25,27,20240416,27-CF 20240416.xlsx,std,1,a,VTI,0.008192000000000003
17,10,303.65,27,20240416,27-CF 20240416.xlsx,std,1,a,VTI,0.008192000000000003
17,20,317.25,27,20240416,27-CF 20240416.xlsx,std,1,a,VTI,0.008192000000000003
17,30,334.35,27,20240416,27-CF 20240416.xlsx,std,1,a,VTI,0.008192000000000003
17,40,355.25,27,20240416,27-CF 20240416.xlsx,std,1,a,VTI,0.008192000000000003
17,50,377.15,27,20240416,27-CF 20240416.xlsx,std,1,a,VTI,0.008192000000000003
17,60,403.1,27,20240416,27-CF 20240416.xlsx,std,1,a,VTI,0.008192000000000003
18,0,353.181818181818,27,20240416,27-CF 20240416.xlsx,std,1,b,VTI,0.008192000000000003
18,10,349.441176470588,27,20240416,27-CF 20240416.xlsx,std,1,b,VTI,0.008192000000000003
18,20,373.030303030303,27,20240416,27-CF 20240416.xlsx,std,1,b,VTI,0.008192000000000003
18,30,392.969696969697,27,20240416,27-CF 20240416.xlsx,std,1,b,VTI,0.008192000000000003
18,40,433,27,20240416,27-CF 20240416.xlsx,std,1,b,VTI,0.008192000000000003
18,50,450.333333333333,27,20240416,27-CF 20240416.xlsx,std,1,b,VTI,0.008192000000000003
18,60,482.90909090909,27,20240416,27-CF 20240416.xlsx,std,1,b,VTI,0.008192000000000003
19,0,315.230769230769,27,20240416,27-CF 20240416.xlsx,std,2,a,VTI,0.02048000000000001
19,10,320,27,20240416,27-CF 20240416.xlsx,std,2,a,VTI,0.02048000000000001
19,20,325.576923076923,27,20240416,27-CF 20240416.xlsx,std,2,a,VTI,0.02048000000000001
19,30,339.961538461538,27,20240416,27-CF 20240416.xlsx,std,2,a,VTI,0.02048000000000001
19,40,347.407407407407,27,20240416,27-CF 20240416.xlsx,std,2,a,VTI,0.02048000000000001
19,50,368.407407407407,27,20240416,27-CF 20240416.xlsx,std,2,a,VTI,0.02048000000000001
19,60,392.666666666666,27,20240416,27-CF 20240416.xlsx,std,2,a,VTI,0.02048000000000001
20,0,320.962962962963,27,20240416,27-CF 20240416.xlsx,std,2,b,VTI,0.02048000000000001
20,10,326.148148148148,27,20240416,27-CF 20240416.xlsx,std,2,b,VTI,0.02048000000000001
20,20,337.111111111111,27,20240416,27-CF 20240416.xlsx,std,2,b,VTI,0.02048000000000001
20,30,345.357142857142,27,20240416,27-CF 20240416.xlsx,std,2,b,VTI,0.02048000000000001
20,40,355.827586206896,27,20240416,27-CF 20240416.xlsx,std,2,b,VTI,0.02048000000000001
20,50,411.629629629629,27,20240416,27-CF 20240416.xlsx,std,2,b,VTI,0.02048000000000001
20,60,416.137931034482,27,20240416,27-CF 20240416.xlsx,std,2,b,VTI,0.02048000000000001
21,0,297.210526315789,27,20240416,27-CF 20240416.xlsx,std,3,a,VTI,0.05120000000000001
21,10,304.473684210526,27,20240416,27-CF 20240416.xlsx,std,3,a,VTI,0.05120000000000001
21,20,312.8,27,20240416,27-CF 20240416.xlsx,std,3,a,VTI,0.05120000000000001
21,30,344.65,27,20240416,27-CF 20240416.xlsx,std,3,a,VTI,0.05120000000000001
21,40,366.318181818181,27,20240416,27-CF 20240416.xlsx,std,3,a,VTI,0.05120000000000001
21,50,390.083333333333,27,20240416,27-CF 20240416.xlsx,std,3,a,VTI,0.05120000000000001
21,60,440.043478260869,27,20240416,27-CF 20240416.xlsx,std,3,a,VTI,0.05120000000000001
22,0,292.916666666666,27,20240416,27-CF 20240416.xlsx,std,3,b,VTI,0.05120000000000001
22,10,297.958333333333,27,20240416,27-CF 20240416.xlsx,std,3,b,VTI,0.05120000000000001
22,20,314.666666666666,27,20240416,27-CF 20240416.xlsx,std,3,b,VTI,0.05120000000000001
22,30,340.458333333333,27,20240416,27-CF 20240416.xlsx,std,3,b,VTI,0.05120000000000001
22,40,377.916666666666,27,20240416,27-CF 20240416.xlsx,std,3,b,VTI,0.05120000000000001
22,50,391.192307692307,27,20240416,27-CF 20240416.xlsx,std,3,b,VTI,0.05120000000000001
22,60,445.24,27,20240416,27-CF 20240416.xlsx,std,3,b,VTI,0.05120000000000001
23,0,294.791666666666,27,20240416,27-CF 20240416.xlsx,std,4,a,VTI,0.12800000000000003
23,10,307.041666666666,27,20240416,27-CF 20240416.xlsx,std,4,a,VTI,0.12800000000000003
23,20,329.125,27,20240416,27-CF 20240416.xlsx,std,4,a,VTI,0.12800000000000003
23,30,393.208333333333,27,20240416,27-CF 20240416.xlsx,std,4,a,VTI,0.12800000000000003
23,40,476,27,20240416,27-CF 20240416.xlsx,std,4,a,VTI,0.12800000000000003
23,50,517.64,27,20240416,27-CF 20240416.xlsx,std,4,a,VTI,0.12800000000000003
23,60,560.96,27,20240416,27-CF 20240416.xlsx,std,4,a,VTI,0.12800000000000003
24,0,329.866666666666,27,20240416,27-CF 20240416.xlsx,std,4,b,VTI,0.12800000000000003
24,10,332.16129032258,27,20240416,27-CF 20240416.xlsx,std,4,b,VTI,0.12800000000000003
24,20,367.548387096774,27,20240416,27-CF 20240416.xlsx,std,4,b,VTI,0.12800000000000003
24,30,440.53125,27,20240416,27-CF 20240416.xlsx,std,4,b,VTI,0.12800000000000003
24,40,530.28125,27,20240416,27-CF 20240416.xlsx,std,4,b,VTI,0.12800000000000003
24,50,595.8125,27,20240416,27-CF 20240416.xlsx,std,4,b,VTI,0.12800000000000003
24,60,615.84375,27,20240416,27-CF 20240416.xlsx,std,4,b,VTI,0.12800000000000003
25,0,281.461538461538,27,20240416,27-CF 20240416.xlsx,std,5,a,VTI,0.32000000000000006
25,10,292,27,20240416,27-CF 20240416.xlsx,std,5,a,VTI,0.32000000000000006
25,20,366.682926829268,27,20240416,27-CF 20240416.xlsx,std,5,a,VTI,0.32000000000000006
25,30,478.487179487179,27,20240416,27-CF 20240416.xlsx,std,5,a,VTI,0.32000000000000006
25,40,531.2,27,20240416,27-CF 20240416.xlsx,std,5,a,VTI,0.32000000000000006
25,50,576.225,27,20240416,27-CF 20240416.xlsx,std,5,a,VTI,0.32000000000000006
25,60,612.025641025641,27,20240416,27-CF 20240416.xlsx,std,5,a,VTI,0.32000000000000006
26,0,321.6,27,20240416,27-CF 20240416.xlsx,std,5,b,VTI,0.32000000000000006
26,10,359.966666666666,27,20240416,27-CF 20240416.xlsx,std,5,b,VTI,0.32000000000000006
26,20,480.793103448275,27,20240416,27-CF 20240416.xlsx,std,5,b,VTI,0.32000000000000006
26,30,587.642857142857,27,20240416,27-CF 20240416.xlsx,std,5,b,VTI,0.32000000000000006
26,40,647.357142857142,27,20240416,27-CF 20240416.xlsx,std,5,b,VTI,0.32000000000000006
26,50,688,27,20240416,27-CF 20240416.xlsx,std,5,b,VTI,0.32000000000000006
26,60,705.857142857142,27,20240416,27-CF 20240416.xlsx,std,5,b,VTI,0.32000000000000006
27,0,321.51724137931,27,20240416,27-CF 20240416.xlsx,std,6,a,VTI,0.8000000000000002
27,10,394.466666666666,27,20240416,27-CF 20240416.xlsx,std,6,a,VTI,0.8000000000000002
27,20,484.821428571428,27,20240416,27-CF 20240416.xlsx,std,6,a,VTI,0.8000000000000002
27,30,608.785714285714,27,20240416,27-CF 20240416.xlsx,std,6,a,VTI,0.8000000000000002
27,40,642.137931034482,27,20240416,27-CF 20240416.xlsx,std,6,a,VTI,0.8000000000000002
27,50,696.964285714285,27,20240416,27-CF 20240416.xlsx,std,6,a,VTI,0.8000000000000002
27,60,668.03448275862,27,20240416,27-CF 20240416.xlsx,std,6,a,VTI,0.8000000000000002
28,0,354.064516129032,27,20240416,27-CF 20240416.xlsx,std,6,b,VTI,0.8000000000000002
28,10,407.40625,27,20240416,27-CF 20240416.xlsx,std,6,b,VTI,0.8000000000000002
28,20,462.617647058823,27,20240416,27-CF 20240416.xlsx,std,6,b,VTI,0.8000000000000002
28,30,527.857142857142,27,20240416,27-CF 20240416.xlsx,std,6,b,VTI,0.8000000000000002
28,40,620.030303030303,27,20240416,27-CF 20240416.xlsx,std,6,b,VTI,0.8000000000000002
28,50,659.424242424242,27,20240416,27-CF 20240416.xlsx,std,6,b,VTI,0.8000000000000002
28,60,655.147058823529,27,20240416,27-CF 20240416.xlsx,std,6,b,VTI,0.8000000000000002
29,0,310.212121212121,27,20240416,27-CF 20240416.xlsx,std,7,a,VTI,2
29,10,404.617647058823,27,20240416,27-CF 20240416.xlsx,std,7,a,VTI,2
29,20,502.85294117647,27,20240416,27-CF 20240416.xlsx,std,7,a,VTI,2
29,30,624.387096774193,27,20240416,27-CF 20240416.xlsx,std,7,a,VTI,2
29,40,676.129032258064,27,20240416,27-CF 20240416.xlsx,std,7,a,VTI,2
29,50,685.875,27,20240416,27-CF 20240416.xlsx,std,7,a,VTI,2
29,60,684.4375,27,20240416,27-CF 20240416.xlsx,std,7,a,VTI,2
30,0,274.583333333333,27,20240416,27-CF 20240416.xlsx,std,7,b,VTI,2
30,10,349.771428571428,27,20240416,27-CF 20240416.xlsx,std,7,b,VTI,2
30,20,426.657894736842,27,20240416,27-CF 20240416.xlsx,std,7,b,VTI,2
30,30,554.470588235294,27,20240416,27-CF 20240416.xlsx,std,7,b,VTI,2
30,40,630.484848484848,27,20240416,27-CF 20240416.xlsx,std,7,b,VTI,2
30,50,691.8125,27,20240416,27-CF 20240416.xlsx,std,7,b,VTI,2
30,60,728.806451612903,27,20240416,27-CF 20240416.xlsx,std,7,b,VTI,2
31,0,280.190476190476,27,20240416,27-CF 20240416.xlsx,std,8,a,VTI,5
31,10,368.954545454545,27,20240416,27-CF 20240416.xlsx,std,8,a,VTI,5
31,20,471.380952380952,27,20240416,27-CF 20240416.xlsx,std,8,a,VTI,5
31,30,543.047619047619,27,20240416,27-CF 20240416.xlsx,std,8,a,VTI,5
31,40,627.65,27,20240416,27-CF 20240416.xlsx,std,8,a,VTI,5
31,50,665.5,27,20240416,27-CF 20240416.xlsx,std,8,a,VTI,5
31,60,688,27,20240416,27-CF 20240416.xlsx,std,8,a,VTI,5
32,0,304.222222222222,27,20240416,27-CF 20240416.xlsx,std,8,b,VTI,5
32,10,403.071428571428,27,20240416,27-CF 20240416.xlsx,std,8,b,VTI,5
32,20,499.75,27,20240416,27-CF 20240416.xlsx,std,8,b,VTI,5
32,30,574.607142857142,27,20240416,27-CF 20240416.xlsx,std,8,b,VTI,5
32,40,636.535714285714,27,20240416,27-CF 20240416.xlsx,std,8,b,VTI,5
32,50,619.433333333333,27,20240416,27-CF 20240416.xlsx,std,8,b,VTI,5
32,60,696.230769230769,27,20240416,27-CF 20240416.xlsx,std,8,b,VTI,5
65,0,284.058823529411,27,20240416,27-CF 20240416.xlsx,std,2,a,FskOnly,0.02048000000000001
65,10,285.058823529411,27,20240416,27-CF 20240416.xlsx,std,2,a,FskOnly,0.02048000000000001
65,20,283.117647058823,27,20240416,27-CF 20240416.xlsx,std,2,a,FskOnly,0.02048000000000001
65,30,278.764705882352,27,20240416,27-CF 20240416.xlsx,std,2,a,FskOnly,0.02048000000000001
65,40,275.529411764705,27,20240416,27-CF 20240416.xlsx,std,2,a,FskOnly,0.02048000000000001
65,50,273.823529411764,27,20240416,27-CF 20240416.xlsx,std,2,a,FskOnly,0.02048000000000001
65,60,271.35294117647,27,20240416,27-CF 20240416.xlsx,std,2,a,FskOnly,0.02048000000000001
66,0,260.705882352941,27,20240416,27-CF 20240416.xlsx,std,2,b,FskOnly,0.02048000000000001
66,10,248.833333333333,27,20240416,27-CF 20240416.xlsx,std,2,b,FskOnly,0.02048000000000001
66,20,249.333333333333,27,20240416,27-CF 20240416.xlsx,std,2,b,FskOnly,0.02048000000000001
66,30,248.111111111111,27,20240416,27-CF 20240416.xlsx,std,2,b,FskOnly,0.02048000000000001
66,40,245.388888888888,27,20240416,27-CF 20240416.xlsx,std,2,b,FskOnly,0.02048000000000001
66,50,242.666666666666,27,20240416,27-CF 20240416.xlsx,std,2,b,FskOnly,0.02048000000000001
66,60,240.277777777777,27,20240416,27-CF 20240416.xlsx,std,2,b,FskOnly,0.02048000000000001
67,0,270.56,27,20240416,27-CF 20240416.xlsx,std,4,a,FskOnly,0.12800000000000003
67,10,272,27,20240416,27-CF 20240416.xlsx,std,4,a,FskOnly,0.12800000000000003
67,20,269.96,27,20240416,27-CF 20240416.xlsx,std,4,a,FskOnly,0.12800000000000003
67,30,267.72,27,20240416,27-CF 20240416.xlsx,std,4,a,FskOnly,0.12800000000000003
67,40,265.04,27,20240416,27-CF 20240416.xlsx,std,4,a,FskOnly,0.12800000000000003
67,50,263.48,27,20240416,27-CF 20240416.xlsx,std,4,a,FskOnly,0.12800000000000003
67,60,263.4,27,20240416,27-CF 20240416.xlsx,std,4,a,FskOnly,0.12800000000000003
68,0,380.9375,27,20240416,27-CF 20240416.xlsx,std,4,b,FskOnly,0.12800000000000003
68,10,383.1875,27,20240416,27-CF 20240416.xlsx,std,4,b,FskOnly,0.12800000000000003
68,20,358.647058823529,27,20240416,27-CF 20240416.xlsx,std,4,b,FskOnly,0.12800000000000003
68,30,378.375,27,20240416,27-CF 20240416.xlsx,std,4,b,FskOnly,0.12800000000000003
68,40,374.5625,27,20240416,27-CF 20240416.xlsx,std,4,b,FskOnly,0.12800000000000003
68,50,371.5625,27,20240416,27-CF 20240416.xlsx,std,4,b,FskOnly,0.12800000000000003
68,60,371.6875,27,20240416,27-CF 20240416.xlsx,std,4,b,FskOnly,0.12800000000000003
69,0,303.117647058823,27,20240416,27-CF 20240416.xlsx,std,6,a,FskOnly,0.8000000000000002
69,10,303.205882352941,27,20240416,27-CF 20240416.xlsx,std,6,a,FskOnly,0.8000000000000002
69,20,301.470588235294,27,20240416,27-CF 20240416.xlsx,std,6,a,FskOnly,0.8000000000000002
69,30,292.685714285714,27,20240416,27-CF 20240416.xlsx,std,6,a,FskOnly,0.8000000000000002
69,40,291.457142857142,27,20240416,27-CF 20240416.xlsx,std,6,a,FskOnly,0.8000000000000002
69,50,298.882352941176,27,20240416,27-CF 20240416.xlsx,std,6,a,FskOnly,0.8000000000000002
69,60,287.057142857142,27,20240416,27-CF 20240416.xlsx,std,6,a,FskOnly,0.8000000000000002
70,0,311.290322580645,27,20240416,27-CF 20240416.xlsx,std,6,b,FskOnly,0.8000000000000002
70,10,320.833333333333,27,20240416,27-CF 20240416.xlsx,std,6,b,FskOnly,0.8000000000000002
70,20,320,27,20240416,27-CF 20240416.xlsx,std,6,b,FskOnly,0.8000000000000002
70,30,317.366666666666,27,20240416,27-CF 20240416.xlsx,std,6,b,FskOnly,0.8000000000000002
70,40,316.366666666666,27,20240416,27-CF 20240416.xlsx,std,6,b,FskOnly,0.8000000000000002
70,50,314.1,27,20240416,27-CF 20240416.xlsx,std,6,b,FskOnly,0.8000000000000002
70,60,314.2,27,20240416,27-CF 20240416.xlsx,std,6,b,FskOnly,0.8000000000000002
71,0,260.64,27,20240416,27-CF 20240416.xlsx,std,8,a,FskOnly,5
71,10,262.28,27,20240416,27-CF 20240416.xlsx,std,8,a,FskOnly,5
71,20,274.458333333333,27,20240416,27-CF 20240416.xlsx,std,8,a,FskOnly,5
71,30,263.48,27,20240416,27-CF 20240416.xlsx,std,8,a,FskOnly,5
71,40,275.333333333333,27,20240416,27-CF 20240416.xlsx,std,8,a,FskOnly,5
71,50,278.625,27,20240416,27-CF 20240416.xlsx,std,8,a,FskOnly,5
71,60,280.083333333333,27,20240416,27-CF 20240416.xlsx,std,8,a,FskOnly,5
72,0,315.807692307692,27,20240416,27-CF 20240416.xlsx,std,8,b,FskOnly,5
72,10,316.384615384615,27,20240416,27-CF 20240416.xlsx,std,8,b,FskOnly,5
72,20,314.961538461538,27,20240416,27-CF 20240416.xlsx,std,8,b,FskOnly,5
72,30,314.807692307692,27,20240416,27-CF 20240416.xlsx,std,8,b,FskOnly,5
72,40,315.76923076923,27,20240416,27-CF 20240416.xlsx,std,8,b,FskOnly,5
72,50,319.230769230769,27,20240416,27-CF 20240416.xlsx,std,8,b,FskOnly,5
72,60,308.851851851851,27,20240416,27-CF 20240416.xlsx,std,8,b,FskOnly,5
33,0,490.535714285714,27,20240430,27-CF 20240430.xlsx,std,a,a,ETI,0.008192000000000003
33,10,479.241379310344,27,20240430,27-CF 20240430.xlsx,std,a,a,ETI,0.008192000000000003
33,20,489.862068965517,27,20240430,27-CF 20240430.xlsx,std,a,a,ETI,0.008192000000000003
33,30,525.428571428571,27,20240430,27-CF 20240430.xlsx,std,a,a,ETI,0.008192000000000003
33,40,551.75,27,20240430,27-CF 20240430.xlsx,std,a,a,ETI,0.008192000000000003
33,50,583.714285714285,27,20240430,27-CF 20240430.xlsx,std,a,a,ETI,0.008192000000000003
33,60,621.035714285714,27,20240430,27-CF 20240430.xlsx,std,a,a,ETI,0.008192000000000003
34,0,357.208333333333,27,20240430,27-CF 20240430.xlsx,std,a,b,ETI,0.008192000000000003
34,10,394.772727272727,27,20240430,27-CF 20240430.xlsx,std,a,b,ETI,0.008192000000000003
34,20,406.636363636363,27,20240430,27-CF 20240430.xlsx,std,a,b,ETI,0.008192000000000003
34,30,391.75,27,20240430,27-CF 20240430.xlsx,std,a,b,ETI,0.008192000000000003
34,40,429.304347826086,27,20240430,27-CF 20240430.xlsx,std,a,b,ETI,0.008192000000000003
34,50,433.5,27,20240430,27-CF 20240430.xlsx,std,a,b,ETI,0.008192000000000003
34,60,461.416666666666,27,20240430,27-CF 20240430.xlsx,std,a,b,ETI,0.008192000000000003
35,0,406.346153846153,27,20240430,27-CF 20240430.xlsx,std,b,a,ETI,0.02048000000000001
35,10,409.692307692307,27,20240430,27-CF 20240430.xlsx,std,b,a,ETI,0.02048000000000001
35,20,440.68,27,20240430,27-CF 20240430.xlsx,std,b,a,ETI,0.02048000000000001
35,30,486.5,27,20240430,27-CF 20240430.xlsx,std,b,a,ETI,0.02048000000000001
35,40,550.608695652173,27,20240430,27-CF 20240430.xlsx,std,b,a,ETI,0.02048000000000001
35,50,611.217391304347,27,20240430,27-CF 20240430.xlsx,std,b,a,ETI,0.02048000000000001
35,60,683.391304347826,27,20240430,27-CF 20240430.xlsx,std,b,a,ETI,0.02048000000000001
36,0,333,27,20240430,27-CF 20240430.xlsx,std,b,b,ETI,0.02048000000000001
36,10,335.25,27,20240430,27-CF 20240430.xlsx,std,b,b,ETI,0.02048000000000001
36,20,348.75,27,20240430,27-CF 20240430.xlsx,std,b,b,ETI,0.02048000000000001
36,30,355.705882352941,27,20240430,27-CF 20240430.xlsx,std,b,b,ETI,0.02048000000000001
36,40,439.333333333333,27,20240430,27-CF 20240430.xlsx,std,b,b,ETI,0.02048000000000001
36,50,456.1875,27,20240430,27-CF 20240430.xlsx,std,b,b,ETI,0.02048000000000001
36,60,502.6875,27,20240430,27-CF 20240430.xlsx,std,b,b,ETI,0.02048000000000001
37,0,439.217391304347,27,20240430,27-CF 20240430.xlsx,std,c,a,ETI,0.05120000000000001
37,10,454.954545454545,27,20240430,27-CF 20240430.xlsx,std,c,a,ETI,0.05120000000000001
37,20,472.565217391304,27,20240430,27-CF 20240430.xlsx,std,c,a,ETI,0.05120000000000001
37,30,535.260869565217,27,20240430,27-CF 20240430.xlsx,std,c,a,ETI,0.05120000000000001
37,40,647.227272727272,27,20240430,27-CF 20240430.xlsx,std,c,a,ETI,0.05120000000000001
37,50,702.695652173913,27,20240430,27-CF 20240430.xlsx,std,c,a,ETI,0.05120000000000001
37,60,744.041666666666,27,20240430,27-CF 20240430.xlsx,std,c,a,ETI,0.05120000000000001
38,0,436.9,27,20240430,27-CF 20240430.xlsx,std,c,b,ETI,0.05120000000000001
38,10,441.45,27,20240430,27-CF 20240430.xlsx,std,c,b,ETI,0.05120000000000001
38,20,449.380952380952,27,20240430,27-CF 20240430.xlsx,std,c,b,ETI,0.05120000000000001
38,30,540.3,27,20240430,27-CF 20240430.xlsx,std,c,b,ETI,0.05120000000000001
38,40,632.35,27,20240430,27-CF 20240430.xlsx,std,c,b,ETI,0.05120000000000001
38,50,728.9,27,20240430,27-CF 20240430.xlsx,std,c,b,ETI,0.05120000000000001
38,60,844.894736842105,27,20240430,27-CF 20240430.xlsx,std,c,b,ETI,0.05120000000000001
39,0,521.428571428571,27,20240430,27-CF 20240430.xlsx,std,d,a,ETI,0.12800000000000003
39,10,531.904761904761,27,20240430,27-CF 20240430.xlsx,std,d,a,ETI,0.12800000000000003
39,20,630.5,27,20240430,27-CF 20240430.xlsx,std,d,a,ETI,0.12800000000000003
39,30,718.523809523809,27,20240430,27-CF 20240430.xlsx,std,d,a,ETI,0.12800000000000003
39,40,793.40909090909,27,20240430,27-CF 20240430.xlsx,std,d,a,ETI,0.12800000000000003
39,50,943.904761904761,27,20240430,27-CF 20240430.xlsx,std,d,a,ETI,0.12800000000000003
39,60,1087.7,27,20240430,27-CF 20240430.xlsx,std,d,a,ETI,0.12800000000000003
40,0,431.64,27,20240430,27-CF 20240430.xlsx,std,d,b,ETI,0.12800000000000003
40,10,443.08,27,20240430,27-CF 20240430.xlsx,std,d,b,ETI,0.12800000000000003
40,20,557,27,20240430,27-CF 20240430.xlsx,std,d,b,ETI,0.12800000000000003
40,30,661.08,27,20240430,27-CF 20240430.xlsx,std,d,b,ETI,0.12800000000000003
40,40,731.846153846153,27,20240430,27-CF 20240430.xlsx,std,d,b,ETI,0.12800000000000003
40,50,834.64,27,20240430,27-CF 20240430.xlsx,std,d,b,ETI,0.12800000000000003
40,60,824.629629629629,27,20240430,27-CF 20240430.xlsx,std,d,b,ETI,0.12800000000000003
41,0,408.65,27,20240430,27-CF 20240430.xlsx,std,e,a,ETI,0.32000000000000006
41,10,482.210526315789,27,20240430,27-CF 20240430.xlsx,std,e,a,ETI,0.32000000000000006
41,20,594.947368421052,27,20240430,27-CF 20240430.xlsx,std,e,a,ETI,0.32000000000000006
41,30,679.6,27,20240430,27-CF 20240430.xlsx,std,e,a,ETI,0.32000000000000006
41,40,717.47619047619,27,20240430,27-CF 20240430.xlsx,std,e,a,ETI,0.32000000000000006
41,50,772.904761904761,27,20240430,27-CF 20240430.xlsx,std,e,a,ETI,0.32000000000000006
41,60,701.91304347826,27,20240430,27-CF 20240430.xlsx,std,e,a,ETI,0.32000000000000006
42,0,406.052631578947,27,20240430,27-CF 20240430.xlsx,std,e,b,ETI,0.32000000000000006
42,10,434.81081081081,27,20240430,27-CF 20240430.xlsx,std,e,b,ETI,0.32000000000000006
42,20,564.324324324324,27,20240430,27-CF 20240430.xlsx,std,e,b,ETI,0.32000000000000006
42,30,709.638888888888,27,20240430,27-CF 20240430.xlsx,std,e,b,ETI,0.32000000000000006
42,40,721.589743589743,27,20240430,27-CF 20240430.xlsx,std,e,b,ETI,0.32000000000000006
42,50,730.1,27,20240430,27-CF 20240430.xlsx,std,e,b,ETI,0.32000000000000006
42,60,640.608695652173,27,20240430,27-CF 20240430.xlsx,std,e,b,ETI,0.32000000000000006
43,0,373.44,27,20240430,27-CF 20240430.xlsx,std,f,a,ETI,0.8000000000000002
43,10,419.88,27,20240430,27-CF 20240430.xlsx,std,f,a,ETI,0.8000000000000002
43,20,514.821428571428,27,20240430,27-CF 20240430.xlsx,std,f,a,ETI,0.8000000000000002
43,30,620.25,27,20240430,27-CF 20240430.xlsx,std,f,a,ETI,0.8000000000000002
43,40,698.107142857142,27,20240430,27-CF 20240430.xlsx,std,f,a,ETI,0.8000000000000002
43,50,642.9375,27,20240430,27-CF 20240430.xlsx,std,f,a,ETI,0.8000000000000002
43,60,659.787878787878,27,20240430,27-CF 20240430.xlsx,std,f,a,ETI,0.8000000000000002
44,0,453.526315789473,27,20240430,27-CF 20240430.xlsx,std,f,b,ETI,0.8000000000000002
44,10,494.904761904761,27,20240430,27-CF 20240430.xlsx,std,f,b,ETI,0.8000000000000002
44,20,612.136363636363,27,20240430,27-CF 20240430.xlsx,std,f,b,ETI,0.8000000000000002
44,30,709.090909090909,27,20240430,27-CF 20240430.xlsx,std,f,b,ETI,0.8000000000000002
44,40,833.952380952381,27,20240430,27-CF 20240430.xlsx,std,f,b,ETI,0.8000000000000002
44,50,824.304347826087,27,20240430,27-CF 20240430.xlsx,std,f,b,ETI,0.8000000000000002
44,60,937.761904761904,27,20240430,27-CF 20240430.xlsx,std,f,b,ETI,0.8000000000000002
45,0,412.25,27,20240430,27-CF 20240430.xlsx,std,g,a,ETI,2
45,10,460.055555555555,27,20240430,27-CF 20240430.xlsx,std,g,a,ETI,2
45,20,538.105263157894,27,20240430,27-CF 20240430.xlsx,std,g,a,ETI,2
45,30,696.823529411764,27,20240430,27-CF 20240430.xlsx,std,g,a,ETI,2
45,40,770.764705882352,27,20240430,27-CF 20240430.xlsx,std,g,a,ETI,2
45,50,938.333333333333,27,20240430,27-CF 20240430.xlsx,std,g,a,ETI,2
45,60,986.066666666666,27,20240430,27-CF 20240430.xlsx,std,g,a,ETI,2
46,0,459.117647058823,27,20240430,27-CF 20240430.xlsx,std,g,b,ETI,2
46,10,660.875,27,20240430,27-CF 20240430.xlsx,std,g,b,ETI,2
46,20,841.5625,27,20240430,27-CF 20240430.xlsx,std,g,b,ETI,2
46,30,972.1875,27,20240430,27-CF 20240430.xlsx,std,g,b,ETI,2
46,40,1239.57142857142,27,20240430,27-CF 20240430.xlsx,std,g,b,ETI,2
46,50,1239.2,27,20240430,27-CF 20240430.xlsx,std,g,b,ETI,2
46,60,1180.1875,27,20240430,27-CF 20240430.xlsx,std,g,b,ETI,2
47,0,351.772727272727,27,20240430,27-CF 20240430.xlsx,std,h,a,ETI,5
47,10,490.5,27,20240430,27-CF 20240430.xlsx,std,h,a,ETI,5
47,20,540.32,27,20240430,27-CF 20240430.xlsx,std,h,a,ETI,5
47,30,646.25,27,20240430,27-CF 20240430.xlsx,std,h,a,ETI,5
47,40,714.083333333333,27,20240430,27-CF 20240430.xlsx,std,h,a,ETI,5
47,50,736.16,27,20240430,27-CF 20240430.xlsx,std,h,a,ETI,5
47,60,756.08,27,20240430,27-CF 20240430.xlsx,std,h,a,ETI,5
48,0,407.12,27,20240430,27-CF 20240430.xlsx,std,h,b,ETI,5
48,10,495.892857142857,27,20240430,27-CF 20240430.xlsx,std,h,b,ETI,5
48,20,613.357142857142,27,20240430,27-CF 20240430.xlsx,std,h,b,ETI,5
48,30,733.259259259259,27,20240430,27-CF 20240430.xlsx,std,h,b,ETI,5
48,40,752,27,20240430,27-CF 20240430.xlsx,std,h,b,ETI,5
48,50,827.821428571428,27,20240430,27-CF 20240430.xlsx,std,h,b,ETI,5
48,60,893.692307692307,27,20240430,27-CF 20240430.xlsx,std,h,b,ETI,5
49,0,450.444444444444,27,20240430,27-CF 20240430.xlsx,std,a,a,VTI,0.008192000000000003
49,10,474.653846153846,27,20240430,27-CF 20240430.xlsx,std,a,a,VTI,0.008192000000000003
49,20,487.846153846153,27,20240430,27-CF 20240430.xlsx,std,a,a,VTI,0.008192000000000003
49,30,506.5,27,20240430,27-CF 20240430.xlsx,std,a,a,VTI,0.008192000000000003
49,40,531.076923076923,27,20240430,27-CF 20240430.xlsx,std,a,a,VTI,0.008192000000000003
49,50,565.192307692307,27,20240430,27-CF 20240430.xlsx,std,a,a,VTI,0.008192000000000003
49,60,584,27,20240430,27-CF 20240430.xlsx,std,a,a,VTI,0.008192000000000003
50,0,592,27,20240430,27-CF 20240430.xlsx,std,a,b,VTI,0.008192000000000003
50,10,561.111111111111,27,20240430,27-CF 20240430.xlsx,std,a,b,VTI,0.008192000000000003
50,20,616,27,20240430,27-CF 20240430.xlsx,std,a,b,VTI,0.008192000000000003
50,30,687.5,27,20240430,27-CF 20240430.xlsx,std,a,b,VTI,0.008192000000000003
50,40,685.823529411764,27,20240430,27-CF 20240430.xlsx,std,a,b,VTI,0.008192000000000003
50,50,785.25,27,20240430,27-CF 20240430.xlsx,std,a,b,VTI,0.008192000000000003
50,60,831.133333333333,27,20240430,27-CF 20240430.xlsx,std,a,b,VTI,0.008192000000000003
51,0,368.413793103448,27,20240430,27-CF 20240430.xlsx,std,b,a,VTI,0.02048000000000001
51,10,376.896551724137,27,20240430,27-CF 20240430.xlsx,std,b,a,VTI,0.02048000000000001
51,20,404.448275862068,27,20240430,27-CF 20240430.xlsx,std,b,a,VTI,0.02048000000000001
51,30,448.068965517241,27,20240430,27-CF 20240430.xlsx,std,b,a,VTI,0.02048000000000001
51,40,459.8125,27,20240430,27-CF 20240430.xlsx,std,b,a,VTI,0.02048000000000001
51,50,495.85294117647,27,20240430,27-CF 20240430.xlsx,std,b,a,VTI,0.02048000000000001
51,60,536.657142857142,27,20240430,27-CF 20240430.xlsx,std,b,a,VTI,0.02048000000000001
52,0,502.733333333333,27,20240430,27-CF 20240430.xlsx,std,b,b,VTI,0.02048000000000001
52,10,473.1875,27,20240430,27-CF 20240430.xlsx,std,b,b,VTI,0.02048000000000001
52,20,462.117647058823,27,20240430,27-CF 20240430.xlsx,std,b,b,VTI,0.02048000000000001
52,30,495.294117647058,27,20240430,27-CF 20240430.xlsx,std,b,b,VTI,0.02048000000000001
52,40,544.941176470588,27,20240430,27-CF 20240430.xlsx,std,b,b,VTI,0.02048000000000001
52,50,650.0625,27,20240430,27-CF 20240430.xlsx,std,b,b,VTI,0.02048000000000001
52,60,619.315789473684,27,20240430,27-CF 20240430.xlsx,std,b,b,VTI,0.02048000000000001
53,0,473.55,27,20240430,27-CF 20240430.xlsx,std,c,a,VTI,0.05120000000000001
53,10,475.95,27,20240430,27-CF 20240430.xlsx,std,c,a,VTI,0.05120000000000001
53,20,514,27,20240430,27-CF 20240430.xlsx,std,c,a,VTI,0.05120000000000001
53,30,593.8,27,20240430,27-CF 20240430.xlsx,std,c,a,VTI,0.05120000000000001
53,40,595.5,27,20240430,27-CF 20240430.xlsx,std,c,a,VTI,0.05120000000000001
53,50,718.217391304347,27,20240430,27-CF 20240430.xlsx,std,c,a,VTI,0.05120000000000001
53,60,830.590909090909,27,20240430,27-CF 20240430.xlsx,std,c,a,VTI,0.05120000000000001
54,0,325.625,27,20240430,27-CF 20240430.xlsx,std,c,b,VTI,0.05120000000000001
54,10,359.8,27,20240430,27-CF 20240430.xlsx,std,c,b,VTI,0.05120000000000001
54,20,404.933333333333,27,20240430,27-CF 20240430.xlsx,std,c,b,VTI,0.05120000000000001
54,30,516.642857142857,27,20240430,27-CF 20240430.xlsx,std,c,b,VTI,0.05120000000000001
54,40,508.35294117647,27,20240430,27-CF 20240430.xlsx,std,c,b,VTI,0.05120000000000001
54,50,510.894736842105,27,20240430,27-CF 20240430.xlsx,std,c,b,VTI,0.05120000000000001
54,60,614.176470588235,27,20240430,27-CF 20240430.xlsx,std,c,b,VTI,0.05120000000000001
55,0,412.47619047619,27,20240430,27-CF 20240430.xlsx,std,d,a,VTI,0.12800000000000003
55,10,500.1,27,20240430,27-CF 20240430.xlsx,std,d,a,VTI,0.12800000000000003
55,20,580.772727272727,27,20240430,27-CF 20240430.xlsx,std,d,a,VTI,0.12800000000000003
55,30,686.818181818181,27,20240430,27-CF 20240430.xlsx,std,d,a,VTI,0.12800000000000003
55,40,781.045454545454,27,20240430,27-CF 20240430.xlsx,std,d,a,VTI,0.12800000000000003
55,50,839.954545454545,27,20240430,27-CF 20240430.xlsx,std,d,a,VTI,0.12800000000000003
55,60,862.636363636363,27,20240430,27-CF 20240430.xlsx,std,d,a,VTI,0.12800000000000003
56,0,382.466666666666,27,20240430,27-CF 20240430.xlsx,std,d,b,VTI,0.12800000000000003
56,10,409.931034482758,27,20240430,27-CF 20240430.xlsx,std,d,b,VTI,0.12800000000000003
56,20,522.533333333333,27,20240430,27-CF 20240430.xlsx,std,d,b,VTI,0.12800000000000003
56,30,622.677419354838,27,20240430,27-CF 20240430.xlsx,std,d,b,VTI,0.12800000000000003
56,40,692.90625,27,20240430,27-CF 20240430.xlsx,std,d,b,VTI,0.12800000000000003
56,50,791.709677419354,27,20240430,27-CF 20240430.xlsx,std,d,b,VTI,0.12800000000000003
56,60,855.8,27,20240430,27-CF 20240430.xlsx,std,d,b,VTI,0.12800000000000003
57,0,392.033333333333,27,20240430,27-CF 20240430.xlsx,std,e,a,VTI,0.32000000000000006
57,10,454.933333333333,27,20240430,27-CF 20240430.xlsx,std,e,a,VTI,0.32000000000000006
57,20,591.290322580645,27,20240430,27-CF 20240430.xlsx,std,e,a,VTI,0.32000000000000006
57,30,645.424242424242,27,20240430,27-CF 20240430.xlsx,std,e,a,VTI,0.32000000000000006
57,40,755.451612903225,27,20240430,27-CF 20240430.xlsx,std,e,a,VTI,0.32000000000000006
57,50,782.6875,27,20240430,27-CF 20240430.xlsx,std,e,a,VTI,0.32000000000000006
57,60,806.75,27,20240430,27-CF 20240430.xlsx,std,e,a,VTI,0.32000000000000006
58,0,319.5,27,20240430,27-CF 20240430.xlsx,std,e,b,VTI,0.32000000000000006
58,10,357.875,27,20240430,27-CF 20240430.xlsx,std,e,b,VTI,0.32000000000000006
58,20,490.866666666666,27,20240430,27-CF 20240430.xlsx,std,e,b,VTI,0.32000000000000006
58,30,609.285714285714,27,20240430,27-CF 20240430.xlsx,std,e,b,VTI,0.32000000000000006
58,40,635.466666666666,27,20240430,27-CF 20240430.xlsx,std,e,b,VTI,0.32000000000000006
58,50,690.666666666666,27,20240430,27-CF 20240430.xlsx,std,e,b,VTI,0.32000000000000006
58,60,722,27,20240430,27-CF 20240430.xlsx,std,e,b,VTI,0.32000000000000006
59,0,321.09375,27,20240430,27-CF 20240430.xlsx,std,f,a,VTI,0.8000000000000002
59,10,386.363636363636,27,20240430,27-CF 20240430.xlsx,std,f,a,VTI,0.8000000000000002
59,20,495.970588235294,27,20240430,27-CF 20240430.xlsx,std,f,a,VTI,0.8000000000000002
59,30,574.382352941176,27,20240430,27-CF 20240430.xlsx,std,f,a,VTI,0.8000000000000002
59,40,619.2,27,20240430,27-CF 20240430.xlsx,std,f,a,VTI,0.8000000000000002
59,50,649.75,27,20240430,27-CF 20240430.xlsx,std,f,a,VTI,0.8000000000000002
59,60,680.666666666666,27,20240430,27-CF 20240430.xlsx,std,f,a,VTI,0.8000000000000002
60,0,423.695652173913,27,20240430,27-CF 20240430.xlsx,std,f,b,VTI,0.8000000000000002
60,10,490.391304347826,27,20240430,27-CF 20240430.xlsx,std,f,b,VTI,0.8000000000000002
60,20,678.478260869565,27,20240430,27-CF 20240430.xlsx,std,f,b,VTI,0.8000000000000002
60,30,841.818181818181,27,20240430,27-CF 20240430.xlsx,std,f,b,VTI,0.8000000000000002
60,40,902.608695652173,27,20240430,27-CF 20240430.xlsx,std,f,b,VTI,0.8000000000000002
60,50,1025.81818181818,27,20240430,27-CF 20240430.xlsx,std,f,b,VTI,0.8000000000000002
60,60,1033.17391304347,27,20240430,27-CF 20240430.xlsx,std,f,b,VTI,0.8000000000000002
61,0,294.4,27,20240430,27-CF 20240430.xlsx,std,g,a,VTI,2
61,10,384.16,27,20240430,27-CF 20240430.xlsx,std,g,a,VTI,2
61,20,491.36,27,20240430,27-CF 20240430.xlsx,std,g,a,VTI,2
61,30,538.26923076923,27,20240430,27-CF 20240430.xlsx,std,g,a,VTI,2
61,40,597.961538461538,27,20240430,27-CF 20240430.xlsx,std,g,a,VTI,2
61,50,637,27,20240430,27-CF 20240430.xlsx,std,g,a,VTI,2
61,60,657.115384615384,27,20240430,27-CF 20240430.xlsx,std,g,a,VTI,2
62,0,471.96,27,20240430,27-CF 20240430.xlsx,std,g,b,VTI,2
62,10,618.04,27,20240430,27-CF 20240430.xlsx,std,g,b,VTI,2
62,20,773.5,27,20240430,27-CF 20240430.xlsx,std,g,b,VTI,2
62,30,895.76923076923,27,20240430,27-CF 20240430.xlsx,std,g,b,VTI,2
62,40,1041.32,27,20240430,27-CF 20240430.xlsx,std,g,b,VTI,2
62,50,1034.4074074074,27,20240430,27-CF 20240430.xlsx,std,g,b,VTI,2
62,60,971.5,27,20240430,27-CF 20240430.xlsx,std,g,b,VTI,2
63,0,446.555555555555,27,20240430,27-CF 20240430.xlsx,std,h,a,VTI,5
63,10,542.806451612903,27,20240430,27-CF 20240430.xlsx,std,h,a,VTI,5
63,20,675.903225806451,27,20240430,27-CF 20240430.xlsx,std,h,a,VTI,5
63,30,784.233333333333,27,20240430,27-CF 20240430.xlsx,std,h,a,VTI,5
63,40,909.857142857142,27,20240430,27-CF 20240430.xlsx,std,h,a,VTI,5
63,50,909.166666666666,27,20240430,27-CF 20240430.xlsx,std,h,a,VTI,5
63,60,997.607142857142,27,20240430,27-CF 20240430.xlsx,std,h,a,VTI,5
64,0,393.166666666666,27,20240430,27-CF 20240430.xlsx,std,h,b,VTI,5
64,10,518.96,27,20240430,27-CF 20240430.xlsx,std,h,b,VTI,5
64,20,674.958333333333,27,20240430,27-CF 20240430.xlsx,std,h,b,VTI,5
64,30,783.25,27,20240430,27-CF 20240430.xlsx,std,h,b,VTI,5
64,40,831.28,27,20240430,27-CF 20240430.xlsx,std,h,b,VTI,5
64,50,894.96,27,20240430,27-CF 20240430.xlsx,std,h,b,VTI,5
64,60,933.08,27,20240430,27-CF 20240430.xlsx,std,h,b,VTI,5
73,0,397.571428571428,27,20240430,27-CF 20240430.xlsx,std,h,a,FskOnly,5
73,10,392.428571428571,27,20240430,27-CF 20240430.xlsx,std,h,a,FskOnly,5
73,20,416.846153846153,27,20240430,27-CF 20240430.xlsx,std,h,a,FskOnly,5
73,30,382.428571428571,27,20240430,27-CF 20240430.xlsx,std,h,a,FskOnly,5
73,40,380.857142857142,27,20240430,27-CF 20240430.xlsx,std,h,a,FskOnly,5
73,50,377.928571428571,27,20240430,27-CF 20240430.xlsx,std,h,a,FskOnly,5
73,60,375.285714285714,27,20240430,27-CF 20240430.xlsx,std,h,a,FskOnly,5
74,0,426.173913043478,27,20240430,27-CF 20240430.xlsx,std,h,b,FskOnly,5
74,10,441.863636363636,27,20240430,27-CF 20240430.xlsx,std,h,b,FskOnly,5
74,20,457.095238095238,27,20240430,27-CF 20240430.xlsx,std,h,b,FskOnly,5
74,30,452.380952380952,27,20240430,27-CF 20240430.xlsx,std,h,b,FskOnly,5
74,40,430.454545454545,27,20240430,27-CF 20240430.xlsx,std,h,b,FskOnly,5
74,50,428.818181818181,27,20240430,27-CF 20240430.xlsx,std,h,b,FskOnly,5
74,60,427.454545454545,27,20240430,27-CF 20240430.xlsx,std,h,b,FskOnly,5
75,0,360.263157894736,27,20240430,27-CF 20240430.xlsx,std,f,a,FskOnly,0.8000000000000002
75,10,375.277777777777,27,20240430,27-CF 20240430.xlsx,std,f,a,FskOnly,0.8000000000000002
75,20,372.111111111111,27,20240430,27-CF 20240430.xlsx,std,f,a,FskOnly,0.8000000000000002
75,30,351.78947368421,27,20240430,27-CF 20240430.xlsx,std,f,a,FskOnly,0.8000000000000002
75,40,371.444444444444,27,20240430,27-CF 20240430.xlsx,std,f,a,FskOnly,0.8000000000000002
75,50,370.888888888888,27,20240430,27-CF 20240430.xlsx,std,f,a,FskOnly,0.8000000000000002
75,60,372.055555555555,27,20240430,27-CF 20240430.xlsx,std,f,a,FskOnly,0.8000000000000002
76,0,360.85,27,20240430,27-CF 20240430.xlsx,std,f,b,FskOnly,0.8000000000000002
76,10,361.25,27,20240430,27-CF 20240430.xlsx,std,f,b,FskOnly,0.8000000000000002
76,20,359.65,27,20240430,27-CF 20240430.xlsx,std,f,b,FskOnly,0.8000000000000002
76,30,356.8,27,20240430,27-CF 20240430.xlsx,std,f,b,FskOnly,0.8000000000000002
76,40,355.95,27,20240430,27-CF 20240430.xlsx,std,f,b,FskOnly,0.8000000000000002
76,50,353.15,27,20240430,27-CF 20240430.xlsx,std,f,b,FskOnly,0.8000000000000002
76,60,353.75,27,20240430,27-CF 20240430.xlsx,std,f,b,FskOnly,0.8000000000000002
77,0,403.05,27,20240430,27-CF 20240430.xlsx,std,d,a,FskOnly,0.12800000000000003
77,10,421.684210526315,27,20240430,27-CF 20240430.xlsx,std,d,a,FskOnly,0.12800000000000003
77,20,401.3,27,20240430,27-CF 20240430.xlsx,std,d,a,FskOnly,0.12800000000000003
77,30,420.421052631578,27,20240430,27-CF 20240430.xlsx,std,d,a,FskOnly,0.12800000000000003
77,40,399.3,27,20240430,27-CF 20240430.xlsx,std,d,a,FskOnly,0.12800000000000003
77,50,419.315789473684,27,20240430,27-CF 20240430.xlsx,std,d,a,FskOnly,0.12800000000000003
77,60,418.210526315789,27,20240430,27-CF 20240430.xlsx,std,d,a,FskOnly,0.12800000000000003
78,0,413.444444444444,27,20240430,27-CF 20240430.xlsx,std,d,b,FskOnly,0.12800000000000003
78,10,416.055555555555,27,20240430,27-CF 20240430.xlsx,std,d,b,FskOnly,0.12800000000000003
78,20,416.833333333333,27,20240430,27-CF 20240430.xlsx,std,d,b,FskOnly,0.12800000000000003
78,30,417.777777777777,27,20240430,27-CF 20240430.xlsx,std,d,b,FskOnly,0.12800000000000003
78,40,418.166666666666,27,20240430,27-CF 20240430.xlsx,std,d,b,FskOnly,0.12800000000000003
78,50,419.055555555555,27,20240430,27-CF 20240430.xlsx,std,d,b,FskOnly,0.12800000000000003
78,60,417.5,27,20240430,27-CF 20240430.xlsx,std,d,b,FskOnly,0.12800000000000003
79,0,291,27,20240430,27-CF 20240430.xlsx,std,b,a,FskOnly,0.02048000000000001
79,10,293.090909090909,27,20240430,27-CF 20240430.xlsx,std,b,a,FskOnly,0.02048000000000001
79,20,299.272727272727,27,20240430,27-CF 20240430.xlsx,std,b,a,FskOnly,0.02048000000000001
79,30,302.363636363636,27,20240430,27-CF 20240430.xlsx,std,b,a,FskOnly,0.02048000000000001
79,40,301.636363636363,27,20240430,27-CF 20240430.xlsx,std,b,a,FskOnly,0.02048000000000001
79,50,305.181818181818,27,20240430,27-CF 20240430.xlsx,std,b,a,FskOnly,0.02048000000000001
79,60,308.818181818181,27,20240430,27-CF 20240430.xlsx,std,b,a,FskOnly,0.02048000000000001
80,0,399.097560975609,27,20240430,27-CF 20240430.xlsx,std,b,b,FskOnly,0.02048000000000001
80,10,391.142857142857,27,20240430,27-CF 20240430.xlsx,std,b,b,FskOnly,0.02048000000000001
80,20,402.268292682926,27,20240430,27-CF 20240430.xlsx,std,b,b,FskOnly,0.02048000000000001
80,30,404.560975609756,27,20240430,27-CF 20240430.xlsx,std,b,b,FskOnly,0.02048000000000001
80,40,406.951219512195,27,20240430,27-CF 20240430.xlsx,std,b,b,FskOnly,0.02048000000000001
80,50,439.684210526315,27,20240430,27-CF 20240430.xlsx,std,b,b,FskOnly,0.02048000000000001
80,60,407.975609756097,27,20240430,27-CF 20240430.xlsx,std,b,b,FskOnly,0.02048000000000001
1,0,235.190476190476,31,20240517,31-CF 20240517.xlsx,std,1,a,ETI,0.008192000000000003
1,10,240.609756097561,31,20240517,31-CF 20240517.xlsx,std,1,a,ETI,0.008192000000000003
1,20,252.951219512195,31,20240517,31-CF 20240517.xlsx,std,1,a,ETI,0.008192000000000003
1,30,263.45238095238,31,20240517,31-CF 20240517.xlsx,std,1,a,ETI,0.008192000000000003
1,40,289.560975609756,31,20240517,31-CF 20240517.xlsx,std,1,a,ETI,0.008192000000000003
1,50,314.292682926829,31,20240517,31-CF 20240517.xlsx,std,1,a,ETI,0.008192000000000003
1,60,333.238095238095,31,20240517,31-CF 20240517.xlsx,std,1,a,ETI,0.008192000000000003
2,0,245.310344827586,31,20240517,31-CF 20240517.xlsx,std,1,b,ETI,0.008192000000000003
2,10,255.655172413793,31,20240517,31-CF 20240517.xlsx,std,1,b,ETI,0.008192000000000003
2,20,278.206896551724,31,20240517,31-CF 20240517.xlsx,std,1,b,ETI,0.008192000000000003
2,30,292.333333333333,31,20240517,31-CF 20240517.xlsx,std,1,b,ETI,0.008192000000000003
2,40,319.033333333333,31,20240517,31-CF 20240517.xlsx,std,1,b,ETI,0.008192000000000003
2,50,339.566666666666,31,20240517,31-CF 20240517.xlsx,std,1,b,ETI,0.008192000000000003
2,60,358.233333333333,31,20240517,31-CF 20240517.xlsx,std,1,b,ETI,0.008192000000000003
3,0,183.55,31,20240517,31-CF 20240517.xlsx,std,2,a,ETI,0.02048000000000001
3,10,184.9,31,20240517,31-CF 20240517.xlsx,std,2,a,ETI,0.02048000000000001
3,20,202.25,31,20240517,31-CF 20240517.xlsx,std,2,a,ETI,0.02048000000000001
3,30,227.05,31,20240517,31-CF 20240517.xlsx,std,2,a,ETI,0.02048000000000001
3,40,256,31,20240517,31-CF 20240517.xlsx,std,2,a,ETI,0.02048000000000001
3,50,282.45,31,20240517,31-CF 20240517.xlsx,std,2,a,ETI,0.02048000000000001
3,60,293.3,31,20240517,31-CF 20240517.xlsx,std,2,a,ETI,0.02048000000000001
4,0,198.75,31,20240517,31-CF 20240517.xlsx,std,2,b,ETI,0.02048000000000001
4,10,205.0625,31,20240517,31-CF 20240517.xlsx,std,2,b,ETI,0.02048000000000001
4,20,216.060606060606,31,20240517,31-CF 20240517.xlsx,std,2,b,ETI,0.02048000000000001
4,30,230.571428571428,31,20240517,31-CF 20240517.xlsx,std,2,b,ETI,0.02048000000000001
4,40,259.685714285714,31,20240517,31-CF 20240517.xlsx,std,2,b,ETI,0.02048000000000001
4,50,277.416666666666,31,20240517,31-CF 20240517.xlsx,std,2,b,ETI,0.02048000000000001
4,60,300.583333333333,31,20240517,31-CF 20240517.xlsx,std,2,b,ETI,0.02048000000000001
5,0,264.083333333333,31,20240517,31-CF 20240517.xlsx,std,3,a,ETI,0.05120000000000001
5,10,269.25,31,20240517,31-CF 20240517.xlsx,std,3,a,ETI,0.05120000000000001
5,20,318.090909090909,31,20240517,31-CF 20240517.xlsx,std,3,a,ETI,0.05120000000000001
5,30,336.666666666666,31,20240517,31-CF 20240517.xlsx,std,3,a,ETI,0.05120000000000001
5,40,384.25,31,20240517,31-CF 20240517.xlsx,std,3,a,ETI,0.05120000000000001
5,50,399.153846153846,31,20240517,31-CF 20240517.xlsx,std,3,a,ETI,0.05120000000000001
5,60,433.384615384615,31,20240517,31-CF 20240517.xlsx,std,3,a,ETI,0.05120000000000001
6,0,236.772727272727,31,20240517,31-CF 20240517.xlsx,std,3,b,ETI,0.05120000000000001
6,10,249.318181818181,31,20240517,31-CF 20240517.xlsx,std,3,b,ETI,0.05120000000000001
6,20,291.772727272727,31,20240517,31-CF 20240517.xlsx,std,3,b,ETI,0.05120000000000001
6,30,349.227272727272,31,20240517,31-CF 20240517.xlsx,std,3,b,ETI,0.05120000000000001
6,40,399.454545454545,31,20240517,31-CF 20240517.xlsx,std,3,b,ETI,0.05120000000000001
6,50,431.5,31,20240517,31-CF 20240517.xlsx,std,3,b,ETI,0.05120000000000001
6,60,440.363636363636,31,20240517,31-CF 20240517.xlsx,std,3,b,ETI,0.05120000000000001
7,0,219.555555555555,31,20240517,31-CF 20240517.xlsx,std,4,a,ETI,0.12800000000000003
7,10,232.526315789473,31,20240517,31-CF 20240517.xlsx,std,4,a,ETI,0.12800000000000003
7,20,289.783783783783,31,20240517,31-CF 20240517.xlsx,std,4,a,ETI,0.12800000000000003
7,30,342.194444444444,31,20240517,31-CF 20240517.xlsx,std,4,a,ETI,0.12800000000000003
7,40,385.685714285714,31,20240517,31-CF 20240517.xlsx,std,4,a,ETI,0.12800000000000003
7,50,397.971428571428,31,20240517,31-CF 20240517.xlsx,std,4,a,ETI,0.12800000000000003
7,60,391.388888888888,31,20240517,31-CF 20240517.xlsx,std,4,a,ETI,0.12800000000000003
8,0,216.428571428571,31,20240517,31-CF 20240517.xlsx,std,4,b,ETI,0.12800000000000003
8,10,224.173913043478,31,20240517,31-CF 20240517.xlsx,std,4,b,ETI,0.12800000000000003
8,20,280.086956521739,31,20240517,31-CF 20240517.xlsx,std,4,b,ETI,0.12800000000000003
8,30,324.652173913043,31,20240517,31-CF 20240517.xlsx,std,4,b,ETI,0.12800000000000003
8,40,353.954545454545,31,20240517,31-CF 20240517.xlsx,std,4,b,ETI,0.12800000000000003
8,50,380.523809523809,31,20240517,31-CF 20240517.xlsx,std,4,b,ETI,0.12800000000000003
8,60,357.130434782608,31,20240517,31-CF 20240517.xlsx,std,4,b,ETI,0.12800000000000003
9,0,260.216216216216,31,20240517,31-CF 20240517.xlsx,std,5,a,ETI,0.32000000000000006
9,10,314.263157894736,31,20240517,31-CF 20240517.xlsx,std,5,a,ETI,0.32000000000000006
9,20,410.472222222222,31,20240517,31-CF 20240517.xlsx,std,5,a,ETI,0.32000000000000006
9,30,462.25,31,20240517,31-CF 20240517.xlsx,std,5,a,ETI,0.32000000000000006
9,40,500.583333333333,31,20240517,31-CF 20240517.xlsx,std,5,a,ETI,0.32000000000000006
9,50,505.108108108108,31,20240517,31-CF 20240517.xlsx,std,5,a,ETI,0.32000000000000006
9,60,509.729729729729,31,20240517,31-CF 20240517.xlsx,std,5,a,ETI,0.32000000000000006
10,0,272.846153846153,31,20240517,31-CF 20240517.xlsx,std,5,b,ETI,0.32000000000000006
10,10,315.275862068965,31,20240517,31-CF 20240517.xlsx,std,5,b,ETI,0.32000000000000006
10,20,394.896551724137,31,20240517,31-CF 20240517.xlsx,std,5,b,ETI,0.32000000000000006
10,30,454.620689655172,31,20240517,31-CF 20240517.xlsx,std,5,b,ETI,0.32000000000000006
10,40,494.482758620689,31,20240517,31-CF 20240517.xlsx,std,5,b,ETI,0.32000000000000006
10,50,495.586206896551,31,20240517,31-CF 20240517.xlsx,std,5,b,ETI,0.32000000000000006
10,60,504.448275862068,31,20240517,31-CF 20240517.xlsx,std,5,b,ETI,0.32000000000000006
11,0,229.8,31,20240517,31-CF 20240517.xlsx,std,6,a,ETI,0.8000000000000002
11,10,277.935483870967,31,20240517,31-CF 20240517.xlsx,std,6,a,ETI,0.8000000000000002
11,20,336.548387096774,31,20240517,31-CF 20240517.xlsx,std,6,a,ETI,0.8000000000000002
11,30,361.060606060606,31,20240517,31-CF 20240517.xlsx,std,6,a,ETI,0.8000000000000002
11,40,389.60606060606,31,20240517,31-CF 20240517.xlsx,std,6,a,ETI,0.8000000000000002
11,50,407.363636363636,31,20240517,31-CF 20240517.xlsx,std,6,a,ETI,0.8000000000000002
11,60,415.939393939393,31,20240517,31-CF 20240517.xlsx,std,6,a,ETI,0.8000000000000002
12,0,217.595238095238,31,20240517,31-CF 20240517.xlsx,std,6,b,ETI,0.8000000000000002
12,10,251.928571428571,31,20240517,31-CF 20240517.xlsx,std,6,b,ETI,0.8000000000000002
12,20,320.651162790697,31,20240517,31-CF 20240517.xlsx,std,6,b,ETI,0.8000000000000002
12,30,352.847826086956,31,20240517,31-CF 20240517.xlsx,std,6,b,ETI,0.8000000000000002
12,40,417.906976744186,31,20240517,31-CF 20240517.xlsx,std,6,b,ETI,0.8000000000000002
12,50,436.886363636363,31,20240517,31-CF 20240517.xlsx,std,6,b,ETI,0.8000000000000002
12,60,451.431818181818,31,20240517,31-CF 20240517.xlsx,std,6,b,ETI,0.8000000000000002
13,0,217.666666666666,31,20240517,31-CF 20240517.xlsx,std,7,a,ETI,2
13,10,265.516129032258,31,20240517,31-CF 20240517.xlsx,std,7,a,ETI,2
13,20,329.774193548387,31,20240517,31-CF 20240517.xlsx,std,7,a,ETI,2
13,30,369.84375,31,20240517,31-CF 20240517.xlsx,std,7,a,ETI,2
13,40,390.323529411764,31,20240517,31-CF 20240517.xlsx,std,7,a,ETI,2
13,50,412.970588235294,31,20240517,31-CF 20240517.xlsx,std,7,a,ETI,2
13,60,428.058823529411,31,20240517,31-CF 20240517.xlsx,std,7,a,ETI,2
14,0,222.90625,31,20240517,31-CF 20240517.xlsx,std,7,b,ETI,2
14,10,258.205882352941,31,20240517,31-CF 20240517.xlsx,std,7,b,ETI,2
14,20,330.454545454545,31,20240517,31-CF 20240517.xlsx,std,7,b,ETI,2
14,30,394.8125,31,20240517,31-CF 20240517.xlsx,std,7,b,ETI,2
14,40,407.371428571428,31,20240517,31-CF 20240517.xlsx,std,7,b,ETI,2
14,50,434.857142857142,31,20240517,31-CF 20240517.xlsx,std,7,b,ETI,2
14,60,430.416666666666,31,20240517,31-CF 20240517.xlsx,std,7,b,ETI,2
15,0,184.794871794871,31,20240517,31-CF 20240517.xlsx,std,8,a,ETI,5
15,10,241.923076923076,31,20240517,31-CF 20240517.xlsx,std,8,a,ETI,5
15,20,281.725,31,20240517,31-CF 20240517.xlsx,std,8,a,ETI,5
15,30,317.725,31,20240517,31-CF 20240517.xlsx,std,8,a,ETI,5
15,40,357.358974358974,31,20240517,31-CF 20240517.xlsx,std,8,a,ETI,5
15,50,372.846153846153,31,20240517,31-CF 20240517.xlsx,std,8,a,ETI,5
15,60,375.820512820512,31,20240517,31-CF 20240517.xlsx,std,8,a,ETI,5
16,0,264.472222222222,31,20240517,31-CF 20240517.xlsx,std,8,b,ETI,5
16,10,351.162162162162,31,20240517,31-CF 20240517.xlsx,std,8,b,ETI,5
16,20,398.692307692307,31,20240517,31-CF 20240517.xlsx,std,8,b,ETI,5
16,30,442.45,31,20240517,31-CF 20240517.xlsx,std,8,b,ETI,5
16,40,475.475,31,20240517,31-CF 20240517.xlsx,std,8,b,ETI,5
16,50,486.073170731707,31,20240517,31-CF 20240517.xlsx,std,8,b,ETI,5
16,60,487.975609756097,31,20240517,31-CF 20240517.xlsx,std,8,b,ETI,5
17,0,288.692307692307,31,20240517,31-CF 20240517.xlsx,std,1,a,VTI,0.008192000000000003
17,10,299.12,31,20240517,31-CF 20240517.xlsx,std,1,a,VTI,0.008192000000000003
17,20,312.192307692307,31,20240517,31-CF 20240517.xlsx,std,1,a,VTI,0.008192000000000003
17,30,339.692307692307,31,20240517,31-CF 20240517.xlsx,std,1,a,VTI,0.008192000000000003
17,40,362.111111111111,31,20240517,31-CF 20240517.xlsx,std,1,a,VTI,0.008192000000000003
17,50,394.148148148148,31,20240517,31-CF 20240517.xlsx,std,1,a,VTI,0.008192000000000003
17,60,405.964285714285,31,20240517,31-CF 20240517.xlsx,std,1,a,VTI,0.008192000000000003
18,0,277.521739130434,31,20240517,31-CF 20240517.xlsx,std,1,b,VTI,0.008192000000000003
18,10,281.565217391304,31,20240517,31-CF 20240517.xlsx,std,1,b,VTI,0.008192000000000003
18,20,306,31,20240517,31-CF 20240517.xlsx,std,1,b,VTI,0.008192000000000003
18,30,336.652173913043,31,20240517,31-CF 20240517.xlsx,std,1,b,VTI,0.008192000000000003
18,40,372.565217391304,31,20240517,31-CF 20240517.xlsx,std,1,b,VTI,0.008192000000000003
18,50,403.95652173913,31,20240517,31-CF 20240517.xlsx,std,1,b,VTI,0.008192000000000003
18,60,432.043478260869,31,20240517,31-CF 20240517.xlsx,std,1,b,VTI,0.008192000000000003
19,0,215.4,31,20240517,31-CF 20240517.xlsx,std,2,a,VTI,0.02048000000000001
19,10,221.32,31,20240517,31-CF 20240517.xlsx,std,2,a,VTI,0.02048000000000001
19,20,244.56,31,20240517,31-CF 20240517.xlsx,std,2,a,VTI,0.02048000000000001
19,30,262.678571428571,31,20240517,31-CF 20240517.xlsx,std,2,a,VTI,0.02048000000000001
19,40,294.965517241379,31,20240517,31-CF 20240517.xlsx,std,2,a,VTI,0.02048000000000001
19,50,334.714285714285,31,20240517,31-CF 20240517.xlsx,std,2,a,VTI,0.02048000000000001
19,60,333.620689655172,31,20240517,31-CF 20240517.xlsx,std,2,a,VTI,0.02048000000000001
20,0,244.419354838709,31,20240517,31-CF 20240517.xlsx,std,2,b,VTI,0.02048000000000001
20,10,246.870967741935,31,20240517,31-CF 20240517.xlsx,std,2,b,VTI,0.02048000000000001
20,20,256.59375,31,20240517,31-CF 20240517.xlsx,std,2,b,VTI,0.02048000000000001
20,30,290.59375,31,20240517,31-CF 20240517.xlsx,std,2,b,VTI,0.02048000000000001
20,40,316.705882352941,31,20240517,31-CF 20240517.xlsx,std,2,b,VTI,0.02048000000000001
20,50,347.117647058823,31,20240517,31-CF 20240517.xlsx,std,2,b,VTI,0.02048000000000001
20,60,352.542857142857,31,20240517,31-CF 20240517.xlsx,std,2,b,VTI,0.02048000000000001
21,0,248.53125,31,20240517,31-CF 20240517.xlsx,std,3,a,VTI,0.05120000000000001
21,10,258.4375,31,20240517,31-CF 20240517.xlsx,std,3,a,VTI,0.05120000000000001
21,20,281.484848484848,31,20240517,31-CF 20240517.xlsx,std,3,a,VTI,0.05120000000000001
21,30,347.3125,31,20240517,31-CF 20240517.xlsx,std,3,a,VTI,0.05120000000000001
21,40,394.787878787878,31,20240517,31-CF 20240517.xlsx,std,3,a,VTI,0.05120000000000001
21,50,411.571428571428,31,20240517,31-CF 20240517.xlsx,std,3,a,VTI,0.05120000000000001
21,60,440.382352941176,31,20240517,31-CF 20240517.xlsx,std,3,a,VTI,0.05120000000000001
22,0,244.111111111111,31,20240517,31-CF 20240517.xlsx,std,3,b,VTI,0.05120000000000001
22,10,265.4,31,20240517,31-CF 20240517.xlsx,std,3,b,VTI,0.05120000000000001
22,20,277.148148148148,31,20240517,31-CF 20240517.xlsx,std,3,b,VTI,0.05120000000000001
22,30,326.814814814814,31,20240517,31-CF 20240517.xlsx,std,3,b,VTI,0.05120000000000001
22,40,373.185185185185,31,20240517,31-CF 20240517.xlsx,std,3,b,VTI,0.05120000000000001
22,50,392.785714285714,31,20240517,31-CF 20240517.xlsx,std,3,b,VTI,0.05120000000000001
22,60,409.571428571428,31,20240517,31-CF 20240517.xlsx,std,3,b,VTI,0.05120000000000001
23,0,208,31,20240517,31-CF 20240517.xlsx,std,4,a,VTI,0.12800000000000003
23,10,220.387096774193,31,20240517,31-CF 20240517.xlsx,std,4,a,VTI,0.12800000000000003
23,20,257.636363636363,31,20240517,31-CF 20240517.xlsx,std,4,a,VTI,0.12800000000000003
23,30,297.545454545454,31,20240517,31-CF 20240517.xlsx,std,4,a,VTI,0.12800000000000003
23,40,322.176470588235,31,20240517,31-CF 20240517.xlsx,std,4,a,VTI,0.12800000000000003
23,50,339.176470588235,31,20240517,31-CF 20240517.xlsx,std,4,a,VTI,0.12800000000000003
23,60,343.176470588235,31,20240517,31-CF 20240517.xlsx,std,4,a,VTI,0.12800000000000003
24,0,281.097560975609,31,20240517,31-CF 20240517.xlsx,std,4,b,VTI,0.12800000000000003
24,10,292.636363636363,31,20240517,31-CF 20240517.xlsx,std,4,b,VTI,0.12800000000000003
24,20,346.41304347826,31,20240517,31-CF 20240517.xlsx,std,4,b,VTI,0.12800000000000003
24,30,406.739130434782,31,20240517,31-CF 20240517.xlsx,std,4,b,VTI,0.12800000000000003
24,40,445.723404255319,31,20240517,31-CF 20240517.xlsx,std,4,b,VTI,0.12800000000000003
24,50,470.936170212765,31,20240517,31-CF 20240517.xlsx,std,4,b,VTI,0.12800000000000003
24,60,478.659574468085,31,20240517,31-CF 20240517.xlsx,std,4,b,VTI,0.12800000000000003
25,0,205.068965517241,31,20240517,31-CF 20240517.xlsx,std,5,a,VTI,0.32000000000000006
25,10,263.466666666666,31,20240517,31-CF 20240517.xlsx,std,5,a,VTI,0.32000000000000006
25,20,300.806451612903,31,20240517,31-CF 20240517.xlsx,std,5,a,VTI,0.32000000000000006
25,30,340.709677419354,31,20240517,31-CF 20240517.xlsx,std,5,a,VTI,0.32000000000000006
25,40,348.8125,31,20240517,31-CF 20240517.xlsx,std,5,a,VTI,0.32000000000000006
25,50,340.294117647058,31,20240517,31-CF 20240517.xlsx,std,5,a,VTI,0.32000000000000006
25,60,334.794117647058,31,20240517,31-CF 20240517.xlsx,std,5,a,VTI,0.32000000000000006
26,0,233.742857142857,31,20240517,31-CF 20240517.xlsx,std,5,b,VTI,0.32000000000000006
26,10,304.657142857142,31,20240517,31-CF 20240517.xlsx,std,5,b,VTI,0.32000000000000006
26,20,353.5,31,20240517,31-CF 20240517.xlsx,std,5,b,VTI,0.32000000000000006
26,30,390.81081081081,31,20240517,31-CF 20240517.xlsx,std,5,b,VTI,0.32000000000000006
26,40,415.973684210526,31,20240517,31-CF 20240517.xlsx,std,5,b,VTI,0.32000000000000006
26,50,429.684210526315,31,20240517,31-CF 20240517.xlsx,std,5,b,VTI,0.32000000000000006
26,60,424.526315789473,31,20240517,31-CF 20240517.xlsx,std,5,b,VTI,0.32000000000000006
27,0,216.51724137931,31,20240517,31-CF 20240517.xlsx,std,6,a,VTI,0.8000000000000002
27,10,275.1,31,20240517,31-CF 20240517.xlsx,std,6,a,VTI,0.8000000000000002
27,20,326.064516129032,31,20240517,31-CF 20240517.xlsx,std,6,a,VTI,0.8000000000000002
27,30,360.90625,31,20240517,31-CF 20240517.xlsx,std,6,a,VTI,0.8000000000000002
27,40,386.242424242424,31,20240517,31-CF 20240517.xlsx,std,6,a,VTI,0.8000000000000002
27,50,402.727272727272,31,20240517,31-CF 20240517.xlsx,std,6,a,VTI,0.8000000000000002
27,60,401.969696969697,31,20240517,31-CF 20240517.xlsx,std,6,a,VTI,0.8000000000000002
28,0,266.3,31,20240517,31-CF 20240517.xlsx,std,6,b,VTI,0.8000000000000002
28,10,303,31,20240517,31-CF 20240517.xlsx,std,6,b,VTI,0.8000000000000002
28,20,364.272727272727,31,20240517,31-CF 20240517.xlsx,std,6,b,VTI,0.8000000000000002
28,30,430.9375,31,20240517,31-CF 20240517.xlsx,std,6,b,VTI,0.8000000000000002
28,40,464.242424242424,31,20240517,31-CF 20240517.xlsx,std,6,b,VTI,0.8000000000000002
28,50,504.75,31,20240517,31-CF 20240517.xlsx,std,6,b,VTI,0.8000000000000002
28,60,523.15625,31,20240517,31-CF 20240517.xlsx,std,6,b,VTI,0.8000000000000002
29,0,216.166666666666,31,20240517,31-CF 20240517.xlsx,std,7,a,VTI,2
29,10,248.212765957446,31,20240517,31-CF 20240517.xlsx,std,7,a,VTI,2
29,20,312.95652173913,31,20240517,31-CF 20240517.xlsx,std,7,a,VTI,2
29,30,350.574468085106,31,20240517,31-CF 20240517.xlsx,std,7,a,VTI,2
29,40,390.255319148936,31,20240517,31-CF 20240517.xlsx,std,7,a,VTI,2
29,50,400.530612244897,31,20240517,31-CF 20240517.xlsx,std,7,a,VTI,2
29,60,431.382978723404,31,20240517,31-CF 20240517.xlsx,std,7,a,VTI,2
30,0,228.766666666666,31,20240517,31-CF 20240517.xlsx,std,7,b,VTI,2
30,10,284.1875,31,20240517,31-CF 20240517.xlsx,std,7,b,VTI,2
30,20,320.393939393939,31,20240517,31-CF 20240517.xlsx,std,7,b,VTI,2
30,30,357.575757575757,31,20240517,31-CF 20240517.xlsx,std,7,b,VTI,2
30,40,381.941176470588,31,20240517,31-CF 20240517.xlsx,std,7,b,VTI,2
30,50,413.60606060606,31,20240517,31-CF 20240517.xlsx,std,7,b,VTI,2
30,60,416.363636363636,31,20240517,31-CF 20240517.xlsx,std,7,b,VTI,2
31,0,230.142857142857,31,20240517,31-CF 20240517.xlsx,std,8,a,VTI,5
31,10,309.114285714285,31,20240517,31-CF 20240517.xlsx,std,8,a,VTI,5
31,20,395.575757575757,31,20240517,31-CF 20240517.xlsx,std,8,a,VTI,5
31,30,424.142857142857,31,20240517,31-CF 20240517.xlsx,std,8,a,VTI,5
31,40,458.805555555555,31,20240517,31-CF 20240517.xlsx,std,8,a,VTI,5
31,50,487.5,31,20240517,31-CF 20240517.xlsx,std,8,a,VTI,5
31,60,496.638888888888,31,20240517,31-CF 20240517.xlsx,std,8,a,VTI,5
32,0,232.347826086956,31,20240517,31-CF 20240517.xlsx,std,8,b,VTI,5
32,10,300.458333333333,31,20240517,31-CF 20240517.xlsx,std,8,b,VTI,5
32,20,354.166666666666,31,20240517,31-CF 20240517.xlsx,std,8,b,VTI,5
32,30,377.423076923076,31,20240517,31-CF 20240517.xlsx,std,8,b,VTI,5
32,40,414.923076923076,31,20240517,31-CF 20240517.xlsx,std,8,b,VTI,5
32,50,437.653846153846,31,20240517,31-CF 20240517.xlsx,std,8,b,VTI,5
32,60,442.230769230769,31,20240517,31-CF 20240517.xlsx,std,8,b,VTI,5
65,0,214,31,20240517,31-CF 20240517.xlsx,std,2,a,FskOnly,0.02048000000000001
65,10,221.896551724137,31,20240517,31-CF 20240517.xlsx,std,2,a,FskOnly,0.02048000000000001
65,20,221.793103448275,31,20240517,31-CF 20240517.xlsx,std,2,a,FskOnly,0.02048000000000001
65,30,219.724137931034,31,20240517,31-CF 20240517.xlsx,std,2,a,FskOnly,0.02048000000000001
65,40,216.620689655172,31,20240517,31-CF 20240517.xlsx,std,2,a,FskOnly,0.02048000000000001
65,50,215.068965517241,31,20240517,31-CF 20240517.xlsx,std,2,a,FskOnly,0.02048000000000001
65,60,213.965517241379,31,20240517,31-CF 20240517.xlsx,std,2,a,FskOnly,0.02048000000000001
66,0,194.296296296296,31,20240517,31-CF 20240517.xlsx,std,2,b,FskOnly,0.02048000000000001
66,10,202.807692307692,31,20240517,31-CF 20240517.xlsx,std,2,b,FskOnly,0.02048000000000001
66,20,203.076923076923,31,20240517,31-CF 20240517.xlsx,std,2,b,FskOnly,0.02048000000000001
66,30,202.307692307692,31,20240517,31-CF 20240517.xlsx,std,2,b,FskOnly,0.02048000000000001
66,40,202.92,31,20240517,31-CF 20240517.xlsx,std,2,b,FskOnly,0.02048000000000001
66,50,209.583333333333,31,20240517,31-CF 20240517.xlsx,std,2,b,FskOnly,0.02048000000000001
66,60,204.12,31,20240517,31-CF 20240517.xlsx,std,2,b,FskOnly,0.02048000000000001
67,0,216,31,20240517,31-CF 20240517.xlsx,std,4,a,FskOnly,0.12800000000000003
67,10,228.259259259259,31,20240517,31-CF 20240517.xlsx,std,4,a,FskOnly,0.12800000000000003
67,20,226.555555555555,31,20240517,31-CF 20240517.xlsx,std,4,a,FskOnly,0.12800000000000003
67,30,223.407407407407,31,20240517,31-CF 20240517.xlsx,std,4,a,FskOnly,0.12800000000000003
67,40,222.592592592592,31,20240517,31-CF 20240517.xlsx,std,4,a,FskOnly,0.12800000000000003
67,50,228.5,31,20240517,31-CF 20240517.xlsx,std,4,a,FskOnly,0.12800000000000003
67,60,217.071428571428,31,20240517,31-CF 20240517.xlsx,std,4,a,FskOnly,0.12800000000000003
68,0,226.30303030303,31,20240517,31-CF 20240517.xlsx,std,4,b,FskOnly,0.12800000000000003
68,10,233.53125,31,20240517,31-CF 20240517.xlsx,std,4,b,FskOnly,0.12800000000000003
68,20,220.617647058823,31,20240517,31-CF 20240517.xlsx,std,4,b,FskOnly,0.12800000000000003
68,30,223.424242424242,31,20240517,31-CF 20240517.xlsx,std,4,b,FskOnly,0.12800000000000003
68,40,221.757575757575,31,20240517,31-CF 20240517.xlsx,std,4,b,FskOnly,0.12800000000000003
68,50,225.125,31,20240517,31-CF 20240517.xlsx,std,4,b,FskOnly,0.12800000000000003
68,60,216.617647058823,31,20240517,31-CF 20240517.xlsx,std,4,b,FskOnly,0.12800000000000003
69,0,255.837209302325,31,20240517,31-CF 20240517.xlsx,std,6,a,FskOnly,0.8000000000000002
69,10,260.45238095238,31,20240517,31-CF 20240517.xlsx,std,6,a,FskOnly,0.8000000000000002
69,20,267.609756097561,31,20240517,31-CF 20240517.xlsx,std,6,a,FskOnly,0.8000000000000002
69,30,272.675,31,20240517,31-CF 20240517.xlsx,std,6,a,FskOnly,0.8000000000000002
69,40,274.425,31,20240517,31-CF 20240517.xlsx,std,6,a,FskOnly,0.8000000000000002
69,50,269.073170731707,31,20240517,31-CF 20240517.xlsx,std,6,a,FskOnly,0.8000000000000002
69,60,270.414634146341,31,20240517,31-CF 20240517.xlsx,std,6,a,FskOnly,0.8000000000000002
70,0,241.418604651162,31,20240517,31-CF 20240517.xlsx,std,6,b,FskOnly,0.8000000000000002
70,10,241.418604651162,31,20240517,31-CF 20240517.xlsx,std,6,b,FskOnly,0.8000000000000002
70,20,246.023809523809,31,20240517,31-CF 20240517.xlsx,std,6,b,FskOnly,0.8000000000000002
70,30,241.627906976744,31,20240517,31-CF 20240517.xlsx,std,6,b,FskOnly,0.8000000000000002
70,40,246.904761904761,31,20240517,31-CF 20240517.xlsx,std,6,b,FskOnly,0.8000000000000002
70,50,248.142857142857,31,20240517,31-CF 20240517.xlsx,std,6,b,FskOnly,0.8000000000000002
70,60,248.45238095238,31,20240517,31-CF 20240517.xlsx,std,6,b,FskOnly,0.8000000000000002
71,0,276.545454545454,31,20240517,31-CF 20240517.xlsx,std,8,a,FskOnly,5
71,10,278.954545454545,31,20240517,31-CF 20240517.xlsx,std,8,a,FskOnly,5
71,20,289,31,20240517,31-CF 20240517.xlsx,std,8,a,FskOnly,5
71,30,297.727272727272,31,20240517,31-CF 20240517.xlsx,std,8,a,FskOnly,5
71,40,306.022727272727,31,20240517,31-CF 20240517.xlsx,std,8,a,FskOnly,5
71,50,313.068181818181,31,20240517,31-CF 20240517.xlsx,std,8,a,FskOnly,5
71,60,313.711111111111,31,20240517,31-CF 20240517.xlsx,std,8,a,FskOnly,5
72,0,230.53125,31,20240517,31-CF 20240517.xlsx,std,8,b,FskOnly,5
72,10,226.757575757575,31,20240517,31-CF 20240517.xlsx,std,8,b,FskOnly,5
72,20,248.645161290322,31,20240517,31-CF 20240517.xlsx,std,8,b,FskOnly,5
72,30,238.060606060606,31,20240517,31-CF 20240517.xlsx,std,8,b,FskOnly,5
72,40,251.125,31,20240517,31-CF 20240517.xlsx,std,8,b,FskOnly,5
72,50,271.066666666666,31,20240517,31-CF 20240517.xlsx,std,8,b,FskOnly,5
72,60,266.548387096774,31,20240517,31-CF 20240517.xlsx,std,8,b,FskOnly,5
1,0,382.71875,31,20240523,31-CF 20240523.xlsx,std,1,a,ETI,0.008192000000000003
1,10,402.354838709677,31,20240523,31-CF 20240523.xlsx,std,1,a,ETI,0.008192000000000003
1,20,401.0625,31,20240523,31-CF 20240523.xlsx,std,1,a,ETI,0.008192000000000003
1,30,455.6,31,20240523,31-CF 20240523.xlsx,std,1,a,ETI,0.008192000000000003
1,40,488.966666666666,31,20240523,31-CF 20240523.xlsx,std,1,a,ETI,0.008192000000000003
1,50,530.133333333333,31,20240523,31-CF 20240523.xlsx,std,1,a,ETI,0.008192000000000003
1,60,574.2,31,20240523,31-CF 20240523.xlsx,std,1,a,ETI,0.008192000000000003
2,0,315.642857142857,31,20240523,31-CF 20240523.xlsx,std,1,b,ETI,0.008192000000000003
2,10,319.321428571428,31,20240523,31-CF 20240523.xlsx,std,1,b,ETI,0.008192000000000003
2,20,335.571428571428,31,20240523,31-CF 20240523.xlsx,std,1,b,ETI,0.008192000000000003
2,30,356.785714285714,31,20240523,31-CF 20240523.xlsx,std,1,b,ETI,0.008192000000000003
2,40,379.714285714285,31,20240523,31-CF 20240523.xlsx,std,1,b,ETI,0.008192000000000003
2,50,407.678571428571,31,20240523,31-CF 20240523.xlsx,std,1,b,ETI,0.008192000000000003
2,60,439.964285714285,31,20240523,31-CF 20240523.xlsx,std,1,b,ETI,0.008192000000000003
3,0,494.78947368421,31,20240523,31-CF 20240523.xlsx,std,2,a,ETI,0.02048000000000001
3,10,476.2,31,20240523,31-CF 20240523.xlsx,std,2,a,ETI,0.02048000000000001
3,20,503.1,31,20240523,31-CF 20240523.xlsx,std,2,a,ETI,0.02048000000000001
3,30,553.8,31,20240523,31-CF 20240523.xlsx,std,2,a,ETI,0.02048000000000001
3,40,619.1,31,20240523,31-CF 20240523.xlsx,std,2,a,ETI,0.02048000000000001
3,50,697.95,31,20240523,31-CF 20240523.xlsx,std,2,a,ETI,0.02048000000000001
3,60,732.761904761904,31,20240523,31-CF 20240523.xlsx,std,2,a,ETI,0.02048000000000001
4,0,358.233333333333,31,20240523,31-CF 20240523.xlsx,std,2,b,ETI,0.02048000000000001
4,10,364.9,31,20240523,31-CF 20240523.xlsx,std,2,b,ETI,0.02048000000000001
4,20,395.933333333333,31,20240523,31-CF 20240523.xlsx,std,2,b,ETI,0.02048000000000001
4,30,418.4375,31,20240523,31-CF 20240523.xlsx,std,2,b,ETI,0.02048000000000001
4,40,479.129032258064,31,20240523,31-CF 20240523.xlsx,std,2,b,ETI,0.02048000000000001
4,50,537.258064516129,31,20240523,31-CF 20240523.xlsx,std,2,b,ETI,0.02048000000000001
4,60,567.258064516129,31,20240523,31-CF 20240523.xlsx,std,2,b,ETI,0.02048000000000001
5,0,386.807692307692,31,20240523,31-CF 20240523.xlsx,std,3,a,ETI,0.05120000000000001
5,10,411.8,31,20240523,31-CF 20240523.xlsx,std,3,a,ETI,0.05120000000000001
5,20,442.538461538461,31,20240523,31-CF 20240523.xlsx,std,3,a,ETI,0.05120000000000001
5,30,530.28,31,20240523,31-CF 20240523.xlsx,std,3,a,ETI,0.05120000000000001
5,40,603.36,31,20240523,31-CF 20240523.xlsx,std,3,a,ETI,0.05120000000000001
5,50,681.416666666666,31,20240523,31-CF 20240523.xlsx,std,3,a,ETI,0.05120000000000001
5,60,675.307692307692,31,20240523,31-CF 20240523.xlsx,std,3,a,ETI,0.05120000000000001
6,0,279.285714285714,31,20240523,31-CF 20240523.xlsx,std,3,b,ETI,0.05120000000000001
6,10,281.275862068965,31,20240523,31-CF 20240523.xlsx,std,3,b,ETI,0.05120000000000001
6,20,318.965517241379,31,20240523,31-CF 20240523.xlsx,std,3,b,ETI,0.05120000000000001
6,30,375.586206896551,31,20240523,31-CF 20240523.xlsx,std,3,b,ETI,0.05120000000000001
6,40,427.793103448275,31,20240523,31-CF 20240523.xlsx,std,3,b,ETI,0.05120000000000001
6,50,458.2,31,20240523,31-CF 20240523.xlsx,std,3,b,ETI,0.05120000000000001
6,60,498.689655172413,31,20240523,31-CF 20240523.xlsx,std,3,b,ETI,0.05120000000000001
7,0,377.60606060606,31,20240523,31-CF 20240523.xlsx,std,4,a,ETI,0.12800000000000003
7,10,408.484848484848,31,20240523,31-CF 20240523.xlsx,std,4,a,ETI,0.12800000000000003
7,20,509.818181818181,31,20240523,31-CF 20240523.xlsx,std,4,a,ETI,0.12800000000000003
7,30,575.828571428571,31,20240523,31-CF 20240523.xlsx,std,4,a,ETI,0.12800000000000003
7,40,630,31,20240523,31-CF 20240523.xlsx,std,4,a,ETI,0.12800000000000003
7,50,684.771428571428,31,20240523,31-CF 20240523.xlsx,std,4,a,ETI,0.12800000000000003
7,60,715.2,31,20240523,31-CF 20240523.xlsx,std,4,a,ETI,0.12800000000000003
8,0,405.416666666666,31,20240523,31-CF 20240523.xlsx,std,4,b,ETI,0.12800000000000003
8,10,467.545454545454,31,20240523,31-CF 20240523.xlsx,std,4,b,ETI,0.12800000000000003
8,20,533.666666666666,31,20240523,31-CF 20240523.xlsx,std,4,b,ETI,0.12800000000000003
8,30,636.041666666666,31,20240523,31-CF 20240523.xlsx,std,4,b,ETI,0.12800000000000003
8,40,751.173913043478,31,20240523,31-CF 20240523.xlsx,std,4,b,ETI,0.12800000000000003
8,50,832.91304347826,31,20240523,31-CF 20240523.xlsx,std,4,b,ETI,0.12800000000000003
8,60,897.818181818181,31,20240523,31-CF 20240523.xlsx,std,4,b,ETI,0.12800000000000003
9,0,424.047619047619,31,20240523,31-CF 20240523.xlsx,std,5,a,ETI,0.32000000000000006
9,10,441.826086956521,31,20240523,31-CF 20240523.xlsx,std,5,a,ETI,0.32000000000000006
9,20,595.047619047619,31,20240523,31-CF 20240523.xlsx,std,5,a,ETI,0.32000000000000006
9,30,642.260869565217,31,20240523,31-CF 20240523.xlsx,std,5,a,ETI,0.32000000000000006
9,40,715.086956521739,31,20240523,31-CF 20240523.xlsx,std,5,a,ETI,0.32000000000000006
9,50,732.75,31,20240523,31-CF 20240523.xlsx,std,5,a,ETI,0.32000000000000006
9,60,863.952380952381,31,20240523,31-CF 20240523.xlsx,std,5,a,ETI,0.32000000000000006
10,0,393.085714285714,31,20240523,31-CF 20240523.xlsx,std,5,b,ETI,0.32000000000000006
10,10,433.085714285714,31,20240523,31-CF 20240523.xlsx,std,5,b,ETI,0.32000000000000006
10,20,557.714285714285,31,20240523,31-CF 20240523.xlsx,std,5,b,ETI,0.32000000000000006
10,30,673.705882352941,31,20240523,31-CF 20240523.xlsx,std,5,b,ETI,0.32000000000000006
10,40,784.515151515151,31,20240523,31-CF 20240523.xlsx,std,5,b,ETI,0.32000000000000006
10,50,819.764705882352,31,20240523,31-CF 20240523.xlsx,std,5,b,ETI,0.32000000000000006
10,60,835.794117647058,31,20240523,31-CF 20240523.xlsx,std,5,b,ETI,0.32000000000000006
11,0,348.686274509803,31,20240523,31-CF 20240523.xlsx,std,6,a,ETI,0.8000000000000002
11,10,423.265306122449,31,20240523,31-CF 20240523.xlsx,std,6,a,ETI,0.8000000000000002
11,20,519.705882352941,31,20240523,31-CF 20240523.xlsx,std,6,a,ETI,0.8000000000000002
11,30,640.448979591836,31,20240523,31-CF 20240523.xlsx,std,6,a,ETI,0.8000000000000002
11,40,669.057692307692,31,20240523,31-CF 20240523.xlsx,std,6,a,ETI,0.8000000000000002
11,50,788.148936170212,31,20240523,31-CF 20240523.xlsx,std,6,a,ETI,0.8000000000000002
11,60,783.571428571428,31,20240523,31-CF 20240523.xlsx,std,6,a,ETI,0.8000000000000002
12,0,361.513513513513,31,20240523,31-CF 20240523.xlsx,std,6,b,ETI,0.8000000000000002
12,10,418.972972972972,31,20240523,31-CF 20240523.xlsx,std,6,b,ETI,0.8000000000000002
12,20,525,31,20240523,31-CF 20240523.xlsx,std,6,b,ETI,0.8000000000000002
12,30,631.5,31,20240523,31-CF 20240523.xlsx,std,6,b,ETI,0.8000000000000002
12,40,709,31,20240523,31-CF 20240523.xlsx,std,6,b,ETI,0.8000000000000002
12,50,792.342857142857,31,20240523,31-CF 20240523.xlsx,std,6,b,ETI,0.8000000000000002
12,60,867.764705882352,31,20240523,31-CF 20240523.xlsx,std,6,b,ETI,0.8000000000000002
13,0,433.8,31,20240523,31-CF 20240523.xlsx,std,7,a,ETI,2
13,10,516.351851851851,31,20240523,31-CF 20240523.xlsx,std,7,a,ETI,2
13,20,644.490909090909,31,20240523,31-CF 20240523.xlsx,std,7,a,ETI,2
13,30,748.963636363636,31,20240523,31-CF 20240523.xlsx,std,7,a,ETI,2
13,40,897.235294117647,31,20240523,31-CF 20240523.xlsx,std,7,a,ETI,2
13,50,980.82,31,20240523,31-CF 20240523.xlsx,std,7,a,ETI,2
13,60,994.627450980392,31,20240523,31-CF 20240523.xlsx,std,7,a,ETI,2
14,0,394.027777777777,31,20240523,31-CF 20240523.xlsx,std,7,b,ETI,2
14,10,456,31,20240523,31-CF 20240523.xlsx,std,7,b,ETI,2
14,20,614.157894736842,31,20240523,31-CF 20240523.xlsx,std,7,b,ETI,2
14,30,651.80487804878,31,20240523,31-CF 20240523.xlsx,std,7,b,ETI,2
14,40,764,31,20240523,31-CF 20240523.xlsx,std,7,b,ETI,2
14,50,848.638888888888,31,20240523,31-CF 20240523.xlsx,std,7,b,ETI,2
14,60,813.526315789473,31,20240523,31-CF 20240523.xlsx,std,7,b,ETI,2
15,0,344.590909090909,31,20240523,31-CF 20240523.xlsx,std,8,a,ETI,5
15,10,461.744186046511,31,20240523,31-CF 20240523.xlsx,std,8,a,ETI,5
15,20,568.863636363636,31,20240523,31-CF 20240523.xlsx,std,8,a,ETI,5
15,30,678.162790697674,31,20240523,31-CF 20240523.xlsx,std,8,a,ETI,5
15,40,770.285714285714,31,20240523,31-CF 20240523.xlsx,std,8,a,ETI,5
15,50,803.372093023255,31,20240523,31-CF 20240523.xlsx,std,8,a,ETI,5
15,60,862.261904761904,31,20240523,31-CF 20240523.xlsx,std,8,a,ETI,5
16,0,409.847826086956,31,20240523,31-CF 20240523.xlsx,std,8,b,ETI,5
16,10,515.416666666666,31,20240523,31-CF 20240523.xlsx,std,8,b,ETI,5
16,20,649.468085106383,31,20240523,31-CF 20240523.xlsx,std,8,b,ETI,5
16,30,741.340425531914,31,20240523,31-CF 20240523.xlsx,std,8,b,ETI,5
16,40,850.866666666666,31,20240523,31-CF 20240523.xlsx,std,8,b,ETI,5
16,50,872.173913043478,31,20240523,31-CF 20240523.xlsx,std,8,b,ETI,5
16,60,898.808510638297,31,20240523,31-CF 20240523.xlsx,std,8,b,ETI,5
17,0,399.131578947368,31,20240523,31-CF 20240523.xlsx,std,1,a,VTI,0.008192000000000003
17,10,409.135135135135,31,20240523,31-CF 20240523.xlsx,std,1,a,VTI,0.008192000000000003
17,20,435.432432432432,31,20240523,31-CF 20240523.xlsx,std,1,a,VTI,0.008192000000000003
17,30,457.894736842105,31,20240523,31-CF 20240523.xlsx,std,1,a,VTI,0.008192000000000003
17,40,496.921052631578,31,20240523,31-CF 20240523.xlsx,std,1,a,VTI,0.008192000000000003
17,50,549.815789473684,31,20240523,31-CF 20240523.xlsx,std,1,a,VTI,0.008192000000000003
17,60,589.128205128205,31,20240523,31-CF 20240523.xlsx,std,1,a,VTI,0.008192000000000003
18,0,314.916666666666,31,20240523,31-CF 20240523.xlsx,std,1,b,VTI,0.008192000000000003
18,10,302.842105263157,31,20240523,31-CF 20240523.xlsx,std,1,b,VTI,0.008192000000000003
18,20,334.75,31,20240523,31-CF 20240523.xlsx,std,1,b,VTI,0.008192000000000003
18,30,340.947368421052,31,20240523,31-CF 20240523.xlsx,std,1,b,VTI,0.008192000000000003
18,40,388,31,20240523,31-CF 20240523.xlsx,std,1,b,VTI,0.008192000000000003
18,50,414.405405405405,31,20240523,31-CF 20240523.xlsx,std,1,b,VTI,0.008192000000000003
18,60,457.351351351351,31,20240523,31-CF 20240523.xlsx,std,1,b,VTI,0.008192000000000003
19,0,302.564102564102,31,20240523,31-CF 20240523.xlsx,std,2,a,VTI,0.02048000000000001
19,10,305.820512820512,31,20240523,31-CF 20240523.xlsx,std,2,a,VTI,0.02048000000000001
19,20,338.513513513513,31,20240523,31-CF 20240523.xlsx,std,2,a,VTI,0.02048000000000001
19,30,366.447368421052,31,20240523,31-CF 20240523.xlsx,std,2,a,VTI,0.02048000000000001
19,40,415,31,20240523,31-CF 20240523.xlsx,std,2,a,VTI,0.02048000000000001
19,50,470.918918918918,31,20240523,31-CF 20240523.xlsx,std,2,a,VTI,0.02048000000000001
19,60,506,31,20240523,31-CF 20240523.xlsx,std,2,a,VTI,0.02048000000000001
20,0,365.961538461538,31,20240523,31-CF 20240523.xlsx,std,2,b,VTI,0.02048000000000001
20,10,369.115384615384,31,20240523,31-CF 20240523.xlsx,std,2,b,VTI,0.02048000000000001
20,20,399.76,31,20240523,31-CF 20240523.xlsx,std,2,b,VTI,0.02048000000000001
20,30,416.423076923076,31,20240523,31-CF 20240523.xlsx,std,2,b,VTI,0.02048000000000001
20,40,471.4,31,20240523,31-CF 20240523.xlsx,std,2,b,VTI,0.02048000000000001
20,50,527.84,31,20240523,31-CF 20240523.xlsx,std,2,b,VTI,0.02048000000000001
20,60,612.166666666666,31,20240523,31-CF 20240523.xlsx,std,2,b,VTI,0.02048000000000001
21,0,355.90909090909,31,20240523,31-CF 20240523.xlsx,std,3,a,VTI,0.05120000000000001
21,10,348.676470588235,31,20240523,31-CF 20240523.xlsx,std,3,a,VTI,0.05120000000000001
21,20,418.21875,31,20240523,31-CF 20240523.xlsx,std,3,a,VTI,0.05120000000000001
21,30,479.454545454545,31,20240523,31-CF 20240523.xlsx,std,3,a,VTI,0.05120000000000001
21,40,549.911764705882,31,20240523,31-CF 20240523.xlsx,std,3,a,VTI,0.05120000000000001
21,50,628.363636363636,31,20240523,31-CF 20240523.xlsx,std,3,a,VTI,0.05120000000000001
21,60,695.0625,31,20240523,31-CF 20240523.xlsx,std,3,a,VTI,0.05120000000000001
22,0,497.15,31,20240523,31-CF 20240523.xlsx,std,3,b,VTI,0.05120000000000001
22,10,504.75,31,20240523,31-CF 20240523.xlsx,std,3,b,VTI,0.05120000000000001
22,20,551.4,31,20240523,31-CF 20240523.xlsx,std,3,b,VTI,0.05120000000000001
22,30,735.823529411764,31,20240523,31-CF 20240523.xlsx,std,3,b,VTI,0.05120000000000001
22,40,775.722222222222,31,20240523,31-CF 20240523.xlsx,std,3,b,VTI,0.05120000000000001
22,50,863.166666666666,31,20240523,31-CF 20240523.xlsx,std,3,b,VTI,0.05120000000000001
22,60,908.944444444444,31,20240523,31-CF 20240523.xlsx,std,3,b,VTI,0.05120000000000001
23,0,381.611111111111,31,20240523,31-CF 20240523.xlsx,std,4,a,VTI,0.12800000000000003
23,10,390.916666666666,31,20240523,31-CF 20240523.xlsx,std,4,a,VTI,0.12800000000000003
23,20,457.351351351351,31,20240523,31-CF 20240523.xlsx,std,4,a,VTI,0.12800000000000003
23,30,558.54054054054,31,20240523,31-CF 20240523.xlsx,std,4,a,VTI,0.12800000000000003
23,40,668.444444444444,31,20240523,31-CF 20240523.xlsx,std,4,a,VTI,0.12800000000000003
23,50,703.5,31,20240523,31-CF 20240523.xlsx,std,4,a,VTI,0.12800000000000003
23,60,754.891891891891,31,20240523,31-CF 20240523.xlsx,std,4,a,VTI,0.12800000000000003
24,0,391,31,20240523,31-CF 20240523.xlsx,std,4,b,VTI,0.12800000000000003
24,10,420.346153846153,31,20240523,31-CF 20240523.xlsx,std,4,b,VTI,0.12800000000000003
24,20,514.148148148148,31,20240523,31-CF 20240523.xlsx,std,4,b,VTI,0.12800000000000003
24,30,613,31,20240523,31-CF 20240523.xlsx,std,4,b,VTI,0.12800000000000003
24,40,691.925925925926,31,20240523,31-CF 20240523.xlsx,std,4,b,VTI,0.12800000000000003
24,50,729.148148148148,31,20240523,31-CF 20240523.xlsx,std,4,b,VTI,0.12800000000000003
24,60,692.896551724137,31,20240523,31-CF 20240523.xlsx,std,4,b,VTI,0.12800000000000003
25,0,289.24,31,20240523,31-CF 20240523.xlsx,std,5,a,VTI,0.32000000000000006
25,10,358.826086956521,31,20240523,31-CF 20240523.xlsx,std,5,a,VTI,0.32000000000000006
25,20,443.25,31,20240523,31-CF 20240523.xlsx,std,5,a,VTI,0.32000000000000006
25,30,516,31,20240523,31-CF 20240523.xlsx,std,5,a,VTI,0.32000000000000006
25,40,575.458333333333,31,20240523,31-CF 20240523.xlsx,std,5,a,VTI,0.32000000000000006
25,50,670.227272727272,31,20240523,31-CF 20240523.xlsx,std,5,a,VTI,0.32000000000000006
25,60,680.681818181818,31,20240523,31-CF 20240523.xlsx,std,5,a,VTI,0.32000000000000006
26,0,355.125,31,20240523,31-CF 20240523.xlsx,std,5,b,VTI,0.32000000000000006
26,10,388.516129032258,31,20240523,31-CF 20240523.xlsx,std,5,b,VTI,0.32000000000000006
26,20,483.25,31,20240523,31-CF 20240523.xlsx,std,5,b,VTI,0.32000000000000006
26,30,565.875,31,20240523,31-CF 20240523.xlsx,std,5,b,VTI,0.32000000000000006
26,40,632.258064516129,31,20240523,31-CF 20240523.xlsx,std,5,b,VTI,0.32000000000000006
26,50,686.258064516129,31,20240523,31-CF 20240523.xlsx,std,5,b,VTI,0.32000000000000006
26,60,722.870967741935,31,20240523,31-CF 20240523.xlsx,std,5,b,VTI,0.32000000000000006
27,0,378.730769230769,31,20240523,31-CF 20240523.xlsx,std,6,a,VTI,0.8000000000000002
27,10,441.923076923076,31,20240523,31-CF 20240523.xlsx,std,6,a,VTI,0.8000000000000002
27,20,559.115384615384,31,20240523,31-CF 20240523.xlsx,std,6,a,VTI,0.8000000000000002
27,30,704.375,31,20240523,31-CF 20240523.xlsx,std,6,a,VTI,0.8000000000000002
27,40,756.88,31,20240523,31-CF 20240523.xlsx,std,6,a,VTI,0.8000000000000002
27,50,814.88,31,20240523,31-CF 20240523.xlsx,std,6,a,VTI,0.8000000000000002
27,60,846.8,31,20240523,31-CF 20240523.xlsx,std,6,a,VTI,0.8000000000000002
28,0,426.837837837837,31,20240523,31-CF 20240523.xlsx,std,6,b,VTI,0.8000000000000002
28,10,504.5,31,20240523,31-CF 20240523.xlsx,std,6,b,VTI,0.8000000000000002
28,20,649.315789473684,31,20240523,31-CF 20240523.xlsx,std,6,b,VTI,0.8000000000000002
28,30,735.333333333333,31,20240523,31-CF 20240523.xlsx,std,6,b,VTI,0.8000000000000002
28,40,820.358974358974,31,20240523,31-CF 20240523.xlsx,std,6,b,VTI,0.8000000000000002
28,50,904.763157894736,31,20240523,31-CF 20240523.xlsx,std,6,b,VTI,0.8000000000000002
28,60,951.5,31,20240523,31-CF 20240523.xlsx,std,6,b,VTI,0.8000000000000002
29,0,397.757575757575,31,20240523,31-CF 20240523.xlsx,std,7,a,VTI,2
29,10,577.566666666666,31,20240523,31-CF 20240523.xlsx,std,7,a,VTI,2
29,20,698.516129032258,31,20240523,31-CF 20240523.xlsx,std,7,a,VTI,2
29,30,779.15625,31,20240523,31-CF 20240523.xlsx,std,7,a,VTI,2
29,40,860.03125,31,20240523,31-CF 20240523.xlsx,std,7,a,VTI,2
29,50,919.9375,31,20240523,31-CF 20240523.xlsx,std,7,a,VTI,2
29,60,915.60606060606,31,20240523,31-CF 20240523.xlsx,std,7,a,VTI,2
30,0,468.333333333333,31,20240523,31-CF 20240523.xlsx,std,7,b,VTI,2
30,10,632.91304347826,31,20240523,31-CF 20240523.xlsx,std,7,b,VTI,2
30,20,789.826086956521,31,20240523,31-CF 20240523.xlsx,std,7,b,VTI,2
30,30,929.285714285714,31,20240523,31-CF 20240523.xlsx,std,7,b,VTI,2
30,40,1028.7619047619,31,20240523,31-CF 20240523.xlsx,std,7,b,VTI,2
30,50,1218.05263157894,31,20240523,31-CF 20240523.xlsx,std,7,b,VTI,2
30,60,1335.22222222222,31,20240523,31-CF 20240523.xlsx,std,7,b,VTI,2
31,0,320.26923076923,31,20240523,31-CF 20240523.xlsx,std,8,a,VTI,5
31,10,388.571428571428,31,20240523,31-CF 20240523.xlsx,std,8,a,VTI,5
31,20,475.25,31,20240523,31-CF 20240523.xlsx,std,8,a,VTI,5
31,30,547,31,20240523,31-CF 20240523.xlsx,std,8,a,VTI,5
31,40,640.153846153846,31,20240523,31-CF 20240523.xlsx,std,8,a,VTI,5
31,50,642.296296296296,31,20240523,31-CF 20240523.xlsx,std,8,a,VTI,5
31,60,711.88,31,20240523,31-CF 20240523.xlsx,std,8,a,VTI,5
32,0,306.107142857142,31,20240523,31-CF 20240523.xlsx,std,8,b,VTI,5
32,10,408.857142857142,31,20240523,31-CF 20240523.xlsx,std,8,b,VTI,5
32,20,469.966666666666,31,20240523,31-CF 20240523.xlsx,std,8,b,VTI,5
32,30,560.103448275862,31,20240523,31-CF 20240523.xlsx,std,8,b,VTI,5
32,40,620.206896551724,31,20240523,31-CF 20240523.xlsx,std,8,b,VTI,5
32,50,664.172413793103,31,20240523,31-CF 20240523.xlsx,std,8,b,VTI,5
32,60,692.896551724137,31,20240523,31-CF 20240523.xlsx,std,8,b,VTI,5
65,0,266.233333333333,31,20240523,31-CF 20240523.xlsx,std,2,a,FskOnly,0.02048000000000001
65,10,274.689655172413,31,20240523,31-CF 20240523.xlsx,std,2,a,FskOnly,0.02048000000000001
65,20,277.482758620689,31,20240523,31-CF 20240523.xlsx,std,2,a,FskOnly,0.02048000000000001
65,30,277.413793103448,31,20240523,31-CF 20240523.xlsx,std,2,a,FskOnly,0.02048000000000001
65,40,282.964285714285,31,20240523,31-CF 20240523.xlsx,std,2,a,FskOnly,0.02048000000000001
65,50,288.518518518518,31,20240523,31-CF 20240523.xlsx,std,2,a,FskOnly,0.02048000000000001
65,60,272.310344827586,31,20240523,31-CF 20240523.xlsx,std,2,a,FskOnly,0.02048000000000001
66,0,382.685714285714,31,20240523,31-CF 20240523.xlsx,std,2,b,FskOnly,0.02048000000000001
66,10,384.057142857142,31,20240523,31-CF 20240523.xlsx,std,2,b,FskOnly,0.02048000000000001
66,20,366.864864864864,31,20240523,31-CF 20240523.xlsx,std,2,b,FskOnly,0.02048000000000001
66,30,383,31,20240523,31-CF 20240523.xlsx,std,2,b,FskOnly,0.02048000000000001
66,40,381.828571428571,31,20240523,31-CF 20240523.xlsx,std,2,b,FskOnly,0.02048000000000001
66,50,377.6,31,20240523,31-CF 20240523.xlsx,std,2,b,FskOnly,0.02048000000000001
66,60,377.742857142857,31,20240523,31-CF 20240523.xlsx,std,2,b,FskOnly,0.02048000000000001
67,0,331.848484848484,31,20240523,31-CF 20240523.xlsx,std,4,a,FskOnly,0.12800000000000003
67,10,332.545454545454,31,20240523,31-CF 20240523.xlsx,std,4,a,FskOnly,0.12800000000000003
67,20,333.060606060606,31,20240523,31-CF 20240523.xlsx,std,4,a,FskOnly,0.12800000000000003
67,30,332.515151515151,31,20240523,31-CF 20240523.xlsx,std,4,a,FskOnly,0.12800000000000003
67,40,339.5,31,20240523,31-CF 20240523.xlsx,std,4,a,FskOnly,0.12800000000000003
67,50,327.242424242424,31,20240523,31-CF 20240523.xlsx,std,4,a,FskOnly,0.12800000000000003
67,60,337.21875,31,20240523,31-CF 20240523.xlsx,std,4,a,FskOnly,0.12800000000000003
68,0,395.90625,31,20240523,31-CF 20240523.xlsx,std,4,b,FskOnly,0.12800000000000003
68,10,398,31,20240523,31-CF 20240523.xlsx,std,4,b,FskOnly,0.12800000000000003
68,20,397.40625,31,20240523,31-CF 20240523.xlsx,std,4,b,FskOnly,0.12800000000000003
68,30,383.848484848484,31,20240523,31-CF 20240523.xlsx,std,4,b,FskOnly,0.12800000000000003
68,40,394.15625,31,20240523,31-CF 20240523.xlsx,std,4,b,FskOnly,0.12800000000000003
68,50,378.939393939393,31,20240523,31-CF 20240523.xlsx,std,4,b,FskOnly,0.12800000000000003
68,60,379.757575757575,31,20240523,31-CF 20240523.xlsx,std,4,b,FskOnly,0.12800000000000003
69,0,331.862068965517,31,20240523,31-CF 20240523.xlsx,std,6,a,FskOnly,0.8000000000000002
69,10,329.655172413793,31,20240523,31-CF 20240523.xlsx,std,6,a,FskOnly,0.8000000000000002
69,20,323.833333333333,31,20240523,31-CF 20240523.xlsx,std,6,a,FskOnly,0.8000000000000002
69,30,331.724137931034,31,20240523,31-CF 20240523.xlsx,std,6,a,FskOnly,0.8000000000000002
69,40,331.103448275862,31,20240523,31-CF 20240523.xlsx,std,6,a,FskOnly,0.8000000000000002
69,50,328.724137931034,31,20240523,31-CF 20240523.xlsx,std,6,a,FskOnly,0.8000000000000002
69,60,335.241379310344,31,20240523,31-CF 20240523.xlsx,std,6,a,FskOnly,0.8000000000000002
70,0,345.8,31,20240523,31-CF 20240523.xlsx,std,6,b,FskOnly,0.8000000000000002
70,10,346.35,31,20240523,31-CF 20240523.xlsx,std,6,b,FskOnly,0.8000000000000002
70,20,347.9,31,20240523,31-CF 20240523.xlsx,std,6,b,FskOnly,0.8000000000000002
70,30,344.95,31,20240523,31-CF 20240523.xlsx,std,6,b,FskOnly,0.8000000000000002
70,40,362.315789473684,31,20240523,31-CF 20240523.xlsx,std,6,b,FskOnly,0.8000000000000002
70,50,363.526315789473,31,20240523,31-CF 20240523.xlsx,std,6,b,FskOnly,0.8000000000000002
70,60,366.105263157894,31,20240523,31-CF 20240523.xlsx,std,6,b,FskOnly,0.8000000000000002
71,0,318.208333333333,31,20240523,31-CF 20240523.xlsx,std,8,a,FskOnly,5
71,10,322.041666666666,31,20240523,31-CF 20240523.xlsx,std,8,a,FskOnly,5
71,20,356.772727272727,31,20240523,31-CF 20240523.xlsx,std,8,a,FskOnly,5
71,30,361.318181818181,31,20240523,31-CF 20240523.xlsx,std,8,a,FskOnly,5
71,40,365.454545454545,31,20240523,31-CF 20240523.xlsx,std,8,a,FskOnly,5
71,50,366.227272727272,31,20240523,31-CF 20240523.xlsx,std,8,a,FskOnly,5
71,60,372.727272727272,31,20240523,31-CF 20240523.xlsx,std,8,a,FskOnly,5
72,0,283.727272727272,31,20240523,31-CF 20240523.xlsx,std,8,b,FskOnly,5
72,10,249.041666666666,31,20240523,31-CF 20240523.xlsx,std,8,b,FskOnly,5
72,20,251.666666666666,31,20240523,31-CF 20240523.xlsx,std,8,b,FskOnly,5
72,30,250.916666666666,31,20240523,31-CF 20240523.xlsx,std,8,b,FskOnly,5
72,40,263.173913043478,31,20240523,31-CF 20240523.xlsx,std,8,b,FskOnly,5
72,50,306.45,31,20240523,31-CF 20240523.xlsx,std,8,b,FskOnly,5
72,60,267.130434782608,31,20240523,31-CF 20240523.xlsx,std,8,b,FskOnly,5
1,0,392.791666666666,31,20240530,31-CF 20240530.xlsx,std,1,a,ETI,0.008192000000000003
1,10,402.833333333333,31,20240530,31-CF 20240530.xlsx,std,1,a,ETI,0.008192000000000003
1,20,432.291666666666,31,20240530,31-CF 20240530.xlsx,std,1,a,ETI,0.008192000000000003
1,30,449.36,31,20240530,31-CF 20240530.xlsx,std,1,a,ETI,0.008192000000000003
1,40,484.88,31,20240530,31-CF 20240530.xlsx,std,1,a,ETI,0.008192000000000003
1,50,536.541666666666,31,20240530,31-CF 20240530.xlsx,std,1,a,ETI,0.008192000000000003
1,60,586.695652173913,31,20240530,31-CF 20240530.xlsx,std,1,a,ETI,0.008192000000000003
2,0,309.2,31,20240530,31-CF 20240530.xlsx,std,1,b,ETI,0.008192000000000003
2,10,322.666666666666,31,20240530,31-CF 20240530.xlsx,std,1,b,ETI,0.008192000000000003
2,20,350.066666666666,31,20240530,31-CF 20240530.xlsx,std,1,b,ETI,0.008192000000000003
2,30,390.4,31,20240530,31-CF 20240530.xlsx,std,1,b,ETI,0.008192000000000003
2,40,426.133333333333,31,20240530,31-CF 20240530.xlsx,std,1,b,ETI,0.008192000000000003
2,50,444.133333333333,31,20240530,31-CF 20240530.xlsx,std,1,b,ETI,0.008192000000000003
2,60,451.2,31,20240530,31-CF 20240530.xlsx,std,1,b,ETI,0.008192000000000003
3,0,426.363636363636,31,20240530,31-CF 20240530.xlsx,std,2,a,ETI,0.02048000000000001
3,10,429.735294117647,31,20240530,31-CF 20240530.xlsx,std,2,a,ETI,0.02048000000000001
3,20,470.676470588235,31,20240530,31-CF 20240530.xlsx,std,2,a,ETI,0.02048000000000001
3,30,526.970588235294,31,20240530,31-CF 20240530.xlsx,std,2,a,ETI,0.02048000000000001
3,40,569.628571428571,31,20240530,31-CF 20240530.xlsx,std,2,a,ETI,0.02048000000000001
3,50,609.914285714285,31,20240530,31-CF 20240530.xlsx,std,2,a,ETI,0.02048000000000001
3,60,590.594594594594,31,20240530,31-CF 20240530.xlsx,std,2,a,ETI,0.02048000000000001
4,0,299.391304347826,31,20240530,31-CF 20240530.xlsx,std,2,b,ETI,0.02048000000000001
4,10,296.791666666666,31,20240530,31-CF 20240530.xlsx,std,2,b,ETI,0.02048000000000001
4,20,313.24,31,20240530,31-CF 20240530.xlsx,std,2,b,ETI,0.02048000000000001
4,30,339.423076923076,31,20240530,31-CF 20240530.xlsx,std,2,b,ETI,0.02048000000000001
4,40,384.423076923076,31,20240530,31-CF 20240530.xlsx,std,2,b,ETI,0.02048000000000001
4,50,444.36,31,20240530,31-CF 20240530.xlsx,std,2,b,ETI,0.02048000000000001
4,60,482.88,31,20240530,31-CF 20240530.xlsx,std,2,b,ETI,0.02048000000000001
5,0,397.136363636363,31,20240530,31-CF 20240530.xlsx,std,3,a,ETI,0.05120000000000001
5,10,450.65,31,20240530,31-CF 20240530.xlsx,std,3,a,ETI,0.05120000000000001
5,20,483.047619047619,31,20240530,31-CF 20240530.xlsx,std,3,a,ETI,0.05120000000000001
5,30,561.272727272727,31,20240530,31-CF 20240530.xlsx,std,3,a,ETI,0.05120000000000001
5,40,683.761904761904,31,20240530,31-CF 20240530.xlsx,std,3,a,ETI,0.05120000000000001
5,50,688.090909090909,31,20240530,31-CF 20240530.xlsx,std,3,a,ETI,0.05120000000000001
5,60,694.590909090909,31,20240530,31-CF 20240530.xlsx,std,3,a,ETI,0.05120000000000001
6,0,349.648148148148,31,20240530,31-CF 20240530.xlsx,std,3,b,ETI,0.05120000000000001
6,10,359.679245283018,31,20240530,31-CF 20240530.xlsx,std,3,b,ETI,0.05120000000000001
6,20,384.792452830188,31,20240530,31-CF 20240530.xlsx,std,3,b,ETI,0.05120000000000001
6,30,449.452830188679,31,20240530,31-CF 20240530.xlsx,std,3,b,ETI,0.05120000000000001
6,40,527.584905660377,31,20240530,31-CF 20240530.xlsx,std,3,b,ETI,0.05120000000000001
6,50,598.365384615384,31,20240530,31-CF 20240530.xlsx,std,3,b,ETI,0.05120000000000001
6,60,621.862745098039,31,20240530,31-CF 20240530.xlsx,std,3,b,ETI,0.05120000000000001
7,0,445.142857142857,31,20240530,31-CF 20240530.xlsx,std,4,a,ETI,0.12800000000000003
7,10,481.666666666666,31,20240530,31-CF 20240530.xlsx,std,4,a,ETI,0.12800000000000003
7,20,590.428571428571,31,20240530,31-CF 20240530.xlsx,std,4,a,ETI,0.12800000000000003
7,30,641.95652173913,31,20240530,31-CF 20240530.xlsx,std,4,a,ETI,0.12800000000000003
7,40,794,31,20240530,31-CF 20240530.xlsx,std,4,a,ETI,0.12800000000000003
7,50,845.142857142857,31,20240530,31-CF 20240530.xlsx,std,4,a,ETI,0.12800000000000003
7,60,869.523809523809,31,20240530,31-CF 20240530.xlsx,std,4,a,ETI,0.12800000000000003
8,0,317.615384615384,31,20240530,31-CF 20240530.xlsx,std,4,b,ETI,0.12800000000000003
8,10,362.923076923076,31,20240530,31-CF 20240530.xlsx,std,4,b,ETI,0.12800000000000003
8,20,448.518518518518,31,20240530,31-CF 20240530.xlsx,std,4,b,ETI,0.12800000000000003
8,30,509.241379310344,31,20240530,31-CF 20240530.xlsx,std,4,b,ETI,0.12800000000000003
8,40,577.357142857142,31,20240530,31-CF 20240530.xlsx,std,4,b,ETI,0.12800000000000003
8,50,559.103448275862,31,20240530,31-CF 20240530.xlsx,std,4,b,ETI,0.12800000000000003
8,60,570.714285714285,31,20240530,31-CF 20240530.xlsx,std,4,b,ETI,0.12800000000000003
9,0,425.757575757575,31,20240530,31-CF 20240530.xlsx,std,5,a,ETI,0.32000000000000006
9,10,495.363636363636,31,20240530,31-CF 20240530.xlsx,std,5,a,ETI,0.32000000000000006
9,20,660.363636363636,31,20240530,31-CF 20240530.xlsx,std,5,a,ETI,0.32000000000000006
9,30,761.411764705882,31,20240530,31-CF 20240530.xlsx,std,5,a,ETI,0.32000000000000006
9,40,891.84375,31,20240530,31-CF 20240530.xlsx,std,5,a,ETI,0.32000000000000006
9,50,854.823529411764,31,20240530,31-CF 20240530.xlsx,std,5,a,ETI,0.32000000000000006
9,60,873.60606060606,31,20240530,31-CF 20240530.xlsx,std,5,a,ETI,0.32000000000000006
10,0,359.761904761904,31,20240530,31-CF 20240530.xlsx,std,5,b,ETI,0.32000000000000006
10,10,412.521739130434,31,20240530,31-CF 20240530.xlsx,std,5,b,ETI,0.32000000000000006
10,20,502.130434782608,31,20240530,31-CF 20240530.xlsx,std,5,b,ETI,0.32000000000000006
10,30,574.5,31,20240530,31-CF 20240530.xlsx,std,5,b,ETI,0.32000000000000006
10,40,648.086956521739,31,20240530,31-CF 20240530.xlsx,std,5,b,ETI,0.32000000000000006
10,50,652.083333333333,31,20240530,31-CF 20240530.xlsx,std,5,b,ETI,0.32000000000000006
10,60,665.478260869565,31,20240530,31-CF 20240530.xlsx,std,5,b,ETI,0.32000000000000006
11,0,353.75,31,20240530,31-CF 20240530.xlsx,std,6,a,ETI,0.8000000000000002
11,10,455.678571428571,31,20240530,31-CF 20240530.xlsx,std,6,a,ETI,0.8000000000000002
11,20,540.482758620689,31,20240530,31-CF 20240530.xlsx,std,6,a,ETI,0.8000000000000002
11,30,644.142857142857,31,20240530,31-CF 20240530.xlsx,std,6,a,ETI,0.8000000000000002
11,40,707,31,20240530,31-CF 20240530.xlsx,std,6,a,ETI,0.8000000000000002
11,50,742.714285714285,31,20240530,31-CF 20240530.xlsx,std,6,a,ETI,0.8000000000000002
11,60,648.741935483871,31,20240530,31-CF 20240530.xlsx,std,6,a,ETI,0.8000000000000002
12,0,326.90909090909,31,20240530,31-CF 20240530.xlsx,std,6,b,ETI,0.8000000000000002
12,10,446,31,20240530,31-CF 20240530.xlsx,std,6,b,ETI,0.8000000000000002
12,20,564.90909090909,31,20240530,31-CF 20240530.xlsx,std,6,b,ETI,0.8000000000000002
12,30,655.954545454545,31,20240530,31-CF 20240530.xlsx,std,6,b,ETI,0.8000000000000002
12,40,716.272727272727,31,20240530,31-CF 20240530.xlsx,std,6,b,ETI,0.8000000000000002
12,50,757.772727272727,31,20240530,31-CF 20240530.xlsx,std,6,b,ETI,0.8000000000000002
12,60,718.260869565217,31,20240530,31-CF 20240530.xlsx,std,6,b,ETI,0.8000000000000002
13,0,416.076923076923,31,20240530,31-CF 20240530.xlsx,std,7,a,ETI,2
13,10,520.435897435897,31,20240530,31-CF 20240530.xlsx,std,7,a,ETI,2
13,20,637.878048780487,31,20240530,31-CF 20240530.xlsx,std,7,a,ETI,2
13,30,814.432432432432,31,20240530,31-CF 20240530.xlsx,std,7,a,ETI,2
13,40,951.428571428571,31,20240530,31-CF 20240530.xlsx,std,7,a,ETI,2
13,50,1135.54838709677,31,20240530,31-CF 20240530.xlsx,std,7,a,ETI,2
13,60,1039.47058823529,31,20240530,31-CF 20240530.xlsx,std,7,a,ETI,2
14,0,323.104166666666,31,20240530,31-CF 20240530.xlsx,std,7,b,ETI,2
14,10,406.340425531914,31,20240530,31-CF 20240530.xlsx,std,7,b,ETI,2
14,20,503.714285714285,31,20240530,31-CF 20240530.xlsx,std,7,b,ETI,2
14,30,601.395833333333,31,20240530,31-CF 20240530.xlsx,std,7,b,ETI,2
14,40,666.229166666666,31,20240530,31-CF 20240530.xlsx,std,7,b,ETI,2
14,50,688.708333333333,31,20240530,31-CF 20240530.xlsx,std,7,b,ETI,2
14,60,652.88,31,20240530,31-CF 20240530.xlsx,std,7,b,ETI,2
15,0,341.631578947368,31,20240530,31-CF 20240530.xlsx,std,8,a,ETI,5
15,10,459.9,31,20240530,31-CF 20240530.xlsx,std,8,a,ETI,5
15,20,518.272727272727,31,20240530,31-CF 20240530.xlsx,std,8,a,ETI,5
15,30,654.8,31,20240530,31-CF 20240530.xlsx,std,8,a,ETI,5
15,40,653.181818181818,31,20240530,31-CF 20240530.xlsx,std,8,a,ETI,5
15,50,672.90909090909,31,20240530,31-CF 20240530.xlsx,std,8,a,ETI,5
15,60,683.714285714285,31,20240530,31-CF 20240530.xlsx,std,8,a,ETI,5
16,0,449.057142857142,31,20240530,31-CF 20240530.xlsx,std,8,b,ETI,5
16,10,654.588235294117,31,20240530,31-CF 20240530.xlsx,std,8,b,ETI,5
16,20,833.969696969697,31,20240530,31-CF 20240530.xlsx,std,8,b,ETI,5
16,30,985.96875,31,20240530,31-CF 20240530.xlsx,std,8,b,ETI,5
16,40,1194.93103448275,31,20240530,31-CF 20240530.xlsx,std,8,b,ETI,5
16,50,1257.92857142857,31,20240530,31-CF 20240530.xlsx,std,8,b,ETI,5
16,60,1093.59375,31,20240530,31-CF 20240530.xlsx,std,8,b,ETI,5
17,0,363.222222222222,31,20240530,31-CF 20240530.xlsx,std,1,a,VTI,0.008192000000000003
17,10,331.066666666666,31,20240530,31-CF 20240530.xlsx,std,1,a,VTI,0.008192000000000003
17,20,357.620689655172,31,20240530,31-CF 20240530.xlsx,std,1,a,VTI,0.008192000000000003
17,30,401.107142857142,31,20240530,31-CF 20240530.xlsx,std,1,a,VTI,0.008192000000000003
17,40,426.206896551724,31,20240530,31-CF 20240530.xlsx,std,1,a,VTI,0.008192000000000003
17,50,466.689655172413,31,20240530,31-CF 20240530.xlsx,std,1,a,VTI,0.008192000000000003
17,60,503.379310344827,31,20240530,31-CF 20240530.xlsx,std,1,a,VTI,0.008192000000000003
18,0,361.173913043478,31,20240530,31-CF 20240530.xlsx,std,1,b,VTI,0.008192000000000003
18,10,362.291666666666,31,20240530,31-CF 20240530.xlsx,std,1,b,VTI,0.008192000000000003
18,20,399.791666666666,31,20240530,31-CF 20240530.xlsx,std,1,b,VTI,0.008192000000000003
18,30,449.625,31,20240530,31-CF 20240530.xlsx,std,1,b,VTI,0.008192000000000003
18,40,484.8,31,20240530,31-CF 20240530.xlsx,std,1,b,VTI,0.008192000000000003
18,50,531.56,31,20240530,31-CF 20240530.xlsx,std,1,b,VTI,0.008192000000000003
18,60,566.416666666666,31,20240530,31-CF 20240530.xlsx,std,1,b,VTI,0.008192000000000003
19,0,328.638888888888,31,20240530,31-CF 20240530.xlsx,std,2,a,VTI,0.02048000000000001
19,10,334.611111111111,31,20240530,31-CF 20240530.xlsx,std,2,a,VTI,0.02048000000000001
19,20,367.6,31,20240530,31-CF 20240530.xlsx,std,2,a,VTI,0.02048000000000001
19,30,372.76923076923,31,20240530,31-CF 20240530.xlsx,std,2,a,VTI,0.02048000000000001
19,40,429.538461538461,31,20240530,31-CF 20240530.xlsx,std,2,a,VTI,0.02048000000000001
19,50,499.236842105263,31,20240530,31-CF 20240530.xlsx,std,2,a,VTI,0.02048000000000001
19,60,554.702702702702,31,20240530,31-CF 20240530.xlsx,std,2,a,VTI,0.02048000000000001
20,0,386.666666666666,31,20240530,31-CF 20240530.xlsx,std,2,b,VTI,0.02048000000000001
20,10,381.5,31,20240530,31-CF 20240530.xlsx,std,2,b,VTI,0.02048000000000001
20,20,407.969696969697,31,20240530,31-CF 20240530.xlsx,std,2,b,VTI,0.02048000000000001
20,30,455.1875,31,20240530,31-CF 20240530.xlsx,std,2,b,VTI,0.02048000000000001
20,40,491.575757575757,31,20240530,31-CF 20240530.xlsx,std,2,b,VTI,0.02048000000000001
20,50,567.90625,31,20240530,31-CF 20240530.xlsx,std,2,b,VTI,0.02048000000000001
20,60,659.133333333333,31,20240530,31-CF 20240530.xlsx,std,2,b,VTI,0.02048000000000001
21,0,354.333333333333,31,20240530,31-CF 20240530.xlsx,std,3,a,VTI,0.05120000000000001
21,10,348.741935483871,31,20240530,31-CF 20240530.xlsx,std,3,a,VTI,0.05120000000000001
21,20,386.433333333333,31,20240530,31-CF 20240530.xlsx,std,3,a,VTI,0.05120000000000001
21,30,436.677419354838,31,20240530,31-CF 20240530.xlsx,std,3,a,VTI,0.05120000000000001
21,40,492.484848484848,31,20240530,31-CF 20240530.xlsx,std,3,a,VTI,0.05120000000000001
21,50,576.40625,31,20240530,31-CF 20240530.xlsx,std,3,a,VTI,0.05120000000000001
21,60,630.741935483871,31,20240530,31-CF 20240530.xlsx,std,3,a,VTI,0.05120000000000001
22,0,406.035714285714,31,20240530,31-CF 20240530.xlsx,std,3,b,VTI,0.05120000000000001
22,10,417.678571428571,31,20240530,31-CF 20240530.xlsx,std,3,b,VTI,0.05120000000000001
22,20,451.344827586206,31,20240530,31-CF 20240530.xlsx,std,3,b,VTI,0.05120000000000001
22,30,514.4,31,20240530,31-CF 20240530.xlsx,std,3,b,VTI,0.05120000000000001
22,40,609.1,31,20240530,31-CF 20240530.xlsx,std,3,b,VTI,0.05120000000000001
22,50,677.1,31,20240530,31-CF 20240530.xlsx,std,3,b,VTI,0.05120000000000001
22,60,700.666666666666,31,20240530,31-CF 20240530.xlsx,std,3,b,VTI,0.05120000000000001
23,0,374.195121951219,31,20240530,31-CF 20240530.xlsx,std,4,a,VTI,0.12800000000000003
23,10,401.125,31,20240530,31-CF 20240530.xlsx,std,4,a,VTI,0.12800000000000003
23,20,498.268292682926,31,20240530,31-CF 20240530.xlsx,std,4,a,VTI,0.12800000000000003
23,30,588.928571428571,31,20240530,31-CF 20240530.xlsx,std,4,a,VTI,0.12800000000000003
23,40,673.658536585365,31,20240530,31-CF 20240530.xlsx,std,4,a,VTI,0.12800000000000003
23,50,673.441860465116,31,20240530,31-CF 20240530.xlsx,std,4,a,VTI,0.12800000000000003
23,60,683.023809523809,31,20240530,31-CF 20240530.xlsx,std,4,a,VTI,0.12800000000000003
24,0,388.714285714285,31,20240530,31-CF 20240530.xlsx,std,4,b,VTI,0.12800000000000003
24,10,420.7,31,20240530,31-CF 20240530.xlsx,std,4,b,VTI,0.12800000000000003
24,20,551.933333333333,31,20240530,31-CF 20240530.xlsx,std,4,b,VTI,0.12800000000000003
24,30,623.5,31,20240530,31-CF 20240530.xlsx,std,4,b,VTI,0.12800000000000003
24,40,695.125,31,20240530,31-CF 20240530.xlsx,std,4,b,VTI,0.12800000000000003
24,50,735.774193548387,31,20240530,31-CF 20240530.xlsx,std,4,b,VTI,0.12800000000000003
24,60,716.34375,31,20240530,31-CF 20240530.xlsx,std,4,b,VTI,0.12800000000000003
25,0,382,31,20240530,31-CF 20240530.xlsx,std,5,a,VTI,0.32000000000000006
25,10,445.69387755102,31,20240530,31-CF 20240530.xlsx,std,5,a,VTI,0.32000000000000006
25,20,613.434782608695,31,20240530,31-CF 20240530.xlsx,std,5,a,VTI,0.32000000000000006
25,30,690.127659574468,31,20240530,31-CF 20240530.xlsx,std,5,a,VTI,0.32000000000000006
25,40,769.444444444444,31,20240530,31-CF 20240530.xlsx,std,5,a,VTI,0.32000000000000006
25,50,752.41304347826,31,20240530,31-CF 20240530.xlsx,std,5,a,VTI,0.32000000000000006
25,60,700.645833333333,31,20240530,31-CF 20240530.xlsx,std,5,a,VTI,0.32000000000000006
26,0,386.710526315789,31,20240530,31-CF 20240530.xlsx,std,5,b,VTI,0.32000000000000006
26,10,414.631578947368,31,20240530,31-CF 20240530.xlsx,std,5,b,VTI,0.32000000000000006
26,20,564.5,31,20240530,31-CF 20240530.xlsx,std,5,b,VTI,0.32000000000000006
26,30,644.794871794871,31,20240530,31-CF 20240530.xlsx,std,5,b,VTI,0.32000000000000006
26,40,753.945945945945,31,20240530,31-CF 20240530.xlsx,std,5,b,VTI,0.32000000000000006
26,50,718.275,31,20240530,31-CF 20240530.xlsx,std,5,b,VTI,0.32000000000000006
26,60,769.394736842105,31,20240530,31-CF 20240530.xlsx,std,5,b,VTI,0.32000000000000006
27,0,373.484848484848,31,20240530,31-CF 20240530.xlsx,std,6,a,VTI,0.8000000000000002
27,10,466.8,31,20240530,31-CF 20240530.xlsx,std,6,a,VTI,0.8000000000000002
27,20,608.794117647058,31,20240530,31-CF 20240530.xlsx,std,6,a,VTI,0.8000000000000002
27,30,749.1875,31,20240530,31-CF 20240530.xlsx,std,6,a,VTI,0.8000000000000002
27,40,813.625,31,20240530,31-CF 20240530.xlsx,std,6,a,VTI,0.8000000000000002
27,50,850.09375,31,20240530,31-CF 20240530.xlsx,std,6,a,VTI,0.8000000000000002
27,60,765.114285714285,31,20240530,31-CF 20240530.xlsx,std,6,a,VTI,0.8000000000000002
28,0,389.176470588235,31,20240530,31-CF 20240530.xlsx,std,6,b,VTI,0.8000000000000002
28,10,515.171428571428,31,20240530,31-CF 20240530.xlsx,std,6,b,VTI,0.8000000000000002
28,20,619.722222222222,31,20240530,31-CF 20240530.xlsx,std,6,b,VTI,0.8000000000000002
28,30,685.918918918919,31,20240530,31-CF 20240530.xlsx,std,6,b,VTI,0.8000000000000002
28,40,752.108108108108,31,20240530,31-CF 20240530.xlsx,std,6,b,VTI,0.8000000000000002
28,50,736.105263157894,31,20240530,31-CF 20240530.xlsx,std,6,b,VTI,0.8000000000000002
28,60,690.487804878048,31,20240530,31-CF 20240530.xlsx,std,6,b,VTI,0.8000000000000002
29,0,415.416666666666,31,20240530,31-CF 20240530.xlsx,std,7,a,VTI,2
29,10,517.794871794871,31,20240530,31-CF 20240530.xlsx,std,7,a,VTI,2
29,20,655.948717948717,31,20240530,31-CF 20240530.xlsx,std,7,a,VTI,2
29,30,844.571428571428,31,20240530,31-CF 20240530.xlsx,std,7,a,VTI,2
29,40,953.558823529411,31,20240530,31-CF 20240530.xlsx,std,7,a,VTI,2
29,50,1029.84848484848,31,20240530,31-CF 20240530.xlsx,std,7,a,VTI,2
29,60,983.323529411764,31,20240530,31-CF 20240530.xlsx,std,7,a,VTI,2
30,0,349.894736842105,31,20240530,31-CF 20240530.xlsx,std,7,b,VTI,2
30,10,461.871794871794,31,20240530,31-CF 20240530.xlsx,std,7,b,VTI,2
30,20,583.026315789473,31,20240530,31-CF 20240530.xlsx,std,7,b,VTI,2
30,30,651.025641025641,31,20240530,31-CF 20240530.xlsx,std,7,b,VTI,2
30,40,751.918918918919,31,20240530,31-CF 20240530.xlsx,std,7,b,VTI,2
30,50,788.081081081081,31,20240530,31-CF 20240530.xlsx,std,7,b,VTI,2
30,60,737.666666666666,31,20240530,31-CF 20240530.xlsx,std,7,b,VTI,2
31,0,457.647058823529,31,20240530,31-CF 20240530.xlsx,std,8,a,VTI,5
31,10,617.794117647058,31,20240530,31-CF 20240530.xlsx,std,8,a,VTI,5
31,20,729.911764705882,31,20240530,31-CF 20240530.xlsx,std,8,a,VTI,5
31,30,847.363636363636,31,20240530,31-CF 20240530.xlsx,std,8,a,VTI,5
31,40,859.771428571428,31,20240530,31-CF 20240530.xlsx,std,8,a,VTI,5
31,50,884.457142857142,31,20240530,31-CF 20240530.xlsx,std,8,a,VTI,5
31,60,863.028571428571,31,20240530,31-CF 20240530.xlsx,std,8,a,VTI,5
32,0,392.80487804878,31,20240530,31-CF 20240530.xlsx,std,8,b,VTI,5
32,10,550.619047619047,31,20240530,31-CF 20240530.xlsx,std,8,b,VTI,5
32,20,633.15909090909,31,20240530,31-CF 20240530.xlsx,std,8,b,VTI,5
32,30,760.380952380952,31,20240530,31-CF 20240530.xlsx,std,8,b,VTI,5
32,40,757.911111111111,31,20240530,31-CF 20240530.xlsx,std,8,b,VTI,5
32,50,755.760869565217,31,20240530,31-CF 20240530.xlsx,std,8,b,VTI,5
32,60,794.113636363636,31,20240530,31-CF 20240530.xlsx,std,8,b,VTI,5
65,0,425.666666666666,31,20240530,31-CF 20240530.xlsx,std,2,a,FskOnly,0.02048000000000001
65,10,413.290322580645,31,20240530,31-CF 20240530.xlsx,std,2,a,FskOnly,0.02048000000000001
65,20,413.838709677419,31,20240530,31-CF 20240530.xlsx,std,2,a,FskOnly,0.02048000000000001
65,30,411.419354838709,31,20240530,31-CF 20240530.xlsx,std,2,a,FskOnly,0.02048000000000001
65,40,396.46875,31,20240530,31-CF 20240530.xlsx,std,2,a,FskOnly,0.02048000000000001
65,50,408,31,20240530,31-CF 20240530.xlsx,std,2,a,FskOnly,0.02048000000000001
65,60,407.16129032258,31,20240530,31-CF 20240530.xlsx,std,2,a,FskOnly,0.02048000000000001
66,0,316.027027027027,31,20240530,31-CF 20240530.xlsx,std,2,b,FskOnly,0.02048000000000001
66,10,308.447368421052,31,20240530,31-CF 20240530.xlsx,std,2,b,FskOnly,0.02048000000000001
66,20,308.342105263157,31,20240530,31-CF 20240530.xlsx,std,2,b,FskOnly,0.02048000000000001
66,30,316.27027027027,31,20240530,31-CF 20240530.xlsx,std,2,b,FskOnly,0.02048000000000001
66,40,323.166666666666,31,20240530,31-CF 20240530.xlsx,std,2,b,FskOnly,0.02048000000000001
66,50,322.694444444444,31,20240530,31-CF 20240530.xlsx,std,2,b,FskOnly,0.02048000000000001
66,60,314.189189189189,31,20240530,31-CF 20240530.xlsx,std,2,b,FskOnly,0.02048000000000001
67,0,321.454545454545,31,20240530,31-CF 20240530.xlsx,std,4,a,FskOnly,0.12800000000000003
67,10,329.78125,31,20240530,31-CF 20240530.xlsx,std,4,a,FskOnly,0.12800000000000003
67,20,310.911764705882,31,20240530,31-CF 20240530.xlsx,std,4,a,FskOnly,0.12800000000000003
67,30,319.696969696969,31,20240530,31-CF 20240530.xlsx,std,4,a,FskOnly,0.12800000000000003
67,40,310.117647058823,31,20240530,31-CF 20240530.xlsx,std,4,a,FskOnly,0.12800000000000003
67,50,319.878787878787,31,20240530,31-CF 20240530.xlsx,std,4,a,FskOnly,0.12800000000000003
67,60,318.575757575757,31,20240530,31-CF 20240530.xlsx,std,4,a,FskOnly,0.12800000000000003
68,0,354.764705882352,31,20240530,31-CF 20240530.xlsx,std,4,b,FskOnly,0.12800000000000003
68,10,354.617647058823,31,20240530,31-CF 20240530.xlsx,std,4,b,FskOnly,0.12800000000000003
68,20,355.411764705882,31,20240530,31-CF 20240530.xlsx,std,4,b,FskOnly,0.12800000000000003
68,30,365.484848484848,31,20240530,31-CF 20240530.xlsx,std,4,b,FskOnly,0.12800000000000003
68,40,363.424242424242,31,20240530,31-CF 20240530.xlsx,std,4,b,FskOnly,0.12800000000000003
68,50,359.393939393939,31,20240530,31-CF 20240530.xlsx,std,4,b,FskOnly,0.12800000000000003
68,60,351.882352941176,31,20240530,31-CF 20240530.xlsx,std,4,b,FskOnly,0.12800000000000003
69,0,361.736842105263,31,20240530,31-CF 20240530.xlsx,std,6,a,FskOnly,0.8000000000000002
69,10,350.1,31,20240530,31-CF 20240530.xlsx,std,6,a,FskOnly,0.8000000000000002
69,20,369.315789473684,31,20240530,31-CF 20240530.xlsx,std,6,a,FskOnly,0.8000000000000002
69,30,372.105263157894,31,20240530,31-CF 20240530.xlsx,std,6,a,FskOnly,0.8000000000000002
69,40,397.277777777777,31,20240530,31-CF 20240530.xlsx,std,6,a,FskOnly,0.8000000000000002
69,50,400.555555555555,31,20240530,31-CF 20240530.xlsx,std,6,a,FskOnly,0.8000000000000002
69,60,384,31,20240530,31-CF 20240530.xlsx,std,6,a,FskOnly,0.8000000000000002
70,0,355.086956521739,31,20240530,31-CF 20240530.xlsx,std,6,b,FskOnly,0.8000000000000002
70,10,343.666666666666,31,20240530,31-CF 20240530.xlsx,std,6,b,FskOnly,0.8000000000000002
70,20,360.260869565217,31,20240530,31-CF 20240530.xlsx,std,6,b,FskOnly,0.8000000000000002
70,30,362.217391304347,31,20240530,31-CF 20240530.xlsx,std,6,b,FskOnly,0.8000000000000002
70,40,367.130434782608,31,20240530,31-CF 20240530.xlsx,std,6,b,FskOnly,0.8000000000000002
70,50,341.8,31,20240530,31-CF 20240530.xlsx,std,6,b,FskOnly,0.8000000000000002
70,60,376.869565217391,31,20240530,31-CF 20240530.xlsx,std,6,b,FskOnly,0.8000000000000002
71,0,301.038461538461,31,20240530,31-CF 20240530.xlsx,std,8,a,FskOnly,5
71,10,307.038461538461,31,20240530,31-CF 20240530.xlsx,std,8,a,FskOnly,5
71,20,317.76923076923,31,20240530,31-CF 20240530.xlsx,std,8,a,FskOnly,5
71,30,330.346153846153,31,20240530,31-CF 20240530.xlsx,std,8,a,FskOnly,5
71,40,338.923076923076,31,20240530,31-CF 20240530.xlsx,std,8,a,FskOnly,5
71,50,346.923076923076,31,20240530,31-CF 20240530.xlsx,std,8,a,FskOnly,5
71,60,356.692307692307,31,20240530,31-CF 20240530.xlsx,std,8,a,FskOnly,5
72,0,347,31,20240530,31-CF 20240530.xlsx,std,8,b,FskOnly,5
72,10,365.538461538461,31,20240530,31-CF 20240530.xlsx,std,8,b,FskOnly,5
72,20,379.423076923076,31,20240530,31-CF 20240530.xlsx,std,8,b,FskOnly,5
72,30,395.807692307692,31,20240530,31-CF 20240530.xlsx,std,8,b,FskOnly,5
72,40,410.76923076923,31,20240530,31-CF 20240530.xlsx,std,8,b,FskOnly,5
72,50,424.653846153846,31,20240530,31-CF 20240530.xlsx,std,8,b,FskOnly,5
72,60,434.192307692307,31,20240530,31-CF 20240530.xlsx,std,8,b,FskOnly,5
1,0,489.7,35,20240314,35-CF_20240314_optimalizace_vanza.xlsx,optimalizace,1,a,ETI,0.008192000000000003
1,10,497.75,35,20240314,35-CF_20240314_optimalizace_vanza.xlsx,optimalizace,1,a,ETI,0.008192000000000003
1,20,528.9,35,20240314,35-CF_20240314_optimalizace_vanza.xlsx,optimalizace,1,a,ETI,0.008192000000000003
1,30,604.78947368421,35,20240314,35-CF_20240314_optimalizace_vanza.xlsx,optimalizace,1,a,ETI,0.008192000000000003
1,40,616.85,35,20240314,35-CF_20240314_optimalizace_vanza.xlsx,optimalizace,1,a,ETI,0.008192000000000003
1,50,693.947368421052,35,20240314,35-CF_20240314_optimalizace_vanza.xlsx,optimalizace,1,a,ETI,0.008192000000000003
1,60,740.578947368421,35,20240314,35-CF_20240314_optimalizace_vanza.xlsx,optimalizace,1,a,ETI,0.008192000000000003
2,0,479.933333333333,35,20240314,35-CF_20240314_optimalizace_vanza.xlsx,optimalizace,1,b,ETI,0.008192000000000003
2,10,482.4,35,20240314,35-CF_20240314_optimalizace_vanza.xlsx,optimalizace,1,b,ETI,0.008192000000000003
2,20,477.3125,35,20240314,35-CF_20240314_optimalizace_vanza.xlsx,optimalizace,1,b,ETI,0.008192000000000003
2,30,550.666666666666,35,20240314,35-CF_20240314_optimalizace_vanza.xlsx,optimalizace,1,b,ETI,0.008192000000000003
2,40,589.666666666666,35,20240314,35-CF_20240314_optimalizace_vanza.xlsx,optimalizace,1,b,ETI,0.008192000000000003
2,50,625.266666666666,35,20240314,35-CF_20240314_optimalizace_vanza.xlsx,optimalizace,1,b,ETI,0.008192000000000003
2,60,651.533333333333,35,20240314,35-CF_20240314_optimalizace_vanza.xlsx,optimalizace,1,b,ETI,0.008192000000000003
3,0,414.192307692307,35,20240314,35-CF_20240314_optimalizace_vanza.xlsx,optimalizace,2,a,ETI,0.02048000000000001
3,10,447.833333333333,35,20240314,35-CF_20240314_optimalizace_vanza.xlsx,optimalizace,2,a,ETI,0.02048000000000001
3,20,461,35,20240314,35-CF_20240314_optimalizace_vanza.xlsx,optimalizace,2,a,ETI,0.02048000000000001
3,30,496.041666666666,35,20240314,35-CF_20240314_optimalizace_vanza.xlsx,optimalizace,2,a,ETI,0.02048000000000001
3,40,561.478260869565,35,20240314,35-CF_20240314_optimalizace_vanza.xlsx,optimalizace,2,a,ETI,0.02048000000000001
3,50,610.565217391304,35,20240314,35-CF_20240314_optimalizace_vanza.xlsx,optimalizace,2,a,ETI,0.02048000000000001
3,60,628.208333333333,35,20240314,35-CF_20240314_optimalizace_vanza.xlsx,optimalizace,2,a,ETI,0.02048000000000001
4,0,401.875,35,20240314,35-CF_20240314_optimalizace_vanza.xlsx,optimalizace,2,b,ETI,0.02048000000000001
4,10,405.375,35,20240314,35-CF_20240314_optimalizace_vanza.xlsx,optimalizace,2,b,ETI,0.02048000000000001
4,20,433.291666666666,35,20240314,35-CF_20240314_optimalizace_vanza.xlsx,optimalizace,2,b,ETI,0.02048000000000001
4,30,432.423076923076,35,20240314,35-CF_20240314_optimalizace_vanza.xlsx,optimalizace,2,b,ETI,0.02048000000000001
4,40,479.192307692307,35,20240314,35-CF_20240314_optimalizace_vanza.xlsx,optimalizace,2,b,ETI,0.02048000000000001
4,50,527.038461538461,35,20240314,35-CF_20240314_optimalizace_vanza.xlsx,optimalizace,2,b,ETI,0.02048000000000001
4,60,567.846153846153,35,20240314,35-CF_20240314_optimalizace_vanza.xlsx,optimalizace,2,b,ETI,0.02048000000000001
5,0,403.333333333333,35,20240314,35-CF_20240314_optimalizace_vanza.xlsx,optimalizace,3,a,ETI,0.05120000000000001
5,10,401.944444444444,35,20240314,35-CF_20240314_optimalizace_vanza.xlsx,optimalizace,3,a,ETI,0.05120000000000001
5,20,429.166666666666,35,20240314,35-CF_20240314_optimalizace_vanza.xlsx,optimalizace,3,a,ETI,0.05120000000000001
5,30,465.684210526315,35,20240314,35-CF_20240314_optimalizace_vanza.xlsx,optimalizace,3,a,ETI,0.05120000000000001
5,40,526.78947368421,35,20240314,35-CF_20240314_optimalizace_vanza.xlsx,optimalizace,3,a,ETI,0.05120000000000001
5,50,579.473684210526,35,20240314,35-CF_20240314_optimalizace_vanza.xlsx,optimalizace,3,a,ETI,0.05120000000000001
5,60,615.78947368421,35,20240314,35-CF_20240314_optimalizace_vanza.xlsx,optimalizace,3,a,ETI,0.05120000000000001
6,0,368.4375,35,20240314,35-CF_20240314_optimalizace_vanza.xlsx,optimalizace,3,b,ETI,0.05120000000000001
6,10,370,35,20240314,35-CF_20240314_optimalizace_vanza.xlsx,optimalizace,3,b,ETI,0.05120000000000001
6,20,425.6,35,20240314,35-CF_20240314_optimalizace_vanza.xlsx,optimalizace,3,b,ETI,0.05120000000000001
6,30,494.133333333333,35,20240314,35-CF_20240314_optimalizace_vanza.xlsx,optimalizace,3,b,ETI,0.05120000000000001
6,40,571.533333333333,35,20240314,35-CF_20240314_optimalizace_vanza.xlsx,optimalizace,3,b,ETI,0.05120000000000001
6,50,678.071428571428,35,20240314,35-CF_20240314_optimalizace_vanza.xlsx,optimalizace,3,b,ETI,0.05120000000000001
6,60,686.8,35,20240314,35-CF_20240314_optimalizace_vanza.xlsx,optimalizace,3,b,ETI,0.05120000000000001
7,0,425,35,20240314,35-CF_20240314_optimalizace_vanza.xlsx,optimalizace,4,a,ETI,0.12800000000000003
7,10,428.0625,35,20240314,35-CF_20240314_optimalizace_vanza.xlsx,optimalizace,4,a,ETI,0.12800000000000003
7,20,501.625,35,20240314,35-CF_20240314_optimalizace_vanza.xlsx,optimalizace,4,a,ETI,0.12800000000000003
7,30,619.4375,35,20240314,35-CF_20240314_optimalizace_vanza.xlsx,optimalizace,4,a,ETI,0.12800000000000003
7,40,726.75,35,20240314,35-CF_20240314_optimalizace_vanza.xlsx,optimalizace,4,a,ETI,0.12800000000000003
7,50,812.625,35,20240314,35-CF_20240314_optimalizace_vanza.xlsx,optimalizace,4,a,ETI,0.12800000000000003
7,60,818.35294117647,35,20240314,35-CF_20240314_optimalizace_vanza.xlsx,optimalizace,4,a,ETI,0.12800000000000003
8,0,455.677419354838,35,20240314,35-CF_20240314_optimalizace_vanza.xlsx,optimalizace,4,b,ETI,0.12800000000000003
8,10,491.862068965517,35,20240314,35-CF_20240314_optimalizace_vanza.xlsx,optimalizace,4,b,ETI,0.12800000000000003
8,20,556.709677419354,35,20240314,35-CF_20240314_optimalizace_vanza.xlsx,optimalizace,4,b,ETI,0.12800000000000003
8,30,646.121212121212,35,20240314,35-CF_20240314_optimalizace_vanza.xlsx,optimalizace,4,b,ETI,0.12800000000000003
8,40,729.441176470588,35,20240314,35-CF_20240314_optimalizace_vanza.xlsx,optimalizace,4,b,ETI,0.12800000000000003
8,50,905.466666666666,35,20240314,35-CF_20240314_optimalizace_vanza.xlsx,optimalizace,4,b,ETI,0.12800000000000003
8,60,912.032258064516,35,20240314,35-CF_20240314_optimalizace_vanza.xlsx,optimalizace,4,b,ETI,0.12800000000000003
9,0,497.739130434782,35,20240314,35-CF_20240314_optimalizace_vanza.xlsx,optimalizace,5,a,ETI,0.32000000000000006
9,10,526.772727272727,35,20240314,35-CF_20240314_optimalizace_vanza.xlsx,optimalizace,5,a,ETI,0.32000000000000006
9,20,624.363636363636,35,20240314,35-CF_20240314_optimalizace_vanza.xlsx,optimalizace,5,a,ETI,0.32000000000000006
9,30,714.64,35,20240314,35-CF_20240314_optimalizace_vanza.xlsx,optimalizace,5,a,ETI,0.32000000000000006
9,40,884.125,35,20240314,35-CF_20240314_optimalizace_vanza.xlsx,optimalizace,5,a,ETI,0.32000000000000006
9,50,1006.77272727272,35,20240314,35-CF_20240314_optimalizace_vanza.xlsx,optimalizace,5,a,ETI,0.32000000000000006
9,60,1122.61904761904,35,20240314,35-CF_20240314_optimalizace_vanza.xlsx,optimalizace,5,a,ETI,0.32000000000000006
10,0,363.12,35,20240314,35-CF_20240314_optimalizace_vanza.xlsx,optimalizace,5,b,ETI,0.32000000000000006
10,10,366.44,35,20240314,35-CF_20240314_optimalizace_vanza.xlsx,optimalizace,5,b,ETI,0.32000000000000006
10,20,447.44,35,20240314,35-CF_20240314_optimalizace_vanza.xlsx,optimalizace,5,b,ETI,0.32000000000000006
10,30,538.576923076923,35,20240314,35-CF_20240314_optimalizace_vanza.xlsx,optimalizace,5,b,ETI,0.32000000000000006
10,40,615.423076923076,35,20240314,35-CF_20240314_optimalizace_vanza.xlsx,optimalizace,5,b,ETI,0.32000000000000006
10,50,760.782608695652,35,20240314,35-CF_20240314_optimalizace_vanza.xlsx,optimalizace,5,b,ETI,0.32000000000000006
10,60,799,35,20240314,35-CF_20240314_optimalizace_vanza.xlsx,optimalizace,5,b,ETI,0.32000000000000006
11,0,473.454545454545,35,20240314,35-CF_20240314_optimalizace_vanza.xlsx,optimalizace,6,a,ETI,0.8000000000000002
11,10,581.7,35,20240314,35-CF_20240314_optimalizace_vanza.xlsx,optimalizace,6,a,ETI,0.8000000000000002
11,20,834.157894736842,35,20240314,35-CF_20240314_optimalizace_vanza.xlsx,optimalizace,6,a,ETI,0.8000000000000002
11,30,1092.82352941176,35,20240314,35-CF_20240314_optimalizace_vanza.xlsx,optimalizace,6,a,ETI,0.8000000000000002
11,40,1100.8947368421,35,20240314,35-CF_20240314_optimalizace_vanza.xlsx,optimalizace,6,a,ETI,0.8000000000000002
11,50,1185,35,20240314,35-CF_20240314_optimalizace_vanza.xlsx,optimalizace,6,a,ETI,0.8000000000000002
11,60,1227.42105263157,35,20240314,35-CF_20240314_optimalizace_vanza.xlsx,optimalizace,6,a,ETI,0.8000000000000002
12,0,624.875,35,20240314,35-CF_20240314_optimalizace_vanza.xlsx,optimalizace,6,b,ETI,0.8000000000000002
12,10,675.36,35,20240314,35-CF_20240314_optimalizace_vanza.xlsx,optimalizace,6,b,ETI,0.8000000000000002
12,20,821.692307692307,35,20240314,35-CF_20240314_optimalizace_vanza.xlsx,optimalizace,6,b,ETI,0.8000000000000002
12,30,960.384615384615,35,20240314,35-CF_20240314_optimalizace_vanza.xlsx,optimalizace,6,b,ETI,0.8000000000000002
12,40,1180.16666666666,35,20240314,35-CF_20240314_optimalizace_vanza.xlsx,optimalizace,6,b,ETI,0.8000000000000002
12,50,1350.78260869565,35,20240314,35-CF_20240314_optimalizace_vanza.xlsx,optimalizace,6,b,ETI,0.8000000000000002
12,60,1467.5909090909,35,20240314,35-CF_20240314_optimalizace_vanza.xlsx,optimalizace,6,b,ETI,0.8000000000000002
13,0,540.043478260869,35,20240314,35-CF_20240314_optimalizace_vanza.xlsx,optimalizace,7,a,ETI,2
13,10,516.678571428571,35,20240314,35-CF_20240314_optimalizace_vanza.xlsx,optimalizace,7,a,ETI,2
13,20,669.275862068965,35,20240314,35-CF_20240314_optimalizace_vanza.xlsx,optimalizace,7,a,ETI,2
13,30,772.366666666666,35,20240314,35-CF_20240314_optimalizace_vanza.xlsx,optimalizace,7,a,ETI,2
13,40,874.1,35,20240314,35-CF_20240314_optimalizace_vanza.xlsx,optimalizace,7,a,ETI,2
13,50,931.733333333333,35,20240314,35-CF_20240314_optimalizace_vanza.xlsx,optimalizace,7,a,ETI,2
13,60,825.125,35,20240314,35-CF_20240314_optimalizace_vanza.xlsx,optimalizace,7,a,ETI,2
14,0,392.375,35,20240314,35-CF_20240314_optimalizace_vanza.xlsx,optimalizace,7,b,ETI,2
14,10,429.647058823529,35,20240314,35-CF_20240314_optimalizace_vanza.xlsx,optimalizace,7,b,ETI,2
14,20,554.235294117647,35,20240314,35-CF_20240314_optimalizace_vanza.xlsx,optimalizace,7,b,ETI,2
14,30,613.277777777777,35,20240314,35-CF_20240314_optimalizace_vanza.xlsx,optimalizace,7,b,ETI,2
14,40,691.833333333333,35,20240314,35-CF_20240314_optimalizace_vanza.xlsx,optimalizace,7,b,ETI,2
14,50,799.705882352941,35,20240314,35-CF_20240314_optimalizace_vanza.xlsx,optimalizace,7,b,ETI,2
14,60,900,35,20240314,35-CF_20240314_optimalizace_vanza.xlsx,optimalizace,7,b,ETI,2
15,0,453.12,35,20240314,35-CF_20240314_optimalizace_vanza.xlsx,optimalizace,8,a,ETI,5
15,10,610.48,35,20240314,35-CF_20240314_optimalizace_vanza.xlsx,optimalizace,8,a,ETI,5
15,20,758.076923076923,35,20240314,35-CF_20240314_optimalizace_vanza.xlsx,optimalizace,8,a,ETI,5
15,30,961.916666666666,35,20240314,35-CF_20240314_optimalizace_vanza.xlsx,optimalizace,8,a,ETI,5
15,40,999.538461538461,35,20240314,35-CF_20240314_optimalizace_vanza.xlsx,optimalizace,8,a,ETI,5
15,50,1134.24,35,20240314,35-CF_20240314_optimalizace_vanza.xlsx,optimalizace,8,a,ETI,5
15,60,1152,35,20240314,35-CF_20240314_optimalizace_vanza.xlsx,optimalizace,8,a,ETI,5
16,0,465.818181818181,35,20240314,35-CF_20240314_optimalizace_vanza.xlsx,optimalizace,8,b,ETI,5
16,10,570.782608695652,35,20240314,35-CF_20240314_optimalizace_vanza.xlsx,optimalizace,8,b,ETI,5
16,20,758.227272727272,35,20240314,35-CF_20240314_optimalizace_vanza.xlsx,optimalizace,8,b,ETI,5
16,30,841.565217391304,35,20240314,35-CF_20240314_optimalizace_vanza.xlsx,optimalizace,8,b,ETI,5
16,40,901.916666666666,35,20240314,35-CF_20240314_optimalizace_vanza.xlsx,optimalizace,8,b,ETI,5
16,50,1072.95454545454,35,20240314,35-CF_20240314_optimalizace_vanza.xlsx,optimalizace,8,b,ETI,5
16,60,1119.45454545454,35,20240314,35-CF_20240314_optimalizace_vanza.xlsx,optimalizace,8,b,ETI,5
17,0,476.555555555555,35,20240314,35-CF_20240314_optimalizace_vanza.xlsx,optimalizace,1,a,VTI_2,0.008192000000000003
17,10,458.105263157894,35,20240314,35-CF_20240314_optimalizace_vanza.xlsx,optimalizace,1,a,VTI_2,0.008192000000000003
17,20,456,35,20240314,35-CF_20240314_optimalizace_vanza.xlsx,optimalizace,1,a,VTI_2,0.008192000000000003
17,30,542.333333333333,35,20240314,35-CF_20240314_optimalizace_vanza.xlsx,optimalizace,1,a,VTI_2,0.008192000000000003
17,40,560.052631578947,35,20240314,35-CF_20240314_optimalizace_vanza.xlsx,optimalizace,1,a,VTI_2,0.008192000000000003
17,50,581.7,35,20240314,35-CF_20240314_optimalizace_vanza.xlsx,optimalizace,1,a,VTI_2,0.008192000000000003
17,60,628.65,35,20240314,35-CF_20240314_optimalizace_vanza.xlsx,optimalizace,1,a,VTI_2,0.008192000000000003
18,0,445.4,35,20240314,35-CF_20240314_optimalizace_vanza.xlsx,optimalizace,1,b,VTI_2,0.008192000000000003
18,10,460.541666666666,35,20240314,35-CF_20240314_optimalizace_vanza.xlsx,optimalizace,1,b,VTI_2,0.008192000000000003
18,20,500.695652173913,35,20240314,35-CF_20240314_optimalizace_vanza.xlsx,optimalizace,1,b,VTI_2,0.008192000000000003
18,30,545,35,20240314,35-CF_20240314_optimalizace_vanza.xlsx,optimalizace,1,b,VTI_2,0.008192000000000003
18,40,602.260869565217,35,20240314,35-CF_20240314_optimalizace_vanza.xlsx,optimalizace,1,b,VTI_2,0.008192000000000003
18,50,668.173913043478,35,20240314,35-CF_20240314_optimalizace_vanza.xlsx,optimalizace,1,b,VTI_2,0.008192000000000003
18,60,738,35,20240314,35-CF_20240314_optimalizace_vanza.xlsx,optimalizace,1,b,VTI_2,0.008192000000000003
19,0,522.9,35,20240314,35-CF_20240314_optimalizace_vanza.xlsx,optimalizace,2,a,VTI_2,0.02048000000000001
19,10,521.75,35,20240314,35-CF_20240314_optimalizace_vanza.xlsx,optimalizace,2,a,VTI_2,0.02048000000000001
19,20,540.3,35,20240314,35-CF_20240314_optimalizace_vanza.xlsx,optimalizace,2,a,VTI_2,0.02048000000000001
19,30,585.35,35,20240314,35-CF_20240314_optimalizace_vanza.xlsx,optimalizace,2,a,VTI_2,0.02048000000000001
19,40,639.5,35,20240314,35-CF_20240314_optimalizace_vanza.xlsx,optimalizace,2,a,VTI_2,0.02048000000000001
19,50,740.526315789473,35,20240314,35-CF_20240314_optimalizace_vanza.xlsx,optimalizace,2,a,VTI_2,0.02048000000000001
19,60,807.631578947368,35,20240314,35-CF_20240314_optimalizace_vanza.xlsx,optimalizace,2,a,VTI_2,0.02048000000000001
20,0,533.266666666666,35,20240314,35-CF_20240314_optimalizace_vanza.xlsx,optimalizace,2,b,VTI_2,0.02048000000000001
20,10,535.733333333333,35,20240314,35-CF_20240314_optimalizace_vanza.xlsx,optimalizace,2,b,VTI_2,0.02048000000000001
20,20,577.6,35,20240314,35-CF_20240314_optimalizace_vanza.xlsx,optimalizace,2,b,VTI_2,0.02048000000000001
20,30,644.4,35,20240314,35-CF_20240314_optimalizace_vanza.xlsx,optimalizace,2,b,VTI_2,0.02048000000000001
20,40,717.333333333333,35,20240314,35-CF_20240314_optimalizace_vanza.xlsx,optimalizace,2,b,VTI_2,0.02048000000000001
20,50,785.866666666666,35,20240314,35-CF_20240314_optimalizace_vanza.xlsx,optimalizace,2,b,VTI_2,0.02048000000000001
20,60,782.125,35,20240314,35-CF_20240314_optimalizace_vanza.xlsx,optimalizace,2,b,VTI_2,0.02048000000000001
21,0,469.666666666666,35,20240314,35-CF_20240314_optimalizace_vanza.xlsx,optimalizace,3,a,VTI_2,0.05120000000000001
21,10,437.896551724137,35,20240314,35-CF_20240314_optimalizace_vanza.xlsx,optimalizace,3,a,VTI_2,0.05120000000000001
21,20,484.5,35,20240314,35-CF_20240314_optimalizace_vanza.xlsx,optimalizace,3,a,VTI_2,0.05120000000000001
21,30,550.892857142857,35,20240314,35-CF_20240314_optimalizace_vanza.xlsx,optimalizace,3,a,VTI_2,0.05120000000000001
21,40,634.214285714285,35,20240314,35-CF_20240314_optimalizace_vanza.xlsx,optimalizace,3,a,VTI_2,0.05120000000000001
21,50,698.464285714285,35,20240314,35-CF_20240314_optimalizace_vanza.xlsx,optimalizace,3,a,VTI_2,0.05120000000000001
21,60,724.482758620689,35,20240314,35-CF_20240314_optimalizace_vanza.xlsx,optimalizace,3,a,VTI_2,0.05120000000000001
22,0,304.482758620689,35,20240314,35-CF_20240314_optimalizace_vanza.xlsx,optimalizace,3,b,VTI_2,0.05120000000000001
22,10,305.310344827586,35,20240314,35-CF_20240314_optimalizace_vanza.xlsx,optimalizace,3,b,VTI_2,0.05120000000000001
22,20,326.586206896551,35,20240314,35-CF_20240314_optimalizace_vanza.xlsx,optimalizace,3,b,VTI_2,0.05120000000000001
22,30,392.481481481481,35,20240314,35-CF_20240314_optimalizace_vanza.xlsx,optimalizace,3,b,VTI_2,0.05120000000000001
22,40,452,35,20240314,35-CF_20240314_optimalizace_vanza.xlsx,optimalizace,3,b,VTI_2,0.05120000000000001
22,50,517.076923076923,35,20240314,35-CF_20240314_optimalizace_vanza.xlsx,optimalizace,3,b,VTI_2,0.05120000000000001
22,60,509.25,35,20240314,35-CF_20240314_optimalizace_vanza.xlsx,optimalizace,3,b,VTI_2,0.05120000000000001
23,0,473.793103448275,35,20240314,35-CF_20240314_optimalizace_vanza.xlsx,optimalizace,4,a,VTI_2,0.12800000000000003
23,10,446.870967741935,35,20240314,35-CF_20240314_optimalizace_vanza.xlsx,optimalizace,4,a,VTI_2,0.12800000000000003
23,20,521.51724137931,35,20240314,35-CF_20240314_optimalizace_vanza.xlsx,optimalizace,4,a,VTI_2,0.12800000000000003
23,30,567.8125,35,20240314,35-CF_20240314_optimalizace_vanza.xlsx,optimalizace,4,a,VTI_2,0.12800000000000003
23,40,670.8125,35,20240314,35-CF_20240314_optimalizace_vanza.xlsx,optimalizace,4,a,VTI_2,0.12800000000000003
23,50,857.642857142857,35,20240314,35-CF_20240314_optimalizace_vanza.xlsx,optimalizace,4,a,VTI_2,0.12800000000000003
23,60,882.793103448275,35,20240314,35-CF_20240314_optimalizace_vanza.xlsx,optimalizace,4,a,VTI_2,0.12800000000000003
24,0,473.214285714285,35,20240314,35-CF_20240314_optimalizace_vanza.xlsx,optimalizace,4,b,VTI_2,0.12800000000000003
24,10,490.148148148148,35,20240314,35-CF_20240314_optimalizace_vanza.xlsx,optimalizace,4,b,VTI_2,0.12800000000000003
24,20,504.821428571428,35,20240314,35-CF_20240314_optimalizace_vanza.xlsx,optimalizace,4,b,VTI_2,0.12800000000000003
24,30,579.428571428571,35,20240314,35-CF_20240314_optimalizace_vanza.xlsx,optimalizace,4,b,VTI_2,0.12800000000000003
24,40,631.233333333333,35,20240314,35-CF_20240314_optimalizace_vanza.xlsx,optimalizace,4,b,VTI_2,0.12800000000000003
24,50,735.689655172413,35,20240314,35-CF_20240314_optimalizace_vanza.xlsx,optimalizace,4,b,VTI_2,0.12800000000000003
24,60,793.586206896551,35,20240314,35-CF_20240314_optimalizace_vanza.xlsx,optimalizace,4,b,VTI_2,0.12800000000000003
25,0,482.95,35,20240314,35-CF_20240314_optimalizace_vanza.xlsx,optimalizace,5,a,VTI_2,0.32000000000000006
25,10,501.5,35,20240314,35-CF_20240314_optimalizace_vanza.xlsx,optimalizace,5,a,VTI_2,0.32000000000000006
25,20,586.857142857142,35,20240314,35-CF_20240314_optimalizace_vanza.xlsx,optimalizace,5,a,VTI_2,0.32000000000000006
25,30,752.95,35,20240314,35-CF_20240314_optimalizace_vanza.xlsx,optimalizace,5,a,VTI_2,0.32000000000000006
25,40,827.952380952381,35,20240314,35-CF_20240314_optimalizace_vanza.xlsx,optimalizace,5,a,VTI_2,0.32000000000000006
25,50,1069.88888888888,35,20240314,35-CF_20240314_optimalizace_vanza.xlsx,optimalizace,5,a,VTI_2,0.32000000000000006
25,60,1155.17647058823,35,20240314,35-CF_20240314_optimalizace_vanza.xlsx,optimalizace,5,a,VTI_2,0.32000000000000006
26,0,618.5,35,20240314,35-CF_20240314_optimalizace_vanza.xlsx,optimalizace,5,b,VTI_2,0.32000000000000006
26,10,575.6,35,20240314,35-CF_20240314_optimalizace_vanza.xlsx,optimalizace,5,b,VTI_2,0.32000000000000006
26,20,670.619047619047,35,20240314,35-CF_20240314_optimalizace_vanza.xlsx,optimalizace,5,b,VTI_2,0.32000000000000006
26,30,773.5,35,20240314,35-CF_20240314_optimalizace_vanza.xlsx,optimalizace,5,b,VTI_2,0.32000000000000006
26,40,1047.42105263157,35,20240314,35-CF_20240314_optimalizace_vanza.xlsx,optimalizace,5,b,VTI_2,0.32000000000000006
26,50,1111.9,35,20240314,35-CF_20240314_optimalizace_vanza.xlsx,optimalizace,5,b,VTI_2,0.32000000000000006
26,60,1357.82352941176,35,20240314,35-CF_20240314_optimalizace_vanza.xlsx,optimalizace,5,b,VTI_2,0.32000000000000006
27,0,446.192307692307,35,20240314,35-CF_20240314_optimalizace_vanza.xlsx,optimalizace,6,a,VTI_2,0.8000000000000002
27,10,523.72,35,20240314,35-CF_20240314_optimalizace_vanza.xlsx,optimalizace,6,a,VTI_2,0.8000000000000002
27,20,628.538461538461,35,20240314,35-CF_20240314_optimalizace_vanza.xlsx,optimalizace,6,a,VTI_2,0.8000000000000002
27,30,744.692307692307,35,20240314,35-CF_20240314_optimalizace_vanza.xlsx,optimalizace,6,a,VTI_2,0.8000000000000002
27,40,813.481481481481,35,20240314,35-CF_20240314_optimalizace_vanza.xlsx,optimalizace,6,a,VTI_2,0.8000000000000002
27,50,855.821428571428,35,20240314,35-CF_20240314_optimalizace_vanza.xlsx,optimalizace,6,a,VTI_2,0.8000000000000002
27,60,930.851851851851,35,20240314,35-CF_20240314_optimalizace_vanza.xlsx,optimalizace,6,a,VTI_2,0.8000000000000002
28,0,367.642857142857,35,20240314,35-CF_20240314_optimalizace_vanza.xlsx,optimalizace,6,b,VTI_2,0.8000000000000002
28,10,406.285714285714,35,20240314,35-CF_20240314_optimalizace_vanza.xlsx,optimalizace,6,b,VTI_2,0.8000000000000002
28,20,499.666666666666,35,20240314,35-CF_20240314_optimalizace_vanza.xlsx,optimalizace,6,b,VTI_2,0.8000000000000002
28,30,612.8,35,20240314,35-CF_20240314_optimalizace_vanza.xlsx,optimalizace,6,b,VTI_2,0.8000000000000002
28,40,661.5,35,20240314,35-CF_20240314_optimalizace_vanza.xlsx,optimalizace,6,b,VTI_2,0.8000000000000002
28,50,773.666666666666,35,20240314,35-CF_20240314_optimalizace_vanza.xlsx,optimalizace,6,b,VTI_2,0.8000000000000002
28,60,723.588235294117,35,20240314,35-CF_20240314_optimalizace_vanza.xlsx,optimalizace,6,b,VTI_2,0.8000000000000002
29,0,419,35,20240314,35-CF_20240314_optimalizace_vanza.xlsx,optimalizace,7,a,VTI_2,2
29,10,436.451612903225,35,20240314,35-CF_20240314_optimalizace_vanza.xlsx,optimalizace,7,a,VTI_2,2
29,20,571.967741935483,35,20240314,35-CF_20240314_optimalizace_vanza.xlsx,optimalizace,7,a,VTI_2,2
29,30,682.419354838709,35,20240314,35-CF_20240314_optimalizace_vanza.xlsx,optimalizace,7,a,VTI_2,2
29,40,793.6,35,20240314,35-CF_20240314_optimalizace_vanza.xlsx,optimalizace,7,a,VTI_2,2
29,50,885.206896551724,35,20240314,35-CF_20240314_optimalizace_vanza.xlsx,optimalizace,7,a,VTI_2,2
29,60,996.666666666666,35,20240314,35-CF_20240314_optimalizace_vanza.xlsx,optimalizace,7,a,VTI_2,2
30,0,363.133333333333,35,20240314,35-CF_20240314_optimalizace_vanza.xlsx,optimalizace,7,b,VTI_2,2
30,10,454.466666666666,35,20240314,35-CF_20240314_optimalizace_vanza.xlsx,optimalizace,7,b,VTI_2,2
30,20,505.588235294117,35,20240314,35-CF_20240314_optimalizace_vanza.xlsx,optimalizace,7,b,VTI_2,2
30,30,539.263157894736,35,20240314,35-CF_20240314_optimalizace_vanza.xlsx,optimalizace,7,b,VTI_2,2
30,40,636.944444444444,35,20240314,35-CF_20240314_optimalizace_vanza.xlsx,optimalizace,7,b,VTI_2,2
30,50,698.055555555555,35,20240314,35-CF_20240314_optimalizace_vanza.xlsx,optimalizace,7,b,VTI_2,2
30,60,776.647058823529,35,20240314,35-CF_20240314_optimalizace_vanza.xlsx,optimalizace,7,b,VTI_2,2
31,0,420.666666666666,35,20240314,35-CF_20240314_optimalizace_vanza.xlsx,optimalizace,8,a,VTI_2,5
31,10,585.40909090909,35,20240314,35-CF_20240314_optimalizace_vanza.xlsx,optimalizace,8,a,VTI_2,5
31,20,712.782608695652,35,20240314,35-CF_20240314_optimalizace_vanza.xlsx,optimalizace,8,a,VTI_2,5
31,30,841.173913043478,35,20240314,35-CF_20240314_optimalizace_vanza.xlsx,optimalizace,8,a,VTI_2,5
31,40,911.416666666666,35,20240314,35-CF_20240314_optimalizace_vanza.xlsx,optimalizace,8,a,VTI_2,5
31,50,1032.43478260869,35,20240314,35-CF_20240314_optimalizace_vanza.xlsx,optimalizace,8,a,VTI_2,5
31,60,1092.73913043478,35,20240314,35-CF_20240314_optimalizace_vanza.xlsx,optimalizace,8,a,VTI_2,5
32,0,395.56,35,20240314,35-CF_20240314_optimalizace_vanza.xlsx,optimalizace,8,b,VTI_2,5
32,10,476.4,35,20240314,35-CF_20240314_optimalizace_vanza.xlsx,optimalizace,8,b,VTI_2,5
32,20,605.96,35,20240314,35-CF_20240314_optimalizace_vanza.xlsx,optimalizace,8,b,VTI_2,5
32,30,712.4,35,20240314,35-CF_20240314_optimalizace_vanza.xlsx,optimalizace,8,b,VTI_2,5
32,40,805.16,35,20240314,35-CF_20240314_optimalizace_vanza.xlsx,optimalizace,8,b,VTI_2,5
32,50,877.2,35,20240314,35-CF_20240314_optimalizace_vanza.xlsx,optimalizace,8,b,VTI_2,5
32,60,966.375,35,20240314,35-CF_20240314_optimalizace_vanza.xlsx,optimalizace,8,b,VTI_2,5
33,0,374.173913043478,35,20240314,35-CF_20240314_optimalizace_vanza.xlsx,optimalizace,a,a,VTI_02,0.008192000000000003
33,10,370.5,35,20240314,35-CF_20240314_optimalizace_vanza.xlsx,optimalizace,a,a,VTI_02,0.008192000000000003
33,20,394.166666666666,35,20240314,35-CF_20240314_optimalizace_vanza.xlsx,optimalizace,a,a,VTI_02,0.008192000000000003
33,30,436.625,35,20240314,35-CF_20240314_optimalizace_vanza.xlsx,optimalizace,a,a,VTI_02,0.008192000000000003
33,40,486.666666666666,35,20240314,35-CF_20240314_optimalizace_vanza.xlsx,optimalizace,a,a,VTI_02,0.008192000000000003
33,50,523.695652173913,35,20240314,35-CF_20240314_optimalizace_vanza.xlsx,optimalizace,a,a,VTI_02,0.008192000000000003
33,60,566.869565217391,35,20240314,35-CF_20240314_optimalizace_vanza.xlsx,optimalizace,a,a,VTI_02,0.008192000000000003
34,0,510.652173913043,35,20240314,35-CF_20240314_optimalizace_vanza.xlsx,optimalizace,a,b,VTI_02,0.008192000000000003
34,10,512.695652173913,35,20240314,35-CF_20240314_optimalizace_vanza.xlsx,optimalizace,a,b,VTI_02,0.008192000000000003
34,20,534,35,20240314,35-CF_20240314_optimalizace_vanza.xlsx,optimalizace,a,b,VTI_02,0.008192000000000003
34,30,580.173913043478,35,20240314,35-CF_20240314_optimalizace_vanza.xlsx,optimalizace,a,b,VTI_02,0.008192000000000003
34,40,656.608695652173,35,20240314,35-CF_20240314_optimalizace_vanza.xlsx,optimalizace,a,b,VTI_02,0.008192000000000003
34,50,701.916666666666,35,20240314,35-CF_20240314_optimalizace_vanza.xlsx,optimalizace,a,b,VTI_02,0.008192000000000003
34,60,768.25,35,20240314,35-CF_20240314_optimalizace_vanza.xlsx,optimalizace,a,b,VTI_02,0.008192000000000003
35,0,372.178571428571,35,20240314,35-CF_20240314_optimalizace_vanza.xlsx,optimalizace,b,a,VTI_02,0.02048000000000001
35,10,370.607142857142,35,20240314,35-CF_20240314_optimalizace_vanza.xlsx,optimalizace,b,a,VTI_02,0.02048000000000001
35,20,392.642857142857,35,20240314,35-CF_20240314_optimalizace_vanza.xlsx,optimalizace,b,a,VTI_02,0.02048000000000001
35,30,437.928571428571,35,20240314,35-CF_20240314_optimalizace_vanza.xlsx,optimalizace,b,a,VTI_02,0.02048000000000001
35,40,483.344827586206,35,20240314,35-CF_20240314_optimalizace_vanza.xlsx,optimalizace,b,a,VTI_02,0.02048000000000001
35,50,565.535714285714,35,20240314,35-CF_20240314_optimalizace_vanza.xlsx,optimalizace,b,a,VTI_02,0.02048000000000001
35,60,577.866666666666,35,20240314,35-CF_20240314_optimalizace_vanza.xlsx,optimalizace,b,a,VTI_02,0.02048000000000001
36,0,385.277777777777,35,20240314,35-CF_20240314_optimalizace_vanza.xlsx,optimalizace,b,b,VTI_02,0.02048000000000001
36,10,385.388888888888,35,20240314,35-CF_20240314_optimalizace_vanza.xlsx,optimalizace,b,b,VTI_02,0.02048000000000001
36,20,389.473684210526,35,20240314,35-CF_20240314_optimalizace_vanza.xlsx,optimalizace,b,b,VTI_02,0.02048000000000001
36,30,464.722222222222,35,20240314,35-CF_20240314_optimalizace_vanza.xlsx,optimalizace,b,b,VTI_02,0.02048000000000001
36,40,558.666666666666,35,20240314,35-CF_20240314_optimalizace_vanza.xlsx,optimalizace,b,b,VTI_02,0.02048000000000001
36,50,620.578947368421,35,20240314,35-CF_20240314_optimalizace_vanza.xlsx,optimalizace,b,b,VTI_02,0.02048000000000001
36,60,661.9,35,20240314,35-CF_20240314_optimalizace_vanza.xlsx,optimalizace,b,b,VTI_02,0.02048000000000001
37,0,404.3125,35,20240314,35-CF_20240314_optimalizace_vanza.xlsx,optimalizace,c,a,VTI_02,0.05120000000000001
37,10,434.2,35,20240314,35-CF_20240314_optimalizace_vanza.xlsx,optimalizace,c,a,VTI_02,0.05120000000000001
37,20,518.357142857142,35,20240314,35-CF_20240314_optimalizace_vanza.xlsx,optimalizace,c,a,VTI_02,0.05120000000000001
37,30,577.8,35,20240314,35-CF_20240314_optimalizace_vanza.xlsx,optimalizace,c,a,VTI_02,0.05120000000000001
37,40,677.866666666666,35,20240314,35-CF_20240314_optimalizace_vanza.xlsx,optimalizace,c,a,VTI_02,0.05120000000000001
37,50,903.076923076923,35,20240314,35-CF_20240314_optimalizace_vanza.xlsx,optimalizace,c,a,VTI_02,0.05120000000000001
37,60,891.857142857142,35,20240314,35-CF_20240314_optimalizace_vanza.xlsx,optimalizace,c,a,VTI_02,0.05120000000000001
38,0,362.173913043478,35,20240314,35-CF_20240314_optimalizace_vanza.xlsx,optimalizace,c,b,VTI_02,0.05120000000000001
38,10,363.608695652173,35,20240314,35-CF_20240314_optimalizace_vanza.xlsx,optimalizace,c,b,VTI_02,0.05120000000000001
38,20,402.217391304347,35,20240314,35-CF_20240314_optimalizace_vanza.xlsx,optimalizace,c,b,VTI_02,0.05120000000000001
38,30,482.826086956521,35,20240314,35-CF_20240314_optimalizace_vanza.xlsx,optimalizace,c,b,VTI_02,0.05120000000000001
38,40,549.125,35,20240314,35-CF_20240314_optimalizace_vanza.xlsx,optimalizace,c,b,VTI_02,0.05120000000000001
38,50,643.91304347826,35,20240314,35-CF_20240314_optimalizace_vanza.xlsx,optimalizace,c,b,VTI_02,0.05120000000000001
38,60,695.869565217391,35,20240314,35-CF_20240314_optimalizace_vanza.xlsx,optimalizace,c,b,VTI_02,0.05120000000000001
39,0,389.428571428571,35,20240314,35-CF_20240314_optimalizace_vanza.xlsx,optimalizace,d,a,VTI_02,0.12800000000000003
39,10,389.571428571428,35,20240314,35-CF_20240314_optimalizace_vanza.xlsx,optimalizace,d,a,VTI_02,0.12800000000000003
39,20,452.772727272727,35,20240314,35-CF_20240314_optimalizace_vanza.xlsx,optimalizace,d,a,VTI_02,0.12800000000000003
39,30,649.578947368421,35,20240314,35-CF_20240314_optimalizace_vanza.xlsx,optimalizace,d,a,VTI_02,0.12800000000000003
39,40,757.842105263157,35,20240314,35-CF_20240314_optimalizace_vanza.xlsx,optimalizace,d,a,VTI_02,0.12800000000000003
39,50,867.722222222222,35,20240314,35-CF_20240314_optimalizace_vanza.xlsx,optimalizace,d,a,VTI_02,0.12800000000000003
39,60,853.736842105263,35,20240314,35-CF_20240314_optimalizace_vanza.xlsx,optimalizace,d,a,VTI_02,0.12800000000000003
40,0,497.133333333333,35,20240314,35-CF_20240314_optimalizace_vanza.xlsx,optimalizace,d,b,VTI_02,0.12800000000000003
40,10,510.733333333333,35,20240314,35-CF_20240314_optimalizace_vanza.xlsx,optimalizace,d,b,VTI_02,0.12800000000000003
40,20,610.466666666666,35,20240314,35-CF_20240314_optimalizace_vanza.xlsx,optimalizace,d,b,VTI_02,0.12800000000000003
40,30,735.75,35,20240314,35-CF_20240314_optimalizace_vanza.xlsx,optimalizace,d,b,VTI_02,0.12800000000000003
40,40,873.4375,35,20240314,35-CF_20240314_optimalizace_vanza.xlsx,optimalizace,d,b,VTI_02,0.12800000000000003
40,50,1037.86666666666,35,20240314,35-CF_20240314_optimalizace_vanza.xlsx,optimalizace,d,b,VTI_02,0.12800000000000003
40,60,1074.86666666666,35,20240314,35-CF_20240314_optimalizace_vanza.xlsx,optimalizace,d,b,VTI_02,0.12800000000000003
41,0,473.263157894736,35,20240314,35-CF_20240314_optimalizace_vanza.xlsx,optimalizace,e,a,VTI_02,0.32000000000000006
41,10,516.9,35,20240314,35-CF_20240314_optimalizace_vanza.xlsx,optimalizace,e,a,VTI_02,0.32000000000000006
41,20,637,35,20240314,35-CF_20240314_optimalizace_vanza.xlsx,optimalizace,e,a,VTI_02,0.32000000000000006
41,30,803.15,35,20240314,35-CF_20240314_optimalizace_vanza.xlsx,optimalizace,e,a,VTI_02,0.32000000000000006
41,40,757.263157894736,35,20240314,35-CF_20240314_optimalizace_vanza.xlsx,optimalizace,e,a,VTI_02,0.32000000000000006
41,50,826.105263157894,35,20240314,35-CF_20240314_optimalizace_vanza.xlsx,optimalizace,e,a,VTI_02,0.32000000000000006
41,60,820.85,35,20240314,35-CF_20240314_optimalizace_vanza.xlsx,optimalizace,e,a,VTI_02,0.32000000000000006
42,0,514.321428571428,35,20240314,35-CF_20240314_optimalizace_vanza.xlsx,optimalizace,e,b,VTI_02,0.32000000000000006
42,10,508.566666666666,35,20240314,35-CF_20240314_optimalizace_vanza.xlsx,optimalizace,e,b,VTI_02,0.32000000000000006
42,20,642.357142857142,35,20240314,35-CF_20240314_optimalizace_vanza.xlsx,optimalizace,e,b,VTI_02,0.32000000000000006
42,30,813.814814814814,35,20240314,35-CF_20240314_optimalizace_vanza.xlsx,optimalizace,e,b,VTI_02,0.32000000000000006
42,40,914.321428571428,35,20240314,35-CF_20240314_optimalizace_vanza.xlsx,optimalizace,e,b,VTI_02,0.32000000000000006
42,50,1036.65517241379,35,20240314,35-CF_20240314_optimalizace_vanza.xlsx,optimalizace,e,b,VTI_02,0.32000000000000006
42,60,1126.32142857142,35,20240314,35-CF_20240314_optimalizace_vanza.xlsx,optimalizace,e,b,VTI_02,0.32000000000000006
43,0,429,35,20240314,35-CF_20240314_optimalizace_vanza.xlsx,optimalizace,f,a,VTI_02,0.8000000000000002
43,10,478.925925925925,35,20240314,35-CF_20240314_optimalizace_vanza.xlsx,optimalizace,f,a,VTI_02,0.8000000000000002
43,20,586.586206896551,35,20240314,35-CF_20240314_optimalizace_vanza.xlsx,optimalizace,f,a,VTI_02,0.8000000000000002
43,30,697.068965517241,35,20240314,35-CF_20240314_optimalizace_vanza.xlsx,optimalizace,f,a,VTI_02,0.8000000000000002
43,40,785.758620689655,35,20240314,35-CF_20240314_optimalizace_vanza.xlsx,optimalizace,f,a,VTI_02,0.8000000000000002
43,50,854.758620689655,35,20240314,35-CF_20240314_optimalizace_vanza.xlsx,optimalizace,f,a,VTI_02,0.8000000000000002
43,60,860.333333333333,35,20240314,35-CF_20240314_optimalizace_vanza.xlsx,optimalizace,f,a,VTI_02,0.8000000000000002
44,0,554.142857142857,35,20240314,35-CF_20240314_optimalizace_vanza.xlsx,optimalizace,f,b,VTI_02,0.8000000000000002
44,10,601.5,35,20240314,35-CF_20240314_optimalizace_vanza.xlsx,optimalizace,f,b,VTI_02,0.8000000000000002
44,20,707.2,35,20240314,35-CF_20240314_optimalizace_vanza.xlsx,optimalizace,f,b,VTI_02,0.8000000000000002
44,30,960.846153846153,35,20240314,35-CF_20240314_optimalizace_vanza.xlsx,optimalizace,f,b,VTI_02,0.8000000000000002
44,40,884.8125,35,20240314,35-CF_20240314_optimalizace_vanza.xlsx,optimalizace,f,b,VTI_02,0.8000000000000002
44,50,980.25,35,20240314,35-CF_20240314_optimalizace_vanza.xlsx,optimalizace,f,b,VTI_02,0.8000000000000002
44,60,1114.8,35,20240314,35-CF_20240314_optimalizace_vanza.xlsx,optimalizace,f,b,VTI_02,0.8000000000000002
45,0,227.75,35,20240314,35-CF_20240314_optimalizace_vanza.xlsx,optimalizace,g,a,VTI_02,2
45,10,282.3125,35,20240314,35-CF_20240314_optimalizace_vanza.xlsx,optimalizace,g,a,VTI_02,2
45,20,352.4375,35,20240314,35-CF_20240314_optimalizace_vanza.xlsx,optimalizace,g,a,VTI_02,2
45,30,385.235294117647,35,20240314,35-CF_20240314_optimalizace_vanza.xlsx,optimalizace,g,a,VTI_02,2
45,40,412.888888888888,35,20240314,35-CF_20240314_optimalizace_vanza.xlsx,optimalizace,g,a,VTI_02,2
45,50,448,35,20240314,35-CF_20240314_optimalizace_vanza.xlsx,optimalizace,g,a,VTI_02,2
45,60,475.611111111111,35,20240314,35-CF_20240314_optimalizace_vanza.xlsx,optimalizace,g,a,VTI_02,2
46,0,393.454545454545,35,20240314,35-CF_20240314_optimalizace_vanza.xlsx,optimalizace,g,b,VTI_02,2
46,10,516.181818181818,35,20240314,35-CF_20240314_optimalizace_vanza.xlsx,optimalizace,g,b,VTI_02,2
46,20,671.40909090909,35,20240314,35-CF_20240314_optimalizace_vanza.xlsx,optimalizace,g,b,VTI_02,2
46,30,757.173913043478,35,20240314,35-CF_20240314_optimalizace_vanza.xlsx,optimalizace,g,b,VTI_02,2
46,40,837.695652173913,35,20240314,35-CF_20240314_optimalizace_vanza.xlsx,optimalizace,g,b,VTI_02,2
46,50,903.521739130434,35,20240314,35-CF_20240314_optimalizace_vanza.xlsx,optimalizace,g,b,VTI_02,2
46,60,886.5,35,20240314,35-CF_20240314_optimalizace_vanza.xlsx,optimalizace,g,b,VTI_02,2
47,0,337.65,35,20240314,35-CF_20240314_optimalizace_vanza.xlsx,optimalizace,h,a,VTI_02,5
47,10,453.380952380952,35,20240314,35-CF_20240314_optimalizace_vanza.xlsx,optimalizace,h,a,VTI_02,5
47,20,566.761904761904,35,20240314,35-CF_20240314_optimalizace_vanza.xlsx,optimalizace,h,a,VTI_02,5
47,30,682.4,35,20240314,35-CF_20240314_optimalizace_vanza.xlsx,optimalizace,h,a,VTI_02,5
47,40,761.9,35,20240314,35-CF_20240314_optimalizace_vanza.xlsx,optimalizace,h,a,VTI_02,5
47,50,828.2,35,20240314,35-CF_20240314_optimalizace_vanza.xlsx,optimalizace,h,a,VTI_02,5
47,60,882.9,35,20240314,35-CF_20240314_optimalizace_vanza.xlsx,optimalizace,h,a,VTI_02,5
48,0,333,35,20240314,35-CF_20240314_optimalizace_vanza.xlsx,optimalizace,h,b,VTI_02,5
48,10,430.133333333333,35,20240314,35-CF_20240314_optimalizace_vanza.xlsx,optimalizace,h,b,VTI_02,5
48,20,501.375,35,20240314,35-CF_20240314_optimalizace_vanza.xlsx,optimalizace,h,b,VTI_02,5
48,30,582.625,35,20240314,35-CF_20240314_optimalizace_vanza.xlsx,optimalizace,h,b,VTI_02,5
48,40,554.105263157894,35,20240314,35-CF_20240314_optimalizace_vanza.xlsx,optimalizace,h,b,VTI_02,5
48,50,647.235294117647,35,20240314,35-CF_20240314_optimalizace_vanza.xlsx,optimalizace,h,b,VTI_02,5
48,60,666.882352941176,35,20240314,35-CF_20240314_optimalizace_vanza.xlsx,optimalizace,h,b,VTI_02,5
49,0,321.705882352941,35,20240314,35-CF_20240314_optimalizace_vanza.xlsx,optimalizace,a,a,VTI_002,0.008192000000000003
49,10,322.823529411764,35,20240314,35-CF_20240314_optimalizace_vanza.xlsx,optimalizace,a,a,VTI_002,0.008192000000000003
49,20,321.722222222222,35,20240314,35-CF_20240314_optimalizace_vanza.xlsx,optimalizace,a,a,VTI_002,0.008192000000000003
49,30,353.235294117647,35,20240314,35-CF_20240314_optimalizace_vanza.xlsx,optimalizace,a,a,VTI_002,0.008192000000000003
49,40,374.529411764705,35,20240314,35-CF_20240314_optimalizace_vanza.xlsx,optimalizace,a,a,VTI_002,0.008192000000000003
49,50,399.470588235294,35,20240314,35-CF_20240314_optimalizace_vanza.xlsx,optimalizace,a,a,VTI_002,0.008192000000000003
49,60,405.611111111111,35,20240314,35-CF_20240314_optimalizace_vanza.xlsx,optimalizace,a,a,VTI_002,0.008192000000000003
50,0,591.736842105263,35,20240314,35-CF_20240314_optimalizace_vanza.xlsx,optimalizace,a,b,VTI_002,0.008192000000000003
50,10,592.315789473684,35,20240314,35-CF_20240314_optimalizace_vanza.xlsx,optimalizace,a,b,VTI_002,0.008192000000000003
50,20,609.315789473684,35,20240314,35-CF_20240314_optimalizace_vanza.xlsx,optimalizace,a,b,VTI_002,0.008192000000000003
50,30,644.78947368421,35,20240314,35-CF_20240314_optimalizace_vanza.xlsx,optimalizace,a,b,VTI_002,0.008192000000000003
50,40,625.333333333333,35,20240314,35-CF_20240314_optimalizace_vanza.xlsx,optimalizace,a,b,VTI_002,0.008192000000000003
50,50,706.1,35,20240314,35-CF_20240314_optimalizace_vanza.xlsx,optimalizace,a,b,VTI_002,0.008192000000000003
50,60,800.105263157894,35,20240314,35-CF_20240314_optimalizace_vanza.xlsx,optimalizace,a,b,VTI_002,0.008192000000000003
51,0,403.3,35,20240314,35-CF_20240314_optimalizace_vanza.xlsx,optimalizace,b,a,VTI_002,0.02048000000000001
51,10,427.157894736842,35,20240314,35-CF_20240314_optimalizace_vanza.xlsx,optimalizace,b,a,VTI_002,0.02048000000000001
51,20,473.611111111111,35,20240314,35-CF_20240314_optimalizace_vanza.xlsx,optimalizace,b,a,VTI_002,0.02048000000000001
51,30,487.315789473684,35,20240314,35-CF_20240314_optimalizace_vanza.xlsx,optimalizace,b,a,VTI_002,0.02048000000000001
51,40,545.157894736842,35,20240314,35-CF_20240314_optimalizace_vanza.xlsx,optimalizace,b,a,VTI_002,0.02048000000000001
51,50,605.684210526315,35,20240314,35-CF_20240314_optimalizace_vanza.xlsx,optimalizace,b,a,VTI_002,0.02048000000000001
51,60,624.55,35,20240314,35-CF_20240314_optimalizace_vanza.xlsx,optimalizace,b,a,VTI_002,0.02048000000000001
52,0,388.684210526315,35,20240314,35-CF_20240314_optimalizace_vanza.xlsx,optimalizace,b,b,VTI_002,0.02048000000000001
52,10,407.722222222222,35,20240314,35-CF_20240314_optimalizace_vanza.xlsx,optimalizace,b,b,VTI_002,0.02048000000000001
52,20,416.444444444444,35,20240314,35-CF_20240314_optimalizace_vanza.xlsx,optimalizace,b,b,VTI_002,0.02048000000000001
52,30,416.105263157894,35,20240314,35-CF_20240314_optimalizace_vanza.xlsx,optimalizace,b,b,VTI_002,0.02048000000000001
52,40,454.052631578947,35,20240314,35-CF_20240314_optimalizace_vanza.xlsx,optimalizace,b,b,VTI_002,0.02048000000000001
52,50,532.222222222222,35,20240314,35-CF_20240314_optimalizace_vanza.xlsx,optimalizace,b,b,VTI_002,0.02048000000000001
52,60,555.473684210526,35,20240314,35-CF_20240314_optimalizace_vanza.xlsx,optimalizace,b,b,VTI_002,0.02048000000000001
53,0,457,35,20240314,35-CF_20240314_optimalizace_vanza.xlsx,optimalizace,c,a,VTI_002,0.05120000000000001
53,10,421.136363636363,35,20240314,35-CF_20240314_optimalizace_vanza.xlsx,optimalizace,c,a,VTI_002,0.05120000000000001
53,20,457.761904761904,35,20240314,35-CF_20240314_optimalizace_vanza.xlsx,optimalizace,c,a,VTI_002,0.05120000000000001
53,30,494.571428571428,35,20240314,35-CF_20240314_optimalizace_vanza.xlsx,optimalizace,c,a,VTI_002,0.05120000000000001
53,40,548.142857142857,35,20240314,35-CF_20240314_optimalizace_vanza.xlsx,optimalizace,c,a,VTI_002,0.05120000000000001
53,50,696.222222222222,35,20240314,35-CF_20240314_optimalizace_vanza.xlsx,optimalizace,c,a,VTI_002,0.05120000000000001
53,60,671.85,35,20240314,35-CF_20240314_optimalizace_vanza.xlsx,optimalizace,c,a,VTI_002,0.05120000000000001
54,0,435.095238095238,35,20240314,35-CF_20240314_optimalizace_vanza.xlsx,optimalizace,c,b,VTI_002,0.05120000000000001
54,10,462.2,35,20240314,35-CF_20240314_optimalizace_vanza.xlsx,optimalizace,c,b,VTI_002,0.05120000000000001
54,20,511.684210526315,35,20240314,35-CF_20240314_optimalizace_vanza.xlsx,optimalizace,c,b,VTI_002,0.05120000000000001
54,30,561,35,20240314,35-CF_20240314_optimalizace_vanza.xlsx,optimalizace,c,b,VTI_002,0.05120000000000001
54,40,600.45,35,20240314,35-CF_20240314_optimalizace_vanza.xlsx,optimalizace,c,b,VTI_002,0.05120000000000001
54,50,747.5,35,20240314,35-CF_20240314_optimalizace_vanza.xlsx,optimalizace,c,b,VTI_002,0.05120000000000001
54,60,822.111111111111,35,20240314,35-CF_20240314_optimalizace_vanza.xlsx,optimalizace,c,b,VTI_002,0.05120000000000001
55,0,352.705882352941,35,20240314,35-CF_20240314_optimalizace_vanza.xlsx,optimalizace,d,a,VTI_002,0.12800000000000003
55,10,333.222222222222,35,20240314,35-CF_20240314_optimalizace_vanza.xlsx,optimalizace,d,a,VTI_002,0.12800000000000003
55,20,353.105263157894,35,20240314,35-CF_20240314_optimalizace_vanza.xlsx,optimalizace,d,a,VTI_002,0.12800000000000003
55,30,436.611111111111,35,20240314,35-CF_20240314_optimalizace_vanza.xlsx,optimalizace,d,a,VTI_002,0.12800000000000003
55,40,478.105263157894,35,20240314,35-CF_20240314_optimalizace_vanza.xlsx,optimalizace,d,a,VTI_002,0.12800000000000003
55,50,525.526315789473,35,20240314,35-CF_20240314_optimalizace_vanza.xlsx,optimalizace,d,a,VTI_002,0.12800000000000003
55,60,521.85,35,20240314,35-CF_20240314_optimalizace_vanza.xlsx,optimalizace,d,a,VTI_002,0.12800000000000003
56,0,450.192307692307,35,20240314,35-CF_20240314_optimalizace_vanza.xlsx,optimalizace,d,b,VTI_002,0.12800000000000003
56,10,458.230769230769,35,20240314,35-CF_20240314_optimalizace_vanza.xlsx,optimalizace,d,b,VTI_002,0.12800000000000003
56,20,530,35,20240314,35-CF_20240314_optimalizace_vanza.xlsx,optimalizace,d,b,VTI_002,0.12800000000000003
56,30,623.185185185185,35,20240314,35-CF_20240314_optimalizace_vanza.xlsx,optimalizace,d,b,VTI_002,0.12800000000000003
56,40,679.74074074074,35,20240314,35-CF_20240314_optimalizace_vanza.xlsx,optimalizace,d,b,VTI_002,0.12800000000000003
56,50,721.629629629629,35,20240314,35-CF_20240314_optimalizace_vanza.xlsx,optimalizace,d,b,VTI_002,0.12800000000000003
56,60,731.607142857142,35,20240314,35-CF_20240314_optimalizace_vanza.xlsx,optimalizace,d,b,VTI_002,0.12800000000000003
57,0,496.857142857142,35,20240314,35-CF_20240314_optimalizace_vanza.xlsx,optimalizace,e,a,VTI_002,0.32000000000000006
57,10,496.642857142857,35,20240314,35-CF_20240314_optimalizace_vanza.xlsx,optimalizace,e,a,VTI_002,0.32000000000000006
57,20,543.533333333333,35,20240314,35-CF_20240314_optimalizace_vanza.xlsx,optimalizace,e,a,VTI_002,0.32000000000000006
57,30,673.133333333333,35,20240314,35-CF_20240314_optimalizace_vanza.xlsx,optimalizace,e,a,VTI_002,0.32000000000000006
57,40,779.8,35,20240314,35-CF_20240314_optimalizace_vanza.xlsx,optimalizace,e,a,VTI_002,0.32000000000000006
57,50,849.466666666666,35,20240314,35-CF_20240314_optimalizace_vanza.xlsx,optimalizace,e,a,VTI_002,0.32000000000000006
57,60,866.933333333333,35,20240314,35-CF_20240314_optimalizace_vanza.xlsx,optimalizace,e,a,VTI_002,0.32000000000000006
58,0,437.833333333333,35,20240314,35-CF_20240314_optimalizace_vanza.xlsx,optimalizace,e,b,VTI_002,0.32000000000000006
58,10,453.888888888888,35,20240314,35-CF_20240314_optimalizace_vanza.xlsx,optimalizace,e,b,VTI_002,0.32000000000000006
58,20,551.277777777777,35,20240314,35-CF_20240314_optimalizace_vanza.xlsx,optimalizace,e,b,VTI_002,0.32000000000000006
58,30,651.705882352941,35,20240314,35-CF_20240314_optimalizace_vanza.xlsx,optimalizace,e,b,VTI_002,0.32000000000000006
58,40,736.941176470588,35,20240314,35-CF_20240314_optimalizace_vanza.xlsx,optimalizace,e,b,VTI_002,0.32000000000000006
58,50,792.529411764705,35,20240314,35-CF_20240314_optimalizace_vanza.xlsx,optimalizace,e,b,VTI_002,0.32000000000000006
58,60,792.764705882352,35,20240314,35-CF_20240314_optimalizace_vanza.xlsx,optimalizace,e,b,VTI_002,0.32000000000000006
59,0,484.068965517241,35,20240314,35-CF_20240314_optimalizace_vanza.xlsx,optimalizace,f,a,VTI_002,0.8000000000000002
59,10,568.965517241379,35,20240314,35-CF_20240314_optimalizace_vanza.xlsx,optimalizace,f,a,VTI_002,0.8000000000000002
59,20,770.074074074074,35,20240314,35-CF_20240314_optimalizace_vanza.xlsx,optimalizace,f,a,VTI_002,0.8000000000000002
59,30,935.807692307692,35,20240314,35-CF_20240314_optimalizace_vanza.xlsx,optimalizace,f,a,VTI_002,0.8000000000000002
59,40,981.857142857142,35,20240314,35-CF_20240314_optimalizace_vanza.xlsx,optimalizace,f,a,VTI_002,0.8000000000000002
59,50,1100.11111111111,35,20240314,35-CF_20240314_optimalizace_vanza.xlsx,optimalizace,f,a,VTI_002,0.8000000000000002
59,60,1180.80769230769,35,20240314,35-CF_20240314_optimalizace_vanza.xlsx,optimalizace,f,a,VTI_002,0.8000000000000002
60,0,350,35,20240314,35-CF_20240314_optimalizace_vanza.xlsx,optimalizace,f,b,VTI_002,0.8000000000000002
60,10,401,35,20240314,35-CF_20240314_optimalizace_vanza.xlsx,optimalizace,f,b,VTI_002,0.8000000000000002
60,20,518.285714285714,35,20240314,35-CF_20240314_optimalizace_vanza.xlsx,optimalizace,f,b,VTI_002,0.8000000000000002
60,30,523.35294117647,35,20240314,35-CF_20240314_optimalizace_vanza.xlsx,optimalizace,f,b,VTI_002,0.8000000000000002
60,40,640,35,20240314,35-CF_20240314_optimalizace_vanza.xlsx,optimalizace,f,b,VTI_002,0.8000000000000002
60,50,740.466666666666,35,20240314,35-CF_20240314_optimalizace_vanza.xlsx,optimalizace,f,b,VTI_002,0.8000000000000002
60,60,739.375,35,20240314,35-CF_20240314_optimalizace_vanza.xlsx,optimalizace,f,b,VTI_002,0.8000000000000002
61,0,421.095238095238,35,20240314,35-CF_20240314_optimalizace_vanza.xlsx,optimalizace,g,a,VTI_002,2
61,10,487.5,35,20240314,35-CF_20240314_optimalizace_vanza.xlsx,optimalizace,g,a,VTI_002,2
61,20,592.208333333333,35,20240314,35-CF_20240314_optimalizace_vanza.xlsx,optimalizace,g,a,VTI_002,2
61,30,699.833333333333,35,20240314,35-CF_20240314_optimalizace_vanza.xlsx,optimalizace,g,a,VTI_002,2
61,40,760.04,35,20240314,35-CF_20240314_optimalizace_vanza.xlsx,optimalizace,g,a,VTI_002,2
61,50,857.739130434782,35,20240314,35-CF_20240314_optimalizace_vanza.xlsx,optimalizace,g,a,VTI_002,2
61,60,927.590909090909,35,20240314,35-CF_20240314_optimalizace_vanza.xlsx,optimalizace,g,a,VTI_002,2
62,0,414.130434782608,35,20240314,35-CF_20240314_optimalizace_vanza.xlsx,optimalizace,g,b,VTI_002,2
62,10,526.782608695652,35,20240314,35-CF_20240314_optimalizace_vanza.xlsx,optimalizace,g,b,VTI_002,2
62,20,660.416666666666,35,20240314,35-CF_20240314_optimalizace_vanza.xlsx,optimalizace,g,b,VTI_002,2
62,30,787.791666666666,35,20240314,35-CF_20240314_optimalizace_vanza.xlsx,optimalizace,g,b,VTI_002,2
62,40,891.166666666666,35,20240314,35-CF_20240314_optimalizace_vanza.xlsx,optimalizace,g,b,VTI_002,2
62,50,959.291666666666,35,20240314,35-CF_20240314_optimalizace_vanza.xlsx,optimalizace,g,b,VTI_002,2
62,60,1050.04347826086,35,20240314,35-CF_20240314_optimalizace_vanza.xlsx,optimalizace,g,b,VTI_002,2
63,0,357.588235294117,35,20240314,35-CF_20240314_optimalizace_vanza.xlsx,optimalizace,h,a,VTI_002,5
63,10,458.166666666666,35,20240314,35-CF_20240314_optimalizace_vanza.xlsx,optimalizace,h,a,VTI_002,5
63,20,580.777777777777,35,20240314,35-CF_20240314_optimalizace_vanza.xlsx,optimalizace,h,a,VTI_002,5
63,30,675.166666666666,35,20240314,35-CF_20240314_optimalizace_vanza.xlsx,optimalizace,h,a,VTI_002,5
63,40,753.888888888888,35,20240314,35-CF_20240314_optimalizace_vanza.xlsx,optimalizace,h,a,VTI_002,5
63,50,806.388888888888,35,20240314,35-CF_20240314_optimalizace_vanza.xlsx,optimalizace,h,a,VTI_002,5
63,60,848.111111111111,35,20240314,35-CF_20240314_optimalizace_vanza.xlsx,optimalizace,h,a,VTI_002,5
64,0,503.642857142857,35,20240314,35-CF_20240314_optimalizace_vanza.xlsx,optimalizace,h,b,VTI_002,5
64,10,633.384615384615,35,20240314,35-CF_20240314_optimalizace_vanza.xlsx,optimalizace,h,b,VTI_002,5
64,20,773.846153846153,35,20240314,35-CF_20240314_optimalizace_vanza.xlsx,optimalizace,h,b,VTI_002,5
64,30,763.666666666666,35,20240314,35-CF_20240314_optimalizace_vanza.xlsx,optimalizace,h,b,VTI_002,5
64,40,971.538461538461,35,20240314,35-CF_20240314_optimalizace_vanza.xlsx,optimalizace,h,b,VTI_002,5
64,50,984.357142857142,35,20240314,35-CF_20240314_optimalizace_vanza.xlsx,optimalizace,h,b,VTI_002,5
64,60,1090.07692307692,35,20240314,35-CF_20240314_optimalizace_vanza.xlsx,optimalizace,h,b,VTI_002,5
65,0,379.083333333333,35,20240314,35-CF_20240314_optimalizace_vanza.xlsx,optimalizace,1,a,FskOnly,0.008192000000000003
65,10,377.166666666666,35,20240314,35-CF_20240314_optimalizace_vanza.xlsx,optimalizace,1,a,FskOnly,0.008192000000000003
65,20,378.833333333333,35,20240314,35-CF_20240314_optimalizace_vanza.xlsx,optimalizace,1,a,FskOnly,0.008192000000000003
65,30,376.833333333333,35,20240314,35-CF_20240314_optimalizace_vanza.xlsx,optimalizace,1,a,FskOnly,0.008192000000000003
65,40,378.083333333333,35,20240314,35-CF_20240314_optimalizace_vanza.xlsx,optimalizace,1,a,FskOnly,0.008192000000000003
65,50,375.75,35,20240314,35-CF_20240314_optimalizace_vanza.xlsx,optimalizace,1,a,FskOnly,0.008192000000000003
65,60,374.5,35,20240314,35-CF_20240314_optimalizace_vanza.xlsx,optimalizace,1,a,FskOnly,0.008192000000000003
66,0,318.142857142857,35,20240314,35-CF_20240314_optimalizace_vanza.xlsx,optimalizace,1,b,FskOnly,0.008192000000000003
66,10,342.461538461538,35,20240314,35-CF_20240314_optimalizace_vanza.xlsx,optimalizace,1,b,FskOnly,0.008192000000000003
66,20,340,35,20240314,35-CF_20240314_optimalizace_vanza.xlsx,optimalizace,1,b,FskOnly,0.008192000000000003
66,30,341,35,20240314,35-CF_20240314_optimalizace_vanza.xlsx,optimalizace,1,b,FskOnly,0.008192000000000003
66,40,341.230769230769,35,20240314,35-CF_20240314_optimalizace_vanza.xlsx,optimalizace,1,b,FskOnly,0.008192000000000003
66,50,341.923076923076,35,20240314,35-CF_20240314_optimalizace_vanza.xlsx,optimalizace,1,b,FskOnly,0.008192000000000003
66,60,340.76923076923,35,20240314,35-CF_20240314_optimalizace_vanza.xlsx,optimalizace,1,b,FskOnly,0.008192000000000003
67,0,426.117647058823,35,20240314,35-CF_20240314_optimalizace_vanza.xlsx,optimalizace,2,a,FskOnly,0.02048000000000001
67,10,425.117647058823,35,20240314,35-CF_20240314_optimalizace_vanza.xlsx,optimalizace,2,a,FskOnly,0.02048000000000001
67,20,424.705882352941,35,20240314,35-CF_20240314_optimalizace_vanza.xlsx,optimalizace,2,a,FskOnly,0.02048000000000001
67,30,425.117647058823,35,20240314,35-CF_20240314_optimalizace_vanza.xlsx,optimalizace,2,a,FskOnly,0.02048000000000001
67,40,425.411764705882,35,20240314,35-CF_20240314_optimalizace_vanza.xlsx,optimalizace,2,a,FskOnly,0.02048000000000001
67,50,402.5,35,20240314,35-CF_20240314_optimalizace_vanza.xlsx,optimalizace,2,a,FskOnly,0.02048000000000001
67,60,425.058823529411,35,20240314,35-CF_20240314_optimalizace_vanza.xlsx,optimalizace,2,a,FskOnly,0.02048000000000001
68,0,419.55,35,20240314,35-CF_20240314_optimalizace_vanza.xlsx,optimalizace,2,b,FskOnly,0.02048000000000001
68,10,415.6,35,20240314,35-CF_20240314_optimalizace_vanza.xlsx,optimalizace,2,b,FskOnly,0.02048000000000001
68,20,415.9,35,20240314,35-CF_20240314_optimalizace_vanza.xlsx,optimalizace,2,b,FskOnly,0.02048000000000001
68,30,416.15,35,20240314,35-CF_20240314_optimalizace_vanza.xlsx,optimalizace,2,b,FskOnly,0.02048000000000001
68,40,416,35,20240314,35-CF_20240314_optimalizace_vanza.xlsx,optimalizace,2,b,FskOnly,0.02048000000000001
68,50,415.9,35,20240314,35-CF_20240314_optimalizace_vanza.xlsx,optimalizace,2,b,FskOnly,0.02048000000000001
68,60,415.95,35,20240314,35-CF_20240314_optimalizace_vanza.xlsx,optimalizace,2,b,FskOnly,0.02048000000000001
69,0,348.2,35,20240314,35-CF_20240314_optimalizace_vanza.xlsx,optimalizace,3,a,FskOnly,0.05120000000000001
69,10,328.95238095238,35,20240314,35-CF_20240314_optimalizace_vanza.xlsx,optimalizace,3,a,FskOnly,0.05120000000000001
69,20,364.473684210526,35,20240314,35-CF_20240314_optimalizace_vanza.xlsx,optimalizace,3,a,FskOnly,0.05120000000000001
69,30,365.421052631578,35,20240314,35-CF_20240314_optimalizace_vanza.xlsx,optimalizace,3,a,FskOnly,0.05120000000000001
69,40,347.9,35,20240314,35-CF_20240314_optimalizace_vanza.xlsx,optimalizace,3,a,FskOnly,0.05120000000000001
69,50,366.315789473684,35,20240314,35-CF_20240314_optimalizace_vanza.xlsx,optimalizace,3,a,FskOnly,0.05120000000000001
69,60,348.4,35,20240314,35-CF_20240314_optimalizace_vanza.xlsx,optimalizace,3,a,FskOnly,0.05120000000000001
70,0,426,35,20240314,35-CF_20240314_optimalizace_vanza.xlsx,optimalizace,3,b,FskOnly,0.05120000000000001
70,10,398.222222222222,35,20240314,35-CF_20240314_optimalizace_vanza.xlsx,optimalizace,3,b,FskOnly,0.05120000000000001
70,20,421.117647058823,35,20240314,35-CF_20240314_optimalizace_vanza.xlsx,optimalizace,3,b,FskOnly,0.05120000000000001
70,30,422.35294117647,35,20240314,35-CF_20240314_optimalizace_vanza.xlsx,optimalizace,3,b,FskOnly,0.05120000000000001
70,40,422.823529411764,35,20240314,35-CF_20240314_optimalizace_vanza.xlsx,optimalizace,3,b,FskOnly,0.05120000000000001
70,50,423.411764705882,35,20240314,35-CF_20240314_optimalizace_vanza.xlsx,optimalizace,3,b,FskOnly,0.05120000000000001
70,60,397.944444444444,35,20240314,35-CF_20240314_optimalizace_vanza.xlsx,optimalizace,3,b,FskOnly,0.05120000000000001
71,0,281.875,35,20240314,35-CF_20240314_optimalizace_vanza.xlsx,optimalizace,4,a,FskOnly,0.12800000000000003
71,10,277.875,35,20240314,35-CF_20240314_optimalizace_vanza.xlsx,optimalizace,4,a,FskOnly,0.12800000000000003
71,20,278.125,35,20240314,35-CF_20240314_optimalizace_vanza.xlsx,optimalizace,4,a,FskOnly,0.12800000000000003
71,30,278.1875,35,20240314,35-CF_20240314_optimalizace_vanza.xlsx,optimalizace,4,a,FskOnly,0.12800000000000003
71,40,280.125,35,20240314,35-CF_20240314_optimalizace_vanza.xlsx,optimalizace,4,a,FskOnly,0.12800000000000003
71,50,277.9375,35,20240314,35-CF_20240314_optimalizace_vanza.xlsx,optimalizace,4,a,FskOnly,0.12800000000000003
71,60,278.4375,35,20240314,35-CF_20240314_optimalizace_vanza.xlsx,optimalizace,4,a,FskOnly,0.12800000000000003
72,0,446.458333333333,35,20240314,35-CF_20240314_optimalizace_vanza.xlsx,optimalizace,4,b,FskOnly,0.12800000000000003
72,10,461.565217391304,35,20240314,35-CF_20240314_optimalizace_vanza.xlsx,optimalizace,4,b,FskOnly,0.12800000000000003
72,20,441.041666666666,35,20240314,35-CF_20240314_optimalizace_vanza.xlsx,optimalizace,4,b,FskOnly,0.12800000000000003
72,30,441.958333333333,35,20240314,35-CF_20240314_optimalizace_vanza.xlsx,optimalizace,4,b,FskOnly,0.12800000000000003
72,40,441.708333333333,35,20240314,35-CF_20240314_optimalizace_vanza.xlsx,optimalizace,4,b,FskOnly,0.12800000000000003
72,50,460.434782608695,35,20240314,35-CF_20240314_optimalizace_vanza.xlsx,optimalizace,4,b,FskOnly,0.12800000000000003
72,60,452.36,35,20240314,35-CF_20240314_optimalizace_vanza.xlsx,optimalizace,4,b,FskOnly,0.12800000000000003
73,0,403.65,35,20240314,35-CF_20240314_optimalizace_vanza.xlsx,optimalizace,5,a,FskOnly,0.32000000000000006
73,10,414.473684210526,35,20240314,35-CF_20240314_optimalizace_vanza.xlsx,optimalizace,5,a,FskOnly,0.32000000000000006
73,20,380,35,20240314,35-CF_20240314_optimalizace_vanza.xlsx,optimalizace,5,a,FskOnly,0.32000000000000006
73,30,416.473684210526,35,20240314,35-CF_20240314_optimalizace_vanza.xlsx,optimalizace,5,a,FskOnly,0.32000000000000006
73,40,394.7,35,20240314,35-CF_20240314_optimalizace_vanza.xlsx,optimalizace,5,a,FskOnly,0.32000000000000006
73,50,394.95,35,20240314,35-CF_20240314_optimalizace_vanza.xlsx,optimalizace,5,a,FskOnly,0.32000000000000006
73,60,414.315789473684,35,20240314,35-CF_20240314_optimalizace_vanza.xlsx,optimalizace,5,a,FskOnly,0.32000000000000006
74,0,473.2,35,20240314,35-CF_20240314_optimalizace_vanza.xlsx,optimalizace,5,b,FskOnly,0.32000000000000006
74,10,428.636363636363,35,20240314,35-CF_20240314_optimalizace_vanza.xlsx,optimalizace,5,b,FskOnly,0.32000000000000006
74,20,428.272727272727,35,20240314,35-CF_20240314_optimalizace_vanza.xlsx,optimalizace,5,b,FskOnly,0.32000000000000006
74,30,426.090909090909,35,20240314,35-CF_20240314_optimalizace_vanza.xlsx,optimalizace,5,b,FskOnly,0.32000000000000006
74,40,428.454545454545,35,20240314,35-CF_20240314_optimalizace_vanza.xlsx,optimalizace,5,b,FskOnly,0.32000000000000006
74,50,431.272727272727,35,20240314,35-CF_20240314_optimalizace_vanza.xlsx,optimalizace,5,b,FskOnly,0.32000000000000006
74,60,427,35,20240314,35-CF_20240314_optimalizace_vanza.xlsx,optimalizace,5,b,FskOnly,0.32000000000000006
75,0,352.722222222222,35,20240314,35-CF_20240314_optimalizace_vanza.xlsx,optimalizace,6,a,FskOnly,0.8000000000000002
75,10,368.117647058823,35,20240314,35-CF_20240314_optimalizace_vanza.xlsx,optimalizace,6,a,FskOnly,0.8000000000000002
75,20,393.25,35,20240314,35-CF_20240314_optimalizace_vanza.xlsx,optimalizace,6,a,FskOnly,0.8000000000000002
75,30,397.125,35,20240314,35-CF_20240314_optimalizace_vanza.xlsx,optimalizace,6,a,FskOnly,0.8000000000000002
75,40,375.058823529411,35,20240314,35-CF_20240314_optimalizace_vanza.xlsx,optimalizace,6,a,FskOnly,0.8000000000000002
75,50,378.411764705882,35,20240314,35-CF_20240314_optimalizace_vanza.xlsx,optimalizace,6,a,FskOnly,0.8000000000000002
75,60,358.111111111111,35,20240314,35-CF_20240314_optimalizace_vanza.xlsx,optimalizace,6,a,FskOnly,0.8000000000000002
76,0,307.133333333333,35,20240314,35-CF_20240314_optimalizace_vanza.xlsx,optimalizace,6,b,FskOnly,0.8000000000000002
76,10,317.857142857142,35,20240314,35-CF_20240314_optimalizace_vanza.xlsx,optimalizace,6,b,FskOnly,0.8000000000000002
76,20,320.928571428571,35,20240314,35-CF_20240314_optimalizace_vanza.xlsx,optimalizace,6,b,FskOnly,0.8000000000000002
76,30,321.642857142857,35,20240314,35-CF_20240314_optimalizace_vanza.xlsx,optimalizace,6,b,FskOnly,0.8000000000000002
76,40,321.285714285714,35,20240314,35-CF_20240314_optimalizace_vanza.xlsx,optimalizace,6,b,FskOnly,0.8000000000000002
76,50,320.642857142857,35,20240314,35-CF_20240314_optimalizace_vanza.xlsx,optimalizace,6,b,FskOnly,0.8000000000000002
76,60,321.785714285714,35,20240314,35-CF_20240314_optimalizace_vanza.xlsx,optimalizace,6,b,FskOnly,0.8000000000000002
77,0,407.538461538461,35,20240314,35-CF_20240314_optimalizace_vanza.xlsx,optimalizace,7,a,FskOnly,2
77,10,373.714285714285,35,20240314,35-CF_20240314_optimalizace_vanza.xlsx,optimalizace,7,a,FskOnly,2
77,20,378.857142857142,35,20240314,35-CF_20240314_optimalizace_vanza.xlsx,optimalizace,7,a,FskOnly,2
77,30,415.230769230769,35,20240314,35-CF_20240314_optimalizace_vanza.xlsx,optimalizace,7,a,FskOnly,2
77,40,420.615384615384,35,20240314,35-CF_20240314_optimalizace_vanza.xlsx,optimalizace,7,a,FskOnly,2
77,50,394.428571428571,35,20240314,35-CF_20240314_optimalizace_vanza.xlsx,optimalizace,7,a,FskOnly,2
77,60,427.461538461538,35,20240314,35-CF_20240314_optimalizace_vanza.xlsx,optimalizace,7,a,FskOnly,2
78,0,422.733333333333,35,20240314,35-CF_20240314_optimalizace_vanza.xlsx,optimalizace,7,b,FskOnly,2
78,10,418.466666666666,35,20240314,35-CF_20240314_optimalizace_vanza.xlsx,optimalizace,7,b,FskOnly,2
78,20,457.714285714285,35,20240314,35-CF_20240314_optimalizace_vanza.xlsx,optimalizace,7,b,FskOnly,2
78,30,463.071428571428,35,20240314,35-CF_20240314_optimalizace_vanza.xlsx,optimalizace,7,b,FskOnly,2
78,40,468.857142857142,35,20240314,35-CF_20240314_optimalizace_vanza.xlsx,optimalizace,7,b,FskOnly,2
78,50,472.857142857142,35,20240314,35-CF_20240314_optimalizace_vanza.xlsx,optimalizace,7,b,FskOnly,2
78,60,476.785714285714,35,20240314,35-CF_20240314_optimalizace_vanza.xlsx,optimalizace,7,b,FskOnly,2
79,0,461.28,35,20240314,35-CF_20240314_optimalizace_vanza.xlsx,optimalizace,8,a,FskOnly,5
79,10,471.16,35,20240314,35-CF_20240314_optimalizace_vanza.xlsx,optimalizace,8,a,FskOnly,5
79,20,494.26923076923,35,20240314,35-CF_20240314_optimalizace_vanza.xlsx,optimalizace,8,a,FskOnly,5
79,30,532.961538461538,35,20240314,35-CF_20240314_optimalizace_vanza.xlsx,optimalizace,8,a,FskOnly,5
79,40,611.041666666666,35,20240314,35-CF_20240314_optimalizace_vanza.xlsx,optimalizace,8,a,FskOnly,5
79,50,614.2,35,20240314,35-CF_20240314_optimalizace_vanza.xlsx,optimalizace,8,a,FskOnly,5
79,60,633.56,35,20240314,35-CF_20240314_optimalizace_vanza.xlsx,optimalizace,8,a,FskOnly,5
80,0,348.521739130434,35,20240314,35-CF_20240314_optimalizace_vanza.xlsx,optimalizace,8,b,FskOnly,5
80,10,349.565217391304,35,20240314,35-CF_20240314_optimalizace_vanza.xlsx,optimalizace,8,b,FskOnly,5
80,20,344.75,35,20240314,35-CF_20240314_optimalizace_vanza.xlsx,optimalizace,8,b,FskOnly,5
80,30,369.652173913043,35,20240314,35-CF_20240314_optimalizace_vanza.xlsx,optimalizace,8,b,FskOnly,5
80,40,379.130434782608,35,20240314,35-CF_20240314_optimalizace_vanza.xlsx,optimalizace,8,b,FskOnly,5
80,50,417.333333333333,35,20240314,35-CF_20240314_optimalizace_vanza.xlsx,optimalizace,8,b,FskOnly,5
80,60,406.363636363636,35,20240314,35-CF_20240314_optimalizace_vanza.xlsx,optimalizace,8,b,FskOnly,5
1,0,313.448275862068,35,20240326,35-CF_20240326_optimalizace_vanza.xlsx,optimalizace,1,a,ETI,0.008192000000000003
1,10,324.172413793103,35,20240326,35-CF_20240326_optimalizace_vanza.xlsx,optimalizace,1,a,ETI,0.008192000000000003
1,20,348.066666666666,35,20240326,35-CF_20240326_optimalizace_vanza.xlsx,optimalizace,1,a,ETI,0.008192000000000003
1,30,394.137931034482,35,20240326,35-CF_20240326_optimalizace_vanza.xlsx,optimalizace,1,a,ETI,0.008192000000000003
1,40,395.967741935483,35,20240326,35-CF_20240326_optimalizace_vanza.xlsx,optimalizace,1,a,ETI,0.008192000000000003
1,50,424.866666666666,35,20240326,35-CF_20240326_optimalizace_vanza.xlsx,optimalizace,1,a,ETI,0.008192000000000003
1,60,438.896551724137,35,20240326,35-CF_20240326_optimalizace_vanza.xlsx,optimalizace,1,a,ETI,0.008192000000000003
2,0,378.896551724137,35,20240326,35-CF_20240326_optimalizace_vanza.xlsx,optimalizace,1,b,ETI,0.008192000000000003
2,10,399.964285714285,35,20240326,35-CF_20240326_optimalizace_vanza.xlsx,optimalizace,1,b,ETI,0.008192000000000003
2,20,437.535714285714,35,20240326,35-CF_20240326_optimalizace_vanza.xlsx,optimalizace,1,b,ETI,0.008192000000000003
2,30,490.25,35,20240326,35-CF_20240326_optimalizace_vanza.xlsx,optimalizace,1,b,ETI,0.008192000000000003
2,40,535.285714285714,35,20240326,35-CF_20240326_optimalizace_vanza.xlsx,optimalizace,1,b,ETI,0.008192000000000003
2,50,562.821428571428,35,20240326,35-CF_20240326_optimalizace_vanza.xlsx,optimalizace,1,b,ETI,0.008192000000000003
2,60,583.964285714285,35,20240326,35-CF_20240326_optimalizace_vanza.xlsx,optimalizace,1,b,ETI,0.008192000000000003
3,0,330.967741935483,35,20240326,35-CF_20240326_optimalizace_vanza.xlsx,optimalizace,2,a,ETI,0.02048000000000001
3,10,356.827586206896,35,20240326,35-CF_20240326_optimalizace_vanza.xlsx,optimalizace,2,a,ETI,0.02048000000000001
3,20,397.827586206896,35,20240326,35-CF_20240326_optimalizace_vanza.xlsx,optimalizace,2,a,ETI,0.02048000000000001
3,30,447.5,35,20240326,35-CF_20240326_optimalizace_vanza.xlsx,optimalizace,2,a,ETI,0.02048000000000001
3,40,499.566666666666,35,20240326,35-CF_20240326_optimalizace_vanza.xlsx,optimalizace,2,a,ETI,0.02048000000000001
3,50,539.620689655172,35,20240326,35-CF_20240326_optimalizace_vanza.xlsx,optimalizace,2,a,ETI,0.02048000000000001
3,60,547.413793103448,35,20240326,35-CF_20240326_optimalizace_vanza.xlsx,optimalizace,2,a,ETI,0.02048000000000001
4,0,306.576923076923,35,20240326,35-CF_20240326_optimalizace_vanza.xlsx,optimalizace,2,b,ETI,0.02048000000000001
4,10,308.807692307692,35,20240326,35-CF_20240326_optimalizace_vanza.xlsx,optimalizace,2,b,ETI,0.02048000000000001
4,20,329.629629629629,35,20240326,35-CF_20240326_optimalizace_vanza.xlsx,optimalizace,2,b,ETI,0.02048000000000001
4,30,366.857142857142,35,20240326,35-CF_20240326_optimalizace_vanza.xlsx,optimalizace,2,b,ETI,0.02048000000000001
4,40,426.962962962963,35,20240326,35-CF_20240326_optimalizace_vanza.xlsx,optimalizace,2,b,ETI,0.02048000000000001
4,50,452,35,20240326,35-CF_20240326_optimalizace_vanza.xlsx,optimalizace,2,b,ETI,0.02048000000000001
4,60,492.555555555555,35,20240326,35-CF_20240326_optimalizace_vanza.xlsx,optimalizace,2,b,ETI,0.02048000000000001
5,0,293.971428571428,35,20240326,35-CF_20240326_optimalizace_vanza.xlsx,optimalizace,3,a,ETI,0.05120000000000001
5,10,294.638888888888,35,20240326,35-CF_20240326_optimalizace_vanza.xlsx,optimalizace,3,a,ETI,0.05120000000000001
5,20,431.0625,35,20240326,35-CF_20240326_optimalizace_vanza.xlsx,optimalizace,3,a,ETI,0.05120000000000001
5,30,519.6875,35,20240326,35-CF_20240326_optimalizace_vanza.xlsx,optimalizace,3,a,ETI,0.05120000000000001
5,40,576.3125,35,20240326,35-CF_20240326_optimalizace_vanza.xlsx,optimalizace,3,a,ETI,0.05120000000000001
5,50,594.354838709677,35,20240326,35-CF_20240326_optimalizace_vanza.xlsx,optimalizace,3,a,ETI,0.05120000000000001
5,60,608.966666666666,35,20240326,35-CF_20240326_optimalizace_vanza.xlsx,optimalizace,3,a,ETI,0.05120000000000001
6,0,253.607142857142,35,20240326,35-CF_20240326_optimalizace_vanza.xlsx,optimalizace,3,b,ETI,0.05120000000000001
6,10,259,35,20240326,35-CF_20240326_optimalizace_vanza.xlsx,optimalizace,3,b,ETI,0.05120000000000001
6,20,313.642857142857,35,20240326,35-CF_20240326_optimalizace_vanza.xlsx,optimalizace,3,b,ETI,0.05120000000000001
6,30,395.962962962963,35,20240326,35-CF_20240326_optimalizace_vanza.xlsx,optimalizace,3,b,ETI,0.05120000000000001
6,40,447.74074074074,35,20240326,35-CF_20240326_optimalizace_vanza.xlsx,optimalizace,3,b,ETI,0.05120000000000001
6,50,464.407407407407,35,20240326,35-CF_20240326_optimalizace_vanza.xlsx,optimalizace,3,b,ETI,0.05120000000000001
6,60,459.888888888888,35,20240326,35-CF_20240326_optimalizace_vanza.xlsx,optimalizace,3,b,ETI,0.05120000000000001
7,0,293.03125,35,20240326,35-CF_20240326_optimalizace_vanza.xlsx,optimalizace,4,a,ETI,0.12800000000000003
7,10,326.5625,35,20240326,35-CF_20240326_optimalizace_vanza.xlsx,optimalizace,4,a,ETI,0.12800000000000003
7,20,405.35294117647,35,20240326,35-CF_20240326_optimalizace_vanza.xlsx,optimalizace,4,a,ETI,0.12800000000000003
7,30,491.272727272727,35,20240326,35-CF_20240326_optimalizace_vanza.xlsx,optimalizace,4,a,ETI,0.12800000000000003
7,40,544.21875,35,20240326,35-CF_20240326_optimalizace_vanza.xlsx,optimalizace,4,a,ETI,0.12800000000000003
7,50,556.65625,35,20240326,35-CF_20240326_optimalizace_vanza.xlsx,optimalizace,4,a,ETI,0.12800000000000003
7,60,555.40625,35,20240326,35-CF_20240326_optimalizace_vanza.xlsx,optimalizace,4,a,ETI,0.12800000000000003
8,0,348.111111111111,35,20240326,35-CF_20240326_optimalizace_vanza.xlsx,optimalizace,4,b,ETI,0.12800000000000003
8,10,355.035714285714,35,20240326,35-CF_20240326_optimalizace_vanza.xlsx,optimalizace,4,b,ETI,0.12800000000000003
8,20,455.703703703703,35,20240326,35-CF_20240326_optimalizace_vanza.xlsx,optimalizace,4,b,ETI,0.12800000000000003
8,30,493.655172413793,35,20240326,35-CF_20240326_optimalizace_vanza.xlsx,optimalizace,4,b,ETI,0.12800000000000003
8,40,553.642857142857,35,20240326,35-CF_20240326_optimalizace_vanza.xlsx,optimalizace,4,b,ETI,0.12800000000000003
8,50,600.26923076923,35,20240326,35-CF_20240326_optimalizace_vanza.xlsx,optimalizace,4,b,ETI,0.12800000000000003
8,60,546.785714285714,35,20240326,35-CF_20240326_optimalizace_vanza.xlsx,optimalizace,4,b,ETI,0.12800000000000003
9,0,312.846153846153,35,20240326,35-CF_20240326_optimalizace_vanza.xlsx,optimalizace,5,a,ETI,0.32000000000000006
9,10,329.7,35,20240326,35-CF_20240326_optimalizace_vanza.xlsx,optimalizace,5,a,ETI,0.32000000000000006
9,20,434.717948717948,35,20240326,35-CF_20240326_optimalizace_vanza.xlsx,optimalizace,5,a,ETI,0.32000000000000006
9,30,548,35,20240326,35-CF_20240326_optimalizace_vanza.xlsx,optimalizace,5,a,ETI,0.32000000000000006
9,40,595.648648648648,35,20240326,35-CF_20240326_optimalizace_vanza.xlsx,optimalizace,5,a,ETI,0.32000000000000006
9,50,593.421052631579,35,20240326,35-CF_20240326_optimalizace_vanza.xlsx,optimalizace,5,a,ETI,0.32000000000000006
9,60,581.51282051282,35,20240326,35-CF_20240326_optimalizace_vanza.xlsx,optimalizace,5,a,ETI,0.32000000000000006
10,0,261.176470588235,35,20240326,35-CF_20240326_optimalizace_vanza.xlsx,optimalizace,5,b,ETI,0.32000000000000006
10,10,285.666666666666,35,20240326,35-CF_20240326_optimalizace_vanza.xlsx,optimalizace,5,b,ETI,0.32000000000000006
10,20,352.485714285714,35,20240326,35-CF_20240326_optimalizace_vanza.xlsx,optimalizace,5,b,ETI,0.32000000000000006
10,30,411.314285714285,35,20240326,35-CF_20240326_optimalizace_vanza.xlsx,optimalizace,5,b,ETI,0.32000000000000006
10,40,463.470588235294,35,20240326,35-CF_20240326_optimalizace_vanza.xlsx,optimalizace,5,b,ETI,0.32000000000000006
10,50,474.823529411764,35,20240326,35-CF_20240326_optimalizace_vanza.xlsx,optimalizace,5,b,ETI,0.32000000000000006
10,60,459.2,35,20240326,35-CF_20240326_optimalizace_vanza.xlsx,optimalizace,5,b,ETI,0.32000000000000006
11,0,300.259259259259,35,20240326,35-CF_20240326_optimalizace_vanza.xlsx,optimalizace,6,a,ETI,0.8000000000000002
11,10,331.962962962963,35,20240326,35-CF_20240326_optimalizace_vanza.xlsx,optimalizace,6,a,ETI,0.8000000000000002
11,20,400,35,20240326,35-CF_20240326_optimalizace_vanza.xlsx,optimalizace,6,a,ETI,0.8000000000000002
11,30,429.466666666666,35,20240326,35-CF_20240326_optimalizace_vanza.xlsx,optimalizace,6,a,ETI,0.8000000000000002
11,40,513.607142857142,35,20240326,35-CF_20240326_optimalizace_vanza.xlsx,optimalizace,6,a,ETI,0.8000000000000002
11,50,545.892857142857,35,20240326,35-CF_20240326_optimalizace_vanza.xlsx,optimalizace,6,a,ETI,0.8000000000000002
11,60,585.888888888888,35,20240326,35-CF_20240326_optimalizace_vanza.xlsx,optimalizace,6,a,ETI,0.8000000000000002
12,0,340.975609756097,35,20240326,35-CF_20240326_optimalizace_vanza.xlsx,optimalizace,6,b,ETI,0.8000000000000002
12,10,394.80487804878,35,20240326,35-CF_20240326_optimalizace_vanza.xlsx,optimalizace,6,b,ETI,0.8000000000000002
12,20,603.263157894736,35,20240326,35-CF_20240326_optimalizace_vanza.xlsx,optimalizace,6,b,ETI,0.8000000000000002
12,30,714.526315789473,35,20240326,35-CF_20240326_optimalizace_vanza.xlsx,optimalizace,6,b,ETI,0.8000000000000002
12,40,981.354838709677,35,20240326,35-CF_20240326_optimalizace_vanza.xlsx,optimalizace,6,b,ETI,0.8000000000000002
12,50,1090.03448275862,35,20240326,35-CF_20240326_optimalizace_vanza.xlsx,optimalizace,6,b,ETI,0.8000000000000002
12,60,1065.5,35,20240326,35-CF_20240326_optimalizace_vanza.xlsx,optimalizace,6,b,ETI,0.8000000000000002
13,0,307.208333333333,35,20240326,35-CF_20240326_optimalizace_vanza.xlsx,optimalizace,7,a,ETI,2
13,10,346.333333333333,35,20240326,35-CF_20240326_optimalizace_vanza.xlsx,optimalizace,7,a,ETI,2
13,20,442.629629629629,35,20240326,35-CF_20240326_optimalizace_vanza.xlsx,optimalizace,7,a,ETI,2
13,30,516.222222222222,35,20240326,35-CF_20240326_optimalizace_vanza.xlsx,optimalizace,7,a,ETI,2
13,40,559.592592592592,35,20240326,35-CF_20240326_optimalizace_vanza.xlsx,optimalizace,7,a,ETI,2
13,50,566.555555555555,35,20240326,35-CF_20240326_optimalizace_vanza.xlsx,optimalizace,7,a,ETI,2
13,60,561.888888888888,35,20240326,35-CF_20240326_optimalizace_vanza.xlsx,optimalizace,7,a,ETI,2
14,0,329,35,20240326,35-CF_20240326_optimalizace_vanza.xlsx,optimalizace,7,b,ETI,2
14,10,423,35,20240326,35-CF_20240326_optimalizace_vanza.xlsx,optimalizace,7,b,ETI,2
14,20,535,35,20240326,35-CF_20240326_optimalizace_vanza.xlsx,optimalizace,7,b,ETI,2
14,30,637.633333333333,35,20240326,35-CF_20240326_optimalizace_vanza.xlsx,optimalizace,7,b,ETI,2
14,40,656.451612903225,35,20240326,35-CF_20240326_optimalizace_vanza.xlsx,optimalizace,7,b,ETI,2
14,50,676.451612903225,35,20240326,35-CF_20240326_optimalizace_vanza.xlsx,optimalizace,7,b,ETI,2
14,60,693.322580645161,35,20240326,35-CF_20240326_optimalizace_vanza.xlsx,optimalizace,7,b,ETI,2
15,0,275.818181818181,35,20240326,35-CF_20240326_optimalizace_vanza.xlsx,optimalizace,8,a,ETI,5
15,10,369.617647058823,35,20240326,35-CF_20240326_optimalizace_vanza.xlsx,optimalizace,8,a,ETI,5
15,20,426.914285714285,35,20240326,35-CF_20240326_optimalizace_vanza.xlsx,optimalizace,8,a,ETI,5
15,30,513.969696969697,35,20240326,35-CF_20240326_optimalizace_vanza.xlsx,optimalizace,8,a,ETI,5
15,40,522.314285714285,35,20240326,35-CF_20240326_optimalizace_vanza.xlsx,optimalizace,8,a,ETI,5
15,50,559.794117647058,35,20240326,35-CF_20240326_optimalizace_vanza.xlsx,optimalizace,8,a,ETI,5
15,60,570.441176470588,35,20240326,35-CF_20240326_optimalizace_vanza.xlsx,optimalizace,8,a,ETI,5
16,0,242.521739130434,35,20240326,35-CF_20240326_optimalizace_vanza.xlsx,optimalizace,8,b,ETI,5
16,10,309.32,35,20240326,35-CF_20240326_optimalizace_vanza.xlsx,optimalizace,8,b,ETI,5
16,20,372,35,20240326,35-CF_20240326_optimalizace_vanza.xlsx,optimalizace,8,b,ETI,5
16,30,425,35,20240326,35-CF_20240326_optimalizace_vanza.xlsx,optimalizace,8,b,ETI,5
16,40,467.44,35,20240326,35-CF_20240326_optimalizace_vanza.xlsx,optimalizace,8,b,ETI,5
16,50,493.36,35,20240326,35-CF_20240326_optimalizace_vanza.xlsx,optimalizace,8,b,ETI,5
16,60,521.958333333333,35,20240326,35-CF_20240326_optimalizace_vanza.xlsx,optimalizace,8,b,ETI,5
17,0,334.68,35,20240326,35-CF_20240326_optimalizace_vanza.xlsx,optimalizace,1,a,VTI_2,0.008192000000000003
17,10,333.038461538461,35,20240326,35-CF_20240326_optimalizace_vanza.xlsx,optimalizace,1,a,VTI_2,0.008192000000000003
17,20,369.307692307692,35,20240326,35-CF_20240326_optimalizace_vanza.xlsx,optimalizace,1,a,VTI_2,0.008192000000000003
17,30,435.4,35,20240326,35-CF_20240326_optimalizace_vanza.xlsx,optimalizace,1,a,VTI_2,0.008192000000000003
17,40,509.130434782608,35,20240326,35-CF_20240326_optimalizace_vanza.xlsx,optimalizace,1,a,VTI_2,0.008192000000000003
17,50,525.652173913043,35,20240326,35-CF_20240326_optimalizace_vanza.xlsx,optimalizace,1,a,VTI_2,0.008192000000000003
17,60,488.48,35,20240326,35-CF_20240326_optimalizace_vanza.xlsx,optimalizace,1,a,VTI_2,0.008192000000000003
18,0,317.571428571428,35,20240326,35-CF_20240326_optimalizace_vanza.xlsx,optimalizace,1,b,VTI_2,0.008192000000000003
18,10,329.761904761904,35,20240326,35-CF_20240326_optimalizace_vanza.xlsx,optimalizace,1,b,VTI_2,0.008192000000000003
18,20,359.954545454545,35,20240326,35-CF_20240326_optimalizace_vanza.xlsx,optimalizace,1,b,VTI_2,0.008192000000000003
18,30,392,35,20240326,35-CF_20240326_optimalizace_vanza.xlsx,optimalizace,1,b,VTI_2,0.008192000000000003
18,40,482.47619047619,35,20240326,35-CF_20240326_optimalizace_vanza.xlsx,optimalizace,1,b,VTI_2,0.008192000000000003
18,50,527.2,35,20240326,35-CF_20240326_optimalizace_vanza.xlsx,optimalizace,1,b,VTI_2,0.008192000000000003
18,60,482.318181818181,35,20240326,35-CF_20240326_optimalizace_vanza.xlsx,optimalizace,1,b,VTI_2,0.008192000000000003
19,0,320.323529411764,35,20240326,35-CF_20240326_optimalizace_vanza.xlsx,optimalizace,2,a,VTI_2,0.02048000000000001
19,10,356.8125,35,20240326,35-CF_20240326_optimalizace_vanza.xlsx,optimalizace,2,a,VTI_2,0.02048000000000001
19,20,419.34375,35,20240326,35-CF_20240326_optimalizace_vanza.xlsx,optimalizace,2,a,VTI_2,0.02048000000000001
19,30,473.666666666666,35,20240326,35-CF_20240326_optimalizace_vanza.xlsx,optimalizace,2,a,VTI_2,0.02048000000000001
19,40,527.75,35,20240326,35-CF_20240326_optimalizace_vanza.xlsx,optimalizace,2,a,VTI_2,0.02048000000000001
19,50,513.029411764705,35,20240326,35-CF_20240326_optimalizace_vanza.xlsx,optimalizace,2,a,VTI_2,0.02048000000000001
19,60,559,35,20240326,35-CF_20240326_optimalizace_vanza.xlsx,optimalizace,2,a,VTI_2,0.02048000000000001
20,0,258.911764705882,35,20240326,35-CF_20240326_optimalizace_vanza.xlsx,optimalizace,2,b,VTI_2,0.02048000000000001
20,10,255.942857142857,35,20240326,35-CF_20240326_optimalizace_vanza.xlsx,optimalizace,2,b,VTI_2,0.02048000000000001
20,20,292.794117647058,35,20240326,35-CF_20240326_optimalizace_vanza.xlsx,optimalizace,2,b,VTI_2,0.02048000000000001
20,30,346.088235294117,35,20240326,35-CF_20240326_optimalizace_vanza.xlsx,optimalizace,2,b,VTI_2,0.02048000000000001
20,40,404.205882352941,35,20240326,35-CF_20240326_optimalizace_vanza.xlsx,optimalizace,2,b,VTI_2,0.02048000000000001
20,50,456.181818181818,35,20240326,35-CF_20240326_optimalizace_vanza.xlsx,optimalizace,2,b,VTI_2,0.02048000000000001
20,60,445.542857142857,35,20240326,35-CF_20240326_optimalizace_vanza.xlsx,optimalizace,2,b,VTI_2,0.02048000000000001
21,0,324,35,20240326,35-CF_20240326_optimalizace_vanza.xlsx,optimalizace,3,a,VTI_2,0.05120000000000001
21,10,336.088235294117,35,20240326,35-CF_20240326_optimalizace_vanza.xlsx,optimalizace,3,a,VTI_2,0.05120000000000001
21,20,400.264705882352,35,20240326,35-CF_20240326_optimalizace_vanza.xlsx,optimalizace,3,a,VTI_2,0.05120000000000001
21,30,496.757575757575,35,20240326,35-CF_20240326_optimalizace_vanza.xlsx,optimalizace,3,a,VTI_2,0.05120000000000001
21,40,563.272727272727,35,20240326,35-CF_20240326_optimalizace_vanza.xlsx,optimalizace,3,a,VTI_2,0.05120000000000001
21,50,590.818181818181,35,20240326,35-CF_20240326_optimalizace_vanza.xlsx,optimalizace,3,a,VTI_2,0.05120000000000001
21,60,604.21875,35,20240326,35-CF_20240326_optimalizace_vanza.xlsx,optimalizace,3,a,VTI_2,0.05120000000000001
22,0,359.138888888888,35,20240326,35-CF_20240326_optimalizace_vanza.xlsx,optimalizace,3,b,VTI_2,0.05120000000000001
22,10,358.567567567567,35,20240326,35-CF_20240326_optimalizace_vanza.xlsx,optimalizace,3,b,VTI_2,0.05120000000000001
22,20,390.184210526315,35,20240326,35-CF_20240326_optimalizace_vanza.xlsx,optimalizace,3,b,VTI_2,0.05120000000000001
22,30,475.710526315789,35,20240326,35-CF_20240326_optimalizace_vanza.xlsx,optimalizace,3,b,VTI_2,0.05120000000000001
22,40,537.051282051282,35,20240326,35-CF_20240326_optimalizace_vanza.xlsx,optimalizace,3,b,VTI_2,0.05120000000000001
22,50,606.675675675675,35,20240326,35-CF_20240326_optimalizace_vanza.xlsx,optimalizace,3,b,VTI_2,0.05120000000000001
22,60,627.805555555555,35,20240326,35-CF_20240326_optimalizace_vanza.xlsx,optimalizace,3,b,VTI_2,0.05120000000000001
23,0,371.375,35,20240326,35-CF_20240326_optimalizace_vanza.xlsx,optimalizace,4,a,VTI_2,0.12800000000000003
23,10,371.68,35,20240326,35-CF_20240326_optimalizace_vanza.xlsx,optimalizace,4,a,VTI_2,0.12800000000000003
23,20,479.48,35,20240326,35-CF_20240326_optimalizace_vanza.xlsx,optimalizace,4,a,VTI_2,0.12800000000000003
23,30,555.26923076923,35,20240326,35-CF_20240326_optimalizace_vanza.xlsx,optimalizace,4,a,VTI_2,0.12800000000000003
23,40,578.107142857142,35,20240326,35-CF_20240326_optimalizace_vanza.xlsx,optimalizace,4,a,VTI_2,0.12800000000000003
23,50,605.925925925926,35,20240326,35-CF_20240326_optimalizace_vanza.xlsx,optimalizace,4,a,VTI_2,0.12800000000000003
23,60,570.785714285714,35,20240326,35-CF_20240326_optimalizace_vanza.xlsx,optimalizace,4,a,VTI_2,0.12800000000000003
24,0,331.35,35,20240326,35-CF_20240326_optimalizace_vanza.xlsx,optimalizace,4,b,VTI_2,0.12800000000000003
24,10,370.85,35,20240326,35-CF_20240326_optimalizace_vanza.xlsx,optimalizace,4,b,VTI_2,0.12800000000000003
24,20,497.947368421052,35,20240326,35-CF_20240326_optimalizace_vanza.xlsx,optimalizace,4,b,VTI_2,0.12800000000000003
24,30,548.65,35,20240326,35-CF_20240326_optimalizace_vanza.xlsx,optimalizace,4,b,VTI_2,0.12800000000000003
24,40,621.736842105263,35,20240326,35-CF_20240326_optimalizace_vanza.xlsx,optimalizace,4,b,VTI_2,0.12800000000000003
24,50,650.473684210526,35,20240326,35-CF_20240326_optimalizace_vanza.xlsx,optimalizace,4,b,VTI_2,0.12800000000000003
24,60,618.5,35,20240326,35-CF_20240326_optimalizace_vanza.xlsx,optimalizace,4,b,VTI_2,0.12800000000000003
25,0,331.405405405405,35,20240326,35-CF_20240326_optimalizace_vanza.xlsx,optimalizace,5,a,VTI_2,0.32000000000000006
25,10,382.382352941176,35,20240326,35-CF_20240326_optimalizace_vanza.xlsx,optimalizace,5,a,VTI_2,0.32000000000000006
25,20,545.28125,35,20240326,35-CF_20240326_optimalizace_vanza.xlsx,optimalizace,5,a,VTI_2,0.32000000000000006
25,30,644.0625,35,20240326,35-CF_20240326_optimalizace_vanza.xlsx,optimalizace,5,a,VTI_2,0.32000000000000006
25,40,760.133333333333,35,20240326,35-CF_20240326_optimalizace_vanza.xlsx,optimalizace,5,a,VTI_2,0.32000000000000006
25,50,827.03448275862,35,20240326,35-CF_20240326_optimalizace_vanza.xlsx,optimalizace,5,a,VTI_2,0.32000000000000006
25,60,794.433333333333,35,20240326,35-CF_20240326_optimalizace_vanza.xlsx,optimalizace,5,a,VTI_2,0.32000000000000006
26,0,361.216216216216,35,20240326,35-CF_20240326_optimalizace_vanza.xlsx,optimalizace,5,b,VTI_2,0.32000000000000006
26,10,431.228571428571,35,20240326,35-CF_20240326_optimalizace_vanza.xlsx,optimalizace,5,b,VTI_2,0.32000000000000006
26,20,587.742857142857,35,20240326,35-CF_20240326_optimalizace_vanza.xlsx,optimalizace,5,b,VTI_2,0.32000000000000006
26,30,755.09375,35,20240326,35-CF_20240326_optimalizace_vanza.xlsx,optimalizace,5,b,VTI_2,0.32000000000000006
26,40,836.53125,35,20240326,35-CF_20240326_optimalizace_vanza.xlsx,optimalizace,5,b,VTI_2,0.32000000000000006
26,50,874.625,35,20240326,35-CF_20240326_optimalizace_vanza.xlsx,optimalizace,5,b,VTI_2,0.32000000000000006
26,60,884.6875,35,20240326,35-CF_20240326_optimalizace_vanza.xlsx,optimalizace,5,b,VTI_2,0.32000000000000006
27,0,338.958333333333,35,20240326,35-CF_20240326_optimalizace_vanza.xlsx,optimalizace,6,a,VTI_2,0.8000000000000002
27,10,410.541666666666,35,20240326,35-CF_20240326_optimalizace_vanza.xlsx,optimalizace,6,a,VTI_2,0.8000000000000002
27,20,514.56,35,20240326,35-CF_20240326_optimalizace_vanza.xlsx,optimalizace,6,a,VTI_2,0.8000000000000002
27,30,600.4,35,20240326,35-CF_20240326_optimalizace_vanza.xlsx,optimalizace,6,a,VTI_2,0.8000000000000002
27,40,660.76,35,20240326,35-CF_20240326_optimalizace_vanza.xlsx,optimalizace,6,a,VTI_2,0.8000000000000002
27,50,709.083333333333,35,20240326,35-CF_20240326_optimalizace_vanza.xlsx,optimalizace,6,a,VTI_2,0.8000000000000002
27,60,704.25,35,20240326,35-CF_20240326_optimalizace_vanza.xlsx,optimalizace,6,a,VTI_2,0.8000000000000002
28,0,322.153846153846,35,20240326,35-CF_20240326_optimalizace_vanza.xlsx,optimalizace,6,b,VTI_2,0.8000000000000002
28,10,427.805555555555,35,20240326,35-CF_20240326_optimalizace_vanza.xlsx,optimalizace,6,b,VTI_2,0.8000000000000002
28,20,553.722222222222,35,20240326,35-CF_20240326_optimalizace_vanza.xlsx,optimalizace,6,b,VTI_2,0.8000000000000002
28,30,642.361111111111,35,20240326,35-CF_20240326_optimalizace_vanza.xlsx,optimalizace,6,b,VTI_2,0.8000000000000002
28,40,736.029411764705,35,20240326,35-CF_20240326_optimalizace_vanza.xlsx,optimalizace,6,b,VTI_2,0.8000000000000002
28,50,803.75,35,20240326,35-CF_20240326_optimalizace_vanza.xlsx,optimalizace,6,b,VTI_2,0.8000000000000002
28,60,775.575757575757,35,20240326,35-CF_20240326_optimalizace_vanza.xlsx,optimalizace,6,b,VTI_2,0.8000000000000002
29,0,361.965517241379,35,20240326,35-CF_20240326_optimalizace_vanza.xlsx,optimalizace,7,a,VTI_2,2
29,10,423.58064516129,35,20240326,35-CF_20240326_optimalizace_vanza.xlsx,optimalizace,7,a,VTI_2,2
29,20,552.133333333333,35,20240326,35-CF_20240326_optimalizace_vanza.xlsx,optimalizace,7,a,VTI_2,2
29,30,619.774193548387,35,20240326,35-CF_20240326_optimalizace_vanza.xlsx,optimalizace,7,a,VTI_2,2
29,40,721.103448275862,35,20240326,35-CF_20240326_optimalizace_vanza.xlsx,optimalizace,7,a,VTI_2,2
29,50,689.15625,35,20240326,35-CF_20240326_optimalizace_vanza.xlsx,optimalizace,7,a,VTI_2,2
29,60,746.766666666666,35,20240326,35-CF_20240326_optimalizace_vanza.xlsx,optimalizace,7,a,VTI_2,2
30,0,293.222222222222,35,20240326,35-CF_20240326_optimalizace_vanza.xlsx,optimalizace,7,b,VTI_2,2
30,10,375.128205128205,35,20240326,35-CF_20240326_optimalizace_vanza.xlsx,optimalizace,7,b,VTI_2,2
30,20,454.51282051282,35,20240326,35-CF_20240326_optimalizace_vanza.xlsx,optimalizace,7,b,VTI_2,2
30,30,518.564102564102,35,20240326,35-CF_20240326_optimalizace_vanza.xlsx,optimalizace,7,b,VTI_2,2
30,40,575.236842105263,35,20240326,35-CF_20240326_optimalizace_vanza.xlsx,optimalizace,7,b,VTI_2,2
30,50,585.871794871794,35,20240326,35-CF_20240326_optimalizace_vanza.xlsx,optimalizace,7,b,VTI_2,2
30,60,588.846153846153,35,20240326,35-CF_20240326_optimalizace_vanza.xlsx,optimalizace,7,b,VTI_2,2
31,0,332.355555555555,35,20240326,35-CF_20240326_optimalizace_vanza.xlsx,optimalizace,8,a,VTI_2,5
31,10,429.872340425531,35,20240326,35-CF_20240326_optimalizace_vanza.xlsx,optimalizace,8,a,VTI_2,5
31,20,508.808510638297,35,20240326,35-CF_20240326_optimalizace_vanza.xlsx,optimalizace,8,a,VTI_2,5
31,30,636.511627906976,35,20240326,35-CF_20240326_optimalizace_vanza.xlsx,optimalizace,8,a,VTI_2,5
31,40,681.181818181818,35,20240326,35-CF_20240326_optimalizace_vanza.xlsx,optimalizace,8,a,VTI_2,5
31,50,761.047619047619,35,20240326,35-CF_20240326_optimalizace_vanza.xlsx,optimalizace,8,a,VTI_2,5
31,60,792.047619047619,35,20240326,35-CF_20240326_optimalizace_vanza.xlsx,optimalizace,8,a,VTI_2,5
32,0,254.933333333333,35,20240326,35-CF_20240326_optimalizace_vanza.xlsx,optimalizace,8,b,VTI_2,5
32,10,339.8125,35,20240326,35-CF_20240326_optimalizace_vanza.xlsx,optimalizace,8,b,VTI_2,5
32,20,417.806451612903,35,20240326,35-CF_20240326_optimalizace_vanza.xlsx,optimalizace,8,b,VTI_2,5
32,30,490.366666666666,35,20240326,35-CF_20240326_optimalizace_vanza.xlsx,optimalizace,8,b,VTI_2,5
32,40,526.066666666666,35,20240326,35-CF_20240326_optimalizace_vanza.xlsx,optimalizace,8,b,VTI_2,5
32,50,554,35,20240326,35-CF_20240326_optimalizace_vanza.xlsx,optimalizace,8,b,VTI_2,5
32,60,567,35,20240326,35-CF_20240326_optimalizace_vanza.xlsx,optimalizace,8,b,VTI_2,5
33,0,296,35,20240326,35-CF_20240326_optimalizace_vanza.xlsx,optimalizace,a,a,VTI_02,0.008192000000000003
33,10,318.2,35,20240326,35-CF_20240326_optimalizace_vanza.xlsx,optimalizace,a,a,VTI_02,0.008192000000000003
33,20,375.458333333333,35,20240326,35-CF_20240326_optimalizace_vanza.xlsx,optimalizace,a,a,VTI_02,0.008192000000000003
33,30,408.423076923076,35,20240326,35-CF_20240326_optimalizace_vanza.xlsx,optimalizace,a,a,VTI_02,0.008192000000000003
33,40,435.37037037037,35,20240326,35-CF_20240326_optimalizace_vanza.xlsx,optimalizace,a,a,VTI_02,0.008192000000000003
33,50,472.518518518518,35,20240326,35-CF_20240326_optimalizace_vanza.xlsx,optimalizace,a,a,VTI_02,0.008192000000000003
33,60,480.666666666666,35,20240326,35-CF_20240326_optimalizace_vanza.xlsx,optimalizace,a,a,VTI_02,0.008192000000000003
34,0,337.666666666666,35,20240326,35-CF_20240326_optimalizace_vanza.xlsx,optimalizace,a,b,VTI_02,0.008192000000000003
34,10,385.48,35,20240326,35-CF_20240326_optimalizace_vanza.xlsx,optimalizace,a,b,VTI_02,0.008192000000000003
34,20,436.48,35,20240326,35-CF_20240326_optimalizace_vanza.xlsx,optimalizace,a,b,VTI_02,0.008192000000000003
34,30,501.72,35,20240326,35-CF_20240326_optimalizace_vanza.xlsx,optimalizace,a,b,VTI_02,0.008192000000000003
34,40,563.16,35,20240326,35-CF_20240326_optimalizace_vanza.xlsx,optimalizace,a,b,VTI_02,0.008192000000000003
34,50,605.52,35,20240326,35-CF_20240326_optimalizace_vanza.xlsx,optimalizace,a,b,VTI_02,0.008192000000000003
34,60,656.041666666666,35,20240326,35-CF_20240326_optimalizace_vanza.xlsx,optimalizace,a,b,VTI_02,0.008192000000000003
35,0,265.931034482758,35,20240326,35-CF_20240326_optimalizace_vanza.xlsx,optimalizace,b,a,VTI_02,0.02048000000000001
35,10,288.285714285714,35,20240326,35-CF_20240326_optimalizace_vanza.xlsx,optimalizace,b,a,VTI_02,0.02048000000000001
35,20,332.482758620689,35,20240326,35-CF_20240326_optimalizace_vanza.xlsx,optimalizace,b,a,VTI_02,0.02048000000000001
35,30,413.357142857142,35,20240326,35-CF_20240326_optimalizace_vanza.xlsx,optimalizace,b,a,VTI_02,0.02048000000000001
35,40,483.888888888888,35,20240326,35-CF_20240326_optimalizace_vanza.xlsx,optimalizace,b,a,VTI_02,0.02048000000000001
35,50,478.928571428571,35,20240326,35-CF_20240326_optimalizace_vanza.xlsx,optimalizace,b,a,VTI_02,0.02048000000000001
35,60,499.592592592592,35,20240326,35-CF_20240326_optimalizace_vanza.xlsx,optimalizace,b,a,VTI_02,0.02048000000000001
36,0,413.076923076923,35,20240326,35-CF_20240326_optimalizace_vanza.xlsx,optimalizace,b,b,VTI_02,0.02048000000000001
36,10,409.625,35,20240326,35-CF_20240326_optimalizace_vanza.xlsx,optimalizace,b,b,VTI_02,0.02048000000000001
36,20,473.487179487179,35,20240326,35-CF_20240326_optimalizace_vanza.xlsx,optimalizace,b,b,VTI_02,0.02048000000000001
36,30,563.894736842105,35,20240326,35-CF_20240326_optimalizace_vanza.xlsx,optimalizace,b,b,VTI_02,0.02048000000000001
36,40,623.102564102564,35,20240326,35-CF_20240326_optimalizace_vanza.xlsx,optimalizace,b,b,VTI_02,0.02048000000000001
36,50,665.131578947368,35,20240326,35-CF_20240326_optimalizace_vanza.xlsx,optimalizace,b,b,VTI_02,0.02048000000000001
36,60,650.51282051282,35,20240326,35-CF_20240326_optimalizace_vanza.xlsx,optimalizace,b,b,VTI_02,0.02048000000000001
37,0,285.028571428571,35,20240326,35-CF_20240326_optimalizace_vanza.xlsx,optimalizace,c,a,VTI_02,0.05120000000000001
37,10,300.028571428571,35,20240326,35-CF_20240326_optimalizace_vanza.xlsx,optimalizace,c,a,VTI_02,0.05120000000000001
37,20,364.028571428571,35,20240326,35-CF_20240326_optimalizace_vanza.xlsx,optimalizace,c,a,VTI_02,0.05120000000000001
37,30,436.648648648648,35,20240326,35-CF_20240326_optimalizace_vanza.xlsx,optimalizace,c,a,VTI_02,0.05120000000000001
37,40,521.657142857142,35,20240326,35-CF_20240326_optimalizace_vanza.xlsx,optimalizace,c,a,VTI_02,0.05120000000000001
37,50,538.205882352941,35,20240326,35-CF_20240326_optimalizace_vanza.xlsx,optimalizace,c,a,VTI_02,0.05120000000000001
37,60,542.727272727272,35,20240326,35-CF_20240326_optimalizace_vanza.xlsx,optimalizace,c,a,VTI_02,0.05120000000000001
38,0,397.128205128205,35,20240326,35-CF_20240326_optimalizace_vanza.xlsx,optimalizace,c,b,VTI_02,0.05120000000000001
38,10,367.309523809523,35,20240326,35-CF_20240326_optimalizace_vanza.xlsx,optimalizace,c,b,VTI_02,0.05120000000000001
38,20,414.585365853658,35,20240326,35-CF_20240326_optimalizace_vanza.xlsx,optimalizace,c,b,VTI_02,0.05120000000000001
38,30,526.743589743589,35,20240326,35-CF_20240326_optimalizace_vanza.xlsx,optimalizace,c,b,VTI_02,0.05120000000000001
38,40,580.731707317073,35,20240326,35-CF_20240326_optimalizace_vanza.xlsx,optimalizace,c,b,VTI_02,0.05120000000000001
38,50,669.631578947368,35,20240326,35-CF_20240326_optimalizace_vanza.xlsx,optimalizace,c,b,VTI_02,0.05120000000000001
38,60,655.717948717948,35,20240326,35-CF_20240326_optimalizace_vanza.xlsx,optimalizace,c,b,VTI_02,0.05120000000000001
39,0,341.866666666666,35,20240326,35-CF_20240326_optimalizace_vanza.xlsx,optimalizace,d,a,VTI_02,0.12800000000000003
39,10,392.551724137931,35,20240326,35-CF_20240326_optimalizace_vanza.xlsx,optimalizace,d,a,VTI_02,0.12800000000000003
39,20,508.482758620689,35,20240326,35-CF_20240326_optimalizace_vanza.xlsx,optimalizace,d,a,VTI_02,0.12800000000000003
39,30,590.1,35,20240326,35-CF_20240326_optimalizace_vanza.xlsx,optimalizace,d,a,VTI_02,0.12800000000000003
39,40,634.548387096774,35,20240326,35-CF_20240326_optimalizace_vanza.xlsx,optimalizace,d,a,VTI_02,0.12800000000000003
39,50,700.862068965517,35,20240326,35-CF_20240326_optimalizace_vanza.xlsx,optimalizace,d,a,VTI_02,0.12800000000000003
39,60,696.966666666666,35,20240326,35-CF_20240326_optimalizace_vanza.xlsx,optimalizace,d,a,VTI_02,0.12800000000000003
40,0,355.88,35,20240326,35-CF_20240326_optimalizace_vanza.xlsx,optimalizace,d,b,VTI_02,0.12800000000000003
40,10,351.884615384615,35,20240326,35-CF_20240326_optimalizace_vanza.xlsx,optimalizace,d,b,VTI_02,0.12800000000000003
40,20,436.962962962963,35,20240326,35-CF_20240326_optimalizace_vanza.xlsx,optimalizace,d,b,VTI_02,0.12800000000000003
40,30,535.807692307692,35,20240326,35-CF_20240326_optimalizace_vanza.xlsx,optimalizace,d,b,VTI_02,0.12800000000000003
40,40,573.888888888888,35,20240326,35-CF_20240326_optimalizace_vanza.xlsx,optimalizace,d,b,VTI_02,0.12800000000000003
40,50,609.76923076923,35,20240326,35-CF_20240326_optimalizace_vanza.xlsx,optimalizace,d,b,VTI_02,0.12800000000000003
40,60,625.28,35,20240326,35-CF_20240326_optimalizace_vanza.xlsx,optimalizace,d,b,VTI_02,0.12800000000000003
41,0,352.107142857142,35,20240326,35-CF_20240326_optimalizace_vanza.xlsx,optimalizace,e,a,VTI_02,0.32000000000000006
41,10,415.038461538461,35,20240326,35-CF_20240326_optimalizace_vanza.xlsx,optimalizace,e,a,VTI_02,0.32000000000000006
41,20,525.928571428571,35,20240326,35-CF_20240326_optimalizace_vanza.xlsx,optimalizace,e,a,VTI_02,0.32000000000000006
41,30,649.923076923076,35,20240326,35-CF_20240326_optimalizace_vanza.xlsx,optimalizace,e,a,VTI_02,0.32000000000000006
41,40,807.391304347826,35,20240326,35-CF_20240326_optimalizace_vanza.xlsx,optimalizace,e,a,VTI_02,0.32000000000000006
41,50,831.652173913043,35,20240326,35-CF_20240326_optimalizace_vanza.xlsx,optimalizace,e,a,VTI_02,0.32000000000000006
41,60,798.173913043478,35,20240326,35-CF_20240326_optimalizace_vanza.xlsx,optimalizace,e,a,VTI_02,0.32000000000000006
42,0,377.514285714285,35,20240326,35-CF_20240326_optimalizace_vanza.xlsx,optimalizace,e,b,VTI_02,0.32000000000000006
42,10,410,35,20240326,35-CF_20240326_optimalizace_vanza.xlsx,optimalizace,e,b,VTI_02,0.32000000000000006
42,20,627.625,35,20240326,35-CF_20240326_optimalizace_vanza.xlsx,optimalizace,e,b,VTI_02,0.32000000000000006
42,30,858.25,35,20240326,35-CF_20240326_optimalizace_vanza.xlsx,optimalizace,e,b,VTI_02,0.32000000000000006
42,40,1072.64,35,20240326,35-CF_20240326_optimalizace_vanza.xlsx,optimalizace,e,b,VTI_02,0.32000000000000006
42,50,1042.48148148148,35,20240326,35-CF_20240326_optimalizace_vanza.xlsx,optimalizace,e,b,VTI_02,0.32000000000000006
42,60,940.633333333333,35,20240326,35-CF_20240326_optimalizace_vanza.xlsx,optimalizace,e,b,VTI_02,0.32000000000000006
43,0,259.892857142857,35,20240326,35-CF_20240326_optimalizace_vanza.xlsx,optimalizace,f,a,VTI_02,0.8000000000000002
43,10,289.866666666666,35,20240326,35-CF_20240326_optimalizace_vanza.xlsx,optimalizace,f,a,VTI_02,0.8000000000000002
43,20,416.535714285714,35,20240326,35-CF_20240326_optimalizace_vanza.xlsx,optimalizace,f,a,VTI_02,0.8000000000000002
43,30,471.103448275862,35,20240326,35-CF_20240326_optimalizace_vanza.xlsx,optimalizace,f,a,VTI_02,0.8000000000000002
43,40,504.633333333333,35,20240326,35-CF_20240326_optimalizace_vanza.xlsx,optimalizace,f,a,VTI_02,0.8000000000000002
43,50,527.137931034482,35,20240326,35-CF_20240326_optimalizace_vanza.xlsx,optimalizace,f,a,VTI_02,0.8000000000000002
43,60,507.533333333333,35,20240326,35-CF_20240326_optimalizace_vanza.xlsx,optimalizace,f,a,VTI_02,0.8000000000000002
44,0,340,35,20240326,35-CF_20240326_optimalizace_vanza.xlsx,optimalizace,f,b,VTI_02,0.8000000000000002
44,10,410.390243902439,35,20240326,35-CF_20240326_optimalizace_vanza.xlsx,optimalizace,f,b,VTI_02,0.8000000000000002
44,20,537.829268292683,35,20240326,35-CF_20240326_optimalizace_vanza.xlsx,optimalizace,f,b,VTI_02,0.8000000000000002
44,30,627.487804878048,35,20240326,35-CF_20240326_optimalizace_vanza.xlsx,optimalizace,f,b,VTI_02,0.8000000000000002
44,40,650.209302325581,35,20240326,35-CF_20240326_optimalizace_vanza.xlsx,optimalizace,f,b,VTI_02,0.8000000000000002
44,50,701.619047619047,35,20240326,35-CF_20240326_optimalizace_vanza.xlsx,optimalizace,f,b,VTI_02,0.8000000000000002
44,60,705,35,20240326,35-CF_20240326_optimalizace_vanza.xlsx,optimalizace,f,b,VTI_02,0.8000000000000002
45,0,257.620689655172,35,20240326,35-CF_20240326_optimalizace_vanza.xlsx,optimalizace,g,a,VTI_02,2
45,10,334.466666666666,35,20240326,35-CF_20240326_optimalizace_vanza.xlsx,optimalizace,g,a,VTI_02,2
45,20,401.733333333333,35,20240326,35-CF_20240326_optimalizace_vanza.xlsx,optimalizace,g,a,VTI_02,2
45,30,479.551724137931,35,20240326,35-CF_20240326_optimalizace_vanza.xlsx,optimalizace,g,a,VTI_02,2
45,40,509.666666666666,35,20240326,35-CF_20240326_optimalizace_vanza.xlsx,optimalizace,g,a,VTI_02,2
45,50,522.3,35,20240326,35-CF_20240326_optimalizace_vanza.xlsx,optimalizace,g,a,VTI_02,2
45,60,482.59375,35,20240326,35-CF_20240326_optimalizace_vanza.xlsx,optimalizace,g,a,VTI_02,2
46,0,314.75,35,20240326,35-CF_20240326_optimalizace_vanza.xlsx,optimalizace,g,b,VTI_02,2
46,10,368.4375,35,20240326,35-CF_20240326_optimalizace_vanza.xlsx,optimalizace,g,b,VTI_02,2
46,20,463.3125,35,20240326,35-CF_20240326_optimalizace_vanza.xlsx,optimalizace,g,b,VTI_02,2
46,30,551.322580645161,35,20240326,35-CF_20240326_optimalizace_vanza.xlsx,optimalizace,g,b,VTI_02,2
46,40,566.575757575757,35,20240326,35-CF_20240326_optimalizace_vanza.xlsx,optimalizace,g,b,VTI_02,2
46,50,664.275862068965,35,20240326,35-CF_20240326_optimalizace_vanza.xlsx,optimalizace,g,b,VTI_02,2
46,60,647.344827586206,35,20240326,35-CF_20240326_optimalizace_vanza.xlsx,optimalizace,g,b,VTI_02,2
47,0,334.552631578947,35,20240326,35-CF_20240326_optimalizace_vanza.xlsx,optimalizace,h,a,VTI_02,5
47,10,480.081081081081,35,20240326,35-CF_20240326_optimalizace_vanza.xlsx,optimalizace,h,a,VTI_02,5
47,20,568.578947368421,35,20240326,35-CF_20240326_optimalizace_vanza.xlsx,optimalizace,h,a,VTI_02,5
47,30,672.162162162162,35,20240326,35-CF_20240326_optimalizace_vanza.xlsx,optimalizace,h,a,VTI_02,5
47,40,753.777777777777,35,20240326,35-CF_20240326_optimalizace_vanza.xlsx,optimalizace,h,a,VTI_02,5
47,50,789.111111111111,35,20240326,35-CF_20240326_optimalizace_vanza.xlsx,optimalizace,h,a,VTI_02,5
47,60,811,35,20240326,35-CF_20240326_optimalizace_vanza.xlsx,optimalizace,h,a,VTI_02,5
48,0,307,35,20240326,35-CF_20240326_optimalizace_vanza.xlsx,optimalizace,h,b,VTI_02,5
48,10,418.818181818181,35,20240326,35-CF_20240326_optimalizace_vanza.xlsx,optimalizace,h,b,VTI_02,5
48,20,441.48,35,20240326,35-CF_20240326_optimalizace_vanza.xlsx,optimalizace,h,b,VTI_02,5
48,30,596,35,20240326,35-CF_20240326_optimalizace_vanza.xlsx,optimalizace,h,b,VTI_02,5
48,40,617.954545454545,35,20240326,35-CF_20240326_optimalizace_vanza.xlsx,optimalizace,h,b,VTI_02,5
48,50,635.454545454545,35,20240326,35-CF_20240326_optimalizace_vanza.xlsx,optimalizace,h,b,VTI_02,5
48,60,648.454545454545,35,20240326,35-CF_20240326_optimalizace_vanza.xlsx,optimalizace,h,b,VTI_02,5
49,0,312.296296296296,35,20240326,35-CF_20240326_optimalizace_vanza.xlsx,optimalizace,a,a,VTI_002,0.008192000000000003
49,10,310.962962962963,35,20240326,35-CF_20240326_optimalizace_vanza.xlsx,optimalizace,a,a,VTI_002,0.008192000000000003
49,20,342.346153846153,35,20240326,35-CF_20240326_optimalizace_vanza.xlsx,optimalizace,a,a,VTI_002,0.008192000000000003
49,30,352.444444444444,35,20240326,35-CF_20240326_optimalizace_vanza.xlsx,optimalizace,a,a,VTI_002,0.008192000000000003
49,40,377.629629629629,35,20240326,35-CF_20240326_optimalizace_vanza.xlsx,optimalizace,a,a,VTI_002,0.008192000000000003
49,50,406.814814814814,35,20240326,35-CF_20240326_optimalizace_vanza.xlsx,optimalizace,a,a,VTI_002,0.008192000000000003
49,60,448.230769230769,35,20240326,35-CF_20240326_optimalizace_vanza.xlsx,optimalizace,a,a,VTI_002,0.008192000000000003
50,0,372.035714285714,35,20240326,35-CF_20240326_optimalizace_vanza.xlsx,optimalizace,a,b,VTI_002,0.008192000000000003
50,10,387.777777777777,35,20240326,35-CF_20240326_optimalizace_vanza.xlsx,optimalizace,a,b,VTI_002,0.008192000000000003
50,20,397.571428571428,35,20240326,35-CF_20240326_optimalizace_vanza.xlsx,optimalizace,a,b,VTI_002,0.008192000000000003
50,30,425.071428571428,35,20240326,35-CF_20240326_optimalizace_vanza.xlsx,optimalizace,a,b,VTI_002,0.008192000000000003
50,40,460.214285714285,35,20240326,35-CF_20240326_optimalizace_vanza.xlsx,optimalizace,a,b,VTI_002,0.008192000000000003
50,50,500.964285714285,35,20240326,35-CF_20240326_optimalizace_vanza.xlsx,optimalizace,a,b,VTI_002,0.008192000000000003
50,60,513.137931034482,35,20240326,35-CF_20240326_optimalizace_vanza.xlsx,optimalizace,a,b,VTI_002,0.008192000000000003
51,0,270.285714285714,35,20240326,35-CF_20240326_optimalizace_vanza.xlsx,optimalizace,b,a,VTI_002,0.02048000000000001
51,10,270.392857142857,35,20240326,35-CF_20240326_optimalizace_vanza.xlsx,optimalizace,b,a,VTI_002,0.02048000000000001
51,20,290.321428571428,35,20240326,35-CF_20240326_optimalizace_vanza.xlsx,optimalizace,b,a,VTI_002,0.02048000000000001
51,30,326.407407407407,35,20240326,35-CF_20240326_optimalizace_vanza.xlsx,optimalizace,b,a,VTI_002,0.02048000000000001
51,40,351.535714285714,35,20240326,35-CF_20240326_optimalizace_vanza.xlsx,optimalizace,b,a,VTI_002,0.02048000000000001
51,50,400.925925925925,35,20240326,35-CF_20240326_optimalizace_vanza.xlsx,optimalizace,b,a,VTI_002,0.02048000000000001
51,60,426.555555555555,35,20240326,35-CF_20240326_optimalizace_vanza.xlsx,optimalizace,b,a,VTI_002,0.02048000000000001
52,0,322.53125,35,20240326,35-CF_20240326_optimalizace_vanza.xlsx,optimalizace,b,b,VTI_002,0.02048000000000001
52,10,319.60606060606,35,20240326,35-CF_20240326_optimalizace_vanza.xlsx,optimalizace,b,b,VTI_002,0.02048000000000001
52,20,352.6875,35,20240326,35-CF_20240326_optimalizace_vanza.xlsx,optimalizace,b,b,VTI_002,0.02048000000000001
52,30,382.515151515151,35,20240326,35-CF_20240326_optimalizace_vanza.xlsx,optimalizace,b,b,VTI_002,0.02048000000000001
52,40,440.78125,35,20240326,35-CF_20240326_optimalizace_vanza.xlsx,optimalizace,b,b,VTI_002,0.02048000000000001
52,50,466.941176470588,35,20240326,35-CF_20240326_optimalizace_vanza.xlsx,optimalizace,b,b,VTI_002,0.02048000000000001
52,60,517,35,20240326,35-CF_20240326_optimalizace_vanza.xlsx,optimalizace,b,b,VTI_002,0.02048000000000001
53,0,327.296296296296,35,20240326,35-CF_20240326_optimalizace_vanza.xlsx,optimalizace,c,a,VTI_002,0.05120000000000001
53,10,319.535714285714,35,20240326,35-CF_20240326_optimalizace_vanza.xlsx,optimalizace,c,a,VTI_002,0.05120000000000001
53,20,373.592592592592,35,20240326,35-CF_20240326_optimalizace_vanza.xlsx,optimalizace,c,a,VTI_002,0.05120000000000001
53,30,434.178571428571,35,20240326,35-CF_20240326_optimalizace_vanza.xlsx,optimalizace,c,a,VTI_002,0.05120000000000001
53,40,507.678571428571,35,20240326,35-CF_20240326_optimalizace_vanza.xlsx,optimalizace,c,a,VTI_002,0.05120000000000001
53,50,575.222222222222,35,20240326,35-CF_20240326_optimalizace_vanza.xlsx,optimalizace,c,a,VTI_002,0.05120000000000001
53,60,593.925925925926,35,20240326,35-CF_20240326_optimalizace_vanza.xlsx,optimalizace,c,a,VTI_002,0.05120000000000001
54,0,301.755555555555,35,20240326,35-CF_20240326_optimalizace_vanza.xlsx,optimalizace,c,b,VTI_002,0.05120000000000001
54,10,301.840909090909,35,20240326,35-CF_20240326_optimalizace_vanza.xlsx,optimalizace,c,b,VTI_002,0.05120000000000001
54,20,342.325581395348,35,20240326,35-CF_20240326_optimalizace_vanza.xlsx,optimalizace,c,b,VTI_002,0.05120000000000001
54,30,398.386363636363,35,20240326,35-CF_20240326_optimalizace_vanza.xlsx,optimalizace,c,b,VTI_002,0.05120000000000001
54,40,444.369565217391,35,20240326,35-CF_20240326_optimalizace_vanza.xlsx,optimalizace,c,b,VTI_002,0.05120000000000001
54,50,496.755555555555,35,20240326,35-CF_20240326_optimalizace_vanza.xlsx,optimalizace,c,b,VTI_002,0.05120000000000001
54,60,512.727272727272,35,20240326,35-CF_20240326_optimalizace_vanza.xlsx,optimalizace,c,b,VTI_002,0.05120000000000001
55,0,285.111111111111,35,20240326,35-CF_20240326_optimalizace_vanza.xlsx,optimalizace,d,a,VTI_002,0.12800000000000003
55,10,310.307692307692,35,20240326,35-CF_20240326_optimalizace_vanza.xlsx,optimalizace,d,a,VTI_002,0.12800000000000003
55,20,410.576923076923,35,20240326,35-CF_20240326_optimalizace_vanza.xlsx,optimalizace,d,a,VTI_002,0.12800000000000003
55,30,507.461538461538,35,20240326,35-CF_20240326_optimalizace_vanza.xlsx,optimalizace,d,a,VTI_002,0.12800000000000003
55,40,576.115384615384,35,20240326,35-CF_20240326_optimalizace_vanza.xlsx,optimalizace,d,a,VTI_002,0.12800000000000003
55,50,589.444444444444,35,20240326,35-CF_20240326_optimalizace_vanza.xlsx,optimalizace,d,a,VTI_002,0.12800000000000003
55,60,590.962962962962,35,20240326,35-CF_20240326_optimalizace_vanza.xlsx,optimalizace,d,a,VTI_002,0.12800000000000003
56,0,262.03448275862,35,20240326,35-CF_20240326_optimalizace_vanza.xlsx,optimalizace,d,b,VTI_002,0.12800000000000003
56,10,271.387096774193,35,20240326,35-CF_20240326_optimalizace_vanza.xlsx,optimalizace,d,b,VTI_002,0.12800000000000003
56,20,397.413793103448,35,20240326,35-CF_20240326_optimalizace_vanza.xlsx,optimalizace,d,b,VTI_002,0.12800000000000003
56,30,468.689655172413,35,20240326,35-CF_20240326_optimalizace_vanza.xlsx,optimalizace,d,b,VTI_002,0.12800000000000003
56,40,506.275862068965,35,20240326,35-CF_20240326_optimalizace_vanza.xlsx,optimalizace,d,b,VTI_002,0.12800000000000003
56,50,530.642857142857,35,20240326,35-CF_20240326_optimalizace_vanza.xlsx,optimalizace,d,b,VTI_002,0.12800000000000003
56,60,501.931034482758,35,20240326,35-CF_20240326_optimalizace_vanza.xlsx,optimalizace,d,b,VTI_002,0.12800000000000003
57,0,344.914285714285,35,20240326,35-CF_20240326_optimalizace_vanza.xlsx,optimalizace,e,a,VTI_002,0.32000000000000006
57,10,414.771428571428,35,20240326,35-CF_20240326_optimalizace_vanza.xlsx,optimalizace,e,a,VTI_002,0.32000000000000006
57,20,579.323529411764,35,20240326,35-CF_20240326_optimalizace_vanza.xlsx,optimalizace,e,a,VTI_002,0.32000000000000006
57,30,667.885714285714,35,20240326,35-CF_20240326_optimalizace_vanza.xlsx,optimalizace,e,a,VTI_002,0.32000000000000006
57,40,745.617647058823,35,20240326,35-CF_20240326_optimalizace_vanza.xlsx,optimalizace,e,a,VTI_002,0.32000000000000006
57,50,764.705882352941,35,20240326,35-CF_20240326_optimalizace_vanza.xlsx,optimalizace,e,a,VTI_002,0.32000000000000006
57,60,753.088235294117,35,20240326,35-CF_20240326_optimalizace_vanza.xlsx,optimalizace,e,a,VTI_002,0.32000000000000006
58,0,363,35,20240326,35-CF_20240326_optimalizace_vanza.xlsx,optimalizace,e,b,VTI_002,0.32000000000000006
58,10,386.26923076923,35,20240326,35-CF_20240326_optimalizace_vanza.xlsx,optimalizace,e,b,VTI_002,0.32000000000000006
58,20,527.703703703703,35,20240326,35-CF_20240326_optimalizace_vanza.xlsx,optimalizace,e,b,VTI_002,0.32000000000000006
58,30,622.222222222222,35,20240326,35-CF_20240326_optimalizace_vanza.xlsx,optimalizace,e,b,VTI_002,0.32000000000000006
58,40,690.192307692307,35,20240326,35-CF_20240326_optimalizace_vanza.xlsx,optimalizace,e,b,VTI_002,0.32000000000000006
58,50,667.592592592592,35,20240326,35-CF_20240326_optimalizace_vanza.xlsx,optimalizace,e,b,VTI_002,0.32000000000000006
58,60,652.296296296296,35,20240326,35-CF_20240326_optimalizace_vanza.xlsx,optimalizace,e,b,VTI_002,0.32000000000000006
59,0,304,35,20240326,35-CF_20240326_optimalizace_vanza.xlsx,optimalizace,f,a,VTI_002,0.8000000000000002
59,10,338.2,35,20240326,35-CF_20240326_optimalizace_vanza.xlsx,optimalizace,f,a,VTI_002,0.8000000000000002
59,20,444.12,35,20240326,35-CF_20240326_optimalizace_vanza.xlsx,optimalizace,f,a,VTI_002,0.8000000000000002
59,30,513.56,35,20240326,35-CF_20240326_optimalizace_vanza.xlsx,optimalizace,f,a,VTI_002,0.8000000000000002
59,40,563.24,35,20240326,35-CF_20240326_optimalizace_vanza.xlsx,optimalizace,f,a,VTI_002,0.8000000000000002
59,50,581.6,35,20240326,35-CF_20240326_optimalizace_vanza.xlsx,optimalizace,f,a,VTI_002,0.8000000000000002
59,60,595.28,35,20240326,35-CF_20240326_optimalizace_vanza.xlsx,optimalizace,f,a,VTI_002,0.8000000000000002
60,0,339.387096774193,35,20240326,35-CF_20240326_optimalizace_vanza.xlsx,optimalizace,f,b,VTI_002,0.8000000000000002
60,10,369,35,20240326,35-CF_20240326_optimalizace_vanza.xlsx,optimalizace,f,b,VTI_002,0.8000000000000002
60,20,520.53125,35,20240326,35-CF_20240326_optimalizace_vanza.xlsx,optimalizace,f,b,VTI_002,0.8000000000000002
60,30,660.866666666666,35,20240326,35-CF_20240326_optimalizace_vanza.xlsx,optimalizace,f,b,VTI_002,0.8000000000000002
60,40,769,35,20240326,35-CF_20240326_optimalizace_vanza.xlsx,optimalizace,f,b,VTI_002,0.8000000000000002
60,50,841.285714285714,35,20240326,35-CF_20240326_optimalizace_vanza.xlsx,optimalizace,f,b,VTI_002,0.8000000000000002
60,60,820.655172413793,35,20240326,35-CF_20240326_optimalizace_vanza.xlsx,optimalizace,f,b,VTI_002,0.8000000000000002
61,0,322.96,35,20240326,35-CF_20240326_optimalizace_vanza.xlsx,optimalizace,g,a,VTI_002,2
61,10,423.222222222222,35,20240326,35-CF_20240326_optimalizace_vanza.xlsx,optimalizace,g,a,VTI_002,2
61,20,477.172413793103,35,20240326,35-CF_20240326_optimalizace_vanza.xlsx,optimalizace,g,a,VTI_002,2
61,30,547.275862068965,35,20240326,35-CF_20240326_optimalizace_vanza.xlsx,optimalizace,g,a,VTI_002,2
61,40,583.931034482758,35,20240326,35-CF_20240326_optimalizace_vanza.xlsx,optimalizace,g,a,VTI_002,2
61,50,586.433333333333,35,20240326,35-CF_20240326_optimalizace_vanza.xlsx,optimalizace,g,a,VTI_002,2
61,60,573.193548387096,35,20240326,35-CF_20240326_optimalizace_vanza.xlsx,optimalizace,g,a,VTI_002,2
62,0,322.633333333333,35,20240326,35-CF_20240326_optimalizace_vanza.xlsx,optimalizace,g,b,VTI_002,2
62,10,437.15625,35,20240326,35-CF_20240326_optimalizace_vanza.xlsx,optimalizace,g,b,VTI_002,2
62,20,508.176470588235,35,20240326,35-CF_20240326_optimalizace_vanza.xlsx,optimalizace,g,b,VTI_002,2
62,30,608.575757575757,35,20240326,35-CF_20240326_optimalizace_vanza.xlsx,optimalizace,g,b,VTI_002,2
62,40,659.636363636363,35,20240326,35-CF_20240326_optimalizace_vanza.xlsx,optimalizace,g,b,VTI_002,2
62,50,653.571428571428,35,20240326,35-CF_20240326_optimalizace_vanza.xlsx,optimalizace,g,b,VTI_002,2
62,60,622.75,35,20240326,35-CF_20240326_optimalizace_vanza.xlsx,optimalizace,g,b,VTI_002,2
63,0,252.272727272727,35,20240326,35-CF_20240326_optimalizace_vanza.xlsx,optimalizace,h,a,VTI_002,5
63,10,340.235294117647,35,20240326,35-CF_20240326_optimalizace_vanza.xlsx,optimalizace,h,a,VTI_002,5
63,20,398.485714285714,35,20240326,35-CF_20240326_optimalizace_vanza.xlsx,optimalizace,h,a,VTI_002,5
63,30,468.558823529411,35,20240326,35-CF_20240326_optimalizace_vanza.xlsx,optimalizace,h,a,VTI_002,5
63,40,530.8125,35,20240326,35-CF_20240326_optimalizace_vanza.xlsx,optimalizace,h,a,VTI_002,5
63,50,536.272727272727,35,20240326,35-CF_20240326_optimalizace_vanza.xlsx,optimalizace,h,a,VTI_002,5
63,60,553.969696969697,35,20240326,35-CF_20240326_optimalizace_vanza.xlsx,optimalizace,h,a,VTI_002,5
64,0,279.466666666666,35,20240326,35-CF_20240326_optimalizace_vanza.xlsx,optimalizace,h,b,VTI_002,5
64,10,401.838709677419,35,20240326,35-CF_20240326_optimalizace_vanza.xlsx,optimalizace,h,b,VTI_002,5
64,20,504.433333333333,35,20240326,35-CF_20240326_optimalizace_vanza.xlsx,optimalizace,h,b,VTI_002,5
64,30,531.30303030303,35,20240326,35-CF_20240326_optimalizace_vanza.xlsx,optimalizace,h,b,VTI_002,5
64,40,607.387096774193,35,20240326,35-CF_20240326_optimalizace_vanza.xlsx,optimalizace,h,b,VTI_002,5
64,50,577.878787878787,35,20240326,35-CF_20240326_optimalizace_vanza.xlsx,optimalizace,h,b,VTI_002,5
64,60,540.8,35,20240326,35-CF_20240326_optimalizace_vanza.xlsx,optimalizace,h,b,VTI_002,5
65,0,326.0625,35,20240326,35-CF_20240326_optimalizace_vanza.xlsx,optimalizace,1,a,FskOnly,0.008192000000000003
65,10,330.354838709677,35,20240326,35-CF_20240326_optimalizace_vanza.xlsx,optimalizace,1,a,FskOnly,0.008192000000000003
65,20,325.875,35,20240326,35-CF_20240326_optimalizace_vanza.xlsx,optimalizace,1,a,FskOnly,0.008192000000000003
65,30,344.466666666666,35,20240326,35-CF_20240326_optimalizace_vanza.xlsx,optimalizace,1,a,FskOnly,0.008192000000000003
65,40,320.9375,35,20240326,35-CF_20240326_optimalizace_vanza.xlsx,optimalizace,1,a,FskOnly,0.008192000000000003
65,50,342.133333333333,35,20240326,35-CF_20240326_optimalizace_vanza.xlsx,optimalizace,1,a,FskOnly,0.008192000000000003
65,60,340.833333333333,35,20240326,35-CF_20240326_optimalizace_vanza.xlsx,optimalizace,1,a,FskOnly,0.008192000000000003
66,0,341.5,35,20240326,35-CF_20240326_optimalizace_vanza.xlsx,optimalizace,1,b,FskOnly,0.008192000000000003
66,10,339.882352941176,35,20240326,35-CF_20240326_optimalizace_vanza.xlsx,optimalizace,1,b,FskOnly,0.008192000000000003
66,20,338.371428571428,35,20240326,35-CF_20240326_optimalizace_vanza.xlsx,optimalizace,1,b,FskOnly,0.008192000000000003
66,30,336.771428571428,35,20240326,35-CF_20240326_optimalizace_vanza.xlsx,optimalizace,1,b,FskOnly,0.008192000000000003
66,40,346.970588235294,35,20240326,35-CF_20240326_optimalizace_vanza.xlsx,optimalizace,1,b,FskOnly,0.008192000000000003
66,50,327.944444444444,35,20240326,35-CF_20240326_optimalizace_vanza.xlsx,optimalizace,1,b,FskOnly,0.008192000000000003
66,60,350.090909090909,35,20240326,35-CF_20240326_optimalizace_vanza.xlsx,optimalizace,1,b,FskOnly,0.008192000000000003
67,0,283.071428571428,35,20240326,35-CF_20240326_optimalizace_vanza.xlsx,optimalizace,2,a,FskOnly,0.02048000000000001
67,10,292.74074074074,35,20240326,35-CF_20240326_optimalizace_vanza.xlsx,optimalizace,2,a,FskOnly,0.02048000000000001
67,20,285.75,35,20240326,35-CF_20240326_optimalizace_vanza.xlsx,optimalizace,2,a,FskOnly,0.02048000000000001
67,30,278.827586206896,35,20240326,35-CF_20240326_optimalizace_vanza.xlsx,optimalizace,2,a,FskOnly,0.02048000000000001
67,40,284.964285714285,35,20240326,35-CF_20240326_optimalizace_vanza.xlsx,optimalizace,2,a,FskOnly,0.02048000000000001
67,50,283.714285714285,35,20240326,35-CF_20240326_optimalizace_vanza.xlsx,optimalizace,2,a,FskOnly,0.02048000000000001
67,60,282.035714285714,35,20240326,35-CF_20240326_optimalizace_vanza.xlsx,optimalizace,2,a,FskOnly,0.02048000000000001
68,0,360.45,35,20240326,35-CF_20240326_optimalizace_vanza.xlsx,optimalizace,2,b,FskOnly,0.02048000000000001
68,10,362.35,35,20240326,35-CF_20240326_optimalizace_vanza.xlsx,optimalizace,2,b,FskOnly,0.02048000000000001
68,20,361.05,35,20240326,35-CF_20240326_optimalizace_vanza.xlsx,optimalizace,2,b,FskOnly,0.02048000000000001
68,30,361.35,35,20240326,35-CF_20240326_optimalizace_vanza.xlsx,optimalizace,2,b,FskOnly,0.02048000000000001
68,40,360.3,35,20240326,35-CF_20240326_optimalizace_vanza.xlsx,optimalizace,2,b,FskOnly,0.02048000000000001
68,50,357.6,35,20240326,35-CF_20240326_optimalizace_vanza.xlsx,optimalizace,2,b,FskOnly,0.02048000000000001
68,60,357.75,35,20240326,35-CF_20240326_optimalizace_vanza.xlsx,optimalizace,2,b,FskOnly,0.02048000000000001
69,0,270.555555555555,35,20240326,35-CF_20240326_optimalizace_vanza.xlsx,optimalizace,3,a,FskOnly,0.05120000000000001
69,10,252.566666666666,35,20240326,35-CF_20240326_optimalizace_vanza.xlsx,optimalizace,3,a,FskOnly,0.05120000000000001
69,20,273.222222222222,35,20240326,35-CF_20240326_optimalizace_vanza.xlsx,optimalizace,3,a,FskOnly,0.05120000000000001
69,30,266.214285714285,35,20240326,35-CF_20240326_optimalizace_vanza.xlsx,optimalizace,3,a,FskOnly,0.05120000000000001
69,40,243.354838709677,35,20240326,35-CF_20240326_optimalizace_vanza.xlsx,optimalizace,3,a,FskOnly,0.05120000000000001
69,50,255.931034482758,35,20240326,35-CF_20240326_optimalizace_vanza.xlsx,optimalizace,3,a,FskOnly,0.05120000000000001
69,60,260.464285714285,35,20240326,35-CF_20240326_optimalizace_vanza.xlsx,optimalizace,3,a,FskOnly,0.05120000000000001
70,0,255.448275862068,35,20240326,35-CF_20240326_optimalizace_vanza.xlsx,optimalizace,3,b,FskOnly,0.05120000000000001
70,10,264.357142857142,35,20240326,35-CF_20240326_optimalizace_vanza.xlsx,optimalizace,3,b,FskOnly,0.05120000000000001
70,20,258.172413793103,35,20240326,35-CF_20240326_optimalizace_vanza.xlsx,optimalizace,3,b,FskOnly,0.05120000000000001
70,30,256.655172413793,35,20240326,35-CF_20240326_optimalizace_vanza.xlsx,optimalizace,3,b,FskOnly,0.05120000000000001
70,40,262.464285714285,35,20240326,35-CF_20240326_optimalizace_vanza.xlsx,optimalizace,3,b,FskOnly,0.05120000000000001
70,50,255.413793103448,35,20240326,35-CF_20240326_optimalizace_vanza.xlsx,optimalizace,3,b,FskOnly,0.05120000000000001
70,60,261.607142857142,35,20240326,35-CF_20240326_optimalizace_vanza.xlsx,optimalizace,3,b,FskOnly,0.05120000000000001
71,0,227.607142857142,35,20240326,35-CF_20240326_optimalizace_vanza.xlsx,optimalizace,4,a,FskOnly,0.12800000000000003
71,10,228.071428571428,35,20240326,35-CF_20240326_optimalizace_vanza.xlsx,optimalizace,4,a,FskOnly,0.12800000000000003
71,20,227.678571428571,35,20240326,35-CF_20240326_optimalizace_vanza.xlsx,optimalizace,4,a,FskOnly,0.12800000000000003
71,30,227.678571428571,35,20240326,35-CF_20240326_optimalizace_vanza.xlsx,optimalizace,4,a,FskOnly,0.12800000000000003
71,40,218.75,35,20240326,35-CF_20240326_optimalizace_vanza.xlsx,optimalizace,4,a,FskOnly,0.12800000000000003
71,50,212.586206896551,35,20240326,35-CF_20240326_optimalizace_vanza.xlsx,optimalizace,4,a,FskOnly,0.12800000000000003
71,60,211.344827586206,35,20240326,35-CF_20240326_optimalizace_vanza.xlsx,optimalizace,4,a,FskOnly,0.12800000000000003
72,0,295.5,35,20240326,35-CF_20240326_optimalizace_vanza.xlsx,optimalizace,4,b,FskOnly,0.12800000000000003
72,10,299.727272727272,35,20240326,35-CF_20240326_optimalizace_vanza.xlsx,optimalizace,4,b,FskOnly,0.12800000000000003
72,20,297.60606060606,35,20240326,35-CF_20240326_optimalizace_vanza.xlsx,optimalizace,4,b,FskOnly,0.12800000000000003
72,30,299.30303030303,35,20240326,35-CF_20240326_optimalizace_vanza.xlsx,optimalizace,4,b,FskOnly,0.12800000000000003
72,40,294.151515151515,35,20240326,35-CF_20240326_optimalizace_vanza.xlsx,optimalizace,4,b,FskOnly,0.12800000000000003
72,50,293.272727272727,35,20240326,35-CF_20240326_optimalizace_vanza.xlsx,optimalizace,4,b,FskOnly,0.12800000000000003
72,60,287.575757575757,35,20240326,35-CF_20240326_optimalizace_vanza.xlsx,optimalizace,4,b,FskOnly,0.12800000000000003
73,0,255.151515151515,35,20240326,35-CF_20240326_optimalizace_vanza.xlsx,optimalizace,5,a,FskOnly,0.32000000000000006
73,10,253.696969696969,35,20240326,35-CF_20240326_optimalizace_vanza.xlsx,optimalizace,5,a,FskOnly,0.32000000000000006
73,20,254.71875,35,20240326,35-CF_20240326_optimalizace_vanza.xlsx,optimalizace,5,a,FskOnly,0.32000000000000006
73,30,256.5625,35,20240326,35-CF_20240326_optimalizace_vanza.xlsx,optimalizace,5,a,FskOnly,0.32000000000000006
73,40,254.0625,35,20240326,35-CF_20240326_optimalizace_vanza.xlsx,optimalizace,5,a,FskOnly,0.32000000000000006
73,50,247.393939393939,35,20240326,35-CF_20240326_optimalizace_vanza.xlsx,optimalizace,5,a,FskOnly,0.32000000000000006
73,60,249.53125,35,20240326,35-CF_20240326_optimalizace_vanza.xlsx,optimalizace,5,a,FskOnly,0.32000000000000006
74,0,263.36,35,20240326,35-CF_20240326_optimalizace_vanza.xlsx,optimalizace,5,b,FskOnly,0.32000000000000006
74,10,240.5,35,20240326,35-CF_20240326_optimalizace_vanza.xlsx,optimalizace,5,b,FskOnly,0.32000000000000006
74,20,253.115384615384,35,20240326,35-CF_20240326_optimalizace_vanza.xlsx,optimalizace,5,b,FskOnly,0.32000000000000006
74,30,239.629629629629,35,20240326,35-CF_20240326_optimalizace_vanza.xlsx,optimalizace,5,b,FskOnly,0.32000000000000006
74,40,257.24,35,20240326,35-CF_20240326_optimalizace_vanza.xlsx,optimalizace,5,b,FskOnly,0.32000000000000006
74,50,250.64,35,20240326,35-CF_20240326_optimalizace_vanza.xlsx,optimalizace,5,b,FskOnly,0.32000000000000006
74,60,254.291666666666,35,20240326,35-CF_20240326_optimalizace_vanza.xlsx,optimalizace,5,b,FskOnly,0.32000000000000006
75,0,302.475,35,20240326,35-CF_20240326_optimalizace_vanza.xlsx,optimalizace,6,a,FskOnly,0.8000000000000002
75,10,311.28947368421,35,20240326,35-CF_20240326_optimalizace_vanza.xlsx,optimalizace,6,a,FskOnly,0.8000000000000002
75,20,315.842105263157,35,20240326,35-CF_20240326_optimalizace_vanza.xlsx,optimalizace,6,a,FskOnly,0.8000000000000002
75,30,314.205128205128,35,20240326,35-CF_20240326_optimalizace_vanza.xlsx,optimalizace,6,a,FskOnly,0.8000000000000002
75,40,318.526315789473,35,20240326,35-CF_20240326_optimalizace_vanza.xlsx,optimalizace,6,a,FskOnly,0.8000000000000002
75,50,326.243243243243,35,20240326,35-CF_20240326_optimalizace_vanza.xlsx,optimalizace,6,a,FskOnly,0.8000000000000002
75,60,330.944444444444,35,20240326,35-CF_20240326_optimalizace_vanza.xlsx,optimalizace,6,a,FskOnly,0.8000000000000002
76,0,236.481481481481,35,20240326,35-CF_20240326_optimalizace_vanza.xlsx,optimalizace,6,b,FskOnly,0.8000000000000002
76,10,235.333333333333,35,20240326,35-CF_20240326_optimalizace_vanza.xlsx,optimalizace,6,b,FskOnly,0.8000000000000002
76,20,237.814814814814,35,20240326,35-CF_20240326_optimalizace_vanza.xlsx,optimalizace,6,b,FskOnly,0.8000000000000002
76,30,241.37037037037,35,20240326,35-CF_20240326_optimalizace_vanza.xlsx,optimalizace,6,b,FskOnly,0.8000000000000002
76,40,241.629629629629,35,20240326,35-CF_20240326_optimalizace_vanza.xlsx,optimalizace,6,b,FskOnly,0.8000000000000002
76,50,241.074074074074,35,20240326,35-CF_20240326_optimalizace_vanza.xlsx,optimalizace,6,b,FskOnly,0.8000000000000002
76,60,242.851851851851,35,20240326,35-CF_20240326_optimalizace_vanza.xlsx,optimalizace,6,b,FskOnly,0.8000000000000002
77,0,256.315789473684,35,20240326,35-CF_20240326_optimalizace_vanza.xlsx,optimalizace,7,a,FskOnly,2
77,10,253.666666666666,35,20240326,35-CF_20240326_optimalizace_vanza.xlsx,optimalizace,7,a,FskOnly,2
77,20,282.222222222222,35,20240326,35-CF_20240326_optimalizace_vanza.xlsx,optimalizace,7,a,FskOnly,2
77,30,286.648648648648,35,20240326,35-CF_20240326_optimalizace_vanza.xlsx,optimalizace,7,a,FskOnly,2
77,40,293.621621621621,35,20240326,35-CF_20240326_optimalizace_vanza.xlsx,optimalizace,7,a,FskOnly,2
77,50,299,35,20240326,35-CF_20240326_optimalizace_vanza.xlsx,optimalizace,7,a,FskOnly,2
77,60,302.216216216216,35,20240326,35-CF_20240326_optimalizace_vanza.xlsx,optimalizace,7,a,FskOnly,2
78,0,249.730769230769,35,20240326,35-CF_20240326_optimalizace_vanza.xlsx,optimalizace,7,b,FskOnly,2
78,10,250.037037037037,35,20240326,35-CF_20240326_optimalizace_vanza.xlsx,optimalizace,7,b,FskOnly,2
78,20,256.925925925925,35,20240326,35-CF_20240326_optimalizace_vanza.xlsx,optimalizace,7,b,FskOnly,2
78,30,262.814814814814,35,20240326,35-CF_20240326_optimalizace_vanza.xlsx,optimalizace,7,b,FskOnly,2
78,40,266.814814814814,35,20240326,35-CF_20240326_optimalizace_vanza.xlsx,optimalizace,7,b,FskOnly,2
78,50,270.333333333333,35,20240326,35-CF_20240326_optimalizace_vanza.xlsx,optimalizace,7,b,FskOnly,2
78,60,272.074074074074,35,20240326,35-CF_20240326_optimalizace_vanza.xlsx,optimalizace,7,b,FskOnly,2
79,0,291,35,20240326,35-CF_20240326_optimalizace_vanza.xlsx,optimalizace,8,a,FskOnly,5
79,10,305.285714285714,35,20240326,35-CF_20240326_optimalizace_vanza.xlsx,optimalizace,8,a,FskOnly,5
79,20,336.2,35,20240326,35-CF_20240326_optimalizace_vanza.xlsx,optimalizace,8,a,FskOnly,5
79,30,354.85,35,20240326,35-CF_20240326_optimalizace_vanza.xlsx,optimalizace,8,a,FskOnly,5
79,40,362.1,35,20240326,35-CF_20240326_optimalizace_vanza.xlsx,optimalizace,8,a,FskOnly,5
79,50,371.15,35,20240326,35-CF_20240326_optimalizace_vanza.xlsx,optimalizace,8,a,FskOnly,5
79,60,376.5,35,20240326,35-CF_20240326_optimalizace_vanza.xlsx,optimalizace,8,a,FskOnly,5
80,0,337.128205128205,35,20240326,35-CF_20240326_optimalizace_vanza.xlsx,optimalizace,8,b,FskOnly,5
80,10,373.783783783783,35,20240326,35-CF_20240326_optimalizace_vanza.xlsx,optimalizace,8,b,FskOnly,5
80,20,381.421052631578,35,20240326,35-CF_20240326_optimalizace_vanza.xlsx,optimalizace,8,b,FskOnly,5
80,30,399.868421052631,35,20240326,35-CF_20240326_optimalizace_vanza.xlsx,optimalizace,8,b,FskOnly,5
80,40,423.54054054054,35,20240326,35-CF_20240326_optimalizace_vanza.xlsx,optimalizace,8,b,FskOnly,5
80,50,443.722222222222,35,20240326,35-CF_20240326_optimalizace_vanza.xlsx,optimalizace,8,b,FskOnly,5
80,60,451.333333333333,35,20240326,35-CF_20240326_optimalizace_vanza.xlsx,optimalizace,8,b,FskOnly,5
1,0,408.914285714285,40,20241121,40-CF_20241121.xlsx,std,1,a,ETI,0.008192000000000003
1,10,429.878787878787,40,20241121,40-CF_20241121.xlsx,std,1,a,ETI,0.008192000000000003
1,20,433.117647058823,40,20241121,40-CF_20241121.xlsx,std,1,a,ETI,0.008192000000000003
1,30,448.882352941176,40,20241121,40-CF_20241121.xlsx,std,1,a,ETI,0.008192000000000003
1,40,463.794117647058,40,20241121,40-CF_20241121.xlsx,std,1,a,ETI,0.008192000000000003
1,50,496.272727272727,40,20241121,40-CF_20241121.xlsx,std,1,a,ETI,0.008192000000000003
1,60,506.911764705882,40,20241121,40-CF_20241121.xlsx,std,1,a,ETI,0.008192000000000003
2,0,370.6,40,20241121,40-CF_20241121.xlsx,std,1,b,ETI,0.008192000000000003
2,10,373.35,40,20241121,40-CF_20241121.xlsx,std,1,b,ETI,0.008192000000000003
2,20,403.78947368421,40,20241121,40-CF_20241121.xlsx,std,1,b,ETI,0.008192000000000003
2,30,424.78947368421,40,20241121,40-CF_20241121.xlsx,std,1,b,ETI,0.008192000000000003
2,40,449.105263157894,40,20241121,40-CF_20241121.xlsx,std,1,b,ETI,0.008192000000000003
2,50,478.315789473684,40,20241121,40-CF_20241121.xlsx,std,1,b,ETI,0.008192000000000003
2,60,515.157894736842,40,20241121,40-CF_20241121.xlsx,std,1,b,ETI,0.008192000000000003
3,0,404.264705882352,40,20241121,40-CF_20241121.xlsx,std,2,a,ETI,0.02048000000000001
3,10,399.371428571428,40,20241121,40-CF_20241121.xlsx,std,2,a,ETI,0.02048000000000001
3,20,464.09375,40,20241121,40-CF_20241121.xlsx,std,2,a,ETI,0.02048000000000001
3,30,423.194444444444,40,20241121,40-CF_20241121.xlsx,std,2,a,ETI,0.02048000000000001
3,40,472.257142857142,40,20241121,40-CF_20241121.xlsx,std,2,a,ETI,0.02048000000000001
3,50,461,40,20241121,40-CF_20241121.xlsx,std,2,a,ETI,0.02048000000000001
3,60,491.135135135135,40,20241121,40-CF_20241121.xlsx,std,2,a,ETI,0.02048000000000001
4,0,451.620689655172,40,20241121,40-CF_20241121.xlsx,std,2,b,ETI,0.02048000000000001
4,10,460.793103448275,40,20241121,40-CF_20241121.xlsx,std,2,b,ETI,0.02048000000000001
4,20,522.555555555555,40,20241121,40-CF_20241121.xlsx,std,2,b,ETI,0.02048000000000001
4,30,519.137931034482,40,20241121,40-CF_20241121.xlsx,std,2,b,ETI,0.02048000000000001
4,40,550.620689655172,40,20241121,40-CF_20241121.xlsx,std,2,b,ETI,0.02048000000000001
4,50,633.296296296296,40,20241121,40-CF_20241121.xlsx,std,2,b,ETI,0.02048000000000001
4,60,655.428571428571,40,20241121,40-CF_20241121.xlsx,std,2,b,ETI,0.02048000000000001
5,0,386.037037037037,40,20241121,40-CF_20241121.xlsx,std,3,a,ETI,0.05120000000000001
5,10,393.814814814814,40,20241121,40-CF_20241121.xlsx,std,3,a,ETI,0.05120000000000001
5,20,446.153846153846,40,20241121,40-CF_20241121.xlsx,std,3,a,ETI,0.05120000000000001
5,30,489.192307692307,40,20241121,40-CF_20241121.xlsx,std,3,a,ETI,0.05120000000000001
5,40,506.888888888888,40,20241121,40-CF_20241121.xlsx,std,3,a,ETI,0.05120000000000001
5,50,566.307692307692,40,20241121,40-CF_20241121.xlsx,std,3,a,ETI,0.05120000000000001
5,60,611.115384615384,40,20241121,40-CF_20241121.xlsx,std,3,a,ETI,0.05120000000000001
6,0,393.083333333333,40,20241121,40-CF_20241121.xlsx,std,3,b,ETI,0.05120000000000001
6,10,444.125,40,20241121,40-CF_20241121.xlsx,std,3,b,ETI,0.05120000000000001
6,20,443.314285714285,40,20241121,40-CF_20241121.xlsx,std,3,b,ETI,0.05120000000000001
6,30,530.71875,40,20241121,40-CF_20241121.xlsx,std,3,b,ETI,0.05120000000000001
6,40,533.914285714285,40,20241121,40-CF_20241121.xlsx,std,3,b,ETI,0.05120000000000001
6,50,593.294117647058,40,20241121,40-CF_20241121.xlsx,std,3,b,ETI,0.05120000000000001
6,60,637.176470588235,40,20241121,40-CF_20241121.xlsx,std,3,b,ETI,0.05120000000000001
7,0,479.058823529411,40,20241121,40-CF_20241121.xlsx,std,4,a,ETI,0.12800000000000003
7,10,509.382352941176,40,20241121,40-CF_20241121.xlsx,std,4,a,ETI,0.12800000000000003
7,20,568.057142857142,40,20241121,40-CF_20241121.xlsx,std,4,a,ETI,0.12800000000000003
7,30,622.527777777777,40,20241121,40-CF_20241121.xlsx,std,4,a,ETI,0.12800000000000003
7,40,723.970588235294,40,20241121,40-CF_20241121.xlsx,std,4,a,ETI,0.12800000000000003
7,50,761.285714285714,40,20241121,40-CF_20241121.xlsx,std,4,a,ETI,0.12800000000000003
7,60,807.314285714285,40,20241121,40-CF_20241121.xlsx,std,4,a,ETI,0.12800000000000003
8,0,410.325,40,20241121,40-CF_20241121.xlsx,std,4,b,ETI,0.12800000000000003
8,10,431.15,40,20241121,40-CF_20241121.xlsx,std,4,b,ETI,0.12800000000000003
8,20,518.315789473684,40,20241121,40-CF_20241121.xlsx,std,4,b,ETI,0.12800000000000003
8,30,547.125,40,20241121,40-CF_20241121.xlsx,std,4,b,ETI,0.12800000000000003
8,40,624.052631578947,40,20241121,40-CF_20241121.xlsx,std,4,b,ETI,0.12800000000000003
8,50,710.861111111111,40,20241121,40-CF_20241121.xlsx,std,4,b,ETI,0.12800000000000003
8,60,758.722222222222,40,20241121,40-CF_20241121.xlsx,std,4,b,ETI,0.12800000000000003
9,0,458.105263157894,40,20241121,40-CF_20241121.xlsx,std,5,a,ETI,0.32000000000000006
9,10,449.523809523809,40,20241121,40-CF_20241121.xlsx,std,5,a,ETI,0.32000000000000006
9,20,578.684210526315,40,20241121,40-CF_20241121.xlsx,std,5,a,ETI,0.32000000000000006
9,30,589.761904761904,40,20241121,40-CF_20241121.xlsx,std,5,a,ETI,0.32000000000000006
9,40,639.857142857142,40,20241121,40-CF_20241121.xlsx,std,5,a,ETI,0.32000000000000006
9,50,660.545454545454,40,20241121,40-CF_20241121.xlsx,std,5,a,ETI,0.32000000000000006
9,60,648.833333333333,40,20241121,40-CF_20241121.xlsx,std,5,a,ETI,0.32000000000000006
10,0,466.366666666666,40,20241121,40-CF_20241121.xlsx,std,5,b,ETI,0.32000000000000006
10,10,505.931034482758,40,20241121,40-CF_20241121.xlsx,std,5,b,ETI,0.32000000000000006
10,20,607.689655172413,40,20241121,40-CF_20241121.xlsx,std,5,b,ETI,0.32000000000000006
10,30,698.321428571428,40,20241121,40-CF_20241121.xlsx,std,5,b,ETI,0.32000000000000006
10,40,738.793103448275,40,20241121,40-CF_20241121.xlsx,std,5,b,ETI,0.32000000000000006
10,50,775.206896551724,40,20241121,40-CF_20241121.xlsx,std,5,b,ETI,0.32000000000000006
10,60,849.222222222222,40,20241121,40-CF_20241121.xlsx,std,5,b,ETI,0.32000000000000006
11,0,396.045454545454,40,20241121,40-CF_20241121.xlsx,std,6,a,ETI,0.8000000000000002
11,10,482.666666666666,40,20241121,40-CF_20241121.xlsx,std,6,a,ETI,0.8000000000000002
11,20,582.666666666666,40,20241121,40-CF_20241121.xlsx,std,6,a,ETI,0.8000000000000002
11,30,604.95652173913,40,20241121,40-CF_20241121.xlsx,std,6,a,ETI,0.8000000000000002
11,40,702.045454545454,40,20241121,40-CF_20241121.xlsx,std,6,a,ETI,0.8000000000000002
11,50,844.55,40,20241121,40-CF_20241121.xlsx,std,6,a,ETI,0.8000000000000002
11,60,914.1,40,20241121,40-CF_20241121.xlsx,std,6,a,ETI,0.8000000000000002
12,0,414.095238095238,40,20241121,40-CF_20241121.xlsx,std,6,b,ETI,0.8000000000000002
12,10,525.4,40,20241121,40-CF_20241121.xlsx,std,6,b,ETI,0.8000000000000002
12,20,598.523809523809,40,20241121,40-CF_20241121.xlsx,std,6,b,ETI,0.8000000000000002
12,30,791.611111111111,40,20241121,40-CF_20241121.xlsx,std,6,b,ETI,0.8000000000000002
12,40,889.666666666666,40,20241121,40-CF_20241121.xlsx,std,6,b,ETI,0.8000000000000002
12,50,805.095238095238,40,20241121,40-CF_20241121.xlsx,std,6,b,ETI,0.8000000000000002
12,60,1026.94444444444,40,20241121,40-CF_20241121.xlsx,std,6,b,ETI,0.8000000000000002
13,0,444.91304347826,40,20241121,40-CF_20241121.xlsx,std,7,a,ETI,2
13,10,575.25,40,20241121,40-CF_20241121.xlsx,std,7,a,ETI,2
13,20,710.526315789473,40,20241121,40-CF_20241121.xlsx,std,7,a,ETI,2
13,30,802.526315789473,40,20241121,40-CF_20241121.xlsx,std,7,a,ETI,2
13,40,890.157894736842,40,20241121,40-CF_20241121.xlsx,std,7,a,ETI,2
13,50,967.052631578947,40,20241121,40-CF_20241121.xlsx,std,7,a,ETI,2
13,60,1034.10526315789,40,20241121,40-CF_20241121.xlsx,std,7,a,ETI,2
14,0,506.434782608695,40,20241121,40-CF_20241121.xlsx,std,7,b,ETI,2
14,10,572.541666666666,40,20241121,40-CF_20241121.xlsx,std,7,b,ETI,2
14,20,644.44,40,20241121,40-CF_20241121.xlsx,std,7,b,ETI,2
14,30,737.4,40,20241121,40-CF_20241121.xlsx,std,7,b,ETI,2
14,40,821.24,40,20241121,40-CF_20241121.xlsx,std,7,b,ETI,2
14,50,900.64,40,20241121,40-CF_20241121.xlsx,std,7,b,ETI,2
14,60,1006.70833333333,40,20241121,40-CF_20241121.xlsx,std,7,b,ETI,2
15,0,378.76923076923,40,20241121,40-CF_20241121.xlsx,std,8,a,ETI,5
15,10,442.230769230769,40,20241121,40-CF_20241121.xlsx,std,8,a,ETI,5
15,20,513.384615384615,40,20241121,40-CF_20241121.xlsx,std,8,a,ETI,5
15,30,576.923076923076,40,20241121,40-CF_20241121.xlsx,std,8,a,ETI,5
15,40,662.68,40,20241121,40-CF_20241121.xlsx,std,8,a,ETI,5
15,50,685.5,40,20241121,40-CF_20241121.xlsx,std,8,a,ETI,5
15,60,727.730769230769,40,20241121,40-CF_20241121.xlsx,std,8,a,ETI,5
16,0,440.117647058823,40,20241121,40-CF_20241121.xlsx,std,8,b,ETI,5
16,10,528.294117647058,40,20241121,40-CF_20241121.xlsx,std,8,b,ETI,5
16,20,621.941176470588,40,20241121,40-CF_20241121.xlsx,std,8,b,ETI,5
16,30,702.470588235294,40,20241121,40-CF_20241121.xlsx,std,8,b,ETI,5
16,40,817.1875,40,20241121,40-CF_20241121.xlsx,std,8,b,ETI,5
16,50,884.875,40,20241121,40-CF_20241121.xlsx,std,8,b,ETI,5
16,60,953.1875,40,20241121,40-CF_20241121.xlsx,std,8,b,ETI,5
17,0,358.666666666666,40,20241121,40-CF_20241121.xlsx,std,1,a,VTI,0.008192000000000003
17,10,384.090909090909,40,20241121,40-CF_20241121.xlsx,std,1,a,VTI,0.008192000000000003
17,20,431.5,40,20241121,40-CF_20241121.xlsx,std,1,a,VTI,0.008192000000000003
17,30,424.285714285714,40,20241121,40-CF_20241121.xlsx,std,1,a,VTI,0.008192000000000003
17,40,443.523809523809,40,20241121,40-CF_20241121.xlsx,std,1,a,VTI,0.008192000000000003
17,50,461.666666666666,40,20241121,40-CF_20241121.xlsx,std,1,a,VTI,0.008192000000000003
17,60,461.636363636363,40,20241121,40-CF_20241121.xlsx,std,1,a,VTI,0.008192000000000003
18,0,377.8,40,20241121,40-CF_20241121.xlsx,std,1,b,VTI,0.008192000000000003
18,10,380.8,40,20241121,40-CF_20241121.xlsx,std,1,b,VTI,0.008192000000000003
18,20,396.2,40,20241121,40-CF_20241121.xlsx,std,1,b,VTI,0.008192000000000003
18,30,412.7,40,20241121,40-CF_20241121.xlsx,std,1,b,VTI,0.008192000000000003
18,40,432.6,40,20241121,40-CF_20241121.xlsx,std,1,b,VTI,0.008192000000000003
18,50,454.5,40,20241121,40-CF_20241121.xlsx,std,1,b,VTI,0.008192000000000003
18,60,444.818181818181,40,20241121,40-CF_20241121.xlsx,std,1,b,VTI,0.008192000000000003
19,0,418,40,20241121,40-CF_20241121.xlsx,std,2,a,VTI,0.02048000000000001
19,10,400.230769230769,40,20241121,40-CF_20241121.xlsx,std,2,a,VTI,0.02048000000000001
19,20,393.714285714285,40,20241121,40-CF_20241121.xlsx,std,2,a,VTI,0.02048000000000001
19,30,414.5,40,20241121,40-CF_20241121.xlsx,std,2,a,VTI,0.02048000000000001
19,40,470.307692307692,40,20241121,40-CF_20241121.xlsx,std,2,a,VTI,0.02048000000000001
19,50,502,40,20241121,40-CF_20241121.xlsx,std,2,a,VTI,0.02048000000000001
19,60,530.461538461538,40,20241121,40-CF_20241121.xlsx,std,2,a,VTI,0.02048000000000001
20,0,367.416666666666,40,20241121,40-CF_20241121.xlsx,std,2,b,VTI,0.02048000000000001
20,10,371.583333333333,40,20241121,40-CF_20241121.xlsx,std,2,b,VTI,0.02048000000000001
20,20,400.545454545454,40,20241121,40-CF_20241121.xlsx,std,2,b,VTI,0.02048000000000001
20,30,469,40,20241121,40-CF_20241121.xlsx,std,2,b,VTI,0.02048000000000001
20,40,508.4,40,20241121,40-CF_20241121.xlsx,std,2,b,VTI,0.02048000000000001
20,50,553.4,40,20241121,40-CF_20241121.xlsx,std,2,b,VTI,0.02048000000000001
20,60,604.6,40,20241121,40-CF_20241121.xlsx,std,2,b,VTI,0.02048000000000001
21,0,447.086956521739,40,20241121,40-CF_20241121.xlsx,std,3,a,VTI,0.05120000000000001
21,10,471.363636363636,40,20241121,40-CF_20241121.xlsx,std,3,a,VTI,0.05120000000000001
21,20,481.043478260869,40,20241121,40-CF_20241121.xlsx,std,3,a,VTI,0.05120000000000001
21,30,525.739130434782,40,20241121,40-CF_20241121.xlsx,std,3,a,VTI,0.05120000000000001
21,40,500.115384615384,40,20241121,40-CF_20241121.xlsx,std,3,a,VTI,0.05120000000000001
21,50,571.291666666666,40,20241121,40-CF_20241121.xlsx,std,3,a,VTI,0.05120000000000001
21,60,580.84,40,20241121,40-CF_20241121.xlsx,std,3,a,VTI,0.05120000000000001
22,0,439.947368421052,40,20241121,40-CF_20241121.xlsx,std,3,b,VTI,0.05120000000000001
22,10,472.277777777777,40,20241121,40-CF_20241121.xlsx,std,3,b,VTI,0.05120000000000001
22,20,474.78947368421,40,20241121,40-CF_20241121.xlsx,std,3,b,VTI,0.05120000000000001
22,30,551.529411764705,40,20241121,40-CF_20241121.xlsx,std,3,b,VTI,0.05120000000000001
22,40,555,40,20241121,40-CF_20241121.xlsx,std,3,b,VTI,0.05120000000000001
22,50,626.294117647058,40,20241121,40-CF_20241121.xlsx,std,3,b,VTI,0.05120000000000001
22,60,546.523809523809,40,20241121,40-CF_20241121.xlsx,std,3,b,VTI,0.05120000000000001
23,0,380.947368421052,40,20241121,40-CF_20241121.xlsx,std,4,a,VTI,0.12800000000000003
23,10,385.7,40,20241121,40-CF_20241121.xlsx,std,4,a,VTI,0.12800000000000003
23,20,438.523809523809,40,20241121,40-CF_20241121.xlsx,std,4,a,VTI,0.12800000000000003
23,30,504,40,20241121,40-CF_20241121.xlsx,std,4,a,VTI,0.12800000000000003
23,40,553.095238095238,40,20241121,40-CF_20241121.xlsx,std,4,a,VTI,0.12800000000000003
23,50,597.761904761904,40,20241121,40-CF_20241121.xlsx,std,4,a,VTI,0.12800000000000003
23,60,579.545454545454,40,20241121,40-CF_20241121.xlsx,std,4,a,VTI,0.12800000000000003
24,0,315.235294117647,40,20241121,40-CF_20241121.xlsx,std,4,b,VTI,0.12800000000000003
24,10,334.625,40,20241121,40-CF_20241121.xlsx,std,4,b,VTI,0.12800000000000003
24,20,379.6,40,20241121,40-CF_20241121.xlsx,std,4,b,VTI,0.12800000000000003
24,30,406.375,40,20241121,40-CF_20241121.xlsx,std,4,b,VTI,0.12800000000000003
24,40,458.625,40,20241121,40-CF_20241121.xlsx,std,4,b,VTI,0.12800000000000003
24,50,505.5,40,20241121,40-CF_20241121.xlsx,std,4,b,VTI,0.12800000000000003
24,60,582.466666666666,40,20241121,40-CF_20241121.xlsx,std,4,b,VTI,0.12800000000000003
25,0,244.75,40,20241121,40-CF_20241121.xlsx,std,5,a,VTI,0.32000000000000006
25,10,272.777777777777,40,20241121,40-CF_20241121.xlsx,std,5,a,VTI,0.32000000000000006
25,20,367.25,40,20241121,40-CF_20241121.xlsx,std,5,a,VTI,0.32000000000000006
25,30,442.571428571428,40,20241121,40-CF_20241121.xlsx,std,5,a,VTI,0.32000000000000006
25,40,551.285714285714,40,20241121,40-CF_20241121.xlsx,std,5,a,VTI,0.32000000000000006
25,50,512.25,40,20241121,40-CF_20241121.xlsx,std,5,a,VTI,0.32000000000000006
25,60,518.625,40,20241121,40-CF_20241121.xlsx,std,5,a,VTI,0.32000000000000006
26,0,290.3,40,20241121,40-CF_20241121.xlsx,std,5,b,VTI,0.32000000000000006
26,10,348.333333333333,40,20241121,40-CF_20241121.xlsx,std,5,b,VTI,0.32000000000000006
26,20,410.25,40,20241121,40-CF_20241121.xlsx,std,5,b,VTI,0.32000000000000006
26,30,454.25,40,20241121,40-CF_20241121.xlsx,std,5,b,VTI,0.32000000000000006
26,40,494.5,40,20241121,40-CF_20241121.xlsx,std,5,b,VTI,0.32000000000000006
26,50,534.5,40,20241121,40-CF_20241121.xlsx,std,5,b,VTI,0.32000000000000006
26,60,569.75,40,20241121,40-CF_20241121.xlsx,std,5,b,VTI,0.32000000000000006
27,0,497.444444444444,40,20241121,40-CF_20241121.xlsx,std,6,a,VTI,0.8000000000000002
27,10,513.333333333333,40,20241121,40-CF_20241121.xlsx,std,6,a,VTI,0.8000000000000002
27,20,556.222222222222,40,20241121,40-CF_20241121.xlsx,std,6,a,VTI,0.8000000000000002
27,30,529.5,40,20241121,40-CF_20241121.xlsx,std,6,a,VTI,0.8000000000000002
27,40,563.5,40,20241121,40-CF_20241121.xlsx,std,6,a,VTI,0.8000000000000002
27,50,589.1,40,20241121,40-CF_20241121.xlsx,std,6,a,VTI,0.8000000000000002
27,60,663.444444444444,40,20241121,40-CF_20241121.xlsx,std,6,a,VTI,0.8000000000000002
28,0,289.777777777777,40,20241121,40-CF_20241121.xlsx,std,6,b,VTI,0.8000000000000002
28,10,354.222222222222,40,20241121,40-CF_20241121.xlsx,std,6,b,VTI,0.8000000000000002
28,20,472.25,40,20241121,40-CF_20241121.xlsx,std,6,b,VTI,0.8000000000000002
28,30,475.444444444444,40,20241121,40-CF_20241121.xlsx,std,6,b,VTI,0.8000000000000002
28,40,514.444444444444,40,20241121,40-CF_20241121.xlsx,std,6,b,VTI,0.8000000000000002
28,50,496.6,40,20241121,40-CF_20241121.xlsx,std,6,b,VTI,0.8000000000000002
28,60,524.8,40,20241121,40-CF_20241121.xlsx,std,6,b,VTI,0.8000000000000002
29,0,315.894736842105,40,20241121,40-CF_20241121.xlsx,std,7,a,VTI,2
29,10,385.111111111111,40,20241121,40-CF_20241121.xlsx,std,7,a,VTI,2
29,20,414.210526315789,40,20241121,40-CF_20241121.xlsx,std,7,a,VTI,2
29,30,462.105263157894,40,20241121,40-CF_20241121.xlsx,std,7,a,VTI,2
29,40,615,40,20241121,40-CF_20241121.xlsx,std,7,a,VTI,2
29,50,592.882352941176,40,20241121,40-CF_20241121.xlsx,std,7,a,VTI,2
29,60,565.947368421052,40,20241121,40-CF_20241121.xlsx,std,7,a,VTI,2
30,0,327.8125,40,20241121,40-CF_20241121.xlsx,std,7,b,VTI,2
30,10,433.357142857142,40,20241121,40-CF_20241121.xlsx,std,7,b,VTI,2
30,20,472.533333333333,40,20241121,40-CF_20241121.xlsx,std,7,b,VTI,2
30,30,564.214285714285,40,20241121,40-CF_20241121.xlsx,std,7,b,VTI,2
30,40,610.714285714285,40,20241121,40-CF_20241121.xlsx,std,7,b,VTI,2
30,50,546.625,40,20241121,40-CF_20241121.xlsx,std,7,b,VTI,2
30,60,572.266666666666,40,20241121,40-CF_20241121.xlsx,std,7,b,VTI,2
31,0,406.375,40,20241121,40-CF_20241121.xlsx,std,8,a,VTI,5
31,10,534.625,40,20241121,40-CF_20241121.xlsx,std,8,a,VTI,5
31,20,622,40,20241121,40-CF_20241121.xlsx,std,8,a,VTI,5
31,30,796.571428571428,40,20241121,40-CF_20241121.xlsx,std,8,a,VTI,5
31,40,890.714285714285,40,20241121,40-CF_20241121.xlsx,std,8,a,VTI,5
31,50,970.428571428571,40,20241121,40-CF_20241121.xlsx,std,8,a,VTI,5
31,60,1054.57142857142,40,20241121,40-CF_20241121.xlsx,std,8,a,VTI,5
32,0,344.714285714285,40,20241121,40-CF_20241121.xlsx,std,8,b,VTI,5
32,10,426,40,20241121,40-CF_20241121.xlsx,std,8,b,VTI,5
32,20,502.714285714285,40,20241121,40-CF_20241121.xlsx,std,8,b,VTI,5
32,30,571.571428571428,40,20241121,40-CF_20241121.xlsx,std,8,b,VTI,5
32,40,627.714285714285,40,20241121,40-CF_20241121.xlsx,std,8,b,VTI,5
32,50,667.714285714285,40,20241121,40-CF_20241121.xlsx,std,8,b,VTI,5
32,60,697.571428571428,40,20241121,40-CF_20241121.xlsx,std,8,b,VTI,5
65,0,267.5,40,20241121,40-CF_20241121.xlsx,std,2,a,FskOnly,0.02048000000000001
65,10,240.733333333333,40,20241121,40-CF_20241121.xlsx,std,2,a,FskOnly,0.02048000000000001
65,20,247.142857142857,40,20241121,40-CF_20241121.xlsx,std,2,a,FskOnly,0.02048000000000001
65,30,247.071428571428,40,20241121,40-CF_20241121.xlsx,std,2,a,FskOnly,0.02048000000000001
65,40,244,40,20241121,40-CF_20241121.xlsx,std,2,a,FskOnly,0.02048000000000001
65,50,242.666666666666,40,20241121,40-CF_20241121.xlsx,std,2,a,FskOnly,0.02048000000000001
65,60,265.857142857142,40,20241121,40-CF_20241121.xlsx,std,2,a,FskOnly,0.02048000000000001
66,0,340,40,20241121,40-CF_20241121.xlsx,std,2,b,FskOnly,0.02048000000000001
66,10,340.9,40,20241121,40-CF_20241121.xlsx,std,2,b,FskOnly,0.02048000000000001
66,20,341.7,40,20241121,40-CF_20241121.xlsx,std,2,b,FskOnly,0.02048000000000001
66,30,340.3,40,20241121,40-CF_20241121.xlsx,std,2,b,FskOnly,0.02048000000000001
66,40,338.4,40,20241121,40-CF_20241121.xlsx,std,2,b,FskOnly,0.02048000000000001
66,50,339.9,40,20241121,40-CF_20241121.xlsx,std,2,b,FskOnly,0.02048000000000001
66,60,344.7,40,20241121,40-CF_20241121.xlsx,std,2,b,FskOnly,0.02048000000000001
67,0,365.470588235294,40,20241121,40-CF_20241121.xlsx,std,4,a,FskOnly,0.12800000000000003
67,10,320.666666666666,40,20241121,40-CF_20241121.xlsx,std,4,a,FskOnly,0.12800000000000003
67,20,354.1875,40,20241121,40-CF_20241121.xlsx,std,4,a,FskOnly,0.12800000000000003
67,30,334.882352941176,40,20241121,40-CF_20241121.xlsx,std,4,a,FskOnly,0.12800000000000003
67,40,358,40,20241121,40-CF_20241121.xlsx,std,4,a,FskOnly,0.12800000000000003
67,50,336.823529411764,40,20241121,40-CF_20241121.xlsx,std,4,a,FskOnly,0.12800000000000003
67,60,316.78947368421,40,20241121,40-CF_20241121.xlsx,std,4,a,FskOnly,0.12800000000000003
68,0,486.076923076923,40,20241121,40-CF_20241121.xlsx,std,4,b,FskOnly,0.12800000000000003
68,10,515.833333333333,40,20241121,40-CF_20241121.xlsx,std,4,b,FskOnly,0.12800000000000003
68,20,437.857142857142,40,20241121,40-CF_20241121.xlsx,std,4,b,FskOnly,0.12800000000000003
68,30,437.857142857142,40,20241121,40-CF_20241121.xlsx,std,4,b,FskOnly,0.12800000000000003
68,40,439.642857142857,40,20241121,40-CF_20241121.xlsx,std,4,b,FskOnly,0.12800000000000003
68,50,439.071428571428,40,20241121,40-CF_20241121.xlsx,std,4,b,FskOnly,0.12800000000000003
68,60,473.923076923076,40,20241121,40-CF_20241121.xlsx,std,4,b,FskOnly,0.12800000000000003
69,0,323.76923076923,40,20241121,40-CF_20241121.xlsx,std,6,a,FskOnly,0.8000000000000002
69,10,322.923076923076,40,20241121,40-CF_20241121.xlsx,std,6,a,FskOnly,0.8000000000000002
69,20,325.461538461538,40,20241121,40-CF_20241121.xlsx,std,6,a,FskOnly,0.8000000000000002
69,30,328.230769230769,40,20241121,40-CF_20241121.xlsx,std,6,a,FskOnly,0.8000000000000002
69,40,330.461538461538,40,20241121,40-CF_20241121.xlsx,std,6,a,FskOnly,0.8000000000000002
69,50,316.428571428571,40,20241121,40-CF_20241121.xlsx,std,6,a,FskOnly,0.8000000000000002
69,60,318,40,20241121,40-CF_20241121.xlsx,std,6,a,FskOnly,0.8000000000000002
70,0,309.4,40,20241121,40-CF_20241121.xlsx,std,6,b,FskOnly,0.8000000000000002
70,10,305.6,40,20241121,40-CF_20241121.xlsx,std,6,b,FskOnly,0.8000000000000002
70,20,309.8,40,20241121,40-CF_20241121.xlsx,std,6,b,FskOnly,0.8000000000000002
70,30,319.1,40,20241121,40-CF_20241121.xlsx,std,6,b,FskOnly,0.8000000000000002
70,40,322.3,40,20241121,40-CF_20241121.xlsx,std,6,b,FskOnly,0.8000000000000002
70,50,327.8,40,20241121,40-CF_20241121.xlsx,std,6,b,FskOnly,0.8000000000000002
70,60,335.8,40,20241121,40-CF_20241121.xlsx,std,6,b,FskOnly,0.8000000000000002
71,0,383.4,40,20241121,40-CF_20241121.xlsx,std,8,a,FskOnly,5
71,10,342.5,40,20241121,40-CF_20241121.xlsx,std,8,a,FskOnly,5
71,20,325.058823529411,40,20241121,40-CF_20241121.xlsx,std,8,a,FskOnly,5
71,30,363.933333333333,40,20241121,40-CF_20241121.xlsx,std,8,a,FskOnly,5
71,40,358.75,40,20241121,40-CF_20241121.xlsx,std,8,a,FskOnly,5
71,50,361.1875,40,20241121,40-CF_20241121.xlsx,std,8,a,FskOnly,5
71,60,384.333333333333,40,20241121,40-CF_20241121.xlsx,std,8,a,FskOnly,5
72,0,324.166666666666,40,20241121,40-CF_20241121.xlsx,std,8,b,FskOnly,5
72,10,324.083333333333,40,20241121,40-CF_20241121.xlsx,std,8,b,FskOnly,5
72,20,353.545454545454,40,20241121,40-CF_20241121.xlsx,std,8,b,FskOnly,5
72,30,338.083333333333,40,20241121,40-CF_20241121.xlsx,std,8,b,FskOnly,5
72,40,341.916666666666,40,20241121,40-CF_20241121.xlsx,std,8,b,FskOnly,5
72,50,351.25,40,20241121,40-CF_20241121.xlsx,std,8,b,FskOnly,5
72,60,356.083333333333,40,20241121,40-CF_20241121.xlsx,std,8,b,FskOnly,5
1,0,492.304347826086,40,20241204,40-CF_20241204.xlsx,std,1,a,ETI,0.008192000000000003
1,10,498.260869565217,40,20241204,40-CF_20241204.xlsx,std,1,a,ETI,0.008192000000000003
1,20,478.48,40,20241204,40-CF_20241204.xlsx,std,1,a,ETI,0.008192000000000003
1,30,525.75,40,20241204,40-CF_20241204.xlsx,std,1,a,ETI,0.008192000000000003
1,40,575.043478260869,40,20241204,40-CF_20241204.xlsx,std,1,a,ETI,0.008192000000000003
1,50,609.739130434782,40,20241204,40-CF_20241204.xlsx,std,1,a,ETI,0.008192000000000003
1,60,645.565217391304,40,20241204,40-CF_20241204.xlsx,std,1,a,ETI,0.008192000000000003
2,0,492,40,20241204,40-CF_20241204.xlsx,std,1,b,ETI,0.008192000000000003
2,10,514.35294117647,40,20241204,40-CF_20241204.xlsx,std,1,b,ETI,0.008192000000000003
2,20,551.176470588235,40,20241204,40-CF_20241204.xlsx,std,1,b,ETI,0.008192000000000003
2,30,586.764705882352,40,20241204,40-CF_20241204.xlsx,std,1,b,ETI,0.008192000000000003
2,40,623.705882352941,40,20241204,40-CF_20241204.xlsx,std,1,b,ETI,0.008192000000000003
2,50,666.470588235294,40,20241204,40-CF_20241204.xlsx,std,1,b,ETI,0.008192000000000003
2,60,673.222222222222,40,20241204,40-CF_20241204.xlsx,std,1,b,ETI,0.008192000000000003
3,0,444.555555555555,40,20241204,40-CF_20241204.xlsx,std,2,a,ETI,0.02048000000000001
3,10,456.277777777777,40,20241204,40-CF_20241204.xlsx,std,2,a,ETI,0.02048000000000001
3,20,522.058823529411,40,20241204,40-CF_20241204.xlsx,std,2,a,ETI,0.02048000000000001
3,30,538.277777777777,40,20241204,40-CF_20241204.xlsx,std,2,a,ETI,0.02048000000000001
3,40,622.411764705882,40,20241204,40-CF_20241204.xlsx,std,2,a,ETI,0.02048000000000001
3,50,646.611111111111,40,20241204,40-CF_20241204.xlsx,std,2,a,ETI,0.02048000000000001
3,60,707.555555555555,40,20241204,40-CF_20241204.xlsx,std,2,a,ETI,0.02048000000000001
4,0,445.6875,40,20241204,40-CF_20241204.xlsx,std,2,b,ETI,0.02048000000000001
4,10,486.6,40,20241204,40-CF_20241204.xlsx,std,2,b,ETI,0.02048000000000001
4,20,480.5,40,20241204,40-CF_20241204.xlsx,std,2,b,ETI,0.02048000000000001
4,30,510.625,40,20241204,40-CF_20241204.xlsx,std,2,b,ETI,0.02048000000000001
4,40,540.875,40,20241204,40-CF_20241204.xlsx,std,2,b,ETI,0.02048000000000001
4,50,575.25,40,20241204,40-CF_20241204.xlsx,std,2,b,ETI,0.02048000000000001
4,60,659.333333333333,40,20241204,40-CF_20241204.xlsx,std,2,b,ETI,0.02048000000000001
5,0,357.307692307692,40,20241204,40-CF_20241204.xlsx,std,3,a,ETI,0.05120000000000001
5,10,367.615384615384,40,20241204,40-CF_20241204.xlsx,std,3,a,ETI,0.05120000000000001
5,20,402.230769230769,40,20241204,40-CF_20241204.xlsx,std,3,a,ETI,0.05120000000000001
5,30,445.76923076923,40,20241204,40-CF_20241204.xlsx,std,3,a,ETI,0.05120000000000001
5,40,507.76923076923,40,20241204,40-CF_20241204.xlsx,std,3,a,ETI,0.05120000000000001
5,50,558.076923076923,40,20241204,40-CF_20241204.xlsx,std,3,a,ETI,0.05120000000000001
5,60,606.76923076923,40,20241204,40-CF_20241204.xlsx,std,3,a,ETI,0.05120000000000001
6,0,485.210526315789,40,20241204,40-CF_20241204.xlsx,std,3,b,ETI,0.05120000000000001
6,10,504.105263157894,40,20241204,40-CF_20241204.xlsx,std,3,b,ETI,0.05120000000000001
6,20,556.473684210526,40,20241204,40-CF_20241204.xlsx,std,3,b,ETI,0.05120000000000001
6,30,639.473684210526,40,20241204,40-CF_20241204.xlsx,std,3,b,ETI,0.05120000000000001
6,40,731.368421052631,40,20241204,40-CF_20241204.xlsx,std,3,b,ETI,0.05120000000000001
6,50,853.5,40,20241204,40-CF_20241204.xlsx,std,3,b,ETI,0.05120000000000001
6,60,917,40,20241204,40-CF_20241204.xlsx,std,3,b,ETI,0.05120000000000001
7,0,369.714285714285,40,20241204,40-CF_20241204.xlsx,std,4,a,ETI,0.12800000000000003
7,10,383.642857142857,40,20241204,40-CF_20241204.xlsx,std,4,a,ETI,0.12800000000000003
7,20,506.666666666666,40,20241204,40-CF_20241204.xlsx,std,4,a,ETI,0.12800000000000003
7,30,561.384615384615,40,20241204,40-CF_20241204.xlsx,std,4,a,ETI,0.12800000000000003
7,40,653.076923076923,40,20241204,40-CF_20241204.xlsx,std,4,a,ETI,0.12800000000000003
7,50,734.307692307692,40,20241204,40-CF_20241204.xlsx,std,4,a,ETI,0.12800000000000003
7,60,754.071428571428,40,20241204,40-CF_20241204.xlsx,std,4,a,ETI,0.12800000000000003
8,0,687.666666666666,40,20241204,40-CF_20241204.xlsx,std,4,b,ETI,0.12800000000000003
8,10,694.0625,40,20241204,40-CF_20241204.xlsx,std,4,b,ETI,0.12800000000000003
8,20,762.294117647058,40,20241204,40-CF_20241204.xlsx,std,4,b,ETI,0.12800000000000003
8,30,910.117647058823,40,20241204,40-CF_20241204.xlsx,std,4,b,ETI,0.12800000000000003
8,40,1051.41176470588,40,20241204,40-CF_20241204.xlsx,std,4,b,ETI,0.12800000000000003
8,50,1165.17647058823,40,20241204,40-CF_20241204.xlsx,std,4,b,ETI,0.12800000000000003
8,60,1262.94117647058,40,20241204,40-CF_20241204.xlsx,std,4,b,ETI,0.12800000000000003
9,0,453.92,40,20241204,40-CF_20241204.xlsx,std,5,a,ETI,0.32000000000000006
9,10,520.791666666666,40,20241204,40-CF_20241204.xlsx,std,5,a,ETI,0.32000000000000006
9,20,548.724137931034,40,20241204,40-CF_20241204.xlsx,std,5,a,ETI,0.32000000000000006
9,30,658.379310344827,40,20241204,40-CF_20241204.xlsx,std,5,a,ETI,0.32000000000000006
9,40,751.592592592592,40,20241204,40-CF_20241204.xlsx,std,5,a,ETI,0.32000000000000006
9,50,822.555555555555,40,20241204,40-CF_20241204.xlsx,std,5,a,ETI,0.32000000000000006
9,60,883.666666666666,40,20241204,40-CF_20241204.xlsx,std,5,a,ETI,0.32000000000000006
10,0,384.947368421052,40,20241204,40-CF_20241204.xlsx,std,5,b,ETI,0.32000000000000006
10,10,457.947368421052,40,20241204,40-CF_20241204.xlsx,std,5,b,ETI,0.32000000000000006
10,20,511.904761904761,40,20241204,40-CF_20241204.xlsx,std,5,b,ETI,0.32000000000000006
10,30,624.35,40,20241204,40-CF_20241204.xlsx,std,5,b,ETI,0.32000000000000006
10,40,689.2,40,20241204,40-CF_20241204.xlsx,std,5,b,ETI,0.32000000000000006
10,50,752.5,40,20241204,40-CF_20241204.xlsx,std,5,b,ETI,0.32000000000000006
10,60,884.888888888888,40,20241204,40-CF_20241204.xlsx,std,5,b,ETI,0.32000000000000006
11,0,364,40,20241204,40-CF_20241204.xlsx,std,6,a,ETI,0.8000000000000002
11,10,395.736842105263,40,20241204,40-CF_20241204.xlsx,std,6,a,ETI,0.8000000000000002
11,20,458.9,40,20241204,40-CF_20241204.xlsx,std,6,a,ETI,0.8000000000000002
11,30,540.7,40,20241204,40-CF_20241204.xlsx,std,6,a,ETI,0.8000000000000002
11,40,607.95,40,20241204,40-CF_20241204.xlsx,std,6,a,ETI,0.8000000000000002
11,50,662.75,40,20241204,40-CF_20241204.xlsx,std,6,a,ETI,0.8000000000000002
11,60,713.75,40,20241204,40-CF_20241204.xlsx,std,6,a,ETI,0.8000000000000002
12,0,342.090909090909,40,20241204,40-CF_20241204.xlsx,std,6,b,ETI,0.8000000000000002
12,10,440.6,40,20241204,40-CF_20241204.xlsx,std,6,b,ETI,0.8000000000000002
12,20,535.4,40,20241204,40-CF_20241204.xlsx,std,6,b,ETI,0.8000000000000002
12,30,615.1,40,20241204,40-CF_20241204.xlsx,std,6,b,ETI,0.8000000000000002
12,40,679.3,40,20241204,40-CF_20241204.xlsx,std,6,b,ETI,0.8000000000000002
12,50,739.4,40,20241204,40-CF_20241204.xlsx,std,6,b,ETI,0.8000000000000002
12,60,796.9,40,20241204,40-CF_20241204.xlsx,std,6,b,ETI,0.8000000000000002
13,0,597.533333333333,40,20241204,40-CF_20241204.xlsx,std,7,a,ETI,2
13,10,684.1875,40,20241204,40-CF_20241204.xlsx,std,7,a,ETI,2
13,20,859.5625,40,20241204,40-CF_20241204.xlsx,std,7,a,ETI,2
13,30,986.6,40,20241204,40-CF_20241204.xlsx,std,7,a,ETI,2
13,40,1147.30769230769,40,20241204,40-CF_20241204.xlsx,std,7,a,ETI,2
13,50,1252.92307692307,40,20241204,40-CF_20241204.xlsx,std,7,a,ETI,2
13,60,1343.07692307692,40,20241204,40-CF_20241204.xlsx,std,7,a,ETI,2
14,0,474,40,20241204,40-CF_20241204.xlsx,std,7,b,ETI,2
14,10,592.5,40,20241204,40-CF_20241204.xlsx,std,7,b,ETI,2
14,20,744.578947368421,40,20241204,40-CF_20241204.xlsx,std,7,b,ETI,2
14,30,886.555555555555,40,20241204,40-CF_20241204.xlsx,std,7,b,ETI,2
14,40,979.777777777777,40,20241204,40-CF_20241204.xlsx,std,7,b,ETI,2
14,50,1056.83333333333,40,20241204,40-CF_20241204.xlsx,std,7,b,ETI,2
14,60,1079.47368421052,40,20241204,40-CF_20241204.xlsx,std,7,b,ETI,2
15,0,591.888888888888,40,20241204,40-CF_20241204.xlsx,std,8,a,ETI,5
15,10,704.294117647058,40,20241204,40-CF_20241204.xlsx,std,8,a,ETI,5
15,20,845.470588235294,40,20241204,40-CF_20241204.xlsx,std,8,a,ETI,5
15,30,957.294117647058,40,20241204,40-CF_20241204.xlsx,std,8,a,ETI,5
15,40,1052.23529411764,40,20241204,40-CF_20241204.xlsx,std,8,a,ETI,5
15,50,1127.94117647058,40,20241204,40-CF_20241204.xlsx,std,8,a,ETI,5
15,60,1193.82352941176,40,20241204,40-CF_20241204.xlsx,std,8,a,ETI,5
16,0,341.055555555555,40,20241204,40-CF_20241204.xlsx,std,8,b,ETI,5
16,10,416.35294117647,40,20241204,40-CF_20241204.xlsx,std,8,b,ETI,5
16,20,503.882352941176,40,20241204,40-CF_20241204.xlsx,std,8,b,ETI,5
16,30,571.470588235294,40,20241204,40-CF_20241204.xlsx,std,8,b,ETI,5
16,40,626.882352941176,40,20241204,40-CF_20241204.xlsx,std,8,b,ETI,5
16,50,666.6875,40,20241204,40-CF_20241204.xlsx,std,8,b,ETI,5
16,60,709.5,40,20241204,40-CF_20241204.xlsx,std,8,b,ETI,5
17,0,443.75,40,20241204,40-CF_20241204.xlsx,std,1,a,VTI,0.008192000000000003
17,10,474.260869565217,40,20241204,40-CF_20241204.xlsx,std,1,a,VTI,0.008192000000000003
17,20,461.52,40,20241204,40-CF_20241204.xlsx,std,1,a,VTI,0.008192000000000003
17,30,513.083333333333,40,20241204,40-CF_20241204.xlsx,std,1,a,VTI,0.008192000000000003
17,40,546.75,40,20241204,40-CF_20241204.xlsx,std,1,a,VTI,0.008192000000000003
17,50,583.041666666666,40,20241204,40-CF_20241204.xlsx,std,1,a,VTI,0.008192000000000003
17,60,627.916666666666,40,20241204,40-CF_20241204.xlsx,std,1,a,VTI,0.008192000000000003
18,0,553.263157894736,40,20241204,40-CF_20241204.xlsx,std,1,b,VTI,0.008192000000000003
18,10,567.263157894736,40,20241204,40-CF_20241204.xlsx,std,1,b,VTI,0.008192000000000003
18,20,596.473684210526,40,20241204,40-CF_20241204.xlsx,std,1,b,VTI,0.008192000000000003
18,30,601.4,40,20241204,40-CF_20241204.xlsx,std,1,b,VTI,0.008192000000000003
18,40,703.666666666666,40,20241204,40-CF_20241204.xlsx,std,1,b,VTI,0.008192000000000003
18,50,709,40,20241204,40-CF_20241204.xlsx,std,1,b,VTI,0.008192000000000003
18,60,753.052631578947,40,20241204,40-CF_20241204.xlsx,std,1,b,VTI,0.008192000000000003
19,0,449.705882352941,40,20241204,40-CF_20241204.xlsx,std,2,a,VTI,0.02048000000000001
19,10,463.35294117647,40,20241204,40-CF_20241204.xlsx,std,2,a,VTI,0.02048000000000001
19,20,477.111111111111,40,20241204,40-CF_20241204.xlsx,std,2,a,VTI,0.02048000000000001
19,30,521.444444444444,40,20241204,40-CF_20241204.xlsx,std,2,a,VTI,0.02048000000000001
19,40,602.647058823529,40,20241204,40-CF_20241204.xlsx,std,2,a,VTI,0.02048000000000001
19,50,661.058823529411,40,20241204,40-CF_20241204.xlsx,std,2,a,VTI,0.02048000000000001
19,60,684,40,20241204,40-CF_20241204.xlsx,std,2,a,VTI,0.02048000000000001
20,0,472.434782608695,40,20241204,40-CF_20241204.xlsx,std,2,b,VTI,0.02048000000000001
20,10,454.8,40,20241204,40-CF_20241204.xlsx,std,2,b,VTI,0.02048000000000001
20,20,503.041666666666,40,20241204,40-CF_20241204.xlsx,std,2,b,VTI,0.02048000000000001
20,30,571.347826086956,40,20241204,40-CF_20241204.xlsx,std,2,b,VTI,0.02048000000000001
20,40,630.434782608695,40,20241204,40-CF_20241204.xlsx,std,2,b,VTI,0.02048000000000001
20,50,698.434782608695,40,20241204,40-CF_20241204.xlsx,std,2,b,VTI,0.02048000000000001
20,60,733.666666666666,40,20241204,40-CF_20241204.xlsx,std,2,b,VTI,0.02048000000000001
21,0,437.3,40,20241204,40-CF_20241204.xlsx,std,3,a,VTI,0.05120000000000001
21,10,454.45,40,20241204,40-CF_20241204.xlsx,std,3,a,VTI,0.05120000000000001
21,20,504.65,40,20241204,40-CF_20241204.xlsx,std,3,a,VTI,0.05120000000000001
21,30,545.380952380952,40,20241204,40-CF_20241204.xlsx,std,3,a,VTI,0.05120000000000001
21,40,614.380952380952,40,20241204,40-CF_20241204.xlsx,std,3,a,VTI,0.05120000000000001
21,50,687.095238095238,40,20241204,40-CF_20241204.xlsx,std,3,a,VTI,0.05120000000000001
21,60,750.047619047619,40,20241204,40-CF_20241204.xlsx,std,3,a,VTI,0.05120000000000001
22,0,544.823529411764,40,20241204,40-CF_20241204.xlsx,std,3,b,VTI,0.05120000000000001
22,10,558.35294117647,40,20241204,40-CF_20241204.xlsx,std,3,b,VTI,0.05120000000000001
22,20,639.4375,40,20241204,40-CF_20241204.xlsx,std,3,b,VTI,0.05120000000000001
22,30,699.3125,40,20241204,40-CF_20241204.xlsx,std,3,b,VTI,0.05120000000000001
22,40,773.5625,40,20241204,40-CF_20241204.xlsx,std,3,b,VTI,0.05120000000000001
22,50,813.705882352941,40,20241204,40-CF_20241204.xlsx,std,3,b,VTI,0.05120000000000001
22,60,964.625,40,20241204,40-CF_20241204.xlsx,std,3,b,VTI,0.05120000000000001
23,0,472.947368421052,40,20241204,40-CF_20241204.xlsx,std,4,a,VTI,0.12800000000000003
23,10,502.631578947368,40,20241204,40-CF_20241204.xlsx,std,4,a,VTI,0.12800000000000003
23,20,584.736842105263,40,20241204,40-CF_20241204.xlsx,std,4,a,VTI,0.12800000000000003
23,30,624.833333333333,40,20241204,40-CF_20241204.xlsx,std,4,a,VTI,0.12800000000000003
23,40,719.388888888888,40,20241204,40-CF_20241204.xlsx,std,4,a,VTI,0.12800000000000003
23,50,794.944444444444,40,20241204,40-CF_20241204.xlsx,std,4,a,VTI,0.12800000000000003
23,60,871.055555555555,40,20241204,40-CF_20241204.xlsx,std,4,a,VTI,0.12800000000000003
24,0,373.545454545454,40,20241204,40-CF_20241204.xlsx,std,4,b,VTI,0.12800000000000003
24,10,376.95652173913,40,20241204,40-CF_20241204.xlsx,std,4,b,VTI,0.12800000000000003
24,20,452.863636363636,40,20241204,40-CF_20241204.xlsx,std,4,b,VTI,0.12800000000000003
24,30,514.739130434782,40,20241204,40-CF_20241204.xlsx,std,4,b,VTI,0.12800000000000003
24,40,594.043478260869,40,20241204,40-CF_20241204.xlsx,std,4,b,VTI,0.12800000000000003
24,50,629.5,40,20241204,40-CF_20241204.xlsx,std,4,b,VTI,0.12800000000000003
24,60,646.68,40,20241204,40-CF_20241204.xlsx,std,4,b,VTI,0.12800000000000003
25,0,528.428571428571,40,20241204,40-CF_20241204.xlsx,std,5,a,VTI,0.32000000000000006
25,10,556.2,40,20241204,40-CF_20241204.xlsx,std,5,a,VTI,0.32000000000000006
25,20,677.533333333333,40,20241204,40-CF_20241204.xlsx,std,5,a,VTI,0.32000000000000006
25,30,791.466666666666,40,20241204,40-CF_20241204.xlsx,std,5,a,VTI,0.32000000000000006
25,40,889.266666666666,40,20241204,40-CF_20241204.xlsx,std,5,a,VTI,0.32000000000000006
25,50,964,40,20241204,40-CF_20241204.xlsx,std,5,a,VTI,0.32000000000000006
25,60,1031.46666666666,40,20241204,40-CF_20241204.xlsx,std,5,a,VTI,0.32000000000000006
26,0,407,40,20241204,40-CF_20241204.xlsx,std,5,b,VTI,0.32000000000000006
26,10,478.692307692307,40,20241204,40-CF_20241204.xlsx,std,5,b,VTI,0.32000000000000006
26,20,525.357142857142,40,20241204,40-CF_20241204.xlsx,std,5,b,VTI,0.32000000000000006
26,30,636.153846153846,40,20241204,40-CF_20241204.xlsx,std,5,b,VTI,0.32000000000000006
26,40,769.333333333333,40,20241204,40-CF_20241204.xlsx,std,5,b,VTI,0.32000000000000006
26,50,775,40,20241204,40-CF_20241204.xlsx,std,5,b,VTI,0.32000000000000006
26,60,907.333333333333,40,20241204,40-CF_20241204.xlsx,std,5,b,VTI,0.32000000000000006
27,0,653.923076923076,40,20241204,40-CF_20241204.xlsx,std,6,a,VTI,0.8000000000000002
27,10,766.76923076923,40,20241204,40-CF_20241204.xlsx,std,6,a,VTI,0.8000000000000002
27,20,945.307692307692,40,20241204,40-CF_20241204.xlsx,std,6,a,VTI,0.8000000000000002
27,30,1079.84615384615,40,20241204,40-CF_20241204.xlsx,std,6,a,VTI,0.8000000000000002
27,40,1109.5,40,20241204,40-CF_20241204.xlsx,std,6,a,VTI,0.8000000000000002
27,50,1285.30769230769,40,20241204,40-CF_20241204.xlsx,std,6,a,VTI,0.8000000000000002
27,60,1259.14285714285,40,20241204,40-CF_20241204.xlsx,std,6,a,VTI,0.8000000000000002
28,0,419.466666666666,40,20241204,40-CF_20241204.xlsx,std,6,b,VTI,0.8000000000000002
28,10,483.5,40,20241204,40-CF_20241204.xlsx,std,6,b,VTI,0.8000000000000002
28,20,614.461538461538,40,20241204,40-CF_20241204.xlsx,std,6,b,VTI,0.8000000000000002
28,30,708.75,40,20241204,40-CF_20241204.xlsx,std,6,b,VTI,0.8000000000000002
28,40,754.692307692307,40,20241204,40-CF_20241204.xlsx,std,6,b,VTI,0.8000000000000002
28,50,870.416666666666,40,20241204,40-CF_20241204.xlsx,std,6,b,VTI,0.8000000000000002
28,60,874.307692307692,40,20241204,40-CF_20241204.xlsx,std,6,b,VTI,0.8000000000000002
29,0,569.181818181818,40,20241204,40-CF_20241204.xlsx,std,7,a,VTI,2
29,10,678.272727272727,40,20241204,40-CF_20241204.xlsx,std,7,a,VTI,2
29,20,814.454545454545,40,20241204,40-CF_20241204.xlsx,std,7,a,VTI,2
29,30,920,40,20241204,40-CF_20241204.xlsx,std,7,a,VTI,2
29,40,1002,40,20241204,40-CF_20241204.xlsx,std,7,a,VTI,2
29,50,1073.63636363636,40,20241204,40-CF_20241204.xlsx,std,7,a,VTI,2
29,60,1136.72727272727,40,20241204,40-CF_20241204.xlsx,std,7,a,VTI,2
30,0,713.727272727272,40,20241204,40-CF_20241204.xlsx,std,7,b,VTI,2
30,10,907.545454545454,40,20241204,40-CF_20241204.xlsx,std,7,b,VTI,2
30,20,1216.9,40,20241204,40-CF_20241204.xlsx,std,7,b,VTI,2
30,30,1283.2,40,20241204,40-CF_20241204.xlsx,std,7,b,VTI,2
30,40,1291.27272727272,40,20241204,40-CF_20241204.xlsx,std,7,b,VTI,2
30,50,1400.63636363636,40,20241204,40-CF_20241204.xlsx,std,7,b,VTI,2
30,60,1499.27272727272,40,20241204,40-CF_20241204.xlsx,std,7,b,VTI,2
31,0,501.3,40,20241204,40-CF_20241204.xlsx,std,8,a,VTI,5
31,10,739.222222222222,40,20241204,40-CF_20241204.xlsx,std,8,a,VTI,5
31,20,799.8,40,20241204,40-CF_20241204.xlsx,std,8,a,VTI,5
31,30,827.272727272727,40,20241204,40-CF_20241204.xlsx,std,8,a,VTI,5
31,40,920.363636363636,40,20241204,40-CF_20241204.xlsx,std,8,a,VTI,5
31,50,1003.27272727272,40,20241204,40-CF_20241204.xlsx,std,8,a,VTI,5
31,60,986.5,40,20241204,40-CF_20241204.xlsx,std,8,a,VTI,5
32,0,386.473684210526,40,20241204,40-CF_20241204.xlsx,std,8,b,VTI,5
32,10,473.277777777777,40,20241204,40-CF_20241204.xlsx,std,8,b,VTI,5
32,20,532.78947368421,40,20241204,40-CF_20241204.xlsx,std,8,b,VTI,5
32,30,677.117647058823,40,20241204,40-CF_20241204.xlsx,std,8,b,VTI,5
32,40,710.444444444444,40,20241204,40-CF_20241204.xlsx,std,8,b,VTI,5
32,50,771.388888888888,40,20241204,40-CF_20241204.xlsx,std,8,b,VTI,5
32,60,821.055555555555,40,20241204,40-CF_20241204.xlsx,std,8,b,VTI,5
65,0,371.857142857142,40,20241204,40-CF_20241204.xlsx,std,2,a,FskOnly,0.02048000000000001
65,10,376,40,20241204,40-CF_20241204.xlsx,std,2,a,FskOnly,0.02048000000000001
65,20,380.071428571428,40,20241204,40-CF_20241204.xlsx,std,2,a,FskOnly,0.02048000000000001
65,30,381.357142857142,40,20241204,40-CF_20241204.xlsx,std,2,a,FskOnly,0.02048000000000001
65,40,381.785714285714,40,20241204,40-CF_20241204.xlsx,std,2,a,FskOnly,0.02048000000000001
65,50,380.214285714285,40,20241204,40-CF_20241204.xlsx,std,2,a,FskOnly,0.02048000000000001
65,60,383.857142857142,40,20241204,40-CF_20241204.xlsx,std,2,a,FskOnly,0.02048000000000001
66,0,334.083333333333,40,20241204,40-CF_20241204.xlsx,std,2,b,FskOnly,0.02048000000000001
66,10,311.846153846153,40,20241204,40-CF_20241204.xlsx,std,2,b,FskOnly,0.02048000000000001
66,20,342,40,20241204,40-CF_20241204.xlsx,std,2,b,FskOnly,0.02048000000000001
66,30,316.230769230769,40,20241204,40-CF_20241204.xlsx,std,2,b,FskOnly,0.02048000000000001
66,40,341.583333333333,40,20241204,40-CF_20241204.xlsx,std,2,b,FskOnly,0.02048000000000001
66,50,340.5,40,20241204,40-CF_20241204.xlsx,std,2,b,FskOnly,0.02048000000000001
66,60,342.416666666666,40,20241204,40-CF_20241204.xlsx,std,2,b,FskOnly,0.02048000000000001
67,0,318.2,40,20241204,40-CF_20241204.xlsx,std,4,a,FskOnly,0.12800000000000003
67,10,335.842105263157,40,20241204,40-CF_20241204.xlsx,std,4,a,FskOnly,0.12800000000000003
67,20,309.666666666666,40,20241204,40-CF_20241204.xlsx,std,4,a,FskOnly,0.12800000000000003
67,30,312.238095238095,40,20241204,40-CF_20241204.xlsx,std,4,a,FskOnly,0.12800000000000003
67,40,327.9,40,20241204,40-CF_20241204.xlsx,std,4,a,FskOnly,0.12800000000000003
67,50,330.8,40,20241204,40-CF_20241204.xlsx,std,4,a,FskOnly,0.12800000000000003
67,60,315.857142857142,40,20241204,40-CF_20241204.xlsx,std,4,a,FskOnly,0.12800000000000003
68,0,345.785714285714,40,20241204,40-CF_20241204.xlsx,std,4,b,FskOnly,0.12800000000000003
68,10,327.266666666666,40,20241204,40-CF_20241204.xlsx,std,4,b,FskOnly,0.12800000000000003
68,20,353.928571428571,40,20241204,40-CF_20241204.xlsx,std,4,b,FskOnly,0.12800000000000003
68,30,354.5,40,20241204,40-CF_20241204.xlsx,std,4,b,FskOnly,0.12800000000000003
68,40,352.785714285714,40,20241204,40-CF_20241204.xlsx,std,4,b,FskOnly,0.12800000000000003
68,50,352.285714285714,40,20241204,40-CF_20241204.xlsx,std,4,b,FskOnly,0.12800000000000003
68,60,355.642857142857,40,20241204,40-CF_20241204.xlsx,std,4,b,FskOnly,0.12800000000000003
69,0,344.833333333333,40,20241204,40-CF_20241204.xlsx,std,6,a,FskOnly,0.8000000000000002
69,10,350.444444444444,40,20241204,40-CF_20241204.xlsx,std,6,a,FskOnly,0.8000000000000002
69,20,375.882352941176,40,20241204,40-CF_20241204.xlsx,std,6,a,FskOnly,0.8000000000000002
69,30,315.619047619047,40,20241204,40-CF_20241204.xlsx,std,6,a,FskOnly,0.8000000000000002
69,40,352.578947368421,40,20241204,40-CF_20241204.xlsx,std,6,a,FskOnly,0.8000000000000002
69,50,363.888888888888,40,20241204,40-CF_20241204.xlsx,std,6,a,FskOnly,0.8000000000000002
69,60,389.35294117647,40,20241204,40-CF_20241204.xlsx,std,6,a,FskOnly,0.8000000000000002
70,0,328.90909090909,40,20241204,40-CF_20241204.xlsx,std,6,b,FskOnly,0.8000000000000002
70,10,363.6,40,20241204,40-CF_20241204.xlsx,std,6,b,FskOnly,0.8000000000000002
70,20,302.076923076923,40,20241204,40-CF_20241204.xlsx,std,6,b,FskOnly,0.8000000000000002
70,30,338.333333333333,40,20241204,40-CF_20241204.xlsx,std,6,b,FskOnly,0.8000000000000002
70,40,337.5,40,20241204,40-CF_20241204.xlsx,std,6,b,FskOnly,0.8000000000000002
70,50,344.5,40,20241204,40-CF_20241204.xlsx,std,6,b,FskOnly,0.8000000000000002
70,60,323.923076923076,40,20241204,40-CF_20241204.xlsx,std,6,b,FskOnly,0.8000000000000002
71,0,413.866666666666,40,20241204,40-CF_20241204.xlsx,std,8,a,FskOnly,5
71,10,395.375,40,20241204,40-CF_20241204.xlsx,std,8,a,FskOnly,5
71,20,408.5625,40,20241204,40-CF_20241204.xlsx,std,8,a,FskOnly,5
71,30,418,40,20241204,40-CF_20241204.xlsx,std,8,a,FskOnly,5
71,40,400,40,20241204,40-CF_20241204.xlsx,std,8,a,FskOnly,5
71,50,424.5625,40,20241204,40-CF_20241204.xlsx,std,8,a,FskOnly,5
71,60,428.8125,40,20241204,40-CF_20241204.xlsx,std,8,a,FskOnly,5
72,0,298.538461538461,40,20241204,40-CF_20241204.xlsx,std,8,b,FskOnly,5
72,10,338.25,40,20241204,40-CF_20241204.xlsx,std,8,b,FskOnly,5
72,20,315.692307692307,40,20241204,40-CF_20241204.xlsx,std,8,b,FskOnly,5
72,30,266.866666666666,40,20241204,40-CF_20241204.xlsx,std,8,b,FskOnly,5
72,40,281.714285714285,40,20241204,40-CF_20241204.xlsx,std,8,b,FskOnly,5
72,50,297.538461538461,40,20241204,40-CF_20241204.xlsx,std,8,b,FskOnly,5
72,60,318.5,40,20241204,40-CF_20241204.xlsx,std,8,b,FskOnly,5
33,0,380,40,20230627,40-CF_teza_ETI_20230627.xlsx,teza_eti,a,a,Other,0.008192000000000003
33,10,381.333333333333,40,20230627,40-CF_teza_ETI_20230627.xlsx,teza_eti,a,a,Other,0.008192000000000003
33,20,384.333333333333,40,20230627,40-CF_teza_ETI_20230627.xlsx,teza_eti,a,a,Other,0.008192000000000003
33,30,398.333333333333,40,20230627,40-CF_teza_ETI_20230627.xlsx,teza_eti,a,a,Other,0.008192000000000003
33,40,412,40,20230627,40-CF_teza_ETI_20230627.xlsx,teza_eti,a,a,Other,0.008192000000000003
33,50,424.666666666666,40,20230627,40-CF_teza_ETI_20230627.xlsx,teza_eti,a,a,Other,0.008192000000000003
33,60,432.666666666666,40,20230627,40-CF_teza_ETI_20230627.xlsx,teza_eti,a,a,Other,0.008192000000000003
34,0,378,40,20230627,40-CF_teza_ETI_20230627.xlsx,teza_eti,a,b,Other,0.008192000000000003
34,10,408.823529411764,40,20230627,40-CF_teza_ETI_20230627.xlsx,teza_eti,a,b,Other,0.008192000000000003
34,20,416.529411764705,40,20230627,40-CF_teza_ETI_20230627.xlsx,teza_eti,a,b,Other,0.008192000000000003
34,30,401.944444444444,40,20230627,40-CF_teza_ETI_20230627.xlsx,teza_eti,a,b,Other,0.008192000000000003
34,40,437.235294117647,40,20230627,40-CF_teza_ETI_20230627.xlsx,teza_eti,a,b,Other,0.008192000000000003
34,50,476.75,40,20230627,40-CF_teza_ETI_20230627.xlsx,teza_eti,a,b,Other,0.008192000000000003
34,60,461.588235294117,40,20230627,40-CF_teza_ETI_20230627.xlsx,teza_eti,a,b,Other,0.008192000000000003
35,0,499.181818181818,40,20230627,40-CF_teza_ETI_20230627.xlsx,teza_eti,b,a,Other,0.02048000000000001
35,10,466,40,20230627,40-CF_teza_ETI_20230627.xlsx,teza_eti,b,a,Other,0.02048000000000001
35,20,515.636363636363,40,20230627,40-CF_teza_ETI_20230627.xlsx,teza_eti,b,a,Other,0.02048000000000001
35,30,456.846153846153,40,20230627,40-CF_teza_ETI_20230627.xlsx,teza_eti,b,a,Other,0.02048000000000001
35,40,515.833333333333,40,20230627,40-CF_teza_ETI_20230627.xlsx,teza_eti,b,a,Other,0.02048000000000001
35,50,535.083333333333,40,20230627,40-CF_teza_ETI_20230627.xlsx,teza_eti,b,a,Other,0.02048000000000001
35,60,510,40,20230627,40-CF_teza_ETI_20230627.xlsx,teza_eti,b,a,Other,0.02048000000000001
36,0,411.4375,40,20230627,40-CF_teza_ETI_20230627.xlsx,teza_eti,b,b,Other,0.02048000000000001
36,10,354.210526315789,40,20230627,40-CF_teza_ETI_20230627.xlsx,teza_eti,b,b,Other,0.02048000000000001
36,20,405.294117647058,40,20230627,40-CF_teza_ETI_20230627.xlsx,teza_eti,b,b,Other,0.02048000000000001
36,30,444.625,40,20230627,40-CF_teza_ETI_20230627.xlsx,teza_eti,b,b,Other,0.02048000000000001
36,40,437.058823529411,40,20230627,40-CF_teza_ETI_20230627.xlsx,teza_eti,b,b,Other,0.02048000000000001
36,50,516.333333333333,40,20230627,40-CF_teza_ETI_20230627.xlsx,teza_eti,b,b,Other,0.02048000000000001
36,60,539.866666666666,40,20230627,40-CF_teza_ETI_20230627.xlsx,teza_eti,b,b,Other,0.02048000000000001
37,0,343.538461538461,40,20230627,40-CF_teza_ETI_20230627.xlsx,teza_eti,c,a,Other,0.05120000000000001
37,10,355.076923076923,40,20230627,40-CF_teza_ETI_20230627.xlsx,teza_eti,c,a,Other,0.05120000000000001
37,20,460.636363636363,40,20230627,40-CF_teza_ETI_20230627.xlsx,teza_eti,c,a,Other,0.05120000000000001
37,30,495.90909090909,40,20230627,40-CF_teza_ETI_20230627.xlsx,teza_eti,c,a,Other,0.05120000000000001
37,40,537.818181818181,40,20230627,40-CF_teza_ETI_20230627.xlsx,teza_eti,c,a,Other,0.05120000000000001
37,50,473.307692307692,40,20230627,40-CF_teza_ETI_20230627.xlsx,teza_eti,c,a,Other,0.05120000000000001
37,60,504.153846153846,40,20230627,40-CF_teza_ETI_20230627.xlsx,teza_eti,c,a,Other,0.05120000000000001
38,0,372.857142857142,40,20230627,40-CF_teza_ETI_20230627.xlsx,teza_eti,c,b,Other,0.05120000000000001
38,10,407.153846153846,40,20230627,40-CF_teza_ETI_20230627.xlsx,teza_eti,c,b,Other,0.05120000000000001
38,20,411.461538461538,40,20230627,40-CF_teza_ETI_20230627.xlsx,teza_eti,c,b,Other,0.05120000000000001
38,30,435.153846153846,40,20230627,40-CF_teza_ETI_20230627.xlsx,teza_eti,c,b,Other,0.05120000000000001
38,40,496.583333333333,40,20230627,40-CF_teza_ETI_20230627.xlsx,teza_eti,c,b,Other,0.05120000000000001
38,50,482,40,20230627,40-CF_teza_ETI_20230627.xlsx,teza_eti,c,b,Other,0.05120000000000001
38,60,541.583333333333,40,20230627,40-CF_teza_ETI_20230627.xlsx,teza_eti,c,b,Other,0.05120000000000001
39,0,387.428571428571,40,20230627,40-CF_teza_ETI_20230627.xlsx,teza_eti,d,a,Other,0.12800000000000003
39,10,347.75,40,20230627,40-CF_teza_ETI_20230627.xlsx,teza_eti,d,a,Other,0.12800000000000003
39,20,440.571428571428,40,20230627,40-CF_teza_ETI_20230627.xlsx,teza_eti,d,a,Other,0.12800000000000003
39,30,452.625,40,20230627,40-CF_teza_ETI_20230627.xlsx,teza_eti,d,a,Other,0.12800000000000003
39,40,514.25,40,20230627,40-CF_teza_ETI_20230627.xlsx,teza_eti,d,a,Other,0.12800000000000003
39,50,560,40,20230627,40-CF_teza_ETI_20230627.xlsx,teza_eti,d,a,Other,0.12800000000000003
39,60,530,40,20230627,40-CF_teza_ETI_20230627.xlsx,teza_eti,d,a,Other,0.12800000000000003
40,0,376.111111111111,40,20230627,40-CF_teza_ETI_20230627.xlsx,teza_eti,d,b,Other,0.12800000000000003
40,10,403.777777777777,40,20230627,40-CF_teza_ETI_20230627.xlsx,teza_eti,d,b,Other,0.12800000000000003
40,20,444.444444444444,40,20230627,40-CF_teza_ETI_20230627.xlsx,teza_eti,d,b,Other,0.12800000000000003
40,30,440.1,40,20230627,40-CF_teza_ETI_20230627.xlsx,teza_eti,d,b,Other,0.12800000000000003
40,40,594,40,20230627,40-CF_teza_ETI_20230627.xlsx,teza_eti,d,b,Other,0.12800000000000003
40,50,634.25,40,20230627,40-CF_teza_ETI_20230627.xlsx,teza_eti,d,b,Other,0.12800000000000003
40,60,591.333333333333,40,20230627,40-CF_teza_ETI_20230627.xlsx,teza_eti,d,b,Other,0.12800000000000003
41,0,502.4,40,20230627,40-CF_teza_ETI_20230627.xlsx,teza_eti,e,a,Other,0.32000000000000006
41,10,527.8,40,20230627,40-CF_teza_ETI_20230627.xlsx,teza_eti,e,a,Other,0.32000000000000006
41,20,522,40,20230627,40-CF_teza_ETI_20230627.xlsx,teza_eti,e,a,Other,0.32000000000000006
41,30,547.571428571428,40,20230627,40-CF_teza_ETI_20230627.xlsx,teza_eti,e,a,Other,0.32000000000000006
41,40,720,40,20230627,40-CF_teza_ETI_20230627.xlsx,teza_eti,e,a,Other,0.32000000000000006
41,50,783.833333333333,40,20230627,40-CF_teza_ETI_20230627.xlsx,teza_eti,e,a,Other,0.32000000000000006
41,60,830.333333333333,40,20230627,40-CF_teza_ETI_20230627.xlsx,teza_eti,e,a,Other,0.32000000000000006
42,0,548.2,40,20230627,40-CF_teza_ETI_20230627.xlsx,teza_eti,e,b,Other,0.32000000000000006
42,10,565.6,40,20230627,40-CF_teza_ETI_20230627.xlsx,teza_eti,e,b,Other,0.32000000000000006
42,20,709.555555555555,40,20230627,40-CF_teza_ETI_20230627.xlsx,teza_eti,e,b,Other,0.32000000000000006
42,30,727.2,40,20230627,40-CF_teza_ETI_20230627.xlsx,teza_eti,e,b,Other,0.32000000000000006
42,40,880.333333333333,40,20230627,40-CF_teza_ETI_20230627.xlsx,teza_eti,e,b,Other,0.32000000000000006
42,50,840.9,40,20230627,40-CF_teza_ETI_20230627.xlsx,teza_eti,e,b,Other,0.32000000000000006
42,60,881.2,40,20230627,40-CF_teza_ETI_20230627.xlsx,teza_eti,e,b,Other,0.32000000000000006
43,0,371.176470588235,40,20230627,40-CF_teza_ETI_20230627.xlsx,teza_eti,f,a,Other,0.8000000000000002
43,10,408.470588235294,40,20230627,40-CF_teza_ETI_20230627.xlsx,teza_eti,f,a,Other,0.8000000000000002
43,20,498.35294117647,40,20230627,40-CF_teza_ETI_20230627.xlsx,teza_eti,f,a,Other,0.8000000000000002
43,30,599.588235294117,40,20230627,40-CF_teza_ETI_20230627.xlsx,teza_eti,f,a,Other,0.8000000000000002
43,40,679.125,40,20230627,40-CF_teza_ETI_20230627.xlsx,teza_eti,f,a,Other,0.8000000000000002
43,50,733,40,20230627,40-CF_teza_ETI_20230627.xlsx,teza_eti,f,a,Other,0.8000000000000002
43,60,792.4375,40,20230627,40-CF_teza_ETI_20230627.xlsx,teza_eti,f,a,Other,0.8000000000000002
44,0,489.75,40,20230627,40-CF_teza_ETI_20230627.xlsx,teza_eti,f,b,Other,0.8000000000000002
44,10,521.3,40,20230627,40-CF_teza_ETI_20230627.xlsx,teza_eti,f,b,Other,0.8000000000000002
44,20,661.944444444444,40,20230627,40-CF_teza_ETI_20230627.xlsx,teza_eti,f,b,Other,0.8000000000000002
44,30,697.6,40,20230627,40-CF_teza_ETI_20230627.xlsx,teza_eti,f,b,Other,0.8000000000000002
44,40,828,40,20230627,40-CF_teza_ETI_20230627.xlsx,teza_eti,f,b,Other,0.8000000000000002
44,50,834.95,40,20230627,40-CF_teza_ETI_20230627.xlsx,teza_eti,f,b,Other,0.8000000000000002
44,60,925.473684210526,40,20230627,40-CF_teza_ETI_20230627.xlsx,teza_eti,f,b,Other,0.8000000000000002
45,0,371.166666666666,40,20230627,40-CF_teza_ETI_20230627.xlsx,teza_eti,g,a,Other,2
45,10,452,40,20230627,40-CF_teza_ETI_20230627.xlsx,teza_eti,g,a,Other,2
45,20,548.166666666666,40,20230627,40-CF_teza_ETI_20230627.xlsx,teza_eti,g,a,Other,2
45,30,627.5,40,20230627,40-CF_teza_ETI_20230627.xlsx,teza_eti,g,a,Other,2
45,40,694.666666666666,40,20230627,40-CF_teza_ETI_20230627.xlsx,teza_eti,g,a,Other,2
45,50,901.6,40,20230627,40-CF_teza_ETI_20230627.xlsx,teza_eti,g,a,Other,2
45,60,943.6,40,20230627,40-CF_teza_ETI_20230627.xlsx,teza_eti,g,a,Other,2
46,0,438.5,40,20230627,40-CF_teza_ETI_20230627.xlsx,teza_eti,g,b,Other,2
46,10,527.666666666666,40,20230627,40-CF_teza_ETI_20230627.xlsx,teza_eti,g,b,Other,2
46,20,618.222222222222,40,20230627,40-CF_teza_ETI_20230627.xlsx,teza_eti,g,b,Other,2
46,30,715.555555555555,40,20230627,40-CF_teza_ETI_20230627.xlsx,teza_eti,g,b,Other,2
46,40,795.777777777777,40,20230627,40-CF_teza_ETI_20230627.xlsx,teza_eti,g,b,Other,2
46,50,771.1,40,20230627,40-CF_teza_ETI_20230627.xlsx,teza_eti,g,b,Other,2
46,60,910.888888888888,40,20230627,40-CF_teza_ETI_20230627.xlsx,teza_eti,g,b,Other,2
47,0,396,40,20230627,40-CF_teza_ETI_20230627.xlsx,teza_eti,h,a,Other,5
47,10,473,40,20230627,40-CF_teza_ETI_20230627.xlsx,teza_eti,h,a,Other,5
47,20,566,40,20230627,40-CF_teza_ETI_20230627.xlsx,teza_eti,h,a,Other,5
47,30,649,40,20230627,40-CF_teza_ETI_20230627.xlsx,teza_eti,h,a,Other,5
47,40,716,40,20230627,40-CF_teza_ETI_20230627.xlsx,teza_eti,h,a,Other,5
47,50,781.666666666666,40,20230627,40-CF_teza_ETI_20230627.xlsx,teza_eti,h,a,Other,5
47,60,831.333333333333,40,20230627,40-CF_teza_ETI_20230627.xlsx,teza_eti,h,a,Other,5
48,0,314.916666666666,40,20230627,40-CF_teza_ETI_20230627.xlsx,teza_eti,h,b,Other,5
48,10,392.454545454545,40,20230627,40-CF_teza_ETI_20230627.xlsx,teza_eti,h,b,Other,5
48,20,412.25,40,20230627,40-CF_teza_ETI_20230627.xlsx,teza_eti,h,b,Other,5
48,30,513.272727272727,40,20230627,40-CF_teza_ETI_20230627.xlsx,teza_eti,h,b,Other,5
48,40,519.416666666666,40,20230627,40-CF_teza_ETI_20230627.xlsx,teza_eti,h,b,Other,5
48,50,510.615384615384,40,20230627,40-CF_teza_ETI_20230627.xlsx,teza_eti,h,b,Other,5
48,60,598.083333333333,40,20230627,40-CF_teza_ETI_20230627.xlsx,teza_eti,h,b,Other,5
49,0,411.866666666666,40,20230627,40-CF_teza_ETI_20230627.xlsx,teza_eti,a,a,ETI,0.008192000000000003
49,10,468.714285714285,40,20230627,40-CF_teza_ETI_20230627.xlsx,teza_eti,a,a,ETI,0.008192000000000003
49,20,552,40,20230627,40-CF_teza_ETI_20230627.xlsx,teza_eti,a,a,ETI,0.008192000000000003
49,30,614.538461538461,40,20230627,40-CF_teza_ETI_20230627.xlsx,teza_eti,a,a,ETI,0.008192000000000003
49,40,634.785714285714,40,20230627,40-CF_teza_ETI_20230627.xlsx,teza_eti,a,a,ETI,0.008192000000000003
49,50,643.6,40,20230627,40-CF_teza_ETI_20230627.xlsx,teza_eti,a,a,ETI,0.008192000000000003
49,60,683.133333333333,40,20230627,40-CF_teza_ETI_20230627.xlsx,teza_eti,a,a,ETI,0.008192000000000003
50,0,496.785714285714,40,20230627,40-CF_teza_ETI_20230627.xlsx,teza_eti,a,b,ETI,0.008192000000000003
50,10,532.285714285714,40,20230627,40-CF_teza_ETI_20230627.xlsx,teza_eti,a,b,ETI,0.008192000000000003
50,20,582.5,40,20230627,40-CF_teza_ETI_20230627.xlsx,teza_eti,a,b,ETI,0.008192000000000003
50,30,653.125,40,20230627,40-CF_teza_ETI_20230627.xlsx,teza_eti,a,b,ETI,0.008192000000000003
50,40,744.466666666666,40,20230627,40-CF_teza_ETI_20230627.xlsx,teza_eti,a,b,ETI,0.008192000000000003
50,50,735.9375,40,20230627,40-CF_teza_ETI_20230627.xlsx,teza_eti,a,b,ETI,0.008192000000000003
50,60,676.8,40,20230627,40-CF_teza_ETI_20230627.xlsx,teza_eti,a,b,ETI,0.008192000000000003
51,0,738.833333333333,40,20230627,40-CF_teza_ETI_20230627.xlsx,teza_eti,b,a,ETI,0.02048000000000001
51,10,941.6,40,20230627,40-CF_teza_ETI_20230627.xlsx,teza_eti,b,a,ETI,0.02048000000000001
51,20,554.166666666666,40,20230627,40-CF_teza_ETI_20230627.xlsx,teza_eti,b,a,ETI,0.02048000000000001
51,30,723,40,20230627,40-CF_teza_ETI_20230627.xlsx,teza_eti,b,a,ETI,0.02048000000000001
51,40,830.571428571428,40,20230627,40-CF_teza_ETI_20230627.xlsx,teza_eti,b,a,ETI,0.02048000000000001
51,50,873.714285714285,40,20230627,40-CF_teza_ETI_20230627.xlsx,teza_eti,b,a,ETI,0.02048000000000001
51,60,785,40,20230627,40-CF_teza_ETI_20230627.xlsx,teza_eti,b,a,ETI,0.02048000000000001
52,0,506.176470588235,40,20230627,40-CF_teza_ETI_20230627.xlsx,teza_eti,b,b,ETI,0.02048000000000001
52,10,499.277777777777,40,20230627,40-CF_teza_ETI_20230627.xlsx,teza_eti,b,b,ETI,0.02048000000000001
52,20,573.388888888888,40,20230627,40-CF_teza_ETI_20230627.xlsx,teza_eti,b,b,ETI,0.02048000000000001
52,30,739.8125,40,20230627,40-CF_teza_ETI_20230627.xlsx,teza_eti,b,b,ETI,0.02048000000000001
52,40,760.058823529411,40,20230627,40-CF_teza_ETI_20230627.xlsx,teza_eti,b,b,ETI,0.02048000000000001
52,50,812.117647058823,40,20230627,40-CF_teza_ETI_20230627.xlsx,teza_eti,b,b,ETI,0.02048000000000001
52,60,877.470588235294,40,20230627,40-CF_teza_ETI_20230627.xlsx,teza_eti,b,b,ETI,0.02048000000000001
53,0,441,40,20230627,40-CF_teza_ETI_20230627.xlsx,teza_eti,c,a,ETI,0.05120000000000001
53,10,499,40,20230627,40-CF_teza_ETI_20230627.xlsx,teza_eti,c,a,ETI,0.05120000000000001
53,20,602.666666666666,40,20230627,40-CF_teza_ETI_20230627.xlsx,teza_eti,c,a,ETI,0.05120000000000001
53,30,706.333333333333,40,20230627,40-CF_teza_ETI_20230627.xlsx,teza_eti,c,a,ETI,0.05120000000000001
53,40,835.666666666666,40,20230627,40-CF_teza_ETI_20230627.xlsx,teza_eti,c,a,ETI,0.05120000000000001
53,50,931.333333333333,40,20230627,40-CF_teza_ETI_20230627.xlsx,teza_eti,c,a,ETI,0.05120000000000001
53,60,980.333333333333,40,20230627,40-CF_teza_ETI_20230627.xlsx,teza_eti,c,a,ETI,0.05120000000000001
54,0,329.428571428571,40,20230627,40-CF_teza_ETI_20230627.xlsx,teza_eti,c,b,ETI,0.05120000000000001
54,10,422.166666666666,40,20230627,40-CF_teza_ETI_20230627.xlsx,teza_eti,c,b,ETI,0.05120000000000001
54,20,477.5,40,20230627,40-CF_teza_ETI_20230627.xlsx,teza_eti,c,b,ETI,0.05120000000000001
54,30,540.166666666666,40,20230627,40-CF_teza_ETI_20230627.xlsx,teza_eti,c,b,ETI,0.05120000000000001
54,40,614.166666666666,40,20230627,40-CF_teza_ETI_20230627.xlsx,teza_eti,c,b,ETI,0.05120000000000001
54,50,813.6,40,20230627,40-CF_teza_ETI_20230627.xlsx,teza_eti,c,b,ETI,0.05120000000000001
54,60,726.666666666666,40,20230627,40-CF_teza_ETI_20230627.xlsx,teza_eti,c,b,ETI,0.05120000000000001
55,0,296,40,20230627,40-CF_teza_ETI_20230627.xlsx,teza_eti,d,a,ETI,0.12800000000000003
55,10,349.714285714285,40,20230627,40-CF_teza_ETI_20230627.xlsx,teza_eti,d,a,ETI,0.12800000000000003
55,20,430.857142857142,40,20230627,40-CF_teza_ETI_20230627.xlsx,teza_eti,d,a,ETI,0.12800000000000003
55,30,478,40,20230627,40-CF_teza_ETI_20230627.xlsx,teza_eti,d,a,ETI,0.12800000000000003
55,40,517.285714285714,40,20230627,40-CF_teza_ETI_20230627.xlsx,teza_eti,d,a,ETI,0.12800000000000003
55,50,544.857142857142,40,20230627,40-CF_teza_ETI_20230627.xlsx,teza_eti,d,a,ETI,0.12800000000000003
55,60,560.571428571428,40,20230627,40-CF_teza_ETI_20230627.xlsx,teza_eti,d,a,ETI,0.12800000000000003
56,0,415.285714285714,40,20230627,40-CF_teza_ETI_20230627.xlsx,teza_eti,d,b,ETI,0.12800000000000003
56,10,460.571428571428,40,20230627,40-CF_teza_ETI_20230627.xlsx,teza_eti,d,b,ETI,0.12800000000000003
56,20,538.857142857142,40,20230627,40-CF_teza_ETI_20230627.xlsx,teza_eti,d,b,ETI,0.12800000000000003
56,30,608.142857142857,40,20230627,40-CF_teza_ETI_20230627.xlsx,teza_eti,d,b,ETI,0.12800000000000003
56,40,584.5,40,20230627,40-CF_teza_ETI_20230627.xlsx,teza_eti,d,b,ETI,0.12800000000000003
56,50,726.714285714285,40,20230627,40-CF_teza_ETI_20230627.xlsx,teza_eti,d,b,ETI,0.12800000000000003
56,60,728,40,20230627,40-CF_teza_ETI_20230627.xlsx,teza_eti,d,b,ETI,0.12800000000000003
57,0,369.545454545454,40,20230627,40-CF_teza_ETI_20230627.xlsx,teza_eti,e,a,ETI,0.32000000000000006
57,10,426.090909090909,40,20230627,40-CF_teza_ETI_20230627.xlsx,teza_eti,e,a,ETI,0.32000000000000006
57,20,454.666666666666,40,20230627,40-CF_teza_ETI_20230627.xlsx,teza_eti,e,a,ETI,0.32000000000000006
57,30,517.75,40,20230627,40-CF_teza_ETI_20230627.xlsx,teza_eti,e,a,ETI,0.32000000000000006
57,40,612.90909090909,40,20230627,40-CF_teza_ETI_20230627.xlsx,teza_eti,e,a,ETI,0.32000000000000006
57,50,644.454545454545,40,20230627,40-CF_teza_ETI_20230627.xlsx,teza_eti,e,a,ETI,0.32000000000000006
57,60,611.90909090909,40,20230627,40-CF_teza_ETI_20230627.xlsx,teza_eti,e,a,ETI,0.32000000000000006
58,0,478.363636363636,40,20230627,40-CF_teza_ETI_20230627.xlsx,teza_eti,e,b,ETI,0.32000000000000006
58,10,465.076923076923,40,20230627,40-CF_teza_ETI_20230627.xlsx,teza_eti,e,b,ETI,0.32000000000000006
58,20,590.727272727272,40,20230627,40-CF_teza_ETI_20230627.xlsx,teza_eti,e,b,ETI,0.32000000000000006
58,30,622.75,40,20230627,40-CF_teza_ETI_20230627.xlsx,teza_eti,e,b,ETI,0.32000000000000006
58,40,676.75,40,20230627,40-CF_teza_ETI_20230627.xlsx,teza_eti,e,b,ETI,0.32000000000000006
58,50,719.833333333333,40,20230627,40-CF_teza_ETI_20230627.xlsx,teza_eti,e,b,ETI,0.32000000000000006
58,60,798,40,20230627,40-CF_teza_ETI_20230627.xlsx,teza_eti,e,b,ETI,0.32000000000000006
59,0,372.666666666666,40,20230627,40-CF_teza_ETI_20230627.xlsx,teza_eti,f,a,ETI,0.8000000000000002
59,10,449.666666666666,40,20230627,40-CF_teza_ETI_20230627.xlsx,teza_eti,f,a,ETI,0.8000000000000002
59,20,552.777777777777,40,20230627,40-CF_teza_ETI_20230627.xlsx,teza_eti,f,a,ETI,0.8000000000000002
59,30,648.777777777777,40,20230627,40-CF_teza_ETI_20230627.xlsx,teza_eti,f,a,ETI,0.8000000000000002
59,40,715.111111111111,40,20230627,40-CF_teza_ETI_20230627.xlsx,teza_eti,f,a,ETI,0.8000000000000002
59,50,794.125,40,20230627,40-CF_teza_ETI_20230627.xlsx,teza_eti,f,a,ETI,0.8000000000000002
59,60,810.888888888888,40,20230627,40-CF_teza_ETI_20230627.xlsx,teza_eti,f,a,ETI,0.8000000000000002
60,0,403.214285714285,40,20230627,40-CF_teza_ETI_20230627.xlsx,teza_eti,f,b,ETI,0.8000000000000002
60,10,508.928571428571,40,20230627,40-CF_teza_ETI_20230627.xlsx,teza_eti,f,b,ETI,0.8000000000000002
60,20,643.571428571428,40,20230627,40-CF_teza_ETI_20230627.xlsx,teza_eti,f,b,ETI,0.8000000000000002
60,30,751.214285714285,40,20230627,40-CF_teza_ETI_20230627.xlsx,teza_eti,f,b,ETI,0.8000000000000002
60,40,838.142857142857,40,20230627,40-CF_teza_ETI_20230627.xlsx,teza_eti,f,b,ETI,0.8000000000000002
60,50,904.642857142857,40,20230627,40-CF_teza_ETI_20230627.xlsx,teza_eti,f,b,ETI,0.8000000000000002
60,60,951.214285714285,40,20230627,40-CF_teza_ETI_20230627.xlsx,teza_eti,f,b,ETI,0.8000000000000002
61,0,541.461538461538,40,20230627,40-CF_teza_ETI_20230627.xlsx,teza_eti,g,a,ETI,2
61,10,743.333333333333,40,20230627,40-CF_teza_ETI_20230627.xlsx,teza_eti,g,a,ETI,2
61,20,894.833333333333,40,20230627,40-CF_teza_ETI_20230627.xlsx,teza_eti,g,a,ETI,2
61,30,869.571428571428,40,20230627,40-CF_teza_ETI_20230627.xlsx,teza_eti,g,a,ETI,2
61,40,1105.75,40,20230627,40-CF_teza_ETI_20230627.xlsx,teza_eti,g,a,ETI,2
61,50,1178.91666666666,40,20230627,40-CF_teza_ETI_20230627.xlsx,teza_eti,g,a,ETI,2
61,60,1137.84615384615,40,20230627,40-CF_teza_ETI_20230627.xlsx,teza_eti,g,a,ETI,2
62,0,531.8,40,20230627,40-CF_teza_ETI_20230627.xlsx,teza_eti,g,b,ETI,2
62,10,601.818181818181,40,20230627,40-CF_teza_ETI_20230627.xlsx,teza_eti,g,b,ETI,2
62,20,736.363636363636,40,20230627,40-CF_teza_ETI_20230627.xlsx,teza_eti,g,b,ETI,2
62,30,836.090909090909,40,20230627,40-CF_teza_ETI_20230627.xlsx,teza_eti,g,b,ETI,2
62,40,1007.9,40,20230627,40-CF_teza_ETI_20230627.xlsx,teza_eti,g,b,ETI,2
62,50,943.454545454545,40,20230627,40-CF_teza_ETI_20230627.xlsx,teza_eti,g,b,ETI,2
62,60,1069.5,40,20230627,40-CF_teza_ETI_20230627.xlsx,teza_eti,g,b,ETI,2
63,0,567.555555555555,40,20230627,40-CF_teza_ETI_20230627.xlsx,teza_eti,h,a,ETI,5
63,10,673.888888888888,40,20230627,40-CF_teza_ETI_20230627.xlsx,teza_eti,h,a,ETI,5
63,20,802.555555555555,40,20230627,40-CF_teza_ETI_20230627.xlsx,teza_eti,h,a,ETI,5
63,30,1025.5,40,20230627,40-CF_teza_ETI_20230627.xlsx,teza_eti,h,a,ETI,5
63,40,1297.57142857142,40,20230627,40-CF_teza_ETI_20230627.xlsx,teza_eti,h,a,ETI,5
63,50,1234.25,40,20230627,40-CF_teza_ETI_20230627.xlsx,teza_eti,h,a,ETI,5
63,60,1487.14285714285,40,20230627,40-CF_teza_ETI_20230627.xlsx,teza_eti,h,a,ETI,5
64,0,611.2,40,20230627,40-CF_teza_ETI_20230627.xlsx,teza_eti,h,b,ETI,5
64,10,536.25,40,20230627,40-CF_teza_ETI_20230627.xlsx,teza_eti,h,b,ETI,5
64,20,583.25,40,20230627,40-CF_teza_ETI_20230627.xlsx,teza_eti,h,b,ETI,5
64,30,658.6,40,20230627,40-CF_teza_ETI_20230627.xlsx,teza_eti,h,b,ETI,5
64,40,716.2,40,20230627,40-CF_teza_ETI_20230627.xlsx,teza_eti,h,b,ETI,5
64,50,749.2,40,20230627,40-CF_teza_ETI_20230627.xlsx,teza_eti,h,b,ETI,5
64,60,764.5,40,20230627,40-CF_teza_ETI_20230627.xlsx,teza_eti,h,b,ETI,5
73,0,333.833333333333,40,20230627,40-CF_teza_ETI_20230627.xlsx,teza_eti,b,a,FskOnly,0.02048000000000001
73,10,296.428571428571,40,20230627,40-CF_teza_ETI_20230627.xlsx,teza_eti,b,a,FskOnly,0.02048000000000001
73,20,351.166666666666,40,20230627,40-CF_teza_ETI_20230627.xlsx,teza_eti,b,a,FskOnly,0.02048000000000001
73,30,349.666666666666,40,20230627,40-CF_teza_ETI_20230627.xlsx,teza_eti,b,a,FskOnly,0.02048000000000001
73,40,352,40,20230627,40-CF_teza_ETI_20230627.xlsx,teza_eti,b,a,FskOnly,0.02048000000000001
73,50,346.333333333333,40,20230627,40-CF_teza_ETI_20230627.xlsx,teza_eti,b,a,FskOnly,0.02048000000000001
73,60,351.5,40,20230627,40-CF_teza_ETI_20230627.xlsx,teza_eti,b,a,FskOnly,0.02048000000000001
74,0,510,40,20230627,40-CF_teza_ETI_20230627.xlsx,teza_eti,b,b,FskOnly,0.02048000000000001
74,10,542,40,20230627,40-CF_teza_ETI_20230627.xlsx,teza_eti,b,b,FskOnly,0.02048000000000001
74,20,564,40,20230627,40-CF_teza_ETI_20230627.xlsx,teza_eti,b,b,FskOnly,0.02048000000000001
74,30,547,40,20230627,40-CF_teza_ETI_20230627.xlsx,teza_eti,b,b,FskOnly,0.02048000000000001
74,40,539,40,20230627,40-CF_teza_ETI_20230627.xlsx,teza_eti,b,b,FskOnly,0.02048000000000001
74,50,551,40,20230627,40-CF_teza_ETI_20230627.xlsx,teza_eti,b,b,FskOnly,0.02048000000000001
74,60,546,40,20230627,40-CF_teza_ETI_20230627.xlsx,teza_eti,b,b,FskOnly,0.02048000000000001
75,0,456.3,40,20230627,40-CF_teza_ETI_20230627.xlsx,teza_eti,d,a,FskOnly,0.12800000000000003
75,10,396.083333333333,40,20230627,40-CF_teza_ETI_20230627.xlsx,teza_eti,d,a,FskOnly,0.12800000000000003
75,20,493.5,40,20230627,40-CF_teza_ETI_20230627.xlsx,teza_eti,d,a,FskOnly,0.12800000000000003
75,30,502,40,20230627,40-CF_teza_ETI_20230627.xlsx,teza_eti,d,a,FskOnly,0.12800000000000003
75,40,422.666666666666,40,20230627,40-CF_teza_ETI_20230627.xlsx,teza_eti,d,a,FskOnly,0.12800000000000003
75,50,468,40,20230627,40-CF_teza_ETI_20230627.xlsx,teza_eti,d,a,FskOnly,0.12800000000000003
75,60,436.083333333333,40,20230627,40-CF_teza_ETI_20230627.xlsx,teza_eti,d,a,FskOnly,0.12800000000000003
76,0,491,40,20230627,40-CF_teza_ETI_20230627.xlsx,teza_eti,d,b,FskOnly,0.12800000000000003
76,10,591.714285714285,40,20230627,40-CF_teza_ETI_20230627.xlsx,teza_eti,d,b,FskOnly,0.12800000000000003
76,20,472.666666666666,40,20230627,40-CF_teza_ETI_20230627.xlsx,teza_eti,d,b,FskOnly,0.12800000000000003
76,30,534,40,20230627,40-CF_teza_ETI_20230627.xlsx,teza_eti,d,b,FskOnly,0.12800000000000003
76,40,540.125,40,20230627,40-CF_teza_ETI_20230627.xlsx,teza_eti,d,b,FskOnly,0.12800000000000003
76,50,534.5,40,20230627,40-CF_teza_ETI_20230627.xlsx,teza_eti,d,b,FskOnly,0.12800000000000003
76,60,542.625,40,20230627,40-CF_teza_ETI_20230627.xlsx,teza_eti,d,b,FskOnly,0.12800000000000003
77,0,421.9,40,20230627,40-CF_teza_ETI_20230627.xlsx,teza_eti,f,a,FskOnly,0.8000000000000002
77,10,424.090909090909,40,20230627,40-CF_teza_ETI_20230627.xlsx,teza_eti,f,a,FskOnly,0.8000000000000002
77,20,456.90909090909,40,20230627,40-CF_teza_ETI_20230627.xlsx,teza_eti,f,a,FskOnly,0.8000000000000002
77,30,446.5,40,20230627,40-CF_teza_ETI_20230627.xlsx,teza_eti,f,a,FskOnly,0.8000000000000002
77,40,462.416666666666,40,20230627,40-CF_teza_ETI_20230627.xlsx,teza_eti,f,a,FskOnly,0.8000000000000002
77,50,522.363636363636,40,20230627,40-CF_teza_ETI_20230627.xlsx,teza_eti,f,a,FskOnly,0.8000000000000002
77,60,535.818181818181,40,20230627,40-CF_teza_ETI_20230627.xlsx,teza_eti,f,a,FskOnly,0.8000000000000002
78,0,362.5,40,20230627,40-CF_teza_ETI_20230627.xlsx,teza_eti,f,b,FskOnly,0.8000000000000002
78,10,379,40,20230627,40-CF_teza_ETI_20230627.xlsx,teza_eti,f,b,FskOnly,0.8000000000000002
78,20,398.333333333333,40,20230627,40-CF_teza_ETI_20230627.xlsx,teza_eti,f,b,FskOnly,0.8000000000000002
78,30,412,40,20230627,40-CF_teza_ETI_20230627.xlsx,teza_eti,f,b,FskOnly,0.8000000000000002
78,40,424.333333333333,40,20230627,40-CF_teza_ETI_20230627.xlsx,teza_eti,f,b,FskOnly,0.8000000000000002
78,50,432.666666666666,40,20230627,40-CF_teza_ETI_20230627.xlsx,teza_eti,f,b,FskOnly,0.8000000000000002
78,60,539.2,40,20230627,40-CF_teza_ETI_20230627.xlsx,teza_eti,f,b,FskOnly,0.8000000000000002
79,0,492.4,40,20230627,40-CF_teza_ETI_20230627.xlsx,teza_eti,h,a,FskOnly,5
79,10,531,40,20230627,40-CF_teza_ETI_20230627.xlsx,teza_eti,h,a,FskOnly,5
79,20,560.2,40,20230627,40-CF_teza_ETI_20230627.xlsx,teza_eti,h,a,FskOnly,5
79,30,721.25,40,20230627,40-CF_teza_ETI_20230627.xlsx,teza_eti,h,a,FskOnly,5
79,40,593.8,40,20230627,40-CF_teza_ETI_20230627.xlsx,teza_eti,h,a,FskOnly,5
79,50,768.25,40,20230627,40-CF_teza_ETI_20230627.xlsx,teza_eti,h,a,FskOnly,5
79,60,630.2,40,20230627,40-CF_teza_ETI_20230627.xlsx,teza_eti,h,a,FskOnly,5
80,0,242.166666666666,40,20230627,40-CF_teza_ETI_20230627.xlsx,teza_eti,h,b,FskOnly,5
80,10,265.833333333333,40,20230627,40-CF_teza_ETI_20230627.xlsx,teza_eti,h,b,FskOnly,5
80,20,287.333333333333,40,20230627,40-CF_teza_ETI_20230627.xlsx,teza_eti,h,b,FskOnly,5
80,30,301,40,20230627,40-CF_teza_ETI_20230627.xlsx,teza_eti,h,b,FskOnly,5
80,40,318.333333333333,40,20230627,40-CF_teza_ETI_20230627.xlsx,teza_eti,h,b,FskOnly,5
80,50,327.5,40,20230627,40-CF_teza_ETI_20230627.xlsx,teza_eti,h,b,FskOnly,5
80,60,340.833333333333,40,20230627,40-CF_teza_ETI_20230627.xlsx,teza_eti,h,b,FskOnly,5
1,0,724.0625,45,20240314,45-CF_20240314_optimalizace_vanza.xlsx,optimalizace,1,a,ETI,0.008192000000000003
1,10,750.1875,45,20240314,45-CF_20240314_optimalizace_vanza.xlsx,optimalizace,1,a,ETI,0.008192000000000003
1,20,831.866666666666,45,20240314,45-CF_20240314_optimalizace_vanza.xlsx,optimalizace,1,a,ETI,0.008192000000000003
1,30,921.6,45,20240314,45-CF_20240314_optimalizace_vanza.xlsx,optimalizace,1,a,ETI,0.008192000000000003
1,40,1017,45,20240314,45-CF_20240314_optimalizace_vanza.xlsx,optimalizace,1,a,ETI,0.008192000000000003
1,50,1104.33333333333,45,20240314,45-CF_20240314_optimalizace_vanza.xlsx,optimalizace,1,a,ETI,0.008192000000000003
1,60,1085.125,45,20240314,45-CF_20240314_optimalizace_vanza.xlsx,optimalizace,1,a,ETI,0.008192000000000003
2,0,573.416666666666,45,20240314,45-CF_20240314_optimalizace_vanza.xlsx,optimalizace,1,b,ETI,0.008192000000000003
2,10,547.153846153846,45,20240314,45-CF_20240314_optimalizace_vanza.xlsx,optimalizace,1,b,ETI,0.008192000000000003
2,20,637.5,45,20240314,45-CF_20240314_optimalizace_vanza.xlsx,optimalizace,1,b,ETI,0.008192000000000003
2,30,644.307692307692,45,20240314,45-CF_20240314_optimalizace_vanza.xlsx,optimalizace,1,b,ETI,0.008192000000000003
2,40,698.230769230769,45,20240314,45-CF_20240314_optimalizace_vanza.xlsx,optimalizace,1,b,ETI,0.008192000000000003
2,50,750.692307692307,45,20240314,45-CF_20240314_optimalizace_vanza.xlsx,optimalizace,1,b,ETI,0.008192000000000003
2,60,792.461538461538,45,20240314,45-CF_20240314_optimalizace_vanza.xlsx,optimalizace,1,b,ETI,0.008192000000000003
3,0,557.35,45,20240314,45-CF_20240314_optimalizace_vanza.xlsx,optimalizace,2,a,ETI,0.02048000000000001
3,10,576.5,45,20240314,45-CF_20240314_optimalizace_vanza.xlsx,optimalizace,2,a,ETI,0.02048000000000001
3,20,649.842105263157,45,20240314,45-CF_20240314_optimalizace_vanza.xlsx,optimalizace,2,a,ETI,0.02048000000000001
3,30,764.333333333333,45,20240314,45-CF_20240314_optimalizace_vanza.xlsx,optimalizace,2,a,ETI,0.02048000000000001
3,40,749.857142857142,45,20240314,45-CF_20240314_optimalizace_vanza.xlsx,optimalizace,2,a,ETI,0.02048000000000001
3,50,775.043478260869,45,20240314,45-CF_20240314_optimalizace_vanza.xlsx,optimalizace,2,a,ETI,0.02048000000000001
3,60,882.863636363636,45,20240314,45-CF_20240314_optimalizace_vanza.xlsx,optimalizace,2,a,ETI,0.02048000000000001
4,0,776.272727272727,45,20240314,45-CF_20240314_optimalizace_vanza.xlsx,optimalizace,2,b,ETI,0.02048000000000001
4,10,797.363636363636,45,20240314,45-CF_20240314_optimalizace_vanza.xlsx,optimalizace,2,b,ETI,0.02048000000000001
4,20,792.5,45,20240314,45-CF_20240314_optimalizace_vanza.xlsx,optimalizace,2,b,ETI,0.02048000000000001
4,30,903.416666666666,45,20240314,45-CF_20240314_optimalizace_vanza.xlsx,optimalizace,2,b,ETI,0.02048000000000001
4,40,1042.58333333333,45,20240314,45-CF_20240314_optimalizace_vanza.xlsx,optimalizace,2,b,ETI,0.02048000000000001
4,50,1179.33333333333,45,20240314,45-CF_20240314_optimalizace_vanza.xlsx,optimalizace,2,b,ETI,0.02048000000000001
4,60,1289.25,45,20240314,45-CF_20240314_optimalizace_vanza.xlsx,optimalizace,2,b,ETI,0.02048000000000001
5,0,578.611111111111,45,20240314,45-CF_20240314_optimalizace_vanza.xlsx,optimalizace,3,a,ETI,0.05120000000000001
5,10,650.35294117647,45,20240314,45-CF_20240314_optimalizace_vanza.xlsx,optimalizace,3,a,ETI,0.05120000000000001
5,20,754.647058823529,45,20240314,45-CF_20240314_optimalizace_vanza.xlsx,optimalizace,3,a,ETI,0.05120000000000001
5,30,906,45,20240314,45-CF_20240314_optimalizace_vanza.xlsx,optimalizace,3,a,ETI,0.05120000000000001
5,40,981.333333333333,45,20240314,45-CF_20240314_optimalizace_vanza.xlsx,optimalizace,3,a,ETI,0.05120000000000001
5,50,1085.27777777777,45,20240314,45-CF_20240314_optimalizace_vanza.xlsx,optimalizace,3,a,ETI,0.05120000000000001
5,60,1205.11764705882,45,20240314,45-CF_20240314_optimalizace_vanza.xlsx,optimalizace,3,a,ETI,0.05120000000000001
6,0,449,45,20240314,45-CF_20240314_optimalizace_vanza.xlsx,optimalizace,3,b,ETI,0.05120000000000001
6,10,485.555555555555,45,20240314,45-CF_20240314_optimalizace_vanza.xlsx,optimalizace,3,b,ETI,0.05120000000000001
6,20,538.647058823529,45,20240314,45-CF_20240314_optimalizace_vanza.xlsx,optimalizace,3,b,ETI,0.05120000000000001
6,30,651.631578947368,45,20240314,45-CF_20240314_optimalizace_vanza.xlsx,optimalizace,3,b,ETI,0.05120000000000001
6,40,699.888888888888,45,20240314,45-CF_20240314_optimalizace_vanza.xlsx,optimalizace,3,b,ETI,0.05120000000000001
6,50,777.65,45,20240314,45-CF_20240314_optimalizace_vanza.xlsx,optimalizace,3,b,ETI,0.05120000000000001
6,60,837.421052631579,45,20240314,45-CF_20240314_optimalizace_vanza.xlsx,optimalizace,3,b,ETI,0.05120000000000001
7,0,664.833333333333,45,20240314,45-CF_20240314_optimalizace_vanza.xlsx,optimalizace,4,a,ETI,0.12800000000000003
7,10,705.333333333333,45,20240314,45-CF_20240314_optimalizace_vanza.xlsx,optimalizace,4,a,ETI,0.12800000000000003
7,20,908.5,45,20240314,45-CF_20240314_optimalizace_vanza.xlsx,optimalizace,4,a,ETI,0.12800000000000003
7,30,1004.5,45,20240314,45-CF_20240314_optimalizace_vanza.xlsx,optimalizace,4,a,ETI,0.12800000000000003
7,40,1204.8,45,20240314,45-CF_20240314_optimalizace_vanza.xlsx,optimalizace,4,a,ETI,0.12800000000000003
7,50,1406.21428571428,45,20240314,45-CF_20240314_optimalizace_vanza.xlsx,optimalizace,4,a,ETI,0.12800000000000003
7,60,1480.78571428571,45,20240314,45-CF_20240314_optimalizace_vanza.xlsx,optimalizace,4,a,ETI,0.12800000000000003
8,0,712.071428571428,45,20240314,45-CF_20240314_optimalizace_vanza.xlsx,optimalizace,4,b,ETI,0.12800000000000003
8,10,705.733333333333,45,20240314,45-CF_20240314_optimalizace_vanza.xlsx,optimalizace,4,b,ETI,0.12800000000000003
8,20,845.0625,45,20240314,45-CF_20240314_optimalizace_vanza.xlsx,optimalizace,4,b,ETI,0.12800000000000003
8,30,1225,45,20240314,45-CF_20240314_optimalizace_vanza.xlsx,optimalizace,4,b,ETI,0.12800000000000003
8,40,1293,45,20240314,45-CF_20240314_optimalizace_vanza.xlsx,optimalizace,4,b,ETI,0.12800000000000003
8,50,1381.57142857142,45,20240314,45-CF_20240314_optimalizace_vanza.xlsx,optimalizace,4,b,ETI,0.12800000000000003
8,60,1416.21428571428,45,20240314,45-CF_20240314_optimalizace_vanza.xlsx,optimalizace,4,b,ETI,0.12800000000000003
9,0,514.684210526315,45,20240314,45-CF_20240314_optimalizace_vanza.xlsx,optimalizace,5,a,ETI,0.32000000000000006
9,10,608.055555555555,45,20240314,45-CF_20240314_optimalizace_vanza.xlsx,optimalizace,5,a,ETI,0.32000000000000006
9,20,696.35,45,20240314,45-CF_20240314_optimalizace_vanza.xlsx,optimalizace,5,a,ETI,0.32000000000000006
9,30,810.571428571428,45,20240314,45-CF_20240314_optimalizace_vanza.xlsx,optimalizace,5,a,ETI,0.32000000000000006
9,40,773.5,45,20240314,45-CF_20240314_optimalizace_vanza.xlsx,optimalizace,5,a,ETI,0.32000000000000006
9,50,630.821428571428,45,20240314,45-CF_20240314_optimalizace_vanza.xlsx,optimalizace,5,a,ETI,0.32000000000000006
9,60,632.407407407407,45,20240314,45-CF_20240314_optimalizace_vanza.xlsx,optimalizace,5,a,ETI,0.32000000000000006
10,0,426.307692307692,45,20240314,45-CF_20240314_optimalizace_vanza.xlsx,optimalizace,5,b,ETI,0.32000000000000006
10,10,435.75,45,20240314,45-CF_20240314_optimalizace_vanza.xlsx,optimalizace,5,b,ETI,0.32000000000000006
10,20,607.538461538461,45,20240314,45-CF_20240314_optimalizace_vanza.xlsx,optimalizace,5,b,ETI,0.32000000000000006
10,30,706.111111111111,45,20240314,45-CF_20240314_optimalizace_vanza.xlsx,optimalizace,5,b,ETI,0.32000000000000006
10,40,796.666666666666,45,20240314,45-CF_20240314_optimalizace_vanza.xlsx,optimalizace,5,b,ETI,0.32000000000000006
10,50,828.535714285714,45,20240314,45-CF_20240314_optimalizace_vanza.xlsx,optimalizace,5,b,ETI,0.32000000000000006
10,60,911.076923076923,45,20240314,45-CF_20240314_optimalizace_vanza.xlsx,optimalizace,5,b,ETI,0.32000000000000006
11,0,571.76923076923,45,20240314,45-CF_20240314_optimalizace_vanza.xlsx,optimalizace,6,a,ETI,0.8000000000000002
11,10,625.928571428571,45,20240314,45-CF_20240314_optimalizace_vanza.xlsx,optimalizace,6,a,ETI,0.8000000000000002
11,20,752,45,20240314,45-CF_20240314_optimalizace_vanza.xlsx,optimalizace,6,a,ETI,0.8000000000000002
11,30,876,45,20240314,45-CF_20240314_optimalizace_vanza.xlsx,optimalizace,6,a,ETI,0.8000000000000002
11,40,969.294117647058,45,20240314,45-CF_20240314_optimalizace_vanza.xlsx,optimalizace,6,a,ETI,0.8000000000000002
11,50,888.4,45,20240314,45-CF_20240314_optimalizace_vanza.xlsx,optimalizace,6,a,ETI,0.8000000000000002
11,60,860.809523809523,45,20240314,45-CF_20240314_optimalizace_vanza.xlsx,optimalizace,6,a,ETI,0.8000000000000002
12,0,564.444444444444,45,20240314,45-CF_20240314_optimalizace_vanza.xlsx,optimalizace,6,b,ETI,0.8000000000000002
12,10,660.888888888888,45,20240314,45-CF_20240314_optimalizace_vanza.xlsx,optimalizace,6,b,ETI,0.8000000000000002
12,20,843.105263157894,45,20240314,45-CF_20240314_optimalizace_vanza.xlsx,optimalizace,6,b,ETI,0.8000000000000002
12,30,1080.72222222222,45,20240314,45-CF_20240314_optimalizace_vanza.xlsx,optimalizace,6,b,ETI,0.8000000000000002
12,40,1232.11111111111,45,20240314,45-CF_20240314_optimalizace_vanza.xlsx,optimalizace,6,b,ETI,0.8000000000000002
12,50,1334.11111111111,45,20240314,45-CF_20240314_optimalizace_vanza.xlsx,optimalizace,6,b,ETI,0.8000000000000002
12,60,1330,45,20240314,45-CF_20240314_optimalizace_vanza.xlsx,optimalizace,6,b,ETI,0.8000000000000002
13,0,495.962962962963,45,20240314,45-CF_20240314_optimalizace_vanza.xlsx,optimalizace,7,a,ETI,2
13,10,593.5,45,20240314,45-CF_20240314_optimalizace_vanza.xlsx,optimalizace,7,a,ETI,2
13,20,778.137931034482,45,20240314,45-CF_20240314_optimalizace_vanza.xlsx,optimalizace,7,a,ETI,2
13,30,828.03125,45,20240314,45-CF_20240314_optimalizace_vanza.xlsx,optimalizace,7,a,ETI,2
13,40,839.828571428571,45,20240314,45-CF_20240314_optimalizace_vanza.xlsx,optimalizace,7,a,ETI,2
13,50,978.15625,45,20240314,45-CF_20240314_optimalizace_vanza.xlsx,optimalizace,7,a,ETI,2
13,60,1041.6129032258,45,20240314,45-CF_20240314_optimalizace_vanza.xlsx,optimalizace,7,a,ETI,2
14,0,607.47619047619,45,20240314,45-CF_20240314_optimalizace_vanza.xlsx,optimalizace,7,b,ETI,2
14,10,721.545454545454,45,20240314,45-CF_20240314_optimalizace_vanza.xlsx,optimalizace,7,b,ETI,2
14,20,864.25,45,20240314,45-CF_20240314_optimalizace_vanza.xlsx,optimalizace,7,b,ETI,2
14,30,996.041666666666,45,20240314,45-CF_20240314_optimalizace_vanza.xlsx,optimalizace,7,b,ETI,2
14,40,1087.04166666666,45,20240314,45-CF_20240314_optimalizace_vanza.xlsx,optimalizace,7,b,ETI,2
14,50,1192.43478260869,45,20240314,45-CF_20240314_optimalizace_vanza.xlsx,optimalizace,7,b,ETI,2
14,60,1236.69565217391,45,20240314,45-CF_20240314_optimalizace_vanza.xlsx,optimalizace,7,b,ETI,2
15,0,443.263157894736,45,20240314,45-CF_20240314_optimalizace_vanza.xlsx,optimalizace,8,a,ETI,5
15,10,622.444444444444,45,20240314,45-CF_20240314_optimalizace_vanza.xlsx,optimalizace,8,a,ETI,5
15,20,693.05,45,20240314,45-CF_20240314_optimalizace_vanza.xlsx,optimalizace,8,a,ETI,5
15,30,801.9,45,20240314,45-CF_20240314_optimalizace_vanza.xlsx,optimalizace,8,a,ETI,5
15,40,933.105263157894,45,20240314,45-CF_20240314_optimalizace_vanza.xlsx,optimalizace,8,a,ETI,5
15,50,1051.83333333333,45,20240314,45-CF_20240314_optimalizace_vanza.xlsx,optimalizace,8,a,ETI,5
15,60,1009.94736842105,45,20240314,45-CF_20240314_optimalizace_vanza.xlsx,optimalizace,8,a,ETI,5
16,0,466.545454545454,45,20240314,45-CF_20240314_optimalizace_vanza.xlsx,optimalizace,8,b,ETI,5
16,10,600,45,20240314,45-CF_20240314_optimalizace_vanza.xlsx,optimalizace,8,b,ETI,5
16,20,714.76,45,20240314,45-CF_20240314_optimalizace_vanza.xlsx,optimalizace,8,b,ETI,5
16,30,791.192307692307,45,20240314,45-CF_20240314_optimalizace_vanza.xlsx,optimalizace,8,b,ETI,5
16,40,904.4,45,20240314,45-CF_20240314_optimalizace_vanza.xlsx,optimalizace,8,b,ETI,5
16,50,907.692307692307,45,20240314,45-CF_20240314_optimalizace_vanza.xlsx,optimalizace,8,b,ETI,5
16,60,895.74074074074,45,20240314,45-CF_20240314_optimalizace_vanza.xlsx,optimalizace,8,b,ETI,5
17,0,377.523809523809,45,20240314,45-CF_20240314_optimalizace_vanza.xlsx,optimalizace,1,a,VTI_2,0.008192000000000003
17,10,393.809523809523,45,20240314,45-CF_20240314_optimalizace_vanza.xlsx,optimalizace,1,a,VTI_2,0.008192000000000003
17,20,445.190476190476,45,20240314,45-CF_20240314_optimalizace_vanza.xlsx,optimalizace,1,a,VTI_2,0.008192000000000003
17,30,540.25,45,20240314,45-CF_20240314_optimalizace_vanza.xlsx,optimalizace,1,a,VTI_2,0.008192000000000003
17,40,558.40909090909,45,20240314,45-CF_20240314_optimalizace_vanza.xlsx,optimalizace,1,a,VTI_2,0.008192000000000003
17,50,680.736842105263,45,20240314,45-CF_20240314_optimalizace_vanza.xlsx,optimalizace,1,a,VTI_2,0.008192000000000003
17,60,695.95,45,20240314,45-CF_20240314_optimalizace_vanza.xlsx,optimalizace,1,a,VTI_2,0.008192000000000003
18,0,286.538461538461,45,20240314,45-CF_20240314_optimalizace_vanza.xlsx,optimalizace,1,b,VTI_2,0.008192000000000003
18,10,331.333333333333,45,20240314,45-CF_20240314_optimalizace_vanza.xlsx,optimalizace,1,b,VTI_2,0.008192000000000003
18,20,378.583333333333,45,20240314,45-CF_20240314_optimalizace_vanza.xlsx,optimalizace,1,b,VTI_2,0.008192000000000003
18,30,445.833333333333,45,20240314,45-CF_20240314_optimalizace_vanza.xlsx,optimalizace,1,b,VTI_2,0.008192000000000003
18,40,541.545454545454,45,20240314,45-CF_20240314_optimalizace_vanza.xlsx,optimalizace,1,b,VTI_2,0.008192000000000003
18,50,538.083333333333,45,20240314,45-CF_20240314_optimalizace_vanza.xlsx,optimalizace,1,b,VTI_2,0.008192000000000003
18,60,560.416666666666,45,20240314,45-CF_20240314_optimalizace_vanza.xlsx,optimalizace,1,b,VTI_2,0.008192000000000003
19,0,524.8,45,20240314,45-CF_20240314_optimalizace_vanza.xlsx,optimalizace,2,a,VTI_2,0.02048000000000001
19,10,551.266666666666,45,20240314,45-CF_20240314_optimalizace_vanza.xlsx,optimalizace,2,a,VTI_2,0.02048000000000001
19,20,628.733333333333,45,20240314,45-CF_20240314_optimalizace_vanza.xlsx,optimalizace,2,a,VTI_2,0.02048000000000001
19,30,753.4,45,20240314,45-CF_20240314_optimalizace_vanza.xlsx,optimalizace,2,a,VTI_2,0.02048000000000001
19,40,873.333333333333,45,20240314,45-CF_20240314_optimalizace_vanza.xlsx,optimalizace,2,a,VTI_2,0.02048000000000001
19,50,939.2,45,20240314,45-CF_20240314_optimalizace_vanza.xlsx,optimalizace,2,a,VTI_2,0.02048000000000001
19,60,929.1875,45,20240314,45-CF_20240314_optimalizace_vanza.xlsx,optimalizace,2,a,VTI_2,0.02048000000000001
20,0,522.40909090909,45,20240314,45-CF_20240314_optimalizace_vanza.xlsx,optimalizace,2,b,VTI_2,0.02048000000000001
20,10,536.40909090909,45,20240314,45-CF_20240314_optimalizace_vanza.xlsx,optimalizace,2,b,VTI_2,0.02048000000000001
20,20,619.285714285714,45,20240314,45-CF_20240314_optimalizace_vanza.xlsx,optimalizace,2,b,VTI_2,0.02048000000000001
20,30,724.190476190476,45,20240314,45-CF_20240314_optimalizace_vanza.xlsx,optimalizace,2,b,VTI_2,0.02048000000000001
20,40,824.952380952381,45,20240314,45-CF_20240314_optimalizace_vanza.xlsx,optimalizace,2,b,VTI_2,0.02048000000000001
20,50,867.318181818181,45,20240314,45-CF_20240314_optimalizace_vanza.xlsx,optimalizace,2,b,VTI_2,0.02048000000000001
20,60,872.304347826087,45,20240314,45-CF_20240314_optimalizace_vanza.xlsx,optimalizace,2,b,VTI_2,0.02048000000000001
21,0,549.578947368421,45,20240314,45-CF_20240314_optimalizace_vanza.xlsx,optimalizace,3,a,VTI_2,0.05120000000000001
21,10,548.65,45,20240314,45-CF_20240314_optimalizace_vanza.xlsx,optimalizace,3,a,VTI_2,0.05120000000000001
21,20,641.95,45,20240314,45-CF_20240314_optimalizace_vanza.xlsx,optimalizace,3,a,VTI_2,0.05120000000000001
21,30,697.636363636363,45,20240314,45-CF_20240314_optimalizace_vanza.xlsx,optimalizace,3,a,VTI_2,0.05120000000000001
21,40,794.090909090909,45,20240314,45-CF_20240314_optimalizace_vanza.xlsx,optimalizace,3,a,VTI_2,0.05120000000000001
21,50,947.05,45,20240314,45-CF_20240314_optimalizace_vanza.xlsx,optimalizace,3,a,VTI_2,0.05120000000000001
21,60,942,45,20240314,45-CF_20240314_optimalizace_vanza.xlsx,optimalizace,3,a,VTI_2,0.05120000000000001
22,0,556.545454545454,45,20240314,45-CF_20240314_optimalizace_vanza.xlsx,optimalizace,3,b,VTI_2,0.05120000000000001
22,10,527.916666666666,45,20240314,45-CF_20240314_optimalizace_vanza.xlsx,optimalizace,3,b,VTI_2,0.05120000000000001
22,20,647.608695652173,45,20240314,45-CF_20240314_optimalizace_vanza.xlsx,optimalizace,3,b,VTI_2,0.05120000000000001
22,30,793.739130434782,45,20240314,45-CF_20240314_optimalizace_vanza.xlsx,optimalizace,3,b,VTI_2,0.05120000000000001
22,40,924.521739130434,45,20240314,45-CF_20240314_optimalizace_vanza.xlsx,optimalizace,3,b,VTI_2,0.05120000000000001
22,50,999.478260869565,45,20240314,45-CF_20240314_optimalizace_vanza.xlsx,optimalizace,3,b,VTI_2,0.05120000000000001
22,60,1072,45,20240314,45-CF_20240314_optimalizace_vanza.xlsx,optimalizace,3,b,VTI_2,0.05120000000000001
23,0,612.529411764705,45,20240314,45-CF_20240314_optimalizace_vanza.xlsx,optimalizace,4,a,VTI_2,0.12800000000000003
23,10,680.5,45,20240314,45-CF_20240314_optimalizace_vanza.xlsx,optimalizace,4,a,VTI_2,0.12800000000000003
23,20,842.8125,45,20240314,45-CF_20240314_optimalizace_vanza.xlsx,optimalizace,4,a,VTI_2,0.12800000000000003
23,30,984.0625,45,20240314,45-CF_20240314_optimalizace_vanza.xlsx,optimalizace,4,a,VTI_2,0.12800000000000003
23,40,1224.73333333333,45,20240314,45-CF_20240314_optimalizace_vanza.xlsx,optimalizace,4,a,VTI_2,0.12800000000000003
23,50,1275.5625,45,20240314,45-CF_20240314_optimalizace_vanza.xlsx,optimalizace,4,a,VTI_2,0.12800000000000003
23,60,1256.17647058823,45,20240314,45-CF_20240314_optimalizace_vanza.xlsx,optimalizace,4,a,VTI_2,0.12800000000000003
24,0,633.944444444444,45,20240314,45-CF_20240314_optimalizace_vanza.xlsx,optimalizace,4,b,VTI_2,0.12800000000000003
24,10,634.473684210526,45,20240314,45-CF_20240314_optimalizace_vanza.xlsx,optimalizace,4,b,VTI_2,0.12800000000000003
24,20,849.5,45,20240314,45-CF_20240314_optimalizace_vanza.xlsx,optimalizace,4,b,VTI_2,0.12800000000000003
24,30,1049.77777777777,45,20240314,45-CF_20240314_optimalizace_vanza.xlsx,optimalizace,4,b,VTI_2,0.12800000000000003
24,40,1136.26315789473,45,20240314,45-CF_20240314_optimalizace_vanza.xlsx,optimalizace,4,b,VTI_2,0.12800000000000003
24,50,1239.94736842105,45,20240314,45-CF_20240314_optimalizace_vanza.xlsx,optimalizace,4,b,VTI_2,0.12800000000000003
24,60,1220.15,45,20240314,45-CF_20240314_optimalizace_vanza.xlsx,optimalizace,4,b,VTI_2,0.12800000000000003
25,0,609.684210526315,45,20240314,45-CF_20240314_optimalizace_vanza.xlsx,optimalizace,5,a,VTI_2,0.32000000000000006
25,10,686.947368421052,45,20240314,45-CF_20240314_optimalizace_vanza.xlsx,optimalizace,5,a,VTI_2,0.32000000000000006
25,20,878.571428571428,45,20240314,45-CF_20240314_optimalizace_vanza.xlsx,optimalizace,5,a,VTI_2,0.32000000000000006
25,30,1059.38095238095,45,20240314,45-CF_20240314_optimalizace_vanza.xlsx,optimalizace,5,a,VTI_2,0.32000000000000006
25,40,1159.1,45,20240314,45-CF_20240314_optimalizace_vanza.xlsx,optimalizace,5,a,VTI_2,0.32000000000000006
25,50,1032.47619047619,45,20240314,45-CF_20240314_optimalizace_vanza.xlsx,optimalizace,5,a,VTI_2,0.32000000000000006
25,60,1061.90909090909,45,20240314,45-CF_20240314_optimalizace_vanza.xlsx,optimalizace,5,a,VTI_2,0.32000000000000006
26,0,467.647058823529,45,20240314,45-CF_20240314_optimalizace_vanza.xlsx,optimalizace,5,b,VTI_2,0.32000000000000006
26,10,519.705882352941,45,20240314,45-CF_20240314_optimalizace_vanza.xlsx,optimalizace,5,b,VTI_2,0.32000000000000006
26,20,730.823529411764,45,20240314,45-CF_20240314_optimalizace_vanza.xlsx,optimalizace,5,b,VTI_2,0.32000000000000006
26,30,838.5,45,20240314,45-CF_20240314_optimalizace_vanza.xlsx,optimalizace,5,b,VTI_2,0.32000000000000006
26,40,958.777777777777,45,20240314,45-CF_20240314_optimalizace_vanza.xlsx,optimalizace,5,b,VTI_2,0.32000000000000006
26,50,973.473684210526,45,20240314,45-CF_20240314_optimalizace_vanza.xlsx,optimalizace,5,b,VTI_2,0.32000000000000006
26,60,974.368421052631,45,20240314,45-CF_20240314_optimalizace_vanza.xlsx,optimalizace,5,b,VTI_2,0.32000000000000006
27,0,625.173913043478,45,20240314,45-CF_20240314_optimalizace_vanza.xlsx,optimalizace,6,a,VTI_2,0.8000000000000002
27,10,648.153846153846,45,20240314,45-CF_20240314_optimalizace_vanza.xlsx,optimalizace,6,a,VTI_2,0.8000000000000002
27,20,884.846153846153,45,20240314,45-CF_20240314_optimalizace_vanza.xlsx,optimalizace,6,a,VTI_2,0.8000000000000002
27,30,1008.14814814814,45,20240314,45-CF_20240314_optimalizace_vanza.xlsx,optimalizace,6,a,VTI_2,0.8000000000000002
27,40,1050.86206896551,45,20240314,45-CF_20240314_optimalizace_vanza.xlsx,optimalizace,6,a,VTI_2,0.8000000000000002
27,50,1150.03571428571,45,20240314,45-CF_20240314_optimalizace_vanza.xlsx,optimalizace,6,a,VTI_2,0.8000000000000002
27,60,1211.14814814814,45,20240314,45-CF_20240314_optimalizace_vanza.xlsx,optimalizace,6,a,VTI_2,0.8000000000000002
28,0,509.130434782608,45,20240314,45-CF_20240314_optimalizace_vanza.xlsx,optimalizace,6,b,VTI_2,0.8000000000000002
28,10,601.95652173913,45,20240314,45-CF_20240314_optimalizace_vanza.xlsx,optimalizace,6,b,VTI_2,0.8000000000000002
28,20,702.148148148148,45,20240314,45-CF_20240314_optimalizace_vanza.xlsx,optimalizace,6,b,VTI_2,0.8000000000000002
28,30,807.214285714285,45,20240314,45-CF_20240314_optimalizace_vanza.xlsx,optimalizace,6,b,VTI_2,0.8000000000000002
28,40,1071.16666666666,45,20240314,45-CF_20240314_optimalizace_vanza.xlsx,optimalizace,6,b,VTI_2,0.8000000000000002
28,50,1156.54166666666,45,20240314,45-CF_20240314_optimalizace_vanza.xlsx,optimalizace,6,b,VTI_2,0.8000000000000002
28,60,1245.47826086956,45,20240314,45-CF_20240314_optimalizace_vanza.xlsx,optimalizace,6,b,VTI_2,0.8000000000000002
29,0,525.3,45,20240314,45-CF_20240314_optimalizace_vanza.xlsx,optimalizace,7,a,VTI_2,2
29,10,618.916666666666,45,20240314,45-CF_20240314_optimalizace_vanza.xlsx,optimalizace,7,a,VTI_2,2
29,20,799.416666666666,45,20240314,45-CF_20240314_optimalizace_vanza.xlsx,optimalizace,7,a,VTI_2,2
29,30,942.545454545454,45,20240314,45-CF_20240314_optimalizace_vanza.xlsx,optimalizace,7,a,VTI_2,2
29,40,873.538461538461,45,20240314,45-CF_20240314_optimalizace_vanza.xlsx,optimalizace,7,a,VTI_2,2
29,50,921.153846153846,45,20240314,45-CF_20240314_optimalizace_vanza.xlsx,optimalizace,7,a,VTI_2,2
29,60,1027.41666666666,45,20240314,45-CF_20240314_optimalizace_vanza.xlsx,optimalizace,7,a,VTI_2,2
30,0,607.935483870967,45,20240314,45-CF_20240314_optimalizace_vanza.xlsx,optimalizace,7,b,VTI_2,2
30,10,807.060606060606,45,20240314,45-CF_20240314_optimalizace_vanza.xlsx,optimalizace,7,b,VTI_2,2
30,20,1125.06896551724,45,20240314,45-CF_20240314_optimalizace_vanza.xlsx,optimalizace,7,b,VTI_2,2
30,30,1123.55882352941,45,20240314,45-CF_20240314_optimalizace_vanza.xlsx,optimalizace,7,b,VTI_2,2
30,40,1367.38709677419,45,20240314,45-CF_20240314_optimalizace_vanza.xlsx,optimalizace,7,b,VTI_2,2
30,50,1434,45,20240314,45-CF_20240314_optimalizace_vanza.xlsx,optimalizace,7,b,VTI_2,2
30,60,1485.1724137931,45,20240314,45-CF_20240314_optimalizace_vanza.xlsx,optimalizace,7,b,VTI_2,2
31,0,487.5,45,20240314,45-CF_20240314_optimalizace_vanza.xlsx,optimalizace,8,a,VTI_2,5
31,10,606.16,45,20240314,45-CF_20240314_optimalizace_vanza.xlsx,optimalizace,8,a,VTI_2,5
31,20,781.083333333333,45,20240314,45-CF_20240314_optimalizace_vanza.xlsx,optimalizace,8,a,VTI_2,5
31,30,869.52,45,20240314,45-CF_20240314_optimalizace_vanza.xlsx,optimalizace,8,a,VTI_2,5
31,40,1017.86956521739,45,20240314,45-CF_20240314_optimalizace_vanza.xlsx,optimalizace,8,a,VTI_2,5
31,50,1031.66666666666,45,20240314,45-CF_20240314_optimalizace_vanza.xlsx,optimalizace,8,a,VTI_2,5
31,60,1065.30434782608,45,20240314,45-CF_20240314_optimalizace_vanza.xlsx,optimalizace,8,a,VTI_2,5
32,0,710.047619047619,45,20240314,45-CF_20240314_optimalizace_vanza.xlsx,optimalizace,8,b,VTI_2,5
32,10,905.652173913043,45,20240314,45-CF_20240314_optimalizace_vanza.xlsx,optimalizace,8,b,VTI_2,5
32,20,1108.91304347826,45,20240314,45-CF_20240314_optimalizace_vanza.xlsx,optimalizace,8,b,VTI_2,5
32,30,1218.41666666666,45,20240314,45-CF_20240314_optimalizace_vanza.xlsx,optimalizace,8,b,VTI_2,5
32,40,1283.39130434782,45,20240314,45-CF_20240314_optimalizace_vanza.xlsx,optimalizace,8,b,VTI_2,5
32,50,1291.95833333333,45,20240314,45-CF_20240314_optimalizace_vanza.xlsx,optimalizace,8,b,VTI_2,5
32,60,1265.88,45,20240314,45-CF_20240314_optimalizace_vanza.xlsx,optimalizace,8,b,VTI_2,5
33,0,488.307692307692,45,20240314,45-CF_20240314_optimalizace_vanza.xlsx,optimalizace,a,a,VTI_02,0.008192000000000003
33,10,499.814814814814,45,20240314,45-CF_20240314_optimalizace_vanza.xlsx,optimalizace,a,a,VTI_02,0.008192000000000003
33,20,584.5,45,20240314,45-CF_20240314_optimalizace_vanza.xlsx,optimalizace,a,a,VTI_02,0.008192000000000003
33,30,680.84,45,20240314,45-CF_20240314_optimalizace_vanza.xlsx,optimalizace,a,a,VTI_02,0.008192000000000003
33,40,723.346153846153,45,20240314,45-CF_20240314_optimalizace_vanza.xlsx,optimalizace,a,a,VTI_02,0.008192000000000003
33,50,785.5,45,20240314,45-CF_20240314_optimalizace_vanza.xlsx,optimalizace,a,a,VTI_02,0.008192000000000003
33,60,870.666666666666,45,20240314,45-CF_20240314_optimalizace_vanza.xlsx,optimalizace,a,a,VTI_02,0.008192000000000003
34,0,519.756097560975,45,20240314,45-CF_20240314_optimalizace_vanza.xlsx,optimalizace,a,b,VTI_02,0.008192000000000003
34,10,547.829268292683,45,20240314,45-CF_20240314_optimalizace_vanza.xlsx,optimalizace,a,b,VTI_02,0.008192000000000003
34,20,605.634146341463,45,20240314,45-CF_20240314_optimalizace_vanza.xlsx,optimalizace,a,b,VTI_02,0.008192000000000003
34,30,650.465116279069,45,20240314,45-CF_20240314_optimalizace_vanza.xlsx,optimalizace,a,b,VTI_02,0.008192000000000003
34,40,709.431818181818,45,20240314,45-CF_20240314_optimalizace_vanza.xlsx,optimalizace,a,b,VTI_02,0.008192000000000003
34,50,797.06976744186,45,20240314,45-CF_20240314_optimalizace_vanza.xlsx,optimalizace,a,b,VTI_02,0.008192000000000003
34,60,813.622222222222,45,20240314,45-CF_20240314_optimalizace_vanza.xlsx,optimalizace,a,b,VTI_02,0.008192000000000003
35,0,666.888888888888,45,20240314,45-CF_20240314_optimalizace_vanza.xlsx,optimalizace,b,a,VTI_02,0.02048000000000001
35,10,651.551724137931,45,20240314,45-CF_20240314_optimalizace_vanza.xlsx,optimalizace,b,a,VTI_02,0.02048000000000001
35,20,742.172413793103,45,20240314,45-CF_20240314_optimalizace_vanza.xlsx,optimalizace,b,a,VTI_02,0.02048000000000001
35,30,895.535714285714,45,20240314,45-CF_20240314_optimalizace_vanza.xlsx,optimalizace,b,a,VTI_02,0.02048000000000001
35,40,990.068965517241,45,20240314,45-CF_20240314_optimalizace_vanza.xlsx,optimalizace,b,a,VTI_02,0.02048000000000001
35,50,988.53125,45,20240314,45-CF_20240314_optimalizace_vanza.xlsx,optimalizace,b,a,VTI_02,0.02048000000000001
35,60,1050.59375,45,20240314,45-CF_20240314_optimalizace_vanza.xlsx,optimalizace,b,a,VTI_02,0.02048000000000001
36,0,666.666666666666,45,20240314,45-CF_20240314_optimalizace_vanza.xlsx,optimalizace,b,b,VTI_02,0.02048000000000001
36,10,702.777777777777,45,20240314,45-CF_20240314_optimalizace_vanza.xlsx,optimalizace,b,b,VTI_02,0.02048000000000001
36,20,791.5,45,20240314,45-CF_20240314_optimalizace_vanza.xlsx,optimalizace,b,b,VTI_02,0.02048000000000001
36,30,783.380952380952,45,20240314,45-CF_20240314_optimalizace_vanza.xlsx,optimalizace,b,b,VTI_02,0.02048000000000001
36,40,853.772727272727,45,20240314,45-CF_20240314_optimalizace_vanza.xlsx,optimalizace,b,b,VTI_02,0.02048000000000001
36,50,973.238095238095,45,20240314,45-CF_20240314_optimalizace_vanza.xlsx,optimalizace,b,b,VTI_02,0.02048000000000001
36,60,1025.23809523809,45,20240314,45-CF_20240314_optimalizace_vanza.xlsx,optimalizace,b,b,VTI_02,0.02048000000000001
37,0,665.5625,45,20240314,45-CF_20240314_optimalizace_vanza.xlsx,optimalizace,c,a,VTI_02,0.05120000000000001
37,10,701.875,45,20240314,45-CF_20240314_optimalizace_vanza.xlsx,optimalizace,c,a,VTI_02,0.05120000000000001
37,20,821.3125,45,20240314,45-CF_20240314_optimalizace_vanza.xlsx,optimalizace,c,a,VTI_02,0.05120000000000001
37,30,922.35294117647,45,20240314,45-CF_20240314_optimalizace_vanza.xlsx,optimalizace,c,a,VTI_02,0.05120000000000001
37,40,998.555555555555,45,20240314,45-CF_20240314_optimalizace_vanza.xlsx,optimalizace,c,a,VTI_02,0.05120000000000001
37,50,1102.61111111111,45,20240314,45-CF_20240314_optimalizace_vanza.xlsx,optimalizace,c,a,VTI_02,0.05120000000000001
37,60,1164.94444444444,45,20240314,45-CF_20240314_optimalizace_vanza.xlsx,optimalizace,c,a,VTI_02,0.05120000000000001
38,0,587.869565217391,45,20240314,45-CF_20240314_optimalizace_vanza.xlsx,optimalizace,c,b,VTI_02,0.05120000000000001
38,10,554.846153846153,45,20240314,45-CF_20240314_optimalizace_vanza.xlsx,optimalizace,c,b,VTI_02,0.05120000000000001
38,20,690.5,45,20240314,45-CF_20240314_optimalizace_vanza.xlsx,optimalizace,c,b,VTI_02,0.05120000000000001
38,30,685.03448275862,45,20240314,45-CF_20240314_optimalizace_vanza.xlsx,optimalizace,c,b,VTI_02,0.05120000000000001
38,40,823.678571428571,45,20240314,45-CF_20240314_optimalizace_vanza.xlsx,optimalizace,c,b,VTI_02,0.05120000000000001
38,50,906.642857142857,45,20240314,45-CF_20240314_optimalizace_vanza.xlsx,optimalizace,c,b,VTI_02,0.05120000000000001
38,60,895.870967741935,45,20240314,45-CF_20240314_optimalizace_vanza.xlsx,optimalizace,c,b,VTI_02,0.05120000000000001
39,0,494.53125,45,20240314,45-CF_20240314_optimalizace_vanza.xlsx,optimalizace,d,a,VTI_02,0.12800000000000003
39,10,519,45,20240314,45-CF_20240314_optimalizace_vanza.xlsx,optimalizace,d,a,VTI_02,0.12800000000000003
39,20,616.371428571428,45,20240314,45-CF_20240314_optimalizace_vanza.xlsx,optimalizace,d,a,VTI_02,0.12800000000000003
39,30,759.457142857142,45,20240314,45-CF_20240314_optimalizace_vanza.xlsx,optimalizace,d,a,VTI_02,0.12800000000000003
39,40,843.416666666666,45,20240314,45-CF_20240314_optimalizace_vanza.xlsx,optimalizace,d,a,VTI_02,0.12800000000000003
39,50,913.055555555555,45,20240314,45-CF_20240314_optimalizace_vanza.xlsx,optimalizace,d,a,VTI_02,0.12800000000000003
39,60,973.527777777777,45,20240314,45-CF_20240314_optimalizace_vanza.xlsx,optimalizace,d,a,VTI_02,0.12800000000000003
40,0,544.647058823529,45,20240314,45-CF_20240314_optimalizace_vanza.xlsx,optimalizace,d,b,VTI_02,0.12800000000000003
40,10,628.25,45,20240314,45-CF_20240314_optimalizace_vanza.xlsx,optimalizace,d,b,VTI_02,0.12800000000000003
40,20,738.411764705882,45,20240314,45-CF_20240314_optimalizace_vanza.xlsx,optimalizace,d,b,VTI_02,0.12800000000000003
40,30,758.4,45,20240314,45-CF_20240314_optimalizace_vanza.xlsx,optimalizace,d,b,VTI_02,0.12800000000000003
40,40,859.8,45,20240314,45-CF_20240314_optimalizace_vanza.xlsx,optimalizace,d,b,VTI_02,0.12800000000000003
40,50,1025,45,20240314,45-CF_20240314_optimalizace_vanza.xlsx,optimalizace,d,b,VTI_02,0.12800000000000003
40,60,883.90909090909,45,20240314,45-CF_20240314_optimalizace_vanza.xlsx,optimalizace,d,b,VTI_02,0.12800000000000003
41,0,358.333333333333,45,20240314,45-CF_20240314_optimalizace_vanza.xlsx,optimalizace,e,a,VTI_02,0.32000000000000006
41,10,458.9,45,20240314,45-CF_20240314_optimalizace_vanza.xlsx,optimalizace,e,a,VTI_02,0.32000000000000006
41,20,591.05,45,20240314,45-CF_20240314_optimalizace_vanza.xlsx,optimalizace,e,a,VTI_02,0.32000000000000006
41,30,628.894736842105,45,20240314,45-CF_20240314_optimalizace_vanza.xlsx,optimalizace,e,a,VTI_02,0.32000000000000006
41,40,677,45,20240314,45-CF_20240314_optimalizace_vanza.xlsx,optimalizace,e,a,VTI_02,0.32000000000000006
41,50,707.631578947368,45,20240314,45-CF_20240314_optimalizace_vanza.xlsx,optimalizace,e,a,VTI_02,0.32000000000000006
41,60,861,45,20240314,45-CF_20240314_optimalizace_vanza.xlsx,optimalizace,e,a,VTI_02,0.32000000000000006
42,0,547.533333333333,45,20240314,45-CF_20240314_optimalizace_vanza.xlsx,optimalizace,e,b,VTI_02,0.32000000000000006
42,10,580.16129032258,45,20240314,45-CF_20240314_optimalizace_vanza.xlsx,optimalizace,e,b,VTI_02,0.32000000000000006
42,20,815.866666666666,45,20240314,45-CF_20240314_optimalizace_vanza.xlsx,optimalizace,e,b,VTI_02,0.32000000000000006
42,30,996,45,20240314,45-CF_20240314_optimalizace_vanza.xlsx,optimalizace,e,b,VTI_02,0.32000000000000006
42,40,1171.72413793103,45,20240314,45-CF_20240314_optimalizace_vanza.xlsx,optimalizace,e,b,VTI_02,0.32000000000000006
42,50,1220.16666666666,45,20240314,45-CF_20240314_optimalizace_vanza.xlsx,optimalizace,e,b,VTI_02,0.32000000000000006
42,60,1194.71875,45,20240314,45-CF_20240314_optimalizace_vanza.xlsx,optimalizace,e,b,VTI_02,0.32000000000000006
43,0,482.615384615384,45,20240314,45-CF_20240314_optimalizace_vanza.xlsx,optimalizace,f,a,VTI_02,0.8000000000000002
43,10,562.642857142857,45,20240314,45-CF_20240314_optimalizace_vanza.xlsx,optimalizace,f,a,VTI_02,0.8000000000000002
43,20,826.56,45,20240314,45-CF_20240314_optimalizace_vanza.xlsx,optimalizace,f,a,VTI_02,0.8000000000000002
43,30,972.25,45,20240314,45-CF_20240314_optimalizace_vanza.xlsx,optimalizace,f,a,VTI_02,0.8000000000000002
43,40,1076.79166666666,45,20240314,45-CF_20240314_optimalizace_vanza.xlsx,optimalizace,f,a,VTI_02,0.8000000000000002
43,50,1150.58333333333,45,20240314,45-CF_20240314_optimalizace_vanza.xlsx,optimalizace,f,a,VTI_02,0.8000000000000002
43,60,1211,45,20240314,45-CF_20240314_optimalizace_vanza.xlsx,optimalizace,f,a,VTI_02,0.8000000000000002
44,0,456.608695652173,45,20240314,45-CF_20240314_optimalizace_vanza.xlsx,optimalizace,f,b,VTI_02,0.8000000000000002
44,10,600.363636363636,45,20240314,45-CF_20240314_optimalizace_vanza.xlsx,optimalizace,f,b,VTI_02,0.8000000000000002
44,20,788.5,45,20240314,45-CF_20240314_optimalizace_vanza.xlsx,optimalizace,f,b,VTI_02,0.8000000000000002
44,30,1111.33333333333,45,20240314,45-CF_20240314_optimalizace_vanza.xlsx,optimalizace,f,b,VTI_02,0.8000000000000002
44,40,1113.4,45,20240314,45-CF_20240314_optimalizace_vanza.xlsx,optimalizace,f,b,VTI_02,0.8000000000000002
44,50,1252.94736842105,45,20240314,45-CF_20240314_optimalizace_vanza.xlsx,optimalizace,f,b,VTI_02,0.8000000000000002
44,60,1294.31578947368,45,20240314,45-CF_20240314_optimalizace_vanza.xlsx,optimalizace,f,b,VTI_02,0.8000000000000002
45,0,646.954545454545,45,20240314,45-CF_20240314_optimalizace_vanza.xlsx,optimalizace,g,a,VTI_02,2
45,10,841.434782608695,45,20240314,45-CF_20240314_optimalizace_vanza.xlsx,optimalizace,g,a,VTI_02,2
45,20,1082.5,45,20240314,45-CF_20240314_optimalizace_vanza.xlsx,optimalizace,g,a,VTI_02,2
45,30,1258.5,45,20240314,45-CF_20240314_optimalizace_vanza.xlsx,optimalizace,g,a,VTI_02,2
45,40,1327.43478260869,45,20240314,45-CF_20240314_optimalizace_vanza.xlsx,optimalizace,g,a,VTI_02,2
45,50,1539.66666666666,45,20240314,45-CF_20240314_optimalizace_vanza.xlsx,optimalizace,g,a,VTI_02,2
45,60,1334.65217391304,45,20240314,45-CF_20240314_optimalizace_vanza.xlsx,optimalizace,g,a,VTI_02,2
46,0,432.428571428571,45,20240314,45-CF_20240314_optimalizace_vanza.xlsx,optimalizace,g,b,VTI_02,2
46,10,549.136363636363,45,20240314,45-CF_20240314_optimalizace_vanza.xlsx,optimalizace,g,b,VTI_02,2
46,20,672.434782608695,45,20240314,45-CF_20240314_optimalizace_vanza.xlsx,optimalizace,g,b,VTI_02,2
46,30,749.5,45,20240314,45-CF_20240314_optimalizace_vanza.xlsx,optimalizace,g,b,VTI_02,2
46,40,868.91304347826,45,20240314,45-CF_20240314_optimalizace_vanza.xlsx,optimalizace,g,b,VTI_02,2
46,50,928.391304347826,45,20240314,45-CF_20240314_optimalizace_vanza.xlsx,optimalizace,g,b,VTI_02,2
46,60,925.541666666666,45,20240314,45-CF_20240314_optimalizace_vanza.xlsx,optimalizace,g,b,VTI_02,2
47,0,547.730769230769,45,20240314,45-CF_20240314_optimalizace_vanza.xlsx,optimalizace,h,a,VTI_02,5
47,10,783.230769230769,45,20240314,45-CF_20240314_optimalizace_vanza.xlsx,optimalizace,h,a,VTI_02,5
47,20,993.76,45,20240314,45-CF_20240314_optimalizace_vanza.xlsx,optimalizace,h,a,VTI_02,5
47,30,1216.08695652173,45,20240314,45-CF_20240314_optimalizace_vanza.xlsx,optimalizace,h,a,VTI_02,5
47,40,1333.04347826086,45,20240314,45-CF_20240314_optimalizace_vanza.xlsx,optimalizace,h,a,VTI_02,5
47,50,1418.39130434782,45,20240314,45-CF_20240314_optimalizace_vanza.xlsx,optimalizace,h,a,VTI_02,5
47,60,1469.91304347826,45,20240314,45-CF_20240314_optimalizace_vanza.xlsx,optimalizace,h,a,VTI_02,5
48,0,553.111111111111,45,20240314,45-CF_20240314_optimalizace_vanza.xlsx,optimalizace,h,b,VTI_02,5
48,10,764.666666666666,45,20240314,45-CF_20240314_optimalizace_vanza.xlsx,optimalizace,h,b,VTI_02,5
48,20,950.444444444444,45,20240314,45-CF_20240314_optimalizace_vanza.xlsx,optimalizace,h,b,VTI_02,5
48,30,1042.31578947368,45,20240314,45-CF_20240314_optimalizace_vanza.xlsx,optimalizace,h,b,VTI_02,5
48,40,1356.25,45,20240314,45-CF_20240314_optimalizace_vanza.xlsx,optimalizace,h,b,VTI_02,5
48,50,1369.94117647058,45,20240314,45-CF_20240314_optimalizace_vanza.xlsx,optimalizace,h,b,VTI_02,5
48,60,1524,45,20240314,45-CF_20240314_optimalizace_vanza.xlsx,optimalizace,h,b,VTI_02,5
49,0,471.5,45,20240314,45-CF_20240314_optimalizace_vanza.xlsx,optimalizace,a,a,VTI_002,0.008192000000000003
49,10,485.90909090909,45,20240314,45-CF_20240314_optimalizace_vanza.xlsx,optimalizace,a,a,VTI_002,0.008192000000000003
49,20,500,45,20240314,45-CF_20240314_optimalizace_vanza.xlsx,optimalizace,a,a,VTI_002,0.008192000000000003
49,30,515.391304347826,45,20240314,45-CF_20240314_optimalizace_vanza.xlsx,optimalizace,a,a,VTI_002,0.008192000000000003
49,40,569.869565217391,45,20240314,45-CF_20240314_optimalizace_vanza.xlsx,optimalizace,a,a,VTI_002,0.008192000000000003
49,50,656.227272727272,45,20240314,45-CF_20240314_optimalizace_vanza.xlsx,optimalizace,a,a,VTI_002,0.008192000000000003
49,60,713.5,45,20240314,45-CF_20240314_optimalizace_vanza.xlsx,optimalizace,a,a,VTI_002,0.008192000000000003
50,0,618.647058823529,45,20240314,45-CF_20240314_optimalizace_vanza.xlsx,optimalizace,a,b,VTI_002,0.008192000000000003
50,10,640.176470588235,45,20240314,45-CF_20240314_optimalizace_vanza.xlsx,optimalizace,a,b,VTI_002,0.008192000000000003
50,20,689.588235294117,45,20240314,45-CF_20240314_optimalizace_vanza.xlsx,optimalizace,a,b,VTI_002,0.008192000000000003
50,30,851.6,45,20240314,45-CF_20240314_optimalizace_vanza.xlsx,optimalizace,a,b,VTI_002,0.008192000000000003
50,40,878.875,45,20240314,45-CF_20240314_optimalizace_vanza.xlsx,optimalizace,a,b,VTI_002,0.008192000000000003
50,50,942.9375,45,20240314,45-CF_20240314_optimalizace_vanza.xlsx,optimalizace,a,b,VTI_002,0.008192000000000003
50,60,942.35294117647,45,20240314,45-CF_20240314_optimalizace_vanza.xlsx,optimalizace,a,b,VTI_002,0.008192000000000003
51,0,448.882352941176,45,20240314,45-CF_20240314_optimalizace_vanza.xlsx,optimalizace,b,a,VTI_002,0.02048000000000001
51,10,494.125,45,20240314,45-CF_20240314_optimalizace_vanza.xlsx,optimalizace,b,a,VTI_002,0.02048000000000001
51,20,523.0625,45,20240314,45-CF_20240314_optimalizace_vanza.xlsx,optimalizace,b,a,VTI_002,0.02048000000000001
51,30,533.35294117647,45,20240314,45-CF_20240314_optimalizace_vanza.xlsx,optimalizace,b,a,VTI_002,0.02048000000000001
51,40,587.470588235294,45,20240314,45-CF_20240314_optimalizace_vanza.xlsx,optimalizace,b,a,VTI_002,0.02048000000000001
51,50,642.411764705882,45,20240314,45-CF_20240314_optimalizace_vanza.xlsx,optimalizace,b,a,VTI_002,0.02048000000000001
51,60,697,45,20240314,45-CF_20240314_optimalizace_vanza.xlsx,optimalizace,b,a,VTI_002,0.02048000000000001
52,0,498.625,45,20240314,45-CF_20240314_optimalizace_vanza.xlsx,optimalizace,b,b,VTI_002,0.02048000000000001
52,10,531.739130434782,45,20240314,45-CF_20240314_optimalizace_vanza.xlsx,optimalizace,b,b,VTI_002,0.02048000000000001
52,20,559.125,45,20240314,45-CF_20240314_optimalizace_vanza.xlsx,optimalizace,b,b,VTI_002,0.02048000000000001
52,30,623.083333333333,45,20240314,45-CF_20240314_optimalizace_vanza.xlsx,optimalizace,b,b,VTI_002,0.02048000000000001
52,40,666.16,45,20240314,45-CF_20240314_optimalizace_vanza.xlsx,optimalizace,b,b,VTI_002,0.02048000000000001
52,50,732.68,45,20240314,45-CF_20240314_optimalizace_vanza.xlsx,optimalizace,b,b,VTI_002,0.02048000000000001
52,60,792.68,45,20240314,45-CF_20240314_optimalizace_vanza.xlsx,optimalizace,b,b,VTI_002,0.02048000000000001
53,0,366.941176470588,45,20240314,45-CF_20240314_optimalizace_vanza.xlsx,optimalizace,c,a,VTI_002,0.05120000000000001
53,10,403.1875,45,20240314,45-CF_20240314_optimalizace_vanza.xlsx,optimalizace,c,a,VTI_002,0.05120000000000001
53,20,428.9375,45,20240314,45-CF_20240314_optimalizace_vanza.xlsx,optimalizace,c,a,VTI_002,0.05120000000000001
53,30,425.78947368421,45,20240314,45-CF_20240314_optimalizace_vanza.xlsx,optimalizace,c,a,VTI_002,0.05120000000000001
53,40,510.421052631578,45,20240314,45-CF_20240314_optimalizace_vanza.xlsx,optimalizace,c,a,VTI_002,0.05120000000000001
53,50,574.263157894736,45,20240314,45-CF_20240314_optimalizace_vanza.xlsx,optimalizace,c,a,VTI_002,0.05120000000000001
53,60,631.666666666666,45,20240314,45-CF_20240314_optimalizace_vanza.xlsx,optimalizace,c,a,VTI_002,0.05120000000000001
54,0,446.958333333333,45,20240314,45-CF_20240314_optimalizace_vanza.xlsx,optimalizace,c,b,VTI_002,0.05120000000000001
54,10,476.304347826086,45,20240314,45-CF_20240314_optimalizace_vanza.xlsx,optimalizace,c,b,VTI_002,0.05120000000000001
54,20,484.666666666666,45,20240314,45-CF_20240314_optimalizace_vanza.xlsx,optimalizace,c,b,VTI_002,0.05120000000000001
54,30,586.652173913043,45,20240314,45-CF_20240314_optimalizace_vanza.xlsx,optimalizace,c,b,VTI_002,0.05120000000000001
54,40,738.727272727272,45,20240314,45-CF_20240314_optimalizace_vanza.xlsx,optimalizace,c,b,VTI_002,0.05120000000000001
54,50,850.636363636363,45,20240314,45-CF_20240314_optimalizace_vanza.xlsx,optimalizace,c,b,VTI_002,0.05120000000000001
54,60,926.863636363636,45,20240314,45-CF_20240314_optimalizace_vanza.xlsx,optimalizace,c,b,VTI_002,0.05120000000000001
55,0,428.206896551724,45,20240314,45-CF_20240314_optimalizace_vanza.xlsx,optimalizace,d,a,VTI_002,0.12800000000000003
55,10,434.03448275862,45,20240314,45-CF_20240314_optimalizace_vanza.xlsx,optimalizace,d,a,VTI_002,0.12800000000000003
55,20,487.033333333333,45,20240314,45-CF_20240314_optimalizace_vanza.xlsx,optimalizace,d,a,VTI_002,0.12800000000000003
55,30,627.354838709677,45,20240314,45-CF_20240314_optimalizace_vanza.xlsx,optimalizace,d,a,VTI_002,0.12800000000000003
55,40,732.40625,45,20240314,45-CF_20240314_optimalizace_vanza.xlsx,optimalizace,d,a,VTI_002,0.12800000000000003
55,50,794.40625,45,20240314,45-CF_20240314_optimalizace_vanza.xlsx,optimalizace,d,a,VTI_002,0.12800000000000003
55,60,770.818181818181,45,20240314,45-CF_20240314_optimalizace_vanza.xlsx,optimalizace,d,a,VTI_002,0.12800000000000003
56,0,533.733333333333,45,20240314,45-CF_20240314_optimalizace_vanza.xlsx,optimalizace,d,b,VTI_002,0.12800000000000003
56,10,543.125,45,20240314,45-CF_20240314_optimalizace_vanza.xlsx,optimalizace,d,b,VTI_002,0.12800000000000003
56,20,635.941176470588,45,20240314,45-CF_20240314_optimalizace_vanza.xlsx,optimalizace,d,b,VTI_002,0.12800000000000003
56,30,763.777777777777,45,20240314,45-CF_20240314_optimalizace_vanza.xlsx,optimalizace,d,b,VTI_002,0.12800000000000003
56,40,870.888888888888,45,20240314,45-CF_20240314_optimalizace_vanza.xlsx,optimalizace,d,b,VTI_002,0.12800000000000003
56,50,861.85,45,20240314,45-CF_20240314_optimalizace_vanza.xlsx,optimalizace,d,b,VTI_002,0.12800000000000003
56,60,978.222222222222,45,20240314,45-CF_20240314_optimalizace_vanza.xlsx,optimalizace,d,b,VTI_002,0.12800000000000003
57,0,455,45,20240314,45-CF_20240314_optimalizace_vanza.xlsx,optimalizace,e,a,VTI_002,0.32000000000000006
57,10,556.35,45,20240314,45-CF_20240314_optimalizace_vanza.xlsx,optimalizace,e,a,VTI_002,0.32000000000000006
57,20,701.210526315789,45,20240314,45-CF_20240314_optimalizace_vanza.xlsx,optimalizace,e,a,VTI_002,0.32000000000000006
57,30,797.65,45,20240314,45-CF_20240314_optimalizace_vanza.xlsx,optimalizace,e,a,VTI_002,0.32000000000000006
57,40,807.818181818181,45,20240314,45-CF_20240314_optimalizace_vanza.xlsx,optimalizace,e,a,VTI_002,0.32000000000000006
57,50,861.045454545454,45,20240314,45-CF_20240314_optimalizace_vanza.xlsx,optimalizace,e,a,VTI_002,0.32000000000000006
57,60,929.666666666666,45,20240314,45-CF_20240314_optimalizace_vanza.xlsx,optimalizace,e,a,VTI_002,0.32000000000000006
58,0,431.608695652173,45,20240314,45-CF_20240314_optimalizace_vanza.xlsx,optimalizace,e,b,VTI_002,0.32000000000000006
58,10,488.347826086956,45,20240314,45-CF_20240314_optimalizace_vanza.xlsx,optimalizace,e,b,VTI_002,0.32000000000000006
58,20,658,45,20240314,45-CF_20240314_optimalizace_vanza.xlsx,optimalizace,e,b,VTI_002,0.32000000000000006
58,30,779.217391304347,45,20240314,45-CF_20240314_optimalizace_vanza.xlsx,optimalizace,e,b,VTI_002,0.32000000000000006
58,40,853.391304347826,45,20240314,45-CF_20240314_optimalizace_vanza.xlsx,optimalizace,e,b,VTI_002,0.32000000000000006
58,50,920.727272727272,45,20240314,45-CF_20240314_optimalizace_vanza.xlsx,optimalizace,e,b,VTI_002,0.32000000000000006
58,60,885.043478260869,45,20240314,45-CF_20240314_optimalizace_vanza.xlsx,optimalizace,e,b,VTI_002,0.32000000000000006
59,0,442.44,45,20240314,45-CF_20240314_optimalizace_vanza.xlsx,optimalizace,f,a,VTI_002,0.8000000000000002
59,10,537.384615384615,45,20240314,45-CF_20240314_optimalizace_vanza.xlsx,optimalizace,f,a,VTI_002,0.8000000000000002
59,20,615.166666666666,45,20240314,45-CF_20240314_optimalizace_vanza.xlsx,optimalizace,f,a,VTI_002,0.8000000000000002
59,30,729.766666666666,45,20240314,45-CF_20240314_optimalizace_vanza.xlsx,optimalizace,f,a,VTI_002,0.8000000000000002
59,40,763.967741935483,45,20240314,45-CF_20240314_optimalizace_vanza.xlsx,optimalizace,f,a,VTI_002,0.8000000000000002
59,50,804.838709677419,45,20240314,45-CF_20240314_optimalizace_vanza.xlsx,optimalizace,f,a,VTI_002,0.8000000000000002
59,60,841.733333333333,45,20240314,45-CF_20240314_optimalizace_vanza.xlsx,optimalizace,f,a,VTI_002,0.8000000000000002
60,0,358.875,45,20240314,45-CF_20240314_optimalizace_vanza.xlsx,optimalizace,f,b,VTI_002,0.8000000000000002
60,10,469.5,45,20240314,45-CF_20240314_optimalizace_vanza.xlsx,optimalizace,f,b,VTI_002,0.8000000000000002
60,20,634.3125,45,20240314,45-CF_20240314_optimalizace_vanza.xlsx,optimalizace,f,b,VTI_002,0.8000000000000002
60,30,749.4375,45,20240314,45-CF_20240314_optimalizace_vanza.xlsx,optimalizace,f,b,VTI_002,0.8000000000000002
60,40,760.411764705882,45,20240314,45-CF_20240314_optimalizace_vanza.xlsx,optimalizace,f,b,VTI_002,0.8000000000000002
60,50,849.5,45,20240314,45-CF_20240314_optimalizace_vanza.xlsx,optimalizace,f,b,VTI_002,0.8000000000000002
60,60,871.125,45,20240314,45-CF_20240314_optimalizace_vanza.xlsx,optimalizace,f,b,VTI_002,0.8000000000000002
61,0,527.772727272727,45,20240314,45-CF_20240314_optimalizace_vanza.xlsx,optimalizace,g,a,VTI_002,2
61,10,686.565217391304,45,20240314,45-CF_20240314_optimalizace_vanza.xlsx,optimalizace,g,a,VTI_002,2
61,20,877.904761904761,45,20240314,45-CF_20240314_optimalizace_vanza.xlsx,optimalizace,g,a,VTI_002,2
61,30,1022.85714285714,45,20240314,45-CF_20240314_optimalizace_vanza.xlsx,optimalizace,g,a,VTI_002,2
61,40,1129.38095238095,45,20240314,45-CF_20240314_optimalizace_vanza.xlsx,optimalizace,g,a,VTI_002,2
61,50,1142.57142857142,45,20240314,45-CF_20240314_optimalizace_vanza.xlsx,optimalizace,g,a,VTI_002,2
61,60,1182.14285714285,45,20240314,45-CF_20240314_optimalizace_vanza.xlsx,optimalizace,g,a,VTI_002,2
62,0,329.95,45,20240314,45-CF_20240314_optimalizace_vanza.xlsx,optimalizace,g,b,VTI_002,2
62,10,460,45,20240314,45-CF_20240314_optimalizace_vanza.xlsx,optimalizace,g,b,VTI_002,2
62,20,594.736842105263,45,20240314,45-CF_20240314_optimalizace_vanza.xlsx,optimalizace,g,b,VTI_002,2
62,30,626.285714285714,45,20240314,45-CF_20240314_optimalizace_vanza.xlsx,optimalizace,g,b,VTI_002,2
62,40,722.4,45,20240314,45-CF_20240314_optimalizace_vanza.xlsx,optimalizace,g,b,VTI_002,2
62,50,766.2,45,20240314,45-CF_20240314_optimalizace_vanza.xlsx,optimalizace,g,b,VTI_002,2
62,60,793.9,45,20240314,45-CF_20240314_optimalizace_vanza.xlsx,optimalizace,g,b,VTI_002,2
63,0,465.058823529411,45,20240314,45-CF_20240314_optimalizace_vanza.xlsx,optimalizace,h,a,VTI_002,5
63,10,544.052631578947,45,20240314,45-CF_20240314_optimalizace_vanza.xlsx,optimalizace,h,a,VTI_002,5
63,20,692.315789473684,45,20240314,45-CF_20240314_optimalizace_vanza.xlsx,optimalizace,h,a,VTI_002,5
63,30,731.666666666666,45,20240314,45-CF_20240314_optimalizace_vanza.xlsx,optimalizace,h,a,VTI_002,5
63,40,811,45,20240314,45-CF_20240314_optimalizace_vanza.xlsx,optimalizace,h,a,VTI_002,5
63,50,877.142857142857,45,20240314,45-CF_20240314_optimalizace_vanza.xlsx,optimalizace,h,a,VTI_002,5
63,60,933.666666666666,45,20240314,45-CF_20240314_optimalizace_vanza.xlsx,optimalizace,h,a,VTI_002,5
64,0,492.1875,45,20240314,45-CF_20240314_optimalizace_vanza.xlsx,optimalizace,h,b,VTI_002,5
64,10,725,45,20240314,45-CF_20240314_optimalizace_vanza.xlsx,optimalizace,h,b,VTI_002,5
64,20,884.2,45,20240314,45-CF_20240314_optimalizace_vanza.xlsx,optimalizace,h,b,VTI_002,5
64,30,937.125,45,20240314,45-CF_20240314_optimalizace_vanza.xlsx,optimalizace,h,b,VTI_002,5
64,40,1077.2,45,20240314,45-CF_20240314_optimalizace_vanza.xlsx,optimalizace,h,b,VTI_002,5
64,50,1039.625,45,20240314,45-CF_20240314_optimalizace_vanza.xlsx,optimalizace,h,b,VTI_002,5
64,60,1129.26666666666,45,20240314,45-CF_20240314_optimalizace_vanza.xlsx,optimalizace,h,b,VTI_002,5
65,0,458.56,45,20240314,45-CF_20240314_optimalizace_vanza.xlsx,optimalizace,1,a,FskOnly,0.008192000000000003
65,10,469.88,45,20240314,45-CF_20240314_optimalizace_vanza.xlsx,optimalizace,1,a,FskOnly,0.008192000000000003
65,20,473.16,45,20240314,45-CF_20240314_optimalizace_vanza.xlsx,optimalizace,1,a,FskOnly,0.008192000000000003
65,30,495.708333333333,45,20240314,45-CF_20240314_optimalizace_vanza.xlsx,optimalizace,1,a,FskOnly,0.008192000000000003
65,40,495.875,45,20240314,45-CF_20240314_optimalizace_vanza.xlsx,optimalizace,1,a,FskOnly,0.008192000000000003
65,50,496,45,20240314,45-CF_20240314_optimalizace_vanza.xlsx,optimalizace,1,a,FskOnly,0.008192000000000003
65,60,498.125,45,20240314,45-CF_20240314_optimalizace_vanza.xlsx,optimalizace,1,a,FskOnly,0.008192000000000003
66,0,413.5625,45,20240314,45-CF_20240314_optimalizace_vanza.xlsx,optimalizace,1,b,FskOnly,0.008192000000000003
66,10,396.722222222222,45,20240314,45-CF_20240314_optimalizace_vanza.xlsx,optimalizace,1,b,FskOnly,0.008192000000000003
66,20,401.833333333333,45,20240314,45-CF_20240314_optimalizace_vanza.xlsx,optimalizace,1,b,FskOnly,0.008192000000000003
66,30,402.055555555555,45,20240314,45-CF_20240314_optimalizace_vanza.xlsx,optimalizace,1,b,FskOnly,0.008192000000000003
66,40,399.277777777777,45,20240314,45-CF_20240314_optimalizace_vanza.xlsx,optimalizace,1,b,FskOnly,0.008192000000000003
66,50,415.294117647058,45,20240314,45-CF_20240314_optimalizace_vanza.xlsx,optimalizace,1,b,FskOnly,0.008192000000000003
66,60,400.666666666666,45,20240314,45-CF_20240314_optimalizace_vanza.xlsx,optimalizace,1,b,FskOnly,0.008192000000000003
67,0,468.5,45,20240314,45-CF_20240314_optimalizace_vanza.xlsx,optimalizace,2,a,FskOnly,0.02048000000000001
67,10,460.925925925925,45,20240314,45-CF_20240314_optimalizace_vanza.xlsx,optimalizace,2,a,FskOnly,0.02048000000000001
67,20,467.037037037037,45,20240314,45-CF_20240314_optimalizace_vanza.xlsx,optimalizace,2,a,FskOnly,0.02048000000000001
67,30,471.518518518518,45,20240314,45-CF_20240314_optimalizace_vanza.xlsx,optimalizace,2,a,FskOnly,0.02048000000000001
67,40,492.538461538461,45,20240314,45-CF_20240314_optimalizace_vanza.xlsx,optimalizace,2,a,FskOnly,0.02048000000000001
67,50,492.76923076923,45,20240314,45-CF_20240314_optimalizace_vanza.xlsx,optimalizace,2,a,FskOnly,0.02048000000000001
67,60,490.038461538461,45,20240314,45-CF_20240314_optimalizace_vanza.xlsx,optimalizace,2,a,FskOnly,0.02048000000000001
68,0,459.538461538461,45,20240314,45-CF_20240314_optimalizace_vanza.xlsx,optimalizace,2,b,FskOnly,0.02048000000000001
68,10,369.117647058823,45,20240314,45-CF_20240314_optimalizace_vanza.xlsx,optimalizace,2,b,FskOnly,0.02048000000000001
68,20,394.4375,45,20240314,45-CF_20240314_optimalizace_vanza.xlsx,optimalizace,2,b,FskOnly,0.02048000000000001
68,30,398.1875,45,20240314,45-CF_20240314_optimalizace_vanza.xlsx,optimalizace,2,b,FskOnly,0.02048000000000001
68,40,395.6875,45,20240314,45-CF_20240314_optimalizace_vanza.xlsx,optimalizace,2,b,FskOnly,0.02048000000000001
68,50,356.888888888888,45,20240314,45-CF_20240314_optimalizace_vanza.xlsx,optimalizace,2,b,FskOnly,0.02048000000000001
68,60,375,45,20240314,45-CF_20240314_optimalizace_vanza.xlsx,optimalizace,2,b,FskOnly,0.02048000000000001
69,0,407.466666666666,45,20240314,45-CF_20240314_optimalizace_vanza.xlsx,optimalizace,3,a,FskOnly,0.05120000000000001
69,10,396.4375,45,20240314,45-CF_20240314_optimalizace_vanza.xlsx,optimalizace,3,a,FskOnly,0.05120000000000001
69,20,406.96875,45,20240314,45-CF_20240314_optimalizace_vanza.xlsx,optimalizace,3,a,FskOnly,0.05120000000000001
69,30,398.242424242424,45,20240314,45-CF_20240314_optimalizace_vanza.xlsx,optimalizace,3,a,FskOnly,0.05120000000000001
69,40,434.533333333333,45,20240314,45-CF_20240314_optimalizace_vanza.xlsx,optimalizace,3,a,FskOnly,0.05120000000000001
69,50,421.548387096774,45,20240314,45-CF_20240314_optimalizace_vanza.xlsx,optimalizace,3,a,FskOnly,0.05120000000000001
69,60,463.821428571428,45,20240314,45-CF_20240314_optimalizace_vanza.xlsx,optimalizace,3,a,FskOnly,0.05120000000000001
70,0,461.354838709677,45,20240314,45-CF_20240314_optimalizace_vanza.xlsx,optimalizace,3,b,FskOnly,0.05120000000000001
70,10,486.4,45,20240314,45-CF_20240314_optimalizace_vanza.xlsx,optimalizace,3,b,FskOnly,0.05120000000000001
70,20,477,45,20240314,45-CF_20240314_optimalizace_vanza.xlsx,optimalizace,3,b,FskOnly,0.05120000000000001
70,30,464.3125,45,20240314,45-CF_20240314_optimalizace_vanza.xlsx,optimalizace,3,b,FskOnly,0.05120000000000001
70,40,479.645161290322,45,20240314,45-CF_20240314_optimalizace_vanza.xlsx,optimalizace,3,b,FskOnly,0.05120000000000001
70,50,479.967741935483,45,20240314,45-CF_20240314_optimalizace_vanza.xlsx,optimalizace,3,b,FskOnly,0.05120000000000001
70,60,477.032258064516,45,20240314,45-CF_20240314_optimalizace_vanza.xlsx,optimalizace,3,b,FskOnly,0.05120000000000001
71,0,357.470588235294,45,20240314,45-CF_20240314_optimalizace_vanza.xlsx,optimalizace,4,a,FskOnly,0.12800000000000003
71,10,394.25,45,20240314,45-CF_20240314_optimalizace_vanza.xlsx,optimalizace,4,a,FskOnly,0.12800000000000003
71,20,378.058823529411,45,20240314,45-CF_20240314_optimalizace_vanza.xlsx,optimalizace,4,a,FskOnly,0.12800000000000003
71,30,378.823529411764,45,20240314,45-CF_20240314_optimalizace_vanza.xlsx,optimalizace,4,a,FskOnly,0.12800000000000003
71,40,357.388888888888,45,20240314,45-CF_20240314_optimalizace_vanza.xlsx,optimalizace,4,a,FskOnly,0.12800000000000003
71,50,394.1875,45,20240314,45-CF_20240314_optimalizace_vanza.xlsx,optimalizace,4,a,FskOnly,0.12800000000000003
71,60,396.9375,45,20240314,45-CF_20240314_optimalizace_vanza.xlsx,optimalizace,4,a,FskOnly,0.12800000000000003
72,0,465.230769230769,45,20240314,45-CF_20240314_optimalizace_vanza.xlsx,optimalizace,4,b,FskOnly,0.12800000000000003
72,10,446.928571428571,45,20240314,45-CF_20240314_optimalizace_vanza.xlsx,optimalizace,4,b,FskOnly,0.12800000000000003
72,20,452.571428571428,45,20240314,45-CF_20240314_optimalizace_vanza.xlsx,optimalizace,4,b,FskOnly,0.12800000000000003
72,30,452.071428571428,45,20240314,45-CF_20240314_optimalizace_vanza.xlsx,optimalizace,4,b,FskOnly,0.12800000000000003
72,40,454.357142857142,45,20240314,45-CF_20240314_optimalizace_vanza.xlsx,optimalizace,4,b,FskOnly,0.12800000000000003
72,50,422.333333333333,45,20240314,45-CF_20240314_optimalizace_vanza.xlsx,optimalizace,4,b,FskOnly,0.12800000000000003
72,60,418.333333333333,45,20240314,45-CF_20240314_optimalizace_vanza.xlsx,optimalizace,4,b,FskOnly,0.12800000000000003
73,0,482.928571428571,45,20240314,45-CF_20240314_optimalizace_vanza.xlsx,optimalizace,5,a,FskOnly,0.32000000000000006
73,10,494,45,20240314,45-CF_20240314_optimalizace_vanza.xlsx,optimalizace,5,a,FskOnly,0.32000000000000006
73,20,496.285714285714,45,20240314,45-CF_20240314_optimalizace_vanza.xlsx,optimalizace,5,a,FskOnly,0.32000000000000006
73,30,505.571428571428,45,20240314,45-CF_20240314_optimalizace_vanza.xlsx,optimalizace,5,a,FskOnly,0.32000000000000006
73,40,505.214285714285,45,20240314,45-CF_20240314_optimalizace_vanza.xlsx,optimalizace,5,a,FskOnly,0.32000000000000006
73,50,498.214285714285,45,20240314,45-CF_20240314_optimalizace_vanza.xlsx,optimalizace,5,a,FskOnly,0.32000000000000006
73,60,467.2,45,20240314,45-CF_20240314_optimalizace_vanza.xlsx,optimalizace,5,a,FskOnly,0.32000000000000006
74,0,420.5,45,20240314,45-CF_20240314_optimalizace_vanza.xlsx,optimalizace,5,b,FskOnly,0.32000000000000006
74,10,454.428571428571,45,20240314,45-CF_20240314_optimalizace_vanza.xlsx,optimalizace,5,b,FskOnly,0.32000000000000006
74,20,441,45,20240314,45-CF_20240314_optimalizace_vanza.xlsx,optimalizace,5,b,FskOnly,0.32000000000000006
74,30,456.571428571428,45,20240314,45-CF_20240314_optimalizace_vanza.xlsx,optimalizace,5,b,FskOnly,0.32000000000000006
74,40,440.5,45,20240314,45-CF_20240314_optimalizace_vanza.xlsx,optimalizace,5,b,FskOnly,0.32000000000000006
74,50,434.136363636363,45,20240314,45-CF_20240314_optimalizace_vanza.xlsx,optimalizace,5,b,FskOnly,0.32000000000000006
74,60,456.095238095238,45,20240314,45-CF_20240314_optimalizace_vanza.xlsx,optimalizace,5,b,FskOnly,0.32000000000000006
75,0,475.315789473684,45,20240314,45-CF_20240314_optimalizace_vanza.xlsx,optimalizace,6,a,FskOnly,0.8000000000000002
75,10,493.315789473684,45,20240314,45-CF_20240314_optimalizace_vanza.xlsx,optimalizace,6,a,FskOnly,0.8000000000000002
75,20,501.210526315789,45,20240314,45-CF_20240314_optimalizace_vanza.xlsx,optimalizace,6,a,FskOnly,0.8000000000000002
75,30,509.368421052631,45,20240314,45-CF_20240314_optimalizace_vanza.xlsx,optimalizace,6,a,FskOnly,0.8000000000000002
75,40,514.578947368421,45,20240314,45-CF_20240314_optimalizace_vanza.xlsx,optimalizace,6,a,FskOnly,0.8000000000000002
75,50,511.210526315789,45,20240314,45-CF_20240314_optimalizace_vanza.xlsx,optimalizace,6,a,FskOnly,0.8000000000000002
75,60,511.736842105263,45,20240314,45-CF_20240314_optimalizace_vanza.xlsx,optimalizace,6,a,FskOnly,0.8000000000000002
76,0,544.529411764705,45,20240314,45-CF_20240314_optimalizace_vanza.xlsx,optimalizace,6,b,FskOnly,0.8000000000000002
76,10,550.176470588235,45,20240314,45-CF_20240314_optimalizace_vanza.xlsx,optimalizace,6,b,FskOnly,0.8000000000000002
76,20,505.157894736842,45,20240314,45-CF_20240314_optimalizace_vanza.xlsx,optimalizace,6,b,FskOnly,0.8000000000000002
76,30,569.941176470588,45,20240314,45-CF_20240314_optimalizace_vanza.xlsx,optimalizace,6,b,FskOnly,0.8000000000000002
76,40,547.5,45,20240314,45-CF_20240314_optimalizace_vanza.xlsx,optimalizace,6,b,FskOnly,0.8000000000000002
76,50,544.833333333333,45,20240314,45-CF_20240314_optimalizace_vanza.xlsx,optimalizace,6,b,FskOnly,0.8000000000000002
76,60,546.5,45,20240314,45-CF_20240314_optimalizace_vanza.xlsx,optimalizace,6,b,FskOnly,0.8000000000000002
77,0,362.4375,45,20240314,45-CF_20240314_optimalizace_vanza.xlsx,optimalizace,7,a,FskOnly,2
77,10,377.875,45,20240314,45-CF_20240314_optimalizace_vanza.xlsx,optimalizace,7,a,FskOnly,2
77,20,389.125,45,20240314,45-CF_20240314_optimalizace_vanza.xlsx,optimalizace,7,a,FskOnly,2
77,30,395.0625,45,20240314,45-CF_20240314_optimalizace_vanza.xlsx,optimalizace,7,a,FskOnly,2
77,40,383.882352941176,45,20240314,45-CF_20240314_optimalizace_vanza.xlsx,optimalizace,7,a,FskOnly,2
77,50,412.125,45,20240314,45-CF_20240314_optimalizace_vanza.xlsx,optimalizace,7,a,FskOnly,2
77,60,414.5625,45,20240314,45-CF_20240314_optimalizace_vanza.xlsx,optimalizace,7,a,FskOnly,2
78,0,478.136363636363,45,20240314,45-CF_20240314_optimalizace_vanza.xlsx,optimalizace,7,b,FskOnly,2
78,10,491.545454545454,45,20240314,45-CF_20240314_optimalizace_vanza.xlsx,optimalizace,7,b,FskOnly,2
78,20,508.181818181818,45,20240314,45-CF_20240314_optimalizace_vanza.xlsx,optimalizace,7,b,FskOnly,2
78,30,498.260869565217,45,20240314,45-CF_20240314_optimalizace_vanza.xlsx,optimalizace,7,b,FskOnly,2
78,40,534.40909090909,45,20240314,45-CF_20240314_optimalizace_vanza.xlsx,optimalizace,7,b,FskOnly,2
78,50,560.238095238095,45,20240314,45-CF_20240314_optimalizace_vanza.xlsx,optimalizace,7,b,FskOnly,2
78,60,541.136363636363,45,20240314,45-CF_20240314_optimalizace_vanza.xlsx,optimalizace,7,b,FskOnly,2
79,0,453.965517241379,45,20240314,45-CF_20240314_optimalizace_vanza.xlsx,optimalizace,8,a,FskOnly,5
79,10,476.965517241379,45,20240314,45-CF_20240314_optimalizace_vanza.xlsx,optimalizace,8,a,FskOnly,5
79,20,517.535714285714,45,20240314,45-CF_20240314_optimalizace_vanza.xlsx,optimalizace,8,a,FskOnly,5
79,30,515.206896551724,45,20240314,45-CF_20240314_optimalizace_vanza.xlsx,optimalizace,8,a,FskOnly,5
79,40,547.392857142857,45,20240314,45-CF_20240314_optimalizace_vanza.xlsx,optimalizace,8,a,FskOnly,5
79,50,555.035714285714,45,20240314,45-CF_20240314_optimalizace_vanza.xlsx,optimalizace,8,a,FskOnly,5
79,60,564,45,20240314,45-CF_20240314_optimalizace_vanza.xlsx,optimalizace,8,a,FskOnly,5
80,0,398.05,45,20240314,45-CF_20240314_optimalizace_vanza.xlsx,optimalizace,8,b,FskOnly,5
80,10,434.894736842105,45,20240314,45-CF_20240314_optimalizace_vanza.xlsx,optimalizace,8,b,FskOnly,5
80,20,417.904761904761,45,20240314,45-CF_20240314_optimalizace_vanza.xlsx,optimalizace,8,b,FskOnly,5
80,30,467.684210526315,45,20240314,45-CF_20240314_optimalizace_vanza.xlsx,optimalizace,8,b,FskOnly,5
80,40,438.904761904761,45,20240314,45-CF_20240314_optimalizace_vanza.xlsx,optimalizace,8,b,FskOnly,5
80,50,445.857142857142,45,20240314,45-CF_20240314_optimalizace_vanza.xlsx,optimalizace,8,b,FskOnly,5
80,60,469.05,45,20240314,45-CF_20240314_optimalizace_vanza.xlsx,optimalizace,8,b,FskOnly,5
1,0,269.090909090909,45,20240328,45-CF_20240328_optimalizace_vanza.xlsx,optimalizace,1,a,ETI,0.008192000000000003
1,10,260.625,45,20240328,45-CF_20240328_optimalizace_vanza.xlsx,optimalizace,1,a,ETI,0.008192000000000003
1,20,276,45,20240328,45-CF_20240328_optimalizace_vanza.xlsx,optimalizace,1,a,ETI,0.008192000000000003
1,30,356.105263157894,45,20240328,45-CF_20240328_optimalizace_vanza.xlsx,optimalizace,1,a,ETI,0.008192000000000003
1,40,367.315789473684,45,20240328,45-CF_20240328_optimalizace_vanza.xlsx,optimalizace,1,a,ETI,0.008192000000000003
1,50,385.736842105263,45,20240328,45-CF_20240328_optimalizace_vanza.xlsx,optimalizace,1,a,ETI,0.008192000000000003
1,60,410.368421052631,45,20240328,45-CF_20240328_optimalizace_vanza.xlsx,optimalizace,1,a,ETI,0.008192000000000003
2,0,341.2,45,20240328,45-CF_20240328_optimalizace_vanza.xlsx,optimalizace,1,b,ETI,0.008192000000000003
2,10,329.190476190476,45,20240328,45-CF_20240328_optimalizace_vanza.xlsx,optimalizace,1,b,ETI,0.008192000000000003
2,20,354.190476190476,45,20240328,45-CF_20240328_optimalizace_vanza.xlsx,optimalizace,1,b,ETI,0.008192000000000003
2,30,416.55,45,20240328,45-CF_20240328_optimalizace_vanza.xlsx,optimalizace,1,b,ETI,0.008192000000000003
2,40,437.095238095238,45,20240328,45-CF_20240328_optimalizace_vanza.xlsx,optimalizace,1,b,ETI,0.008192000000000003
2,50,477.238095238095,45,20240328,45-CF_20240328_optimalizace_vanza.xlsx,optimalizace,1,b,ETI,0.008192000000000003
2,60,505.857142857142,45,20240328,45-CF_20240328_optimalizace_vanza.xlsx,optimalizace,1,b,ETI,0.008192000000000003
3,0,292.142857142857,45,20240328,45-CF_20240328_optimalizace_vanza.xlsx,optimalizace,2,a,ETI,0.02048000000000001
3,10,310.333333333333,45,20240328,45-CF_20240328_optimalizace_vanza.xlsx,optimalizace,2,a,ETI,0.02048000000000001
3,20,334.681818181818,45,20240328,45-CF_20240328_optimalizace_vanza.xlsx,optimalizace,2,a,ETI,0.02048000000000001
3,30,354.304347826086,45,20240328,45-CF_20240328_optimalizace_vanza.xlsx,optimalizace,2,a,ETI,0.02048000000000001
3,40,461.842105263157,45,20240328,45-CF_20240328_optimalizace_vanza.xlsx,optimalizace,2,a,ETI,0.02048000000000001
3,50,478.421052631578,45,20240328,45-CF_20240328_optimalizace_vanza.xlsx,optimalizace,2,a,ETI,0.02048000000000001
3,60,490.842105263157,45,20240328,45-CF_20240328_optimalizace_vanza.xlsx,optimalizace,2,a,ETI,0.02048000000000001
4,0,302.722222222222,45,20240328,45-CF_20240328_optimalizace_vanza.xlsx,optimalizace,2,b,ETI,0.02048000000000001
4,10,312.105263157894,45,20240328,45-CF_20240328_optimalizace_vanza.xlsx,optimalizace,2,b,ETI,0.02048000000000001
4,20,348.263157894736,45,20240328,45-CF_20240328_optimalizace_vanza.xlsx,optimalizace,2,b,ETI,0.02048000000000001
4,30,394.157894736842,45,20240328,45-CF_20240328_optimalizace_vanza.xlsx,optimalizace,2,b,ETI,0.02048000000000001
4,40,428.25,45,20240328,45-CF_20240328_optimalizace_vanza.xlsx,optimalizace,2,b,ETI,0.02048000000000001
4,50,476.2,45,20240328,45-CF_20240328_optimalizace_vanza.xlsx,optimalizace,2,b,ETI,0.02048000000000001
4,60,527.526315789473,45,20240328,45-CF_20240328_optimalizace_vanza.xlsx,optimalizace,2,b,ETI,0.02048000000000001
5,0,304.56,45,20240328,45-CF_20240328_optimalizace_vanza.xlsx,optimalizace,3,a,ETI,0.05120000000000001
5,10,311.185185185185,45,20240328,45-CF_20240328_optimalizace_vanza.xlsx,optimalizace,3,a,ETI,0.05120000000000001
5,20,365,45,20240328,45-CF_20240328_optimalizace_vanza.xlsx,optimalizace,3,a,ETI,0.05120000000000001
5,30,425.857142857142,45,20240328,45-CF_20240328_optimalizace_vanza.xlsx,optimalizace,3,a,ETI,0.05120000000000001
5,40,511.76923076923,45,20240328,45-CF_20240328_optimalizace_vanza.xlsx,optimalizace,3,a,ETI,0.05120000000000001
5,50,525.962962962962,45,20240328,45-CF_20240328_optimalizace_vanza.xlsx,optimalizace,3,a,ETI,0.05120000000000001
5,60,559.230769230769,45,20240328,45-CF_20240328_optimalizace_vanza.xlsx,optimalizace,3,a,ETI,0.05120000000000001
6,0,247.625,45,20240328,45-CF_20240328_optimalizace_vanza.xlsx,optimalizace,3,b,ETI,0.05120000000000001
6,10,264.96,45,20240328,45-CF_20240328_optimalizace_vanza.xlsx,optimalizace,3,b,ETI,0.05120000000000001
6,20,335.478260869565,45,20240328,45-CF_20240328_optimalizace_vanza.xlsx,optimalizace,3,b,ETI,0.05120000000000001
6,30,357.8,45,20240328,45-CF_20240328_optimalizace_vanza.xlsx,optimalizace,3,b,ETI,0.05120000000000001
6,40,406.434782608695,45,20240328,45-CF_20240328_optimalizace_vanza.xlsx,optimalizace,3,b,ETI,0.05120000000000001
6,50,408.291666666666,45,20240328,45-CF_20240328_optimalizace_vanza.xlsx,optimalizace,3,b,ETI,0.05120000000000001
6,60,428.260869565217,45,20240328,45-CF_20240328_optimalizace_vanza.xlsx,optimalizace,3,b,ETI,0.05120000000000001
7,0,265.722222222222,45,20240328,45-CF_20240328_optimalizace_vanza.xlsx,optimalizace,4,a,ETI,0.12800000000000003
7,10,325.266666666666,45,20240328,45-CF_20240328_optimalizace_vanza.xlsx,optimalizace,4,a,ETI,0.12800000000000003
7,20,376.375,45,20240328,45-CF_20240328_optimalizace_vanza.xlsx,optimalizace,4,a,ETI,0.12800000000000003
7,30,378.888888888888,45,20240328,45-CF_20240328_optimalizace_vanza.xlsx,optimalizace,4,a,ETI,0.12800000000000003
7,40,465.5,45,20240328,45-CF_20240328_optimalizace_vanza.xlsx,optimalizace,4,a,ETI,0.12800000000000003
7,50,474.882352941176,45,20240328,45-CF_20240328_optimalizace_vanza.xlsx,optimalizace,4,a,ETI,0.12800000000000003
7,60,515.3125,45,20240328,45-CF_20240328_optimalizace_vanza.xlsx,optimalizace,4,a,ETI,0.12800000000000003
8,0,230.137931034482,45,20240328,45-CF_20240328_optimalizace_vanza.xlsx,optimalizace,4,b,ETI,0.12800000000000003
8,10,277,45,20240328,45-CF_20240328_optimalizace_vanza.xlsx,optimalizace,4,b,ETI,0.12800000000000003
8,20,349.75,45,20240328,45-CF_20240328_optimalizace_vanza.xlsx,optimalizace,4,b,ETI,0.12800000000000003
8,30,418.434782608695,45,20240328,45-CF_20240328_optimalizace_vanza.xlsx,optimalizace,4,b,ETI,0.12800000000000003
8,40,466.652173913043,45,20240328,45-CF_20240328_optimalizace_vanza.xlsx,optimalizace,4,b,ETI,0.12800000000000003
8,50,490.521739130434,45,20240328,45-CF_20240328_optimalizace_vanza.xlsx,optimalizace,4,b,ETI,0.12800000000000003
8,60,496.833333333333,45,20240328,45-CF_20240328_optimalizace_vanza.xlsx,optimalizace,4,b,ETI,0.12800000000000003
9,0,269.545454545454,45,20240328,45-CF_20240328_optimalizace_vanza.xlsx,optimalizace,5,a,ETI,0.32000000000000006
9,10,361.85,45,20240328,45-CF_20240328_optimalizace_vanza.xlsx,optimalizace,5,a,ETI,0.32000000000000006
9,20,417.545454545454,45,20240328,45-CF_20240328_optimalizace_vanza.xlsx,optimalizace,5,a,ETI,0.32000000000000006
9,30,440.625,45,20240328,45-CF_20240328_optimalizace_vanza.xlsx,optimalizace,5,a,ETI,0.32000000000000006
9,40,514.478260869565,45,20240328,45-CF_20240328_optimalizace_vanza.xlsx,optimalizace,5,a,ETI,0.32000000000000006
9,50,529.416666666666,45,20240328,45-CF_20240328_optimalizace_vanza.xlsx,optimalizace,5,a,ETI,0.32000000000000006
9,60,637.047619047619,45,20240328,45-CF_20240328_optimalizace_vanza.xlsx,optimalizace,5,a,ETI,0.32000000000000006
10,0,258.833333333333,45,20240328,45-CF_20240328_optimalizace_vanza.xlsx,optimalizace,5,b,ETI,0.32000000000000006
10,10,302.555555555555,45,20240328,45-CF_20240328_optimalizace_vanza.xlsx,optimalizace,5,b,ETI,0.32000000000000006
10,20,377.315789473684,45,20240328,45-CF_20240328_optimalizace_vanza.xlsx,optimalizace,5,b,ETI,0.32000000000000006
10,30,409.15,45,20240328,45-CF_20240328_optimalizace_vanza.xlsx,optimalizace,5,b,ETI,0.32000000000000006
10,40,435.095238095238,45,20240328,45-CF_20240328_optimalizace_vanza.xlsx,optimalizace,5,b,ETI,0.32000000000000006
10,50,436.727272727272,45,20240328,45-CF_20240328_optimalizace_vanza.xlsx,optimalizace,5,b,ETI,0.32000000000000006
10,60,487.7,45,20240328,45-CF_20240328_optimalizace_vanza.xlsx,optimalizace,5,b,ETI,0.32000000000000006
11,0,306.705882352941,45,20240328,45-CF_20240328_optimalizace_vanza.xlsx,optimalizace,6,a,ETI,0.8000000000000002
11,10,346.888888888888,45,20240328,45-CF_20240328_optimalizace_vanza.xlsx,optimalizace,6,a,ETI,0.8000000000000002
11,20,382.714285714285,45,20240328,45-CF_20240328_optimalizace_vanza.xlsx,optimalizace,6,a,ETI,0.8000000000000002
11,30,474.5,45,20240328,45-CF_20240328_optimalizace_vanza.xlsx,optimalizace,6,a,ETI,0.8000000000000002
11,40,500.904761904761,45,20240328,45-CF_20240328_optimalizace_vanza.xlsx,optimalizace,6,a,ETI,0.8000000000000002
11,50,525.190476190476,45,20240328,45-CF_20240328_optimalizace_vanza.xlsx,optimalizace,6,a,ETI,0.8000000000000002
11,60,608.947368421052,45,20240328,45-CF_20240328_optimalizace_vanza.xlsx,optimalizace,6,a,ETI,0.8000000000000002
12,0,259.869565217391,45,20240328,45-CF_20240328_optimalizace_vanza.xlsx,optimalizace,6,b,ETI,0.8000000000000002
12,10,329.260869565217,45,20240328,45-CF_20240328_optimalizace_vanza.xlsx,optimalizace,6,b,ETI,0.8000000000000002
12,20,414.565217391304,45,20240328,45-CF_20240328_optimalizace_vanza.xlsx,optimalizace,6,b,ETI,0.8000000000000002
12,30,443.291666666666,45,20240328,45-CF_20240328_optimalizace_vanza.xlsx,optimalizace,6,b,ETI,0.8000000000000002
12,40,482.458333333333,45,20240328,45-CF_20240328_optimalizace_vanza.xlsx,optimalizace,6,b,ETI,0.8000000000000002
12,50,569.714285714285,45,20240328,45-CF_20240328_optimalizace_vanza.xlsx,optimalizace,6,b,ETI,0.8000000000000002
12,60,598.809523809523,45,20240328,45-CF_20240328_optimalizace_vanza.xlsx,optimalizace,6,b,ETI,0.8000000000000002
13,0,364.2,45,20240328,45-CF_20240328_optimalizace_vanza.xlsx,optimalizace,7,a,ETI,2
13,10,429.294117647058,45,20240328,45-CF_20240328_optimalizace_vanza.xlsx,optimalizace,7,a,ETI,2
13,20,547.235294117647,45,20240328,45-CF_20240328_optimalizace_vanza.xlsx,optimalizace,7,a,ETI,2
13,30,581.777777777777,45,20240328,45-CF_20240328_optimalizace_vanza.xlsx,optimalizace,7,a,ETI,2
13,40,693.35294117647,45,20240328,45-CF_20240328_optimalizace_vanza.xlsx,optimalizace,7,a,ETI,2
13,50,803.133333333333,45,20240328,45-CF_20240328_optimalizace_vanza.xlsx,optimalizace,7,a,ETI,2
13,60,850,45,20240328,45-CF_20240328_optimalizace_vanza.xlsx,optimalizace,7,a,ETI,2
14,0,303.888888888888,45,20240328,45-CF_20240328_optimalizace_vanza.xlsx,optimalizace,7,b,ETI,2
14,10,404.777777777777,45,20240328,45-CF_20240328_optimalizace_vanza.xlsx,optimalizace,7,b,ETI,2
14,20,517.388888888888,45,20240328,45-CF_20240328_optimalizace_vanza.xlsx,optimalizace,7,b,ETI,2
14,30,610.166666666666,45,20240328,45-CF_20240328_optimalizace_vanza.xlsx,optimalizace,7,b,ETI,2
14,40,682.444444444444,45,20240328,45-CF_20240328_optimalizace_vanza.xlsx,optimalizace,7,b,ETI,2
14,50,742.888888888888,45,20240328,45-CF_20240328_optimalizace_vanza.xlsx,optimalizace,7,b,ETI,2
14,60,781.222222222222,45,20240328,45-CF_20240328_optimalizace_vanza.xlsx,optimalizace,7,b,ETI,2
15,0,310.45,45,20240328,45-CF_20240328_optimalizace_vanza.xlsx,optimalizace,8,a,ETI,5
15,10,410,45,20240328,45-CF_20240328_optimalizace_vanza.xlsx,optimalizace,8,a,ETI,5
15,20,495.190476190476,45,20240328,45-CF_20240328_optimalizace_vanza.xlsx,optimalizace,8,a,ETI,5
15,30,578.761904761904,45,20240328,45-CF_20240328_optimalizace_vanza.xlsx,optimalizace,8,a,ETI,5
15,40,675.55,45,20240328,45-CF_20240328_optimalizace_vanza.xlsx,optimalizace,8,a,ETI,5
15,50,735.65,45,20240328,45-CF_20240328_optimalizace_vanza.xlsx,optimalizace,8,a,ETI,5
15,60,781.4,45,20240328,45-CF_20240328_optimalizace_vanza.xlsx,optimalizace,8,a,ETI,5
16,0,224.642857142857,45,20240328,45-CF_20240328_optimalizace_vanza.xlsx,optimalizace,8,b,ETI,5
16,10,282.928571428571,45,20240328,45-CF_20240328_optimalizace_vanza.xlsx,optimalizace,8,b,ETI,5
16,20,346.785714285714,45,20240328,45-CF_20240328_optimalizace_vanza.xlsx,optimalizace,8,b,ETI,5
16,30,421.461538461538,45,20240328,45-CF_20240328_optimalizace_vanza.xlsx,optimalizace,8,b,ETI,5
16,40,463.153846153846,45,20240328,45-CF_20240328_optimalizace_vanza.xlsx,optimalizace,8,b,ETI,5
16,50,537.25,45,20240328,45-CF_20240328_optimalizace_vanza.xlsx,optimalizace,8,b,ETI,5
16,60,568.75,45,20240328,45-CF_20240328_optimalizace_vanza.xlsx,optimalizace,8,b,ETI,5
17,0,251.818181818181,45,20240328,45-CF_20240328_optimalizace_vanza.xlsx,optimalizace,1,a,VTI_2,0.008192000000000003
17,10,278.545454545454,45,20240328,45-CF_20240328_optimalizace_vanza.xlsx,optimalizace,1,a,VTI_2,0.008192000000000003
17,20,341,45,20240328,45-CF_20240328_optimalizace_vanza.xlsx,optimalizace,1,a,VTI_2,0.008192000000000003
17,30,426.9,45,20240328,45-CF_20240328_optimalizace_vanza.xlsx,optimalizace,1,a,VTI_2,0.008192000000000003
17,40,467,45,20240328,45-CF_20240328_optimalizace_vanza.xlsx,optimalizace,1,a,VTI_2,0.008192000000000003
17,50,479.1,45,20240328,45-CF_20240328_optimalizace_vanza.xlsx,optimalizace,1,a,VTI_2,0.008192000000000003
17,60,481.6,45,20240328,45-CF_20240328_optimalizace_vanza.xlsx,optimalizace,1,a,VTI_2,0.008192000000000003
18,0,260.538461538461,45,20240328,45-CF_20240328_optimalizace_vanza.xlsx,optimalizace,1,b,VTI_2,0.008192000000000003
18,10,279.76923076923,45,20240328,45-CF_20240328_optimalizace_vanza.xlsx,optimalizace,1,b,VTI_2,0.008192000000000003
18,20,315.571428571428,45,20240328,45-CF_20240328_optimalizace_vanza.xlsx,optimalizace,1,b,VTI_2,0.008192000000000003
18,30,361.214285714285,45,20240328,45-CF_20240328_optimalizace_vanza.xlsx,optimalizace,1,b,VTI_2,0.008192000000000003
18,40,380.8,45,20240328,45-CF_20240328_optimalizace_vanza.xlsx,optimalizace,1,b,VTI_2,0.008192000000000003
18,50,413.666666666666,45,20240328,45-CF_20240328_optimalizace_vanza.xlsx,optimalizace,1,b,VTI_2,0.008192000000000003
18,60,439.866666666666,45,20240328,45-CF_20240328_optimalizace_vanza.xlsx,optimalizace,1,b,VTI_2,0.008192000000000003
19,0,266.5,45,20240328,45-CF_20240328_optimalizace_vanza.xlsx,optimalizace,2,a,VTI_2,0.02048000000000001
19,10,287.642857142857,45,20240328,45-CF_20240328_optimalizace_vanza.xlsx,optimalizace,2,a,VTI_2,0.02048000000000001
19,20,344.642857142857,45,20240328,45-CF_20240328_optimalizace_vanza.xlsx,optimalizace,2,a,VTI_2,0.02048000000000001
19,30,378.4375,45,20240328,45-CF_20240328_optimalizace_vanza.xlsx,optimalizace,2,a,VTI_2,0.02048000000000001
19,40,439.5625,45,20240328,45-CF_20240328_optimalizace_vanza.xlsx,optimalizace,2,a,VTI_2,0.02048000000000001
19,50,485,45,20240328,45-CF_20240328_optimalizace_vanza.xlsx,optimalizace,2,a,VTI_2,0.02048000000000001
19,60,511.8125,45,20240328,45-CF_20240328_optimalizace_vanza.xlsx,optimalizace,2,a,VTI_2,0.02048000000000001
20,0,203.631578947368,45,20240328,45-CF_20240328_optimalizace_vanza.xlsx,optimalizace,2,b,VTI_2,0.02048000000000001
20,10,202.45,45,20240328,45-CF_20240328_optimalizace_vanza.xlsx,optimalizace,2,b,VTI_2,0.02048000000000001
20,20,238.75,45,20240328,45-CF_20240328_optimalizace_vanza.xlsx,optimalizace,2,b,VTI_2,0.02048000000000001
20,30,287.7,45,20240328,45-CF_20240328_optimalizace_vanza.xlsx,optimalizace,2,b,VTI_2,0.02048000000000001
20,40,328.4,45,20240328,45-CF_20240328_optimalizace_vanza.xlsx,optimalizace,2,b,VTI_2,0.02048000000000001
20,50,360.7,45,20240328,45-CF_20240328_optimalizace_vanza.xlsx,optimalizace,2,b,VTI_2,0.02048000000000001
20,60,393.526315789473,45,20240328,45-CF_20240328_optimalizace_vanza.xlsx,optimalizace,2,b,VTI_2,0.02048000000000001
21,0,331.785714285714,45,20240328,45-CF_20240328_optimalizace_vanza.xlsx,optimalizace,3,a,VTI_2,0.05120000000000001
21,10,360.538461538461,45,20240328,45-CF_20240328_optimalizace_vanza.xlsx,optimalizace,3,a,VTI_2,0.05120000000000001
21,20,400.666666666666,45,20240328,45-CF_20240328_optimalizace_vanza.xlsx,optimalizace,3,a,VTI_2,0.05120000000000001
21,30,519.642857142857,45,20240328,45-CF_20240328_optimalizace_vanza.xlsx,optimalizace,3,a,VTI_2,0.05120000000000001
21,40,649.416666666666,45,20240328,45-CF_20240328_optimalizace_vanza.xlsx,optimalizace,3,a,VTI_2,0.05120000000000001
21,50,677.76923076923,45,20240328,45-CF_20240328_optimalizace_vanza.xlsx,optimalizace,3,a,VTI_2,0.05120000000000001
21,60,722.615384615384,45,20240328,45-CF_20240328_optimalizace_vanza.xlsx,optimalizace,3,a,VTI_2,0.05120000000000001
22,0,284.608695652173,45,20240328,45-CF_20240328_optimalizace_vanza.xlsx,optimalizace,3,b,VTI_2,0.05120000000000001
22,10,322.857142857142,45,20240328,45-CF_20240328_optimalizace_vanza.xlsx,optimalizace,3,b,VTI_2,0.05120000000000001
22,20,363.916666666666,45,20240328,45-CF_20240328_optimalizace_vanza.xlsx,optimalizace,3,b,VTI_2,0.05120000000000001
22,30,431.125,45,20240328,45-CF_20240328_optimalizace_vanza.xlsx,optimalizace,3,b,VTI_2,0.05120000000000001
22,40,507.173913043478,45,20240328,45-CF_20240328_optimalizace_vanza.xlsx,optimalizace,3,b,VTI_2,0.05120000000000001
22,50,542.434782608695,45,20240328,45-CF_20240328_optimalizace_vanza.xlsx,optimalizace,3,b,VTI_2,0.05120000000000001
22,60,548.608695652173,45,20240328,45-CF_20240328_optimalizace_vanza.xlsx,optimalizace,3,b,VTI_2,0.05120000000000001
23,0,322.766666666666,45,20240328,45-CF_20240328_optimalizace_vanza.xlsx,optimalizace,4,a,VTI_2,0.12800000000000003
23,10,339.09375,45,20240328,45-CF_20240328_optimalizace_vanza.xlsx,optimalizace,4,a,VTI_2,0.12800000000000003
23,20,443.575757575757,45,20240328,45-CF_20240328_optimalizace_vanza.xlsx,optimalizace,4,a,VTI_2,0.12800000000000003
23,30,535.575757575757,45,20240328,45-CF_20240328_optimalizace_vanza.xlsx,optimalizace,4,a,VTI_2,0.12800000000000003
23,40,598.515151515151,45,20240328,45-CF_20240328_optimalizace_vanza.xlsx,optimalizace,4,a,VTI_2,0.12800000000000003
23,50,679.870967741935,45,20240328,45-CF_20240328_optimalizace_vanza.xlsx,optimalizace,4,a,VTI_2,0.12800000000000003
23,60,711.774193548387,45,20240328,45-CF_20240328_optimalizace_vanza.xlsx,optimalizace,4,a,VTI_2,0.12800000000000003
24,0,382.666666666666,45,20240328,45-CF_20240328_optimalizace_vanza.xlsx,optimalizace,4,b,VTI_2,0.12800000000000003
24,10,423.944444444444,45,20240328,45-CF_20240328_optimalizace_vanza.xlsx,optimalizace,4,b,VTI_2,0.12800000000000003
24,20,576.411764705882,45,20240328,45-CF_20240328_optimalizace_vanza.xlsx,optimalizace,4,b,VTI_2,0.12800000000000003
24,30,667.529411764705,45,20240328,45-CF_20240328_optimalizace_vanza.xlsx,optimalizace,4,b,VTI_2,0.12800000000000003
24,40,798.8125,45,20240328,45-CF_20240328_optimalizace_vanza.xlsx,optimalizace,4,b,VTI_2,0.12800000000000003
24,50,850,45,20240328,45-CF_20240328_optimalizace_vanza.xlsx,optimalizace,4,b,VTI_2,0.12800000000000003
24,60,776.388888888888,45,20240328,45-CF_20240328_optimalizace_vanza.xlsx,optimalizace,4,b,VTI_2,0.12800000000000003
25,0,290.739130434782,45,20240328,45-CF_20240328_optimalizace_vanza.xlsx,optimalizace,5,a,VTI_2,0.32000000000000006
25,10,338.608695652173,45,20240328,45-CF_20240328_optimalizace_vanza.xlsx,optimalizace,5,a,VTI_2,0.32000000000000006
25,20,463.826086956521,45,20240328,45-CF_20240328_optimalizace_vanza.xlsx,optimalizace,5,a,VTI_2,0.32000000000000006
25,30,548.869565217391,45,20240328,45-CF_20240328_optimalizace_vanza.xlsx,optimalizace,5,a,VTI_2,0.32000000000000006
25,40,595.5,45,20240328,45-CF_20240328_optimalizace_vanza.xlsx,optimalizace,5,a,VTI_2,0.32000000000000006
25,50,609.4,45,20240328,45-CF_20240328_optimalizace_vanza.xlsx,optimalizace,5,a,VTI_2,0.32000000000000006
25,60,658.083333333333,45,20240328,45-CF_20240328_optimalizace_vanza.xlsx,optimalizace,5,a,VTI_2,0.32000000000000006
26,0,268,45,20240328,45-CF_20240328_optimalizace_vanza.xlsx,optimalizace,5,b,VTI_2,0.32000000000000006
26,10,298.666666666666,45,20240328,45-CF_20240328_optimalizace_vanza.xlsx,optimalizace,5,b,VTI_2,0.32000000000000006
26,20,378.947368421052,45,20240328,45-CF_20240328_optimalizace_vanza.xlsx,optimalizace,5,b,VTI_2,0.32000000000000006
26,30,449.526315789473,45,20240328,45-CF_20240328_optimalizace_vanza.xlsx,optimalizace,5,b,VTI_2,0.32000000000000006
26,40,499.105263157894,45,20240328,45-CF_20240328_optimalizace_vanza.xlsx,optimalizace,5,b,VTI_2,0.32000000000000006
26,50,546,45,20240328,45-CF_20240328_optimalizace_vanza.xlsx,optimalizace,5,b,VTI_2,0.32000000000000006
26,60,546.8,45,20240328,45-CF_20240328_optimalizace_vanza.xlsx,optimalizace,5,b,VTI_2,0.32000000000000006
27,0,218.866666666666,45,20240328,45-CF_20240328_optimalizace_vanza.xlsx,optimalizace,6,a,VTI_2,0.8000000000000002
27,10,301,45,20240328,45-CF_20240328_optimalizace_vanza.xlsx,optimalizace,6,a,VTI_2,0.8000000000000002
27,20,342.8,45,20240328,45-CF_20240328_optimalizace_vanza.xlsx,optimalizace,6,a,VTI_2,0.8000000000000002
27,30,389.533333333333,45,20240328,45-CF_20240328_optimalizace_vanza.xlsx,optimalizace,6,a,VTI_2,0.8000000000000002
27,40,431.6,45,20240328,45-CF_20240328_optimalizace_vanza.xlsx,optimalizace,6,a,VTI_2,0.8000000000000002
27,50,427.125,45,20240328,45-CF_20240328_optimalizace_vanza.xlsx,optimalizace,6,a,VTI_2,0.8000000000000002
27,60,417.882352941176,45,20240328,45-CF_20240328_optimalizace_vanza.xlsx,optimalizace,6,a,VTI_2,0.8000000000000002
28,0,312.416666666666,45,20240328,45-CF_20240328_optimalizace_vanza.xlsx,optimalizace,6,b,VTI_2,0.8000000000000002
28,10,377.357142857142,45,20240328,45-CF_20240328_optimalizace_vanza.xlsx,optimalizace,6,b,VTI_2,0.8000000000000002
28,20,443.266666666666,45,20240328,45-CF_20240328_optimalizace_vanza.xlsx,optimalizace,6,b,VTI_2,0.8000000000000002
28,30,515.333333333333,45,20240328,45-CF_20240328_optimalizace_vanza.xlsx,optimalizace,6,b,VTI_2,0.8000000000000002
28,40,572.2,45,20240328,45-CF_20240328_optimalizace_vanza.xlsx,optimalizace,6,b,VTI_2,0.8000000000000002
28,50,654.642857142857,45,20240328,45-CF_20240328_optimalizace_vanza.xlsx,optimalizace,6,b,VTI_2,0.8000000000000002
28,60,631.266666666666,45,20240328,45-CF_20240328_optimalizace_vanza.xlsx,optimalizace,6,b,VTI_2,0.8000000000000002
29,0,269.578947368421,45,20240328,45-CF_20240328_optimalizace_vanza.xlsx,optimalizace,7,a,VTI_2,2
29,10,362.315789473684,45,20240328,45-CF_20240328_optimalizace_vanza.xlsx,optimalizace,7,a,VTI_2,2
29,20,430.190476190476,45,20240328,45-CF_20240328_optimalizace_vanza.xlsx,optimalizace,7,a,VTI_2,2
29,30,495.238095238095,45,20240328,45-CF_20240328_optimalizace_vanza.xlsx,optimalizace,7,a,VTI_2,2
29,40,539.6,45,20240328,45-CF_20240328_optimalizace_vanza.xlsx,optimalizace,7,a,VTI_2,2
29,50,601.9,45,20240328,45-CF_20240328_optimalizace_vanza.xlsx,optimalizace,7,a,VTI_2,2
29,60,629.15,45,20240328,45-CF_20240328_optimalizace_vanza.xlsx,optimalizace,7,a,VTI_2,2
30,0,322.133333333333,45,20240328,45-CF_20240328_optimalizace_vanza.xlsx,optimalizace,7,b,VTI_2,2
30,10,429.125,45,20240328,45-CF_20240328_optimalizace_vanza.xlsx,optimalizace,7,b,VTI_2,2
30,20,528.125,45,20240328,45-CF_20240328_optimalizace_vanza.xlsx,optimalizace,7,b,VTI_2,2
30,30,576.117647058823,45,20240328,45-CF_20240328_optimalizace_vanza.xlsx,optimalizace,7,b,VTI_2,2
30,40,727.4,45,20240328,45-CF_20240328_optimalizace_vanza.xlsx,optimalizace,7,b,VTI_2,2
30,50,781.733333333333,45,20240328,45-CF_20240328_optimalizace_vanza.xlsx,optimalizace,7,b,VTI_2,2
30,60,769.5,45,20240328,45-CF_20240328_optimalizace_vanza.xlsx,optimalizace,7,b,VTI_2,2
31,0,274.5,45,20240328,45-CF_20240328_optimalizace_vanza.xlsx,optimalizace,8,a,VTI_2,5
31,10,348.133333333333,45,20240328,45-CF_20240328_optimalizace_vanza.xlsx,optimalizace,8,a,VTI_2,5
31,20,412.2,45,20240328,45-CF_20240328_optimalizace_vanza.xlsx,optimalizace,8,a,VTI_2,5
31,30,466.733333333333,45,20240328,45-CF_20240328_optimalizace_vanza.xlsx,optimalizace,8,a,VTI_2,5
31,40,548.071428571428,45,20240328,45-CF_20240328_optimalizace_vanza.xlsx,optimalizace,8,a,VTI_2,5
31,50,605.76923076923,45,20240328,45-CF_20240328_optimalizace_vanza.xlsx,optimalizace,8,a,VTI_2,5
31,60,596.785714285714,45,20240328,45-CF_20240328_optimalizace_vanza.xlsx,optimalizace,8,a,VTI_2,5
32,0,319.090909090909,45,20240328,45-CF_20240328_optimalizace_vanza.xlsx,optimalizace,8,b,VTI_2,5
32,10,418.818181818181,45,20240328,45-CF_20240328_optimalizace_vanza.xlsx,optimalizace,8,b,VTI_2,5
32,20,511.954545454545,45,20240328,45-CF_20240328_optimalizace_vanza.xlsx,optimalizace,8,b,VTI_2,5
32,30,556.304347826087,45,20240328,45-CF_20240328_optimalizace_vanza.xlsx,optimalizace,8,b,VTI_2,5
32,40,661.666666666666,45,20240328,45-CF_20240328_optimalizace_vanza.xlsx,optimalizace,8,b,VTI_2,5
32,50,683.090909090909,45,20240328,45-CF_20240328_optimalizace_vanza.xlsx,optimalizace,8,b,VTI_2,5
32,60,669.541666666666,45,20240328,45-CF_20240328_optimalizace_vanza.xlsx,optimalizace,8,b,VTI_2,5
33,0,231.823529411764,45,20240328,45-CF_20240328_optimalizace_vanza.xlsx,optimalizace,a,a,VTI_02,0.008192000000000003
33,10,257.6,45,20240328,45-CF_20240328_optimalizace_vanza.xlsx,optimalizace,a,a,VTI_02,0.008192000000000003
33,20,302.933333333333,45,20240328,45-CF_20240328_optimalizace_vanza.xlsx,optimalizace,a,a,VTI_02,0.008192000000000003
33,30,361.866666666666,45,20240328,45-CF_20240328_optimalizace_vanza.xlsx,optimalizace,a,a,VTI_02,0.008192000000000003
33,40,407.2,45,20240328,45-CF_20240328_optimalizace_vanza.xlsx,optimalizace,a,a,VTI_02,0.008192000000000003
33,50,384.6875,45,20240328,45-CF_20240328_optimalizace_vanza.xlsx,optimalizace,a,a,VTI_02,0.008192000000000003
33,60,406.933333333333,45,20240328,45-CF_20240328_optimalizace_vanza.xlsx,optimalizace,a,a,VTI_02,0.008192000000000003
34,0,276.565217391304,45,20240328,45-CF_20240328_optimalizace_vanza.xlsx,optimalizace,a,b,VTI_02,0.008192000000000003
34,10,282.869565217391,45,20240328,45-CF_20240328_optimalizace_vanza.xlsx,optimalizace,a,b,VTI_02,0.008192000000000003
34,20,316.304347826086,45,20240328,45-CF_20240328_optimalizace_vanza.xlsx,optimalizace,a,b,VTI_02,0.008192000000000003
34,30,349.608695652173,45,20240328,45-CF_20240328_optimalizace_vanza.xlsx,optimalizace,a,b,VTI_02,0.008192000000000003
34,40,463.473684210526,45,20240328,45-CF_20240328_optimalizace_vanza.xlsx,optimalizace,a,b,VTI_02,0.008192000000000003
34,50,464.714285714285,45,20240328,45-CF_20240328_optimalizace_vanza.xlsx,optimalizace,a,b,VTI_02,0.008192000000000003
34,60,499.6,45,20240328,45-CF_20240328_optimalizace_vanza.xlsx,optimalizace,a,b,VTI_02,0.008192000000000003
35,0,262.586206896551,45,20240328,45-CF_20240328_optimalizace_vanza.xlsx,optimalizace,b,a,VTI_02,0.02048000000000001
35,10,289.035714285714,45,20240328,45-CF_20240328_optimalizace_vanza.xlsx,optimalizace,b,a,VTI_02,0.02048000000000001
35,20,358.961538461538,45,20240328,45-CF_20240328_optimalizace_vanza.xlsx,optimalizace,b,a,VTI_02,0.02048000000000001
35,30,417.444444444444,45,20240328,45-CF_20240328_optimalizace_vanza.xlsx,optimalizace,b,a,VTI_02,0.02048000000000001
35,40,496.038461538461,45,20240328,45-CF_20240328_optimalizace_vanza.xlsx,optimalizace,b,a,VTI_02,0.02048000000000001
35,50,550.08,45,20240328,45-CF_20240328_optimalizace_vanza.xlsx,optimalizace,b,a,VTI_02,0.02048000000000001
35,60,535.807692307692,45,20240328,45-CF_20240328_optimalizace_vanza.xlsx,optimalizace,b,a,VTI_02,0.02048000000000001
36,0,272.75,45,20240328,45-CF_20240328_optimalizace_vanza.xlsx,optimalizace,b,b,VTI_02,0.02048000000000001
36,10,277.541666666666,45,20240328,45-CF_20240328_optimalizace_vanza.xlsx,optimalizace,b,b,VTI_02,0.02048000000000001
36,20,332.166666666666,45,20240328,45-CF_20240328_optimalizace_vanza.xlsx,optimalizace,b,b,VTI_02,0.02048000000000001
36,30,414.91304347826,45,20240328,45-CF_20240328_optimalizace_vanza.xlsx,optimalizace,b,b,VTI_02,0.02048000000000001
36,40,482.782608695652,45,20240328,45-CF_20240328_optimalizace_vanza.xlsx,optimalizace,b,b,VTI_02,0.02048000000000001
36,50,493.25,45,20240328,45-CF_20240328_optimalizace_vanza.xlsx,optimalizace,b,b,VTI_02,0.02048000000000001
36,60,512.791666666666,45,20240328,45-CF_20240328_optimalizace_vanza.xlsx,optimalizace,b,b,VTI_02,0.02048000000000001
37,0,310.388888888888,45,20240328,45-CF_20240328_optimalizace_vanza.xlsx,optimalizace,c,a,VTI_02,0.05120000000000001
37,10,345.705882352941,45,20240328,45-CF_20240328_optimalizace_vanza.xlsx,optimalizace,c,a,VTI_02,0.05120000000000001
37,20,398,45,20240328,45-CF_20240328_optimalizace_vanza.xlsx,optimalizace,c,a,VTI_02,0.05120000000000001
37,30,485.111111111111,45,20240328,45-CF_20240328_optimalizace_vanza.xlsx,optimalizace,c,a,VTI_02,0.05120000000000001
37,40,523.684210526315,45,20240328,45-CF_20240328_optimalizace_vanza.xlsx,optimalizace,c,a,VTI_02,0.05120000000000001
37,50,587.333333333333,45,20240328,45-CF_20240328_optimalizace_vanza.xlsx,optimalizace,c,a,VTI_02,0.05120000000000001
37,60,655.35294117647,45,20240328,45-CF_20240328_optimalizace_vanza.xlsx,optimalizace,c,a,VTI_02,0.05120000000000001
38,0,309.235294117647,45,20240328,45-CF_20240328_optimalizace_vanza.xlsx,optimalizace,c,b,VTI_02,0.05120000000000001
38,10,305.555555555555,45,20240328,45-CF_20240328_optimalizace_vanza.xlsx,optimalizace,c,b,VTI_02,0.05120000000000001
38,20,375.166666666666,45,20240328,45-CF_20240328_optimalizace_vanza.xlsx,optimalizace,c,b,VTI_02,0.05120000000000001
38,30,456.666666666666,45,20240328,45-CF_20240328_optimalizace_vanza.xlsx,optimalizace,c,b,VTI_02,0.05120000000000001
38,40,539.35294117647,45,20240328,45-CF_20240328_optimalizace_vanza.xlsx,optimalizace,c,b,VTI_02,0.05120000000000001
38,50,589,45,20240328,45-CF_20240328_optimalizace_vanza.xlsx,optimalizace,c,b,VTI_02,0.05120000000000001
38,60,606.647058823529,45,20240328,45-CF_20240328_optimalizace_vanza.xlsx,optimalizace,c,b,VTI_02,0.05120000000000001
39,0,256.068965517241,45,20240328,45-CF_20240328_optimalizace_vanza.xlsx,optimalizace,d,a,VTI_02,0.12800000000000003
39,10,273.566666666666,45,20240328,45-CF_20240328_optimalizace_vanza.xlsx,optimalizace,d,a,VTI_02,0.12800000000000003
39,20,333.129032258064,45,20240328,45-CF_20240328_optimalizace_vanza.xlsx,optimalizace,d,a,VTI_02,0.12800000000000003
39,30,436.692307692307,45,20240328,45-CF_20240328_optimalizace_vanza.xlsx,optimalizace,d,a,VTI_02,0.12800000000000003
39,40,520.333333333333,45,20240328,45-CF_20240328_optimalizace_vanza.xlsx,optimalizace,d,a,VTI_02,0.12800000000000003
39,50,559.291666666666,45,20240328,45-CF_20240328_optimalizace_vanza.xlsx,optimalizace,d,a,VTI_02,0.12800000000000003
39,60,581.25,45,20240328,45-CF_20240328_optimalizace_vanza.xlsx,optimalizace,d,a,VTI_02,0.12800000000000003
40,0,282.833333333333,45,20240328,45-CF_20240328_optimalizace_vanza.xlsx,optimalizace,d,b,VTI_02,0.12800000000000003
40,10,292.391304347826,45,20240328,45-CF_20240328_optimalizace_vanza.xlsx,optimalizace,d,b,VTI_02,0.12800000000000003
40,20,374.545454545454,45,20240328,45-CF_20240328_optimalizace_vanza.xlsx,optimalizace,d,b,VTI_02,0.12800000000000003
40,30,442.217391304347,45,20240328,45-CF_20240328_optimalizace_vanza.xlsx,optimalizace,d,b,VTI_02,0.12800000000000003
40,40,500.681818181818,45,20240328,45-CF_20240328_optimalizace_vanza.xlsx,optimalizace,d,b,VTI_02,0.12800000000000003
40,50,549.090909090909,45,20240328,45-CF_20240328_optimalizace_vanza.xlsx,optimalizace,d,b,VTI_02,0.12800000000000003
40,60,567.727272727272,45,20240328,45-CF_20240328_optimalizace_vanza.xlsx,optimalizace,d,b,VTI_02,0.12800000000000003
41,0,248.785714285714,45,20240328,45-CF_20240328_optimalizace_vanza.xlsx,optimalizace,e,a,VTI_02,0.32000000000000006
41,10,310.071428571428,45,20240328,45-CF_20240328_optimalizace_vanza.xlsx,optimalizace,e,a,VTI_02,0.32000000000000006
41,20,398.307692307692,45,20240328,45-CF_20240328_optimalizace_vanza.xlsx,optimalizace,e,a,VTI_02,0.32000000000000006
41,30,460.846153846153,45,20240328,45-CF_20240328_optimalizace_vanza.xlsx,optimalizace,e,a,VTI_02,0.32000000000000006
41,40,509.76923076923,45,20240328,45-CF_20240328_optimalizace_vanza.xlsx,optimalizace,e,a,VTI_02,0.32000000000000006
41,50,507.571428571428,45,20240328,45-CF_20240328_optimalizace_vanza.xlsx,optimalizace,e,a,VTI_02,0.32000000000000006
41,60,568.923076923076,45,20240328,45-CF_20240328_optimalizace_vanza.xlsx,optimalizace,e,a,VTI_02,0.32000000000000006
42,0,216.9,45,20240328,45-CF_20240328_optimalizace_vanza.xlsx,optimalizace,e,b,VTI_02,0.32000000000000006
42,10,253.111111111111,45,20240328,45-CF_20240328_optimalizace_vanza.xlsx,optimalizace,e,b,VTI_02,0.32000000000000006
42,20,263.6875,45,20240328,45-CF_20240328_optimalizace_vanza.xlsx,optimalizace,e,b,VTI_02,0.32000000000000006
42,30,277.8125,45,20240328,45-CF_20240328_optimalizace_vanza.xlsx,optimalizace,e,b,VTI_02,0.32000000000000006
42,40,329,45,20240328,45-CF_20240328_optimalizace_vanza.xlsx,optimalizace,e,b,VTI_02,0.32000000000000006
42,50,340.785714285714,45,20240328,45-CF_20240328_optimalizace_vanza.xlsx,optimalizace,e,b,VTI_02,0.32000000000000006
42,60,391.8,45,20240328,45-CF_20240328_optimalizace_vanza.xlsx,optimalizace,e,b,VTI_02,0.32000000000000006
43,0,230.153846153846,45,20240328,45-CF_20240328_optimalizace_vanza.xlsx,optimalizace,f,a,VTI_02,0.8000000000000002
43,10,275.571428571428,45,20240328,45-CF_20240328_optimalizace_vanza.xlsx,optimalizace,f,a,VTI_02,0.8000000000000002
43,20,342.142857142857,45,20240328,45-CF_20240328_optimalizace_vanza.xlsx,optimalizace,f,a,VTI_02,0.8000000000000002
43,30,412.461538461538,45,20240328,45-CF_20240328_optimalizace_vanza.xlsx,optimalizace,f,a,VTI_02,0.8000000000000002
43,40,454.230769230769,45,20240328,45-CF_20240328_optimalizace_vanza.xlsx,optimalizace,f,a,VTI_02,0.8000000000000002
43,50,480.615384615384,45,20240328,45-CF_20240328_optimalizace_vanza.xlsx,optimalizace,f,a,VTI_02,0.8000000000000002
43,60,484.692307692307,45,20240328,45-CF_20240328_optimalizace_vanza.xlsx,optimalizace,f,a,VTI_02,0.8000000000000002
44,0,258.291666666666,45,20240328,45-CF_20240328_optimalizace_vanza.xlsx,optimalizace,f,b,VTI_02,0.8000000000000002
44,10,325.875,45,20240328,45-CF_20240328_optimalizace_vanza.xlsx,optimalizace,f,b,VTI_02,0.8000000000000002
44,20,407.958333333333,45,20240328,45-CF_20240328_optimalizace_vanza.xlsx,optimalizace,f,b,VTI_02,0.8000000000000002
44,30,473.583333333333,45,20240328,45-CF_20240328_optimalizace_vanza.xlsx,optimalizace,f,b,VTI_02,0.8000000000000002
44,40,527.5,45,20240328,45-CF_20240328_optimalizace_vanza.xlsx,optimalizace,f,b,VTI_02,0.8000000000000002
44,50,568.875,45,20240328,45-CF_20240328_optimalizace_vanza.xlsx,optimalizace,f,b,VTI_02,0.8000000000000002
44,60,524.407407407407,45,20240328,45-CF_20240328_optimalizace_vanza.xlsx,optimalizace,f,b,VTI_02,0.8000000000000002
45,0,218.28,45,20240328,45-CF_20240328_optimalizace_vanza.xlsx,optimalizace,g,a,VTI_02,2
45,10,300.260869565217,45,20240328,45-CF_20240328_optimalizace_vanza.xlsx,optimalizace,g,a,VTI_02,2
45,20,355.333333333333,45,20240328,45-CF_20240328_optimalizace_vanza.xlsx,optimalizace,g,a,VTI_02,2
45,30,370.173913043478,45,20240328,45-CF_20240328_optimalizace_vanza.xlsx,optimalizace,g,a,VTI_02,2
45,40,408.521739130434,45,20240328,45-CF_20240328_optimalizace_vanza.xlsx,optimalizace,g,a,VTI_02,2
45,50,440.391304347826,45,20240328,45-CF_20240328_optimalizace_vanza.xlsx,optimalizace,g,a,VTI_02,2
45,60,464.695652173913,45,20240328,45-CF_20240328_optimalizace_vanza.xlsx,optimalizace,g,a,VTI_02,2
46,0,261.714285714285,45,20240328,45-CF_20240328_optimalizace_vanza.xlsx,optimalizace,g,b,VTI_02,2
46,10,349.947368421052,45,20240328,45-CF_20240328_optimalizace_vanza.xlsx,optimalizace,g,b,VTI_02,2
46,20,397.45,45,20240328,45-CF_20240328_optimalizace_vanza.xlsx,optimalizace,g,b,VTI_02,2
46,30,474.684210526315,45,20240328,45-CF_20240328_optimalizace_vanza.xlsx,optimalizace,g,b,VTI_02,2
46,40,544.055555555555,45,20240328,45-CF_20240328_optimalizace_vanza.xlsx,optimalizace,g,b,VTI_02,2
46,50,554,45,20240328,45-CF_20240328_optimalizace_vanza.xlsx,optimalizace,g,b,VTI_02,2
46,60,579.157894736842,45,20240328,45-CF_20240328_optimalizace_vanza.xlsx,optimalizace,g,b,VTI_02,2
47,0,282.7,45,20240328,45-CF_20240328_optimalizace_vanza.xlsx,optimalizace,h,a,VTI_02,5
47,10,391.25,45,20240328,45-CF_20240328_optimalizace_vanza.xlsx,optimalizace,h,a,VTI_02,5
47,20,463.761904761904,45,20240328,45-CF_20240328_optimalizace_vanza.xlsx,optimalizace,h,a,VTI_02,5
47,30,534.380952380952,45,20240328,45-CF_20240328_optimalizace_vanza.xlsx,optimalizace,h,a,VTI_02,5
47,40,589.333333333333,45,20240328,45-CF_20240328_optimalizace_vanza.xlsx,optimalizace,h,a,VTI_02,5
47,50,630,45,20240328,45-CF_20240328_optimalizace_vanza.xlsx,optimalizace,h,a,VTI_02,5
47,60,622.545454545454,45,20240328,45-CF_20240328_optimalizace_vanza.xlsx,optimalizace,h,a,VTI_02,5
48,0,282.5,45,20240328,45-CF_20240328_optimalizace_vanza.xlsx,optimalizace,h,b,VTI_02,5
48,10,383,45,20240328,45-CF_20240328_optimalizace_vanza.xlsx,optimalizace,h,b,VTI_02,5
48,20,431.875,45,20240328,45-CF_20240328_optimalizace_vanza.xlsx,optimalizace,h,b,VTI_02,5
48,30,508,45,20240328,45-CF_20240328_optimalizace_vanza.xlsx,optimalizace,h,b,VTI_02,5
48,40,564.133333333333,45,20240328,45-CF_20240328_optimalizace_vanza.xlsx,optimalizace,h,b,VTI_02,5
48,50,628.857142857142,45,20240328,45-CF_20240328_optimalizace_vanza.xlsx,optimalizace,h,b,VTI_02,5
48,60,653.785714285714,45,20240328,45-CF_20240328_optimalizace_vanza.xlsx,optimalizace,h,b,VTI_02,5
49,0,237.923076923076,45,20240328,45-CF_20240328_optimalizace_vanza.xlsx,optimalizace,a,a,VTI_002,0.008192000000000003
49,10,246,45,20240328,45-CF_20240328_optimalizace_vanza.xlsx,optimalizace,a,a,VTI_002,0.008192000000000003
49,20,265.214285714285,45,20240328,45-CF_20240328_optimalizace_vanza.xlsx,optimalizace,a,a,VTI_002,0.008192000000000003
49,30,297.928571428571,45,20240328,45-CF_20240328_optimalizace_vanza.xlsx,optimalizace,a,a,VTI_002,0.008192000000000003
49,40,355.76923076923,45,20240328,45-CF_20240328_optimalizace_vanza.xlsx,optimalizace,a,a,VTI_002,0.008192000000000003
49,50,389.76923076923,45,20240328,45-CF_20240328_optimalizace_vanza.xlsx,optimalizace,a,a,VTI_002,0.008192000000000003
49,60,406.846153846153,45,20240328,45-CF_20240328_optimalizace_vanza.xlsx,optimalizace,a,a,VTI_002,0.008192000000000003
50,0,244.333333333333,45,20240328,45-CF_20240328_optimalizace_vanza.xlsx,optimalizace,a,b,VTI_002,0.008192000000000003
50,10,241.78947368421,45,20240328,45-CF_20240328_optimalizace_vanza.xlsx,optimalizace,a,b,VTI_002,0.008192000000000003
50,20,254.55,45,20240328,45-CF_20240328_optimalizace_vanza.xlsx,optimalizace,a,b,VTI_002,0.008192000000000003
50,30,278.55,45,20240328,45-CF_20240328_optimalizace_vanza.xlsx,optimalizace,a,b,VTI_002,0.008192000000000003
50,40,302.8,45,20240328,45-CF_20240328_optimalizace_vanza.xlsx,optimalizace,a,b,VTI_002,0.008192000000000003
50,50,319.25,45,20240328,45-CF_20240328_optimalizace_vanza.xlsx,optimalizace,a,b,VTI_002,0.008192000000000003
50,60,338.75,45,20240328,45-CF_20240328_optimalizace_vanza.xlsx,optimalizace,a,b,VTI_002,0.008192000000000003
51,0,322.842105263157,45,20240328,45-CF_20240328_optimalizace_vanza.xlsx,optimalizace,b,a,VTI_002,0.02048000000000001
51,10,363.333333333333,45,20240328,45-CF_20240328_optimalizace_vanza.xlsx,optimalizace,b,a,VTI_002,0.02048000000000001
51,20,409.055555555555,45,20240328,45-CF_20240328_optimalizace_vanza.xlsx,optimalizace,b,a,VTI_002,0.02048000000000001
51,30,448.263157894736,45,20240328,45-CF_20240328_optimalizace_vanza.xlsx,optimalizace,b,a,VTI_002,0.02048000000000001
51,40,498.052631578947,45,20240328,45-CF_20240328_optimalizace_vanza.xlsx,optimalizace,b,a,VTI_002,0.02048000000000001
51,50,524.894736842105,45,20240328,45-CF_20240328_optimalizace_vanza.xlsx,optimalizace,b,a,VTI_002,0.02048000000000001
51,60,576.333333333333,45,20240328,45-CF_20240328_optimalizace_vanza.xlsx,optimalizace,b,a,VTI_002,0.02048000000000001
52,0,318.827586206896,45,20240328,45-CF_20240328_optimalizace_vanza.xlsx,optimalizace,b,b,VTI_002,0.02048000000000001
52,10,325.464285714285,45,20240328,45-CF_20240328_optimalizace_vanza.xlsx,optimalizace,b,b,VTI_002,0.02048000000000001
52,20,345.241379310344,45,20240328,45-CF_20240328_optimalizace_vanza.xlsx,optimalizace,b,b,VTI_002,0.02048000000000001
52,30,393.689655172413,45,20240328,45-CF_20240328_optimalizace_vanza.xlsx,optimalizace,b,b,VTI_002,0.02048000000000001
52,40,444.172413793103,45,20240328,45-CF_20240328_optimalizace_vanza.xlsx,optimalizace,b,b,VTI_002,0.02048000000000001
52,50,461.709677419354,45,20240328,45-CF_20240328_optimalizace_vanza.xlsx,optimalizace,b,b,VTI_002,0.02048000000000001
52,60,480,45,20240328,45-CF_20240328_optimalizace_vanza.xlsx,optimalizace,b,b,VTI_002,0.02048000000000001
53,0,278.454545454545,45,20240328,45-CF_20240328_optimalizace_vanza.xlsx,optimalizace,c,a,VTI_002,0.05120000000000001
53,10,274.304347826086,45,20240328,45-CF_20240328_optimalizace_vanza.xlsx,optimalizace,c,a,VTI_002,0.05120000000000001
53,20,300.576923076923,45,20240328,45-CF_20240328_optimalizace_vanza.xlsx,optimalizace,c,a,VTI_002,0.05120000000000001
53,30,375.130434782608,45,20240328,45-CF_20240328_optimalizace_vanza.xlsx,optimalizace,c,a,VTI_002,0.05120000000000001
53,40,369.296296296296,45,20240328,45-CF_20240328_optimalizace_vanza.xlsx,optimalizace,c,a,VTI_002,0.05120000000000001
53,50,399.192307692307,45,20240328,45-CF_20240328_optimalizace_vanza.xlsx,optimalizace,c,a,VTI_002,0.05120000000000001
53,60,377,45,20240328,45-CF_20240328_optimalizace_vanza.xlsx,optimalizace,c,a,VTI_002,0.05120000000000001
54,0,314.75,45,20240328,45-CF_20240328_optimalizace_vanza.xlsx,optimalizace,c,b,VTI_002,0.05120000000000001
54,10,312.05,45,20240328,45-CF_20240328_optimalizace_vanza.xlsx,optimalizace,c,b,VTI_002,0.05120000000000001
54,20,371.25,45,20240328,45-CF_20240328_optimalizace_vanza.xlsx,optimalizace,c,b,VTI_002,0.05120000000000001
54,30,415.857142857142,45,20240328,45-CF_20240328_optimalizace_vanza.xlsx,optimalizace,c,b,VTI_002,0.05120000000000001
54,40,470.047619047619,45,20240328,45-CF_20240328_optimalizace_vanza.xlsx,optimalizace,c,b,VTI_002,0.05120000000000001
54,50,466.045454545454,45,20240328,45-CF_20240328_optimalizace_vanza.xlsx,optimalizace,c,b,VTI_002,0.05120000000000001
54,60,500.190476190476,45,20240328,45-CF_20240328_optimalizace_vanza.xlsx,optimalizace,c,b,VTI_002,0.05120000000000001
55,0,239.666666666666,45,20240328,45-CF_20240328_optimalizace_vanza.xlsx,optimalizace,d,a,VTI_002,0.12800000000000003
55,10,260.423076923076,45,20240328,45-CF_20240328_optimalizace_vanza.xlsx,optimalizace,d,a,VTI_002,0.12800000000000003
55,20,312.692307692307,45,20240328,45-CF_20240328_optimalizace_vanza.xlsx,optimalizace,d,a,VTI_002,0.12800000000000003
55,30,314.678571428571,45,20240328,45-CF_20240328_optimalizace_vanza.xlsx,optimalizace,d,a,VTI_002,0.12800000000000003
55,40,368.40909090909,45,20240328,45-CF_20240328_optimalizace_vanza.xlsx,optimalizace,d,a,VTI_002,0.12800000000000003
55,50,374.545454545454,45,20240328,45-CF_20240328_optimalizace_vanza.xlsx,optimalizace,d,a,VTI_002,0.12800000000000003
55,60,388.142857142857,45,20240328,45-CF_20240328_optimalizace_vanza.xlsx,optimalizace,d,a,VTI_002,0.12800000000000003
56,0,287.944444444444,45,20240328,45-CF_20240328_optimalizace_vanza.xlsx,optimalizace,d,b,VTI_002,0.12800000000000003
56,10,302.733333333333,45,20240328,45-CF_20240328_optimalizace_vanza.xlsx,optimalizace,d,b,VTI_002,0.12800000000000003
56,20,350.466666666666,45,20240328,45-CF_20240328_optimalizace_vanza.xlsx,optimalizace,d,b,VTI_002,0.12800000000000003
56,30,354.470588235294,45,20240328,45-CF_20240328_optimalizace_vanza.xlsx,optimalizace,d,b,VTI_002,0.12800000000000003
56,40,363.529411764705,45,20240328,45-CF_20240328_optimalizace_vanza.xlsx,optimalizace,d,b,VTI_002,0.12800000000000003
56,50,347.058823529411,45,20240328,45-CF_20240328_optimalizace_vanza.xlsx,optimalizace,d,b,VTI_002,0.12800000000000003
56,60,447,45,20240328,45-CF_20240328_optimalizace_vanza.xlsx,optimalizace,d,b,VTI_002,0.12800000000000003
57,0,287.84,45,20240328,45-CF_20240328_optimalizace_vanza.xlsx,optimalizace,e,a,VTI_002,0.32000000000000006
57,10,345.681818181818,45,20240328,45-CF_20240328_optimalizace_vanza.xlsx,optimalizace,e,a,VTI_002,0.32000000000000006
57,20,377.583333333333,45,20240328,45-CF_20240328_optimalizace_vanza.xlsx,optimalizace,e,a,VTI_002,0.32000000000000006
57,30,439.761904761904,45,20240328,45-CF_20240328_optimalizace_vanza.xlsx,optimalizace,e,a,VTI_002,0.32000000000000006
57,40,452.681818181818,45,20240328,45-CF_20240328_optimalizace_vanza.xlsx,optimalizace,e,a,VTI_002,0.32000000000000006
57,50,426.954545454545,45,20240328,45-CF_20240328_optimalizace_vanza.xlsx,optimalizace,e,a,VTI_002,0.32000000000000006
57,60,381.26923076923,45,20240328,45-CF_20240328_optimalizace_vanza.xlsx,optimalizace,e,a,VTI_002,0.32000000000000006
58,0,289.714285714285,45,20240328,45-CF_20240328_optimalizace_vanza.xlsx,optimalizace,e,b,VTI_002,0.32000000000000006
58,10,299.173913043478,45,20240328,45-CF_20240328_optimalizace_vanza.xlsx,optimalizace,e,b,VTI_002,0.32000000000000006
58,20,373.045454545454,45,20240328,45-CF_20240328_optimalizace_vanza.xlsx,optimalizace,e,b,VTI_002,0.32000000000000006
58,30,416.285714285714,45,20240328,45-CF_20240328_optimalizace_vanza.xlsx,optimalizace,e,b,VTI_002,0.32000000000000006
58,40,458.809523809523,45,20240328,45-CF_20240328_optimalizace_vanza.xlsx,optimalizace,e,b,VTI_002,0.32000000000000006
58,50,602,45,20240328,45-CF_20240328_optimalizace_vanza.xlsx,optimalizace,e,b,VTI_002,0.32000000000000006
58,60,580.125,45,20240328,45-CF_20240328_optimalizace_vanza.xlsx,optimalizace,e,b,VTI_002,0.32000000000000006
59,0,263.9,45,20240328,45-CF_20240328_optimalizace_vanza.xlsx,optimalizace,f,a,VTI_002,0.8000000000000002
59,10,323.2,45,20240328,45-CF_20240328_optimalizace_vanza.xlsx,optimalizace,f,a,VTI_002,0.8000000000000002
59,20,401,45,20240328,45-CF_20240328_optimalizace_vanza.xlsx,optimalizace,f,a,VTI_002,0.8000000000000002
59,30,369.95652173913,45,20240328,45-CF_20240328_optimalizace_vanza.xlsx,optimalizace,f,a,VTI_002,0.8000000000000002
59,40,388.045454545454,45,20240328,45-CF_20240328_optimalizace_vanza.xlsx,optimalizace,f,a,VTI_002,0.8000000000000002
59,50,388.454545454545,45,20240328,45-CF_20240328_optimalizace_vanza.xlsx,optimalizace,f,a,VTI_002,0.8000000000000002
59,60,365.041666666666,45,20240328,45-CF_20240328_optimalizace_vanza.xlsx,optimalizace,f,a,VTI_002,0.8000000000000002
60,0,320.111111111111,45,20240328,45-CF_20240328_optimalizace_vanza.xlsx,optimalizace,f,b,VTI_002,0.8000000000000002
60,10,391.666666666666,45,20240328,45-CF_20240328_optimalizace_vanza.xlsx,optimalizace,f,b,VTI_002,0.8000000000000002
60,20,501,45,20240328,45-CF_20240328_optimalizace_vanza.xlsx,optimalizace,f,b,VTI_002,0.8000000000000002
60,30,485,45,20240328,45-CF_20240328_optimalizace_vanza.xlsx,optimalizace,f,b,VTI_002,0.8000000000000002
60,40,531.3,45,20240328,45-CF_20240328_optimalizace_vanza.xlsx,optimalizace,f,b,VTI_002,0.8000000000000002
60,50,555.4,45,20240328,45-CF_20240328_optimalizace_vanza.xlsx,optimalizace,f,b,VTI_002,0.8000000000000002
60,60,687.125,45,20240328,45-CF_20240328_optimalizace_vanza.xlsx,optimalizace,f,b,VTI_002,0.8000000000000002
61,0,285.285714285714,45,20240328,45-CF_20240328_optimalizace_vanza.xlsx,optimalizace,g,a,VTI_002,2
61,10,381.857142857142,45,20240328,45-CF_20240328_optimalizace_vanza.xlsx,optimalizace,g,a,VTI_002,2
61,20,456.2,45,20240328,45-CF_20240328_optimalizace_vanza.xlsx,optimalizace,g,a,VTI_002,2
61,30,545.615384615384,45,20240328,45-CF_20240328_optimalizace_vanza.xlsx,optimalizace,g,a,VTI_002,2
61,40,568.266666666666,45,20240328,45-CF_20240328_optimalizace_vanza.xlsx,optimalizace,g,a,VTI_002,2
61,50,623.923076923076,45,20240328,45-CF_20240328_optimalizace_vanza.xlsx,optimalizace,g,a,VTI_002,2
61,60,593.857142857142,45,20240328,45-CF_20240328_optimalizace_vanza.xlsx,optimalizace,g,a,VTI_002,2
62,0,281.933333333333,45,20240328,45-CF_20240328_optimalizace_vanza.xlsx,optimalizace,g,b,VTI_002,2
62,10,326.875,45,20240328,45-CF_20240328_optimalizace_vanza.xlsx,optimalizace,g,b,VTI_002,2
62,20,402.2,45,20240328,45-CF_20240328_optimalizace_vanza.xlsx,optimalizace,g,b,VTI_002,2
62,30,455.933333333333,45,20240328,45-CF_20240328_optimalizace_vanza.xlsx,optimalizace,g,b,VTI_002,2
62,40,527.214285714285,45,20240328,45-CF_20240328_optimalizace_vanza.xlsx,optimalizace,g,b,VTI_002,2
62,50,528.733333333333,45,20240328,45-CF_20240328_optimalizace_vanza.xlsx,optimalizace,g,b,VTI_002,2
62,60,591.5,45,20240328,45-CF_20240328_optimalizace_vanza.xlsx,optimalizace,g,b,VTI_002,2
63,0,223.875,45,20240328,45-CF_20240328_optimalizace_vanza.xlsx,optimalizace,h,a,VTI_002,5
63,10,317,45,20240328,45-CF_20240328_optimalizace_vanza.xlsx,optimalizace,h,a,VTI_002,5
63,20,365.470588235294,45,20240328,45-CF_20240328_optimalizace_vanza.xlsx,optimalizace,h,a,VTI_002,5
63,30,412.764705882352,45,20240328,45-CF_20240328_optimalizace_vanza.xlsx,optimalizace,h,a,VTI_002,5
63,40,460.529411764705,45,20240328,45-CF_20240328_optimalizace_vanza.xlsx,optimalizace,h,a,VTI_002,5
63,50,449.944444444444,45,20240328,45-CF_20240328_optimalizace_vanza.xlsx,optimalizace,h,a,VTI_002,5
63,60,510,45,20240328,45-CF_20240328_optimalizace_vanza.xlsx,optimalizace,h,a,VTI_002,5
64,0,171.555555555555,45,20240328,45-CF_20240328_optimalizace_vanza.xlsx,optimalizace,h,b,VTI_002,5
64,10,237.333333333333,45,20240328,45-CF_20240328_optimalizace_vanza.xlsx,optimalizace,h,b,VTI_002,5
64,20,239.5,45,20240328,45-CF_20240328_optimalizace_vanza.xlsx,optimalizace,h,b,VTI_002,5
64,30,269,45,20240328,45-CF_20240328_optimalizace_vanza.xlsx,optimalizace,h,b,VTI_002,5
64,40,295.9,45,20240328,45-CF_20240328_optimalizace_vanza.xlsx,optimalizace,h,b,VTI_002,5
64,50,321.9,45,20240328,45-CF_20240328_optimalizace_vanza.xlsx,optimalizace,h,b,VTI_002,5
64,60,338.3,45,20240328,45-CF_20240328_optimalizace_vanza.xlsx,optimalizace,h,b,VTI_002,5
65,0,401.733333333333,45,20240328,45-CF_20240328_optimalizace_vanza.xlsx,optimalizace,1,a,FskOnly,0.008192000000000003
65,10,394.758620689655,45,20240328,45-CF_20240328_optimalizace_vanza.xlsx,optimalizace,1,a,FskOnly,0.008192000000000003
65,20,402.285714285714,45,20240328,45-CF_20240328_optimalizace_vanza.xlsx,optimalizace,1,a,FskOnly,0.008192000000000003
65,30,402.607142857142,45,20240328,45-CF_20240328_optimalizace_vanza.xlsx,optimalizace,1,a,FskOnly,0.008192000000000003
65,40,399.821428571428,45,20240328,45-CF_20240328_optimalizace_vanza.xlsx,optimalizace,1,a,FskOnly,0.008192000000000003
65,50,402.178571428571,45,20240328,45-CF_20240328_optimalizace_vanza.xlsx,optimalizace,1,a,FskOnly,0.008192000000000003
65,60,401.964285714285,45,20240328,45-CF_20240328_optimalizace_vanza.xlsx,optimalizace,1,a,FskOnly,0.008192000000000003
66,0,373.142857142857,45,20240328,45-CF_20240328_optimalizace_vanza.xlsx,optimalizace,1,b,FskOnly,0.008192000000000003
66,10,332.866666666666,45,20240328,45-CF_20240328_optimalizace_vanza.xlsx,optimalizace,1,b,FskOnly,0.008192000000000003
66,20,358.214285714285,45,20240328,45-CF_20240328_optimalizace_vanza.xlsx,optimalizace,1,b,FskOnly,0.008192000000000003
66,30,355.571428571428,45,20240328,45-CF_20240328_optimalizace_vanza.xlsx,optimalizace,1,b,FskOnly,0.008192000000000003
66,40,378.384615384615,45,20240328,45-CF_20240328_optimalizace_vanza.xlsx,optimalizace,1,b,FskOnly,0.008192000000000003
66,50,354.5,45,20240328,45-CF_20240328_optimalizace_vanza.xlsx,optimalizace,1,b,FskOnly,0.008192000000000003
66,60,331.6,45,20240328,45-CF_20240328_optimalizace_vanza.xlsx,optimalizace,1,b,FskOnly,0.008192000000000003
67,0,281.4375,45,20240328,45-CF_20240328_optimalizace_vanza.xlsx,optimalizace,2,a,FskOnly,0.02048000000000001
67,10,303.857142857142,45,20240328,45-CF_20240328_optimalizace_vanza.xlsx,optimalizace,2,a,FskOnly,0.02048000000000001
67,20,300.071428571428,45,20240328,45-CF_20240328_optimalizace_vanza.xlsx,optimalizace,2,a,FskOnly,0.02048000000000001
67,30,298.214285714285,45,20240328,45-CF_20240328_optimalizace_vanza.xlsx,optimalizace,2,a,FskOnly,0.02048000000000001
67,40,294.785714285714,45,20240328,45-CF_20240328_optimalizace_vanza.xlsx,optimalizace,2,a,FskOnly,0.02048000000000001
67,50,282.066666666666,45,20240328,45-CF_20240328_optimalizace_vanza.xlsx,optimalizace,2,a,FskOnly,0.02048000000000001
67,60,292.928571428571,45,20240328,45-CF_20240328_optimalizace_vanza.xlsx,optimalizace,2,a,FskOnly,0.02048000000000001
68,0,257,45,20240328,45-CF_20240328_optimalizace_vanza.xlsx,optimalizace,2,b,FskOnly,0.02048000000000001
68,10,249.647058823529,45,20240328,45-CF_20240328_optimalizace_vanza.xlsx,optimalizace,2,b,FskOnly,0.02048000000000001
68,20,250,45,20240328,45-CF_20240328_optimalizace_vanza.xlsx,optimalizace,2,b,FskOnly,0.02048000000000001
68,30,250.058823529411,45,20240328,45-CF_20240328_optimalizace_vanza.xlsx,optimalizace,2,b,FskOnly,0.02048000000000001
68,40,248.294117647058,45,20240328,45-CF_20240328_optimalizace_vanza.xlsx,optimalizace,2,b,FskOnly,0.02048000000000001
68,50,245.705882352941,45,20240328,45-CF_20240328_optimalizace_vanza.xlsx,optimalizace,2,b,FskOnly,0.02048000000000001
68,60,248.117647058823,45,20240328,45-CF_20240328_optimalizace_vanza.xlsx,optimalizace,2,b,FskOnly,0.02048000000000001
69,0,271.461538461538,45,20240328,45-CF_20240328_optimalizace_vanza.xlsx,optimalizace,3,a,FskOnly,0.05120000000000001
69,10,255.785714285714,45,20240328,45-CF_20240328_optimalizace_vanza.xlsx,optimalizace,3,a,FskOnly,0.05120000000000001
69,20,248.642857142857,45,20240328,45-CF_20240328_optimalizace_vanza.xlsx,optimalizace,3,a,FskOnly,0.05120000000000001
69,30,263,45,20240328,45-CF_20240328_optimalizace_vanza.xlsx,optimalizace,3,a,FskOnly,0.05120000000000001
69,40,264.583333333333,45,20240328,45-CF_20240328_optimalizace_vanza.xlsx,optimalizace,3,a,FskOnly,0.05120000000000001
69,50,250.615384615384,45,20240328,45-CF_20240328_optimalizace_vanza.xlsx,optimalizace,3,a,FskOnly,0.05120000000000001
69,60,261,45,20240328,45-CF_20240328_optimalizace_vanza.xlsx,optimalizace,3,a,FskOnly,0.05120000000000001
70,0,260,45,20240328,45-CF_20240328_optimalizace_vanza.xlsx,optimalizace,3,b,FskOnly,0.05120000000000001
70,10,238.555555555555,45,20240328,45-CF_20240328_optimalizace_vanza.xlsx,optimalizace,3,b,FskOnly,0.05120000000000001
70,20,247.705882352941,45,20240328,45-CF_20240328_optimalizace_vanza.xlsx,optimalizace,3,b,FskOnly,0.05120000000000001
70,30,244.294117647058,45,20240328,45-CF_20240328_optimalizace_vanza.xlsx,optimalizace,3,b,FskOnly,0.05120000000000001
70,40,230.777777777777,45,20240328,45-CF_20240328_optimalizace_vanza.xlsx,optimalizace,3,b,FskOnly,0.05120000000000001
70,50,237.764705882352,45,20240328,45-CF_20240328_optimalizace_vanza.xlsx,optimalizace,3,b,FskOnly,0.05120000000000001
70,60,233.058823529411,45,20240328,45-CF_20240328_optimalizace_vanza.xlsx,optimalizace,3,b,FskOnly,0.05120000000000001
71,0,329,45,20240328,45-CF_20240328_optimalizace_vanza.xlsx,optimalizace,4,a,FskOnly,0.12800000000000003
71,10,300.521739130434,45,20240328,45-CF_20240328_optimalizace_vanza.xlsx,optimalizace,4,a,FskOnly,0.12800000000000003
71,20,311.40909090909,45,20240328,45-CF_20240328_optimalizace_vanza.xlsx,optimalizace,4,a,FskOnly,0.12800000000000003
71,30,300.954545454545,45,20240328,45-CF_20240328_optimalizace_vanza.xlsx,optimalizace,4,a,FskOnly,0.12800000000000003
71,40,285.695652173913,45,20240328,45-CF_20240328_optimalizace_vanza.xlsx,optimalizace,4,a,FskOnly,0.12800000000000003
71,50,291.681818181818,45,20240328,45-CF_20240328_optimalizace_vanza.xlsx,optimalizace,4,a,FskOnly,0.12800000000000003
71,60,276.826086956521,45,20240328,45-CF_20240328_optimalizace_vanza.xlsx,optimalizace,4,a,FskOnly,0.12800000000000003
72,0,241.739130434782,45,20240328,45-CF_20240328_optimalizace_vanza.xlsx,optimalizace,4,b,FskOnly,0.12800000000000003
72,10,222.318181818181,45,20240328,45-CF_20240328_optimalizace_vanza.xlsx,optimalizace,4,b,FskOnly,0.12800000000000003
72,20,227.85,45,20240328,45-CF_20240328_optimalizace_vanza.xlsx,optimalizace,4,b,FskOnly,0.12800000000000003
72,30,219.05,45,20240328,45-CF_20240328_optimalizace_vanza.xlsx,optimalizace,4,b,FskOnly,0.12800000000000003
72,40,215.95,45,20240328,45-CF_20240328_optimalizace_vanza.xlsx,optimalizace,4,b,FskOnly,0.12800000000000003
72,50,207.190476190476,45,20240328,45-CF_20240328_optimalizace_vanza.xlsx,optimalizace,4,b,FskOnly,0.12800000000000003
72,60,201,45,20240328,45-CF_20240328_optimalizace_vanza.xlsx,optimalizace,4,b,FskOnly,0.12800000000000003
73,0,204.771428571428,45,20240328,45-CF_20240328_optimalizace_vanza.xlsx,optimalizace,5,a,FskOnly,0.32000000000000006
73,10,263.166666666666,45,20240328,45-CF_20240328_optimalizace_vanza.xlsx,optimalizace,5,a,FskOnly,0.32000000000000006
73,20,266.35294117647,45,20240328,45-CF_20240328_optimalizace_vanza.xlsx,optimalizace,5,a,FskOnly,0.32000000000000006
73,30,255.588235294117,45,20240328,45-CF_20240328_optimalizace_vanza.xlsx,optimalizace,5,a,FskOnly,0.32000000000000006
73,40,248.705882352941,45,20240328,45-CF_20240328_optimalizace_vanza.xlsx,optimalizace,5,a,FskOnly,0.32000000000000006
73,50,239.611111111111,45,20240328,45-CF_20240328_optimalizace_vanza.xlsx,optimalizace,5,a,FskOnly,0.32000000000000006
73,60,244.705882352941,45,20240328,45-CF_20240328_optimalizace_vanza.xlsx,optimalizace,5,a,FskOnly,0.32000000000000006
74,0,304.722222222222,45,20240328,45-CF_20240328_optimalizace_vanza.xlsx,optimalizace,5,b,FskOnly,0.32000000000000006
74,10,260.526315789473,45,20240328,45-CF_20240328_optimalizace_vanza.xlsx,optimalizace,5,b,FskOnly,0.32000000000000006
74,20,268.055555555555,45,20240328,45-CF_20240328_optimalizace_vanza.xlsx,optimalizace,5,b,FskOnly,0.32000000000000006
74,30,272.235294117647,45,20240328,45-CF_20240328_optimalizace_vanza.xlsx,optimalizace,5,b,FskOnly,0.32000000000000006
74,40,271.823529411764,45,20240328,45-CF_20240328_optimalizace_vanza.xlsx,optimalizace,5,b,FskOnly,0.32000000000000006
74,50,268,45,20240328,45-CF_20240328_optimalizace_vanza.xlsx,optimalizace,5,b,FskOnly,0.32000000000000006
74,60,266.235294117647,45,20240328,45-CF_20240328_optimalizace_vanza.xlsx,optimalizace,5,b,FskOnly,0.32000000000000006
75,0,249.5,45,20240328,45-CF_20240328_optimalizace_vanza.xlsx,optimalizace,6,a,FskOnly,0.8000000000000002
75,10,236.869565217391,45,20240328,45-CF_20240328_optimalizace_vanza.xlsx,optimalizace,6,a,FskOnly,0.8000000000000002
75,20,235.869565217391,45,20240328,45-CF_20240328_optimalizace_vanza.xlsx,optimalizace,6,a,FskOnly,0.8000000000000002
75,30,238.90909090909,45,20240328,45-CF_20240328_optimalizace_vanza.xlsx,optimalizace,6,a,FskOnly,0.8000000000000002
75,40,229.173913043478,45,20240328,45-CF_20240328_optimalizace_vanza.xlsx,optimalizace,6,a,FskOnly,0.8000000000000002
75,50,225.40909090909,45,20240328,45-CF_20240328_optimalizace_vanza.xlsx,optimalizace,6,a,FskOnly,0.8000000000000002
75,60,224.772727272727,45,20240328,45-CF_20240328_optimalizace_vanza.xlsx,optimalizace,6,a,FskOnly,0.8000000000000002
76,0,266.045454545454,45,20240328,45-CF_20240328_optimalizace_vanza.xlsx,optimalizace,6,b,FskOnly,0.8000000000000002
76,10,257.904761904761,45,20240328,45-CF_20240328_optimalizace_vanza.xlsx,optimalizace,6,b,FskOnly,0.8000000000000002
76,20,260.333333333333,45,20240328,45-CF_20240328_optimalizace_vanza.xlsx,optimalizace,6,b,FskOnly,0.8000000000000002
76,30,266.75,45,20240328,45-CF_20240328_optimalizace_vanza.xlsx,optimalizace,6,b,FskOnly,0.8000000000000002
76,40,269.75,45,20240328,45-CF_20240328_optimalizace_vanza.xlsx,optimalizace,6,b,FskOnly,0.8000000000000002
76,50,267.35,45,20240328,45-CF_20240328_optimalizace_vanza.xlsx,optimalizace,6,b,FskOnly,0.8000000000000002
76,60,267.15,45,20240328,45-CF_20240328_optimalizace_vanza.xlsx,optimalizace,6,b,FskOnly,0.8000000000000002
77,0,256.055555555555,45,20240328,45-CF_20240328_optimalizace_vanza.xlsx,optimalizace,7,a,FskOnly,2
77,10,246.375,45,20240328,45-CF_20240328_optimalizace_vanza.xlsx,optimalizace,7,a,FskOnly,2
77,20,245.5625,45,20240328,45-CF_20240328_optimalizace_vanza.xlsx,optimalizace,7,a,FskOnly,2
77,30,245.8125,45,20240328,45-CF_20240328_optimalizace_vanza.xlsx,optimalizace,7,a,FskOnly,2
77,40,256,45,20240328,45-CF_20240328_optimalizace_vanza.xlsx,optimalizace,7,a,FskOnly,2
77,50,267.571428571428,45,20240328,45-CF_20240328_optimalizace_vanza.xlsx,optimalizace,7,a,FskOnly,2
77,60,250.066666666666,45,20240328,45-CF_20240328_optimalizace_vanza.xlsx,optimalizace,7,a,FskOnly,2
78,0,231.590909090909,45,20240328,45-CF_20240328_optimalizace_vanza.xlsx,optimalizace,7,b,FskOnly,2
78,10,223.090909090909,45,20240328,45-CF_20240328_optimalizace_vanza.xlsx,optimalizace,7,b,FskOnly,2
78,20,223.681818181818,45,20240328,45-CF_20240328_optimalizace_vanza.xlsx,optimalizace,7,b,FskOnly,2
78,30,224.090909090909,45,20240328,45-CF_20240328_optimalizace_vanza.xlsx,optimalizace,7,b,FskOnly,2
78,40,223.90909090909,45,20240328,45-CF_20240328_optimalizace_vanza.xlsx,optimalizace,7,b,FskOnly,2
78,50,224.40909090909,45,20240328,45-CF_20240328_optimalizace_vanza.xlsx,optimalizace,7,b,FskOnly,2
78,60,221.136363636363,45,20240328,45-CF_20240328_optimalizace_vanza.xlsx,optimalizace,7,b,FskOnly,2
79,0,257.666666666666,45,20240328,45-CF_20240328_optimalizace_vanza.xlsx,optimalizace,8,a,FskOnly,5
79,10,234.076923076923,45,20240328,45-CF_20240328_optimalizace_vanza.xlsx,optimalizace,8,a,FskOnly,5
79,20,251.833333333333,45,20240328,45-CF_20240328_optimalizace_vanza.xlsx,optimalizace,8,a,FskOnly,5
79,30,236.230769230769,45,20240328,45-CF_20240328_optimalizace_vanza.xlsx,optimalizace,8,a,FskOnly,5
79,40,237.615384615384,45,20240328,45-CF_20240328_optimalizace_vanza.xlsx,optimalizace,8,a,FskOnly,5
79,50,234.307692307692,45,20240328,45-CF_20240328_optimalizace_vanza.xlsx,optimalizace,8,a,FskOnly,5
79,60,234.153846153846,45,20240328,45-CF_20240328_optimalizace_vanza.xlsx,optimalizace,8,a,FskOnly,5
80,0,240.157894736842,45,20240328,45-CF_20240328_optimalizace_vanza.xlsx,optimalizace,8,b,FskOnly,5
80,10,237.157894736842,45,20240328,45-CF_20240328_optimalizace_vanza.xlsx,optimalizace,8,b,FskOnly,5
80,20,238.473684210526,45,20240328,45-CF_20240328_optimalizace_vanza.xlsx,optimalizace,8,b,FskOnly,5
80,30,237.894736842105,45,20240328,45-CF_20240328_optimalizace_vanza.xlsx,optimalizace,8,b,FskOnly,5
80,40,239.473684210526,45,20240328,45-CF_20240328_optimalizace_vanza.xlsx,optimalizace,8,b,FskOnly,5
80,50,239,45,20240328,45-CF_20240328_optimalizace_vanza.xlsx,optimalizace,8,b,FskOnly,5
80,60,235.631578947368,45,20240328,45-CF_20240328_optimalizace_vanza.xlsx,optimalizace,8,b,FskOnly,5
1,0,322.780487804878,46,20240523,46-CF 20240523.xlsx,std,1,a,ETI,0.008192000000000003
1,10,340.675,46,20240523,46-CF 20240523.xlsx,std,1,a,ETI,0.008192000000000003
1,20,381.825,46,20240523,46-CF 20240523.xlsx,std,1,a,ETI,0.008192000000000003
1,30,423.853658536585,46,20240523,46-CF 20240523.xlsx,std,1,a,ETI,0.008192000000000003
1,40,468.317073170731,46,20240523,46-CF 20240523.xlsx,std,1,a,ETI,0.008192000000000003
1,50,495.475,46,20240523,46-CF 20240523.xlsx,std,1,a,ETI,0.008192000000000003
1,60,475.7,46,20240523,46-CF 20240523.xlsx,std,1,a,ETI,0.008192000000000003
2,0,344.780487804878,46,20240523,46-CF 20240523.xlsx,std,1,b,ETI,0.008192000000000003
2,10,354.829268292682,46,20240523,46-CF 20240523.xlsx,std,1,b,ETI,0.008192000000000003
2,20,410.175,46,20240523,46-CF 20240523.xlsx,std,1,b,ETI,0.008192000000000003
2,30,470.05,46,20240523,46-CF 20240523.xlsx,std,1,b,ETI,0.008192000000000003
2,40,516.225,46,20240523,46-CF 20240523.xlsx,std,1,b,ETI,0.008192000000000003
2,50,525.1,46,20240523,46-CF 20240523.xlsx,std,1,b,ETI,0.008192000000000003
2,60,514.634146341463,46,20240523,46-CF 20240523.xlsx,std,1,b,ETI,0.008192000000000003
3,0,289.869565217391,46,20240523,46-CF 20240523.xlsx,std,2,a,ETI,0.02048000000000001
3,10,309.291666666666,46,20240523,46-CF 20240523.xlsx,std,2,a,ETI,0.02048000000000001
3,20,370.333333333333,46,20240523,46-CF 20240523.xlsx,std,2,a,ETI,0.02048000000000001
3,30,405.6,46,20240523,46-CF 20240523.xlsx,std,2,a,ETI,0.02048000000000001
3,40,449.458333333333,46,20240523,46-CF 20240523.xlsx,std,2,a,ETI,0.02048000000000001
3,50,429.416666666666,46,20240523,46-CF 20240523.xlsx,std,2,a,ETI,0.02048000000000001
3,60,405.458333333333,46,20240523,46-CF 20240523.xlsx,std,2,a,ETI,0.02048000000000001
4,0,311.05,46,20240523,46-CF 20240523.xlsx,std,2,b,ETI,0.02048000000000001
4,10,343.333333333333,46,20240523,46-CF 20240523.xlsx,std,2,b,ETI,0.02048000000000001
4,20,405.564102564102,46,20240523,46-CF 20240523.xlsx,std,2,b,ETI,0.02048000000000001
4,30,473.871794871794,46,20240523,46-CF 20240523.xlsx,std,2,b,ETI,0.02048000000000001
4,40,503.871794871794,46,20240523,46-CF 20240523.xlsx,std,2,b,ETI,0.02048000000000001
4,50,531.675675675675,46,20240523,46-CF 20240523.xlsx,std,2,b,ETI,0.02048000000000001
4,60,516.216216216216,46,20240523,46-CF 20240523.xlsx,std,2,b,ETI,0.02048000000000001
5,0,334.90909090909,46,20240523,46-CF 20240523.xlsx,std,3,a,ETI,0.05120000000000001
5,10,355.333333333333,46,20240523,46-CF 20240523.xlsx,std,3,a,ETI,0.05120000000000001
5,20,398,46,20240523,46-CF 20240523.xlsx,std,3,a,ETI,0.05120000000000001
5,30,471.486486486486,46,20240523,46-CF 20240523.xlsx,std,3,a,ETI,0.05120000000000001
5,40,524.611111111111,46,20240523,46-CF 20240523.xlsx,std,3,a,ETI,0.05120000000000001
5,50,513.166666666666,46,20240523,46-CF 20240523.xlsx,std,3,a,ETI,0.05120000000000001
5,60,506.257142857142,46,20240523,46-CF 20240523.xlsx,std,3,a,ETI,0.05120000000000001
6,0,367.696969696969,46,20240523,46-CF 20240523.xlsx,std,3,b,ETI,0.05120000000000001
6,10,405.46875,46,20240523,46-CF 20240523.xlsx,std,3,b,ETI,0.05120000000000001
6,20,496.096774193548,46,20240523,46-CF 20240523.xlsx,std,3,b,ETI,0.05120000000000001
6,30,559.8125,46,20240523,46-CF 20240523.xlsx,std,3,b,ETI,0.05120000000000001
6,40,563.705882352941,46,20240523,46-CF 20240523.xlsx,std,3,b,ETI,0.05120000000000001
6,50,573.970588235294,46,20240523,46-CF 20240523.xlsx,std,3,b,ETI,0.05120000000000001
6,60,566.333333333333,46,20240523,46-CF 20240523.xlsx,std,3,b,ETI,0.05120000000000001
7,0,361.439024390243,46,20240523,46-CF 20240523.xlsx,std,4,a,ETI,0.12800000000000003
7,10,388.95238095238,46,20240523,46-CF 20240523.xlsx,std,4,a,ETI,0.12800000000000003
7,20,466.279069767441,46,20240523,46-CF 20240523.xlsx,std,4,a,ETI,0.12800000000000003
7,30,536.883720930232,46,20240523,46-CF 20240523.xlsx,std,4,a,ETI,0.12800000000000003
7,40,570.116279069767,46,20240523,46-CF 20240523.xlsx,std,4,a,ETI,0.12800000000000003
7,50,593.309523809523,46,20240523,46-CF 20240523.xlsx,std,4,a,ETI,0.12800000000000003
7,60,583.70731707317,46,20240523,46-CF 20240523.xlsx,std,4,a,ETI,0.12800000000000003
8,0,333.37037037037,46,20240523,46-CF 20240523.xlsx,std,4,b,ETI,0.12800000000000003
8,10,374.103448275862,46,20240523,46-CF 20240523.xlsx,std,4,b,ETI,0.12800000000000003
8,20,458.5,46,20240523,46-CF 20240523.xlsx,std,4,b,ETI,0.12800000000000003
8,30,506.548387096774,46,20240523,46-CF 20240523.xlsx,std,4,b,ETI,0.12800000000000003
8,40,529,46,20240523,46-CF 20240523.xlsx,std,4,b,ETI,0.12800000000000003
8,50,530.322580645161,46,20240523,46-CF 20240523.xlsx,std,4,b,ETI,0.12800000000000003
8,60,512.322580645161,46,20240523,46-CF 20240523.xlsx,std,4,b,ETI,0.12800000000000003
9,0,344.923076923076,46,20240523,46-CF 20240523.xlsx,std,5,a,ETI,0.32000000000000006
9,10,426.805555555555,46,20240523,46-CF 20240523.xlsx,std,5,a,ETI,0.32000000000000006
9,20,536.54054054054,46,20240523,46-CF 20240523.xlsx,std,5,a,ETI,0.32000000000000006
9,30,636.25,46,20240523,46-CF 20240523.xlsx,std,5,a,ETI,0.32000000000000006
9,40,691.083333333333,46,20240523,46-CF 20240523.xlsx,std,5,a,ETI,0.32000000000000006
9,50,720.971428571428,46,20240523,46-CF 20240523.xlsx,std,5,a,ETI,0.32000000000000006
9,60,700.176470588235,46,20240523,46-CF 20240523.xlsx,std,5,a,ETI,0.32000000000000006
10,0,341.428571428571,46,20240523,46-CF 20240523.xlsx,std,5,b,ETI,0.32000000000000006
10,10,433.214285714285,46,20240523,46-CF 20240523.xlsx,std,5,b,ETI,0.32000000000000006
10,20,565.962962962962,46,20240523,46-CF 20240523.xlsx,std,5,b,ETI,0.32000000000000006
10,30,623.535714285714,46,20240523,46-CF 20240523.xlsx,std,5,b,ETI,0.32000000000000006
10,40,632.206896551724,46,20240523,46-CF 20240523.xlsx,std,5,b,ETI,0.32000000000000006
10,50,670.607142857142,46,20240523,46-CF 20240523.xlsx,std,5,b,ETI,0.32000000000000006
10,60,669.357142857142,46,20240523,46-CF 20240523.xlsx,std,5,b,ETI,0.32000000000000006
11,0,310.777777777777,46,20240523,46-CF 20240523.xlsx,std,6,a,ETI,0.8000000000000002
11,10,416.26923076923,46,20240523,46-CF 20240523.xlsx,std,6,a,ETI,0.8000000000000002
11,20,544.48,46,20240523,46-CF 20240523.xlsx,std,6,a,ETI,0.8000000000000002
11,30,616.76,46,20240523,46-CF 20240523.xlsx,std,6,a,ETI,0.8000000000000002
11,40,664.2,46,20240523,46-CF 20240523.xlsx,std,6,a,ETI,0.8000000000000002
11,50,633.423076923076,46,20240523,46-CF 20240523.xlsx,std,6,a,ETI,0.8000000000000002
11,60,657.8,46,20240523,46-CF 20240523.xlsx,std,6,a,ETI,0.8000000000000002
12,0,318.183673469387,46,20240523,46-CF 20240523.xlsx,std,6,b,ETI,0.8000000000000002
12,10,367.557692307692,46,20240523,46-CF 20240523.xlsx,std,6,b,ETI,0.8000000000000002
12,20,474.480769230769,46,20240523,46-CF 20240523.xlsx,std,6,b,ETI,0.8000000000000002
12,30,556.588235294117,46,20240523,46-CF 20240523.xlsx,std,6,b,ETI,0.8000000000000002
12,40,587.192307692307,46,20240523,46-CF 20240523.xlsx,std,6,b,ETI,0.8000000000000002
12,50,603.803921568627,46,20240523,46-CF 20240523.xlsx,std,6,b,ETI,0.8000000000000002
12,60,605,46,20240523,46-CF 20240523.xlsx,std,6,b,ETI,0.8000000000000002
13,0,284.766666666666,46,20240523,46-CF 20240523.xlsx,std,7,a,ETI,2
13,10,363.129032258064,46,20240523,46-CF 20240523.xlsx,std,7,a,ETI,2
13,20,465.666666666666,46,20240523,46-CF 20240523.xlsx,std,7,a,ETI,2
13,30,530.5,46,20240523,46-CF 20240523.xlsx,std,7,a,ETI,2
13,40,570.4,46,20240523,46-CF 20240523.xlsx,std,7,a,ETI,2
13,50,569.7,46,20240523,46-CF 20240523.xlsx,std,7,a,ETI,2
13,60,563.533333333333,46,20240523,46-CF 20240523.xlsx,std,7,a,ETI,2
14,0,331.393939393939,46,20240523,46-CF 20240523.xlsx,std,7,b,ETI,2
14,10,461.60606060606,46,20240523,46-CF 20240523.xlsx,std,7,b,ETI,2
14,20,558.545454545454,46,20240523,46-CF 20240523.xlsx,std,7,b,ETI,2
14,30,746.964285714285,46,20240523,46-CF 20240523.xlsx,std,7,b,ETI,2
14,40,793.851851851851,46,20240523,46-CF 20240523.xlsx,std,7,b,ETI,2
14,50,766.928571428571,46,20240523,46-CF 20240523.xlsx,std,7,b,ETI,2
14,60,739.931034482758,46,20240523,46-CF 20240523.xlsx,std,7,b,ETI,2
15,0,346.975609756097,46,20240523,46-CF 20240523.xlsx,std,8,a,ETI,5
15,10,481.878048780487,46,20240523,46-CF 20240523.xlsx,std,8,a,ETI,5
15,20,581.756097560975,46,20240523,46-CF 20240523.xlsx,std,8,a,ETI,5
15,30,652.731707317073,46,20240523,46-CF 20240523.xlsx,std,8,a,ETI,5
15,40,716.625,46,20240523,46-CF 20240523.xlsx,std,8,a,ETI,5
15,50,685.571428571428,46,20240523,46-CF 20240523.xlsx,std,8,a,ETI,5
15,60,663.5,46,20240523,46-CF 20240523.xlsx,std,8,a,ETI,5
16,0,447.529411764705,46,20240523,46-CF 20240523.xlsx,std,8,b,ETI,5
16,10,497.65,46,20240523,46-CF 20240523.xlsx,std,8,b,ETI,5
16,20,626.157894736842,46,20240523,46-CF 20240523.xlsx,std,8,b,ETI,5
16,30,714.894736842105,46,20240523,46-CF 20240523.xlsx,std,8,b,ETI,5
16,40,766.473684210526,46,20240523,46-CF 20240523.xlsx,std,8,b,ETI,5
16,50,827.166666666666,46,20240523,46-CF 20240523.xlsx,std,8,b,ETI,5
16,60,800.111111111111,46,20240523,46-CF 20240523.xlsx,std,8,b,ETI,5
17,0,381.151515151515,46,20240523,46-CF 20240523.xlsx,std,1,a,VTI,0.008192000000000003
17,10,375.142857142857,46,20240523,46-CF 20240523.xlsx,std,1,a,VTI,0.008192000000000003
17,20,418.571428571428,46,20240523,46-CF 20240523.xlsx,std,1,a,VTI,0.008192000000000003
17,30,471.027777777777,46,20240523,46-CF 20240523.xlsx,std,1,a,VTI,0.008192000000000003
17,40,527.805555555555,46,20240523,46-CF 20240523.xlsx,std,1,a,VTI,0.008192000000000003
17,50,596.029411764705,46,20240523,46-CF 20240523.xlsx,std,1,a,VTI,0.008192000000000003
17,60,597.35294117647,46,20240523,46-CF 20240523.xlsx,std,1,a,VTI,0.008192000000000003
18,0,298.972222222222,46,20240523,46-CF 20240523.xlsx,std,1,b,VTI,0.008192000000000003
18,10,291.763157894736,46,20240523,46-CF 20240523.xlsx,std,1,b,VTI,0.008192000000000003
18,20,332.972972972972,46,20240523,46-CF 20240523.xlsx,std,1,b,VTI,0.008192000000000003
18,30,386.722222222222,46,20240523,46-CF 20240523.xlsx,std,1,b,VTI,0.008192000000000003
18,40,454.35294117647,46,20240523,46-CF 20240523.xlsx,std,1,b,VTI,0.008192000000000003
18,50,476.2,46,20240523,46-CF 20240523.xlsx,std,1,b,VTI,0.008192000000000003
18,60,456.916666666666,46,20240523,46-CF 20240523.xlsx,std,1,b,VTI,0.008192000000000003
19,0,362.114285714285,46,20240523,46-CF 20240523.xlsx,std,2,a,VTI,0.02048000000000001
19,10,374.277777777777,46,20240523,46-CF 20240523.xlsx,std,2,a,VTI,0.02048000000000001
19,20,428.27027027027,46,20240523,46-CF 20240523.xlsx,std,2,a,VTI,0.02048000000000001
19,30,474.641025641025,46,20240523,46-CF 20240523.xlsx,std,2,a,VTI,0.02048000000000001
19,40,529.666666666666,46,20240523,46-CF 20240523.xlsx,std,2,a,VTI,0.02048000000000001
19,50,540.794871794871,46,20240523,46-CF 20240523.xlsx,std,2,a,VTI,0.02048000000000001
19,60,530.263157894736,46,20240523,46-CF 20240523.xlsx,std,2,a,VTI,0.02048000000000001
20,0,322.367346938775,46,20240523,46-CF 20240523.xlsx,std,2,b,VTI,0.02048000000000001
20,10,336.3125,46,20240523,46-CF 20240523.xlsx,std,2,b,VTI,0.02048000000000001
20,20,377.340425531914,46,20240523,46-CF 20240523.xlsx,std,2,b,VTI,0.02048000000000001
20,30,428.102040816326,46,20240523,46-CF 20240523.xlsx,std,2,b,VTI,0.02048000000000001
20,40,484.88,46,20240523,46-CF 20240523.xlsx,std,2,b,VTI,0.02048000000000001
20,50,565.723404255319,46,20240523,46-CF 20240523.xlsx,std,2,b,VTI,0.02048000000000001
20,60,534.041666666666,46,20240523,46-CF 20240523.xlsx,std,2,b,VTI,0.02048000000000001
21,0,325.511111111111,46,20240523,46-CF 20240523.xlsx,std,3,a,VTI,0.05120000000000001
21,10,332.173913043478,46,20240523,46-CF 20240523.xlsx,std,3,a,VTI,0.05120000000000001
21,20,390.760869565217,46,20240523,46-CF 20240523.xlsx,std,3,a,VTI,0.05120000000000001
21,30,472.553191489361,46,20240523,46-CF 20240523.xlsx,std,3,a,VTI,0.05120000000000001
21,40,558.444444444444,46,20240523,46-CF 20240523.xlsx,std,3,a,VTI,0.05120000000000001
21,50,579.022222222222,46,20240523,46-CF 20240523.xlsx,std,3,a,VTI,0.05120000000000001
21,60,595.5,46,20240523,46-CF 20240523.xlsx,std,3,a,VTI,0.05120000000000001
22,0,358.888888888888,46,20240523,46-CF 20240523.xlsx,std,3,b,VTI,0.05120000000000001
22,10,367.944444444444,46,20240523,46-CF 20240523.xlsx,std,3,b,VTI,0.05120000000000001
22,20,416.111111111111,46,20240523,46-CF 20240523.xlsx,std,3,b,VTI,0.05120000000000001
22,30,509.942857142857,46,20240523,46-CF 20240523.xlsx,std,3,b,VTI,0.05120000000000001
22,40,555.432432432432,46,20240523,46-CF 20240523.xlsx,std,3,b,VTI,0.05120000000000001
22,50,587.297297297297,46,20240523,46-CF 20240523.xlsx,std,3,b,VTI,0.05120000000000001
22,60,596.513513513513,46,20240523,46-CF 20240523.xlsx,std,3,b,VTI,0.05120000000000001
23,0,335.433333333333,46,20240523,46-CF 20240523.xlsx,std,4,a,VTI,0.12800000000000003
23,10,352.066666666666,46,20240523,46-CF 20240523.xlsx,std,4,a,VTI,0.12800000000000003
23,20,448.721311475409,46,20240523,46-CF 20240523.xlsx,std,4,a,VTI,0.12800000000000003
23,30,567.862068965517,46,20240523,46-CF 20240523.xlsx,std,4,a,VTI,0.12800000000000003
23,40,604.271186440678,46,20240523,46-CF 20240523.xlsx,std,4,a,VTI,0.12800000000000003
23,50,634.368421052631,46,20240523,46-CF 20240523.xlsx,std,4,a,VTI,0.12800000000000003
23,60,585.5,46,20240523,46-CF 20240523.xlsx,std,4,a,VTI,0.12800000000000003
24,0,329.705882352941,46,20240523,46-CF 20240523.xlsx,std,4,b,VTI,0.12800000000000003
24,10,390.8125,46,20240523,46-CF 20240523.xlsx,std,4,b,VTI,0.12800000000000003
24,20,497.40625,46,20240523,46-CF 20240523.xlsx,std,4,b,VTI,0.12800000000000003
24,30,608.870967741935,46,20240523,46-CF 20240523.xlsx,std,4,b,VTI,0.12800000000000003
24,40,639.322580645161,46,20240523,46-CF 20240523.xlsx,std,4,b,VTI,0.12800000000000003
24,50,642.483870967742,46,20240523,46-CF 20240523.xlsx,std,4,b,VTI,0.12800000000000003
24,60,612.709677419354,46,20240523,46-CF 20240523.xlsx,std,4,b,VTI,0.12800000000000003
25,0,314.962962962963,46,20240523,46-CF 20240523.xlsx,std,5,a,VTI,0.32000000000000006
25,10,342.516129032258,46,20240523,46-CF 20240523.xlsx,std,5,a,VTI,0.32000000000000006
25,20,455.645161290322,46,20240523,46-CF 20240523.xlsx,std,5,a,VTI,0.32000000000000006
25,30,510.46875,46,20240523,46-CF 20240523.xlsx,std,5,a,VTI,0.32000000000000006
25,40,566,46,20240523,46-CF 20240523.xlsx,std,5,a,VTI,0.32000000000000006
25,50,541.59375,46,20240523,46-CF 20240523.xlsx,std,5,a,VTI,0.32000000000000006
25,60,550.58064516129,46,20240523,46-CF 20240523.xlsx,std,5,a,VTI,0.32000000000000006
26,0,317.375,46,20240523,46-CF 20240523.xlsx,std,5,b,VTI,0.32000000000000006
26,10,347.756097560975,46,20240523,46-CF 20240523.xlsx,std,5,b,VTI,0.32000000000000006
26,20,456.666666666666,46,20240523,46-CF 20240523.xlsx,std,5,b,VTI,0.32000000000000006
26,30,545.878048780487,46,20240523,46-CF 20240523.xlsx,std,5,b,VTI,0.32000000000000006
26,40,592.341463414634,46,20240523,46-CF 20240523.xlsx,std,5,b,VTI,0.32000000000000006
26,50,588.547619047619,46,20240523,46-CF 20240523.xlsx,std,5,b,VTI,0.32000000000000006
26,60,572.560975609756,46,20240523,46-CF 20240523.xlsx,std,5,b,VTI,0.32000000000000006
27,0,344.958333333333,46,20240523,46-CF 20240523.xlsx,std,6,a,VTI,0.8000000000000002
27,10,430.212765957446,46,20240523,46-CF 20240523.xlsx,std,6,a,VTI,0.8000000000000002
27,20,583.978260869565,46,20240523,46-CF 20240523.xlsx,std,6,a,VTI,0.8000000000000002
27,30,714,46,20240523,46-CF 20240523.xlsx,std,6,a,VTI,0.8000000000000002
27,40,791.219512195122,46,20240523,46-CF 20240523.xlsx,std,6,a,VTI,0.8000000000000002
27,50,764.60465116279,46,20240523,46-CF 20240523.xlsx,std,6,a,VTI,0.8000000000000002
27,60,789.975609756097,46,20240523,46-CF 20240523.xlsx,std,6,a,VTI,0.8000000000000002
28,0,328.523809523809,46,20240523,46-CF 20240523.xlsx,std,6,b,VTI,0.8000000000000002
28,10,393.955555555555,46,20240523,46-CF 20240523.xlsx,std,6,b,VTI,0.8000000000000002
28,20,533.53488372093,46,20240523,46-CF 20240523.xlsx,std,6,b,VTI,0.8000000000000002
28,30,574.95652173913,46,20240523,46-CF 20240523.xlsx,std,6,b,VTI,0.8000000000000002
28,40,619.217391304347,46,20240523,46-CF 20240523.xlsx,std,6,b,VTI,0.8000000000000002
28,50,658.755555555555,46,20240523,46-CF 20240523.xlsx,std,6,b,VTI,0.8000000000000002
28,60,664.377777777777,46,20240523,46-CF 20240523.xlsx,std,6,b,VTI,0.8000000000000002
29,0,306.772727272727,46,20240523,46-CF 20240523.xlsx,std,7,a,VTI,2
29,10,409.422222222222,46,20240523,46-CF 20240523.xlsx,std,7,a,VTI,2
29,20,492.217391304347,46,20240523,46-CF 20240523.xlsx,std,7,a,VTI,2
29,30,545.31914893617,46,20240523,46-CF 20240523.xlsx,std,7,a,VTI,2
29,40,597.90909090909,46,20240523,46-CF 20240523.xlsx,std,7,a,VTI,2
29,50,619.53488372093,46,20240523,46-CF 20240523.xlsx,std,7,a,VTI,2
29,60,602.953488372093,46,20240523,46-CF 20240523.xlsx,std,7,a,VTI,2
30,0,370.689655172413,46,20240523,46-CF 20240523.xlsx,std,7,b,VTI,2
30,10,501.966666666666,46,20240523,46-CF 20240523.xlsx,std,7,b,VTI,2
30,20,575.46875,46,20240523,46-CF 20240523.xlsx,std,7,b,VTI,2
30,30,667.483870967742,46,20240523,46-CF 20240523.xlsx,std,7,b,VTI,2
30,40,727.633333333333,46,20240523,46-CF 20240523.xlsx,std,7,b,VTI,2
30,50,720.483870967742,46,20240523,46-CF 20240523.xlsx,std,7,b,VTI,2
30,60,718.866666666666,46,20240523,46-CF 20240523.xlsx,std,7,b,VTI,2
31,0,405.333333333333,46,20240523,46-CF 20240523.xlsx,std,8,a,VTI,5
31,10,519.027777777777,46,20240523,46-CF 20240523.xlsx,std,8,a,VTI,5
31,20,700.242424242424,46,20240523,46-CF 20240523.xlsx,std,8,a,VTI,5
31,30,794.393939393939,46,20240523,46-CF 20240523.xlsx,std,8,a,VTI,5
31,40,813.8,46,20240523,46-CF 20240523.xlsx,std,8,a,VTI,5
31,50,829.4,46,20240523,46-CF 20240523.xlsx,std,8,a,VTI,5
31,60,874.424242424242,46,20240523,46-CF 20240523.xlsx,std,8,a,VTI,5
32,0,354.378378378378,46,20240523,46-CF 20240523.xlsx,std,8,b,VTI,5
32,10,469.923076923076,46,20240523,46-CF 20240523.xlsx,std,8,b,VTI,5
32,20,581.684210526315,46,20240523,46-CF 20240523.xlsx,std,8,b,VTI,5
32,30,651.736842105263,46,20240523,46-CF 20240523.xlsx,std,8,b,VTI,5
32,40,745.942857142857,46,20240523,46-CF 20240523.xlsx,std,8,b,VTI,5
32,50,740.142857142857,46,20240523,46-CF 20240523.xlsx,std,8,b,VTI,5
32,60,708.416666666666,46,20240523,46-CF 20240523.xlsx,std,8,b,VTI,5
65,0,282,46,20240523,46-CF 20240523.xlsx,std,2,a,FskOnly,0.02048000000000001
65,10,282.916666666666,46,20240523,46-CF 20240523.xlsx,std,2,a,FskOnly,0.02048000000000001
65,20,283.583333333333,46,20240523,46-CF 20240523.xlsx,std,2,a,FskOnly,0.02048000000000001
65,30,283.75,46,20240523,46-CF 20240523.xlsx,std,2,a,FskOnly,0.02048000000000001
65,40,281.291666666666,46,20240523,46-CF 20240523.xlsx,std,2,a,FskOnly,0.02048000000000001
65,50,280.041666666666,46,20240523,46-CF 20240523.xlsx,std,2,a,FskOnly,0.02048000000000001
65,60,277.625,46,20240523,46-CF 20240523.xlsx,std,2,a,FskOnly,0.02048000000000001
66,0,297.138888888888,46,20240523,46-CF 20240523.xlsx,std,2,b,FskOnly,0.02048000000000001
66,10,307.228571428571,46,20240523,46-CF 20240523.xlsx,std,2,b,FskOnly,0.02048000000000001
66,20,307.8,46,20240523,46-CF 20240523.xlsx,std,2,b,FskOnly,0.02048000000000001
66,30,307.542857142857,46,20240523,46-CF 20240523.xlsx,std,2,b,FskOnly,0.02048000000000001
66,40,300.694444444444,46,20240523,46-CF 20240523.xlsx,std,2,b,FskOnly,0.02048000000000001
66,50,299.111111111111,46,20240523,46-CF 20240523.xlsx,std,2,b,FskOnly,0.02048000000000001
66,60,297.166666666666,46,20240523,46-CF 20240523.xlsx,std,2,b,FskOnly,0.02048000000000001
67,0,274.75,46,20240523,46-CF 20240523.xlsx,std,4,a,FskOnly,0.12800000000000003
67,10,276.944444444444,46,20240523,46-CF 20240523.xlsx,std,4,a,FskOnly,0.12800000000000003
67,20,275.666666666666,46,20240523,46-CF 20240523.xlsx,std,4,a,FskOnly,0.12800000000000003
67,30,283,46,20240523,46-CF 20240523.xlsx,std,4,a,FskOnly,0.12800000000000003
67,40,281.571428571428,46,20240523,46-CF 20240523.xlsx,std,4,a,FskOnly,0.12800000000000003
67,50,276.944444444444,46,20240523,46-CF 20240523.xlsx,std,4,a,FskOnly,0.12800000000000003
67,60,280.942857142857,46,20240523,46-CF 20240523.xlsx,std,4,a,FskOnly,0.12800000000000003
68,0,335.147058823529,46,20240523,46-CF 20240523.xlsx,std,4,b,FskOnly,0.12800000000000003
68,10,336,46,20240523,46-CF 20240523.xlsx,std,4,b,FskOnly,0.12800000000000003
68,20,339.441176470588,46,20240523,46-CF 20240523.xlsx,std,4,b,FskOnly,0.12800000000000003
68,30,327.285714285714,46,20240523,46-CF 20240523.xlsx,std,4,b,FskOnly,0.12800000000000003
68,40,335.764705882352,46,20240523,46-CF 20240523.xlsx,std,4,b,FskOnly,0.12800000000000003
68,50,326.4,46,20240523,46-CF 20240523.xlsx,std,4,b,FskOnly,0.12800000000000003
68,60,325.771428571428,46,20240523,46-CF 20240523.xlsx,std,4,b,FskOnly,0.12800000000000003
69,0,333.823529411764,46,20240523,46-CF 20240523.xlsx,std,6,a,FskOnly,0.8000000000000002
69,10,334.882352941176,46,20240523,46-CF 20240523.xlsx,std,6,a,FskOnly,0.8000000000000002
69,20,337.441176470588,46,20240523,46-CF 20240523.xlsx,std,6,a,FskOnly,0.8000000000000002
69,30,349.515151515151,46,20240523,46-CF 20240523.xlsx,std,6,a,FskOnly,0.8000000000000002
69,40,332.628571428571,46,20240523,46-CF 20240523.xlsx,std,6,a,FskOnly,0.8000000000000002
69,50,337.028571428571,46,20240523,46-CF 20240523.xlsx,std,6,a,FskOnly,0.8000000000000002
69,60,351.558823529411,46,20240523,46-CF 20240523.xlsx,std,6,a,FskOnly,0.8000000000000002
70,0,340.761904761904,46,20240523,46-CF 20240523.xlsx,std,6,b,FskOnly,0.8000000000000002
70,10,372.421052631578,46,20240523,46-CF 20240523.xlsx,std,6,b,FskOnly,0.8000000000000002
70,20,353.5,46,20240523,46-CF 20240523.xlsx,std,6,b,FskOnly,0.8000000000000002
70,30,354.35,46,20240523,46-CF 20240523.xlsx,std,6,b,FskOnly,0.8000000000000002
70,40,343.809523809523,46,20240523,46-CF 20240523.xlsx,std,6,b,FskOnly,0.8000000000000002
70,50,359.8,46,20240523,46-CF 20240523.xlsx,std,6,b,FskOnly,0.8000000000000002
70,60,367.2,46,20240523,46-CF 20240523.xlsx,std,6,b,FskOnly,0.8000000000000002
71,0,365.363636363636,46,20240523,46-CF 20240523.xlsx,std,8,a,FskOnly,5
71,10,379.727272727272,46,20240523,46-CF 20240523.xlsx,std,8,a,FskOnly,5
71,20,399.318181818181,46,20240523,46-CF 20240523.xlsx,std,8,a,FskOnly,5
71,30,406.90909090909,46,20240523,46-CF 20240523.xlsx,std,8,a,FskOnly,5
71,40,413.363636363636,46,20240523,46-CF 20240523.xlsx,std,8,a,FskOnly,5
71,50,420.772727272727,46,20240523,46-CF 20240523.xlsx,std,8,a,FskOnly,5
71,60,413.434782608695,46,20240523,46-CF 20240523.xlsx,std,8,a,FskOnly,5
72,0,329.5,46,20240523,46-CF 20240523.xlsx,std,8,b,FskOnly,5
72,10,316.8,46,20240523,46-CF 20240523.xlsx,std,8,b,FskOnly,5
72,20,327.366666666666,46,20240523,46-CF 20240523.xlsx,std,8,b,FskOnly,5
72,30,358.25,46,20240523,46-CF 20240523.xlsx,std,8,b,FskOnly,5
72,40,355.448275862068,46,20240523,46-CF 20240523.xlsx,std,8,b,FskOnly,5
72,50,374.392857142857,46,20240523,46-CF 20240523.xlsx,std,8,b,FskOnly,5
72,60,381.857142857142,46,20240523,46-CF 20240523.xlsx,std,8,b,FskOnly,5
1,0,351.678571428571,46,20240530,46-CF 20240530.xlsx,std,1,a,ETI,0.008192000000000003
1,10,347.7,46,20240530,46-CF 20240530.xlsx,std,1,a,ETI,0.008192000000000003
1,20,403.724137931034,46,20240530,46-CF 20240530.xlsx,std,1,a,ETI,0.008192000000000003
1,30,431.58064516129,46,20240530,46-CF 20240530.xlsx,std,1,a,ETI,0.008192000000000003
1,40,495.866666666666,46,20240530,46-CF 20240530.xlsx,std,1,a,ETI,0.008192000000000003
1,50,523.033333333333,46,20240530,46-CF 20240530.xlsx,std,1,a,ETI,0.008192000000000003
1,60,519.689655172413,46,20240530,46-CF 20240530.xlsx,std,1,a,ETI,0.008192000000000003
2,0,393.805555555555,46,20240530,46-CF 20240530.xlsx,std,1,b,ETI,0.008192000000000003
2,10,422.028571428571,46,20240530,46-CF 20240530.xlsx,std,1,b,ETI,0.008192000000000003
2,20,465.944444444444,46,20240530,46-CF 20240530.xlsx,std,1,b,ETI,0.008192000000000003
2,30,543.222222222222,46,20240530,46-CF 20240530.xlsx,std,1,b,ETI,0.008192000000000003
2,40,600.027027027027,46,20240530,46-CF 20240530.xlsx,std,1,b,ETI,0.008192000000000003
2,50,650.342857142857,46,20240530,46-CF 20240530.xlsx,std,1,b,ETI,0.008192000000000003
2,60,636.171428571428,46,20240530,46-CF 20240530.xlsx,std,1,b,ETI,0.008192000000000003
3,0,333.592592592592,46,20240530,46-CF 20240530.xlsx,std,2,a,ETI,0.02048000000000001
3,10,335.428571428571,46,20240530,46-CF 20240530.xlsx,std,2,a,ETI,0.02048000000000001
3,20,377.5,46,20240530,46-CF 20240530.xlsx,std,2,a,ETI,0.02048000000000001
3,30,444.142857142857,46,20240530,46-CF 20240530.xlsx,std,2,a,ETI,0.02048000000000001
3,40,532.923076923076,46,20240530,46-CF 20240530.xlsx,std,2,a,ETI,0.02048000000000001
3,50,527.333333333333,46,20240530,46-CF 20240530.xlsx,std,2,a,ETI,0.02048000000000001
3,60,532.703703703703,46,20240530,46-CF 20240530.xlsx,std,2,a,ETI,0.02048000000000001
4,0,375.16,46,20240530,46-CF 20240530.xlsx,std,2,b,ETI,0.02048000000000001
4,10,407.083333333333,46,20240530,46-CF 20240530.xlsx,std,2,b,ETI,0.02048000000000001
4,20,468.041666666666,46,20240530,46-CF 20240530.xlsx,std,2,b,ETI,0.02048000000000001
4,30,532.48,46,20240530,46-CF 20240530.xlsx,std,2,b,ETI,0.02048000000000001
4,40,658.434782608695,46,20240530,46-CF 20240530.xlsx,std,2,b,ETI,0.02048000000000001
4,50,686,46,20240530,46-CF 20240530.xlsx,std,2,b,ETI,0.02048000000000001
4,60,672.304347826087,46,20240530,46-CF 20240530.xlsx,std,2,b,ETI,0.02048000000000001
5,0,402.739130434782,46,20240530,46-CF 20240530.xlsx,std,3,a,ETI,0.05120000000000001
5,10,419.782608695652,46,20240530,46-CF 20240530.xlsx,std,3,a,ETI,0.05120000000000001
5,20,460.166666666666,46,20240530,46-CF 20240530.xlsx,std,3,a,ETI,0.05120000000000001
5,30,524.423076923076,46,20240530,46-CF 20240530.xlsx,std,3,a,ETI,0.05120000000000001
5,40,621.12,46,20240530,46-CF 20240530.xlsx,std,3,a,ETI,0.05120000000000001
5,50,640.6,46,20240530,46-CF 20240530.xlsx,std,3,a,ETI,0.05120000000000001
5,60,640.166666666666,46,20240530,46-CF 20240530.xlsx,std,3,a,ETI,0.05120000000000001
6,0,369.91304347826,46,20240530,46-CF 20240530.xlsx,std,3,b,ETI,0.05120000000000001
6,10,365.16,46,20240530,46-CF 20240530.xlsx,std,3,b,ETI,0.05120000000000001
6,20,451.958333333333,46,20240530,46-CF 20240530.xlsx,std,3,b,ETI,0.05120000000000001
6,30,517.56,46,20240530,46-CF 20240530.xlsx,std,3,b,ETI,0.05120000000000001
6,40,600.333333333333,46,20240530,46-CF 20240530.xlsx,std,3,b,ETI,0.05120000000000001
6,50,577.26923076923,46,20240530,46-CF 20240530.xlsx,std,3,b,ETI,0.05120000000000001
6,60,583.583333333333,46,20240530,46-CF 20240530.xlsx,std,3,b,ETI,0.05120000000000001
7,0,333.423076923076,46,20240530,46-CF 20240530.xlsx,std,4,a,ETI,0.12800000000000003
7,10,398.36,46,20240530,46-CF 20240530.xlsx,std,4,a,ETI,0.12800000000000003
7,20,499.615384615384,46,20240530,46-CF 20240530.xlsx,std,4,a,ETI,0.12800000000000003
7,30,588.192307692307,46,20240530,46-CF 20240530.xlsx,std,4,a,ETI,0.12800000000000003
7,40,673.083333333333,46,20240530,46-CF 20240530.xlsx,std,4,a,ETI,0.12800000000000003
7,50,653.5,46,20240530,46-CF 20240530.xlsx,std,4,a,ETI,0.12800000000000003
7,60,606.846153846153,46,20240530,46-CF 20240530.xlsx,std,4,a,ETI,0.12800000000000003
8,0,391.48,46,20240530,46-CF 20240530.xlsx,std,4,b,ETI,0.12800000000000003
8,10,420.48,46,20240530,46-CF 20240530.xlsx,std,4,b,ETI,0.12800000000000003
8,20,484.703703703703,46,20240530,46-CF 20240530.xlsx,std,4,b,ETI,0.12800000000000003
8,30,583.481481481481,46,20240530,46-CF 20240530.xlsx,std,4,b,ETI,0.12800000000000003
8,40,642.26923076923,46,20240530,46-CF 20240530.xlsx,std,4,b,ETI,0.12800000000000003
8,50,638.423076923076,46,20240530,46-CF 20240530.xlsx,std,4,b,ETI,0.12800000000000003
8,60,568.185185185185,46,20240530,46-CF 20240530.xlsx,std,4,b,ETI,0.12800000000000003
9,0,407,46,20240530,46-CF 20240530.xlsx,std,5,a,ETI,0.32000000000000006
9,10,432.692307692307,46,20240530,46-CF 20240530.xlsx,std,5,a,ETI,0.32000000000000006
9,20,550.538461538461,46,20240530,46-CF 20240530.xlsx,std,5,a,ETI,0.32000000000000006
9,30,666.04,46,20240530,46-CF 20240530.xlsx,std,5,a,ETI,0.32000000000000006
9,40,701.12,46,20240530,46-CF 20240530.xlsx,std,5,a,ETI,0.32000000000000006
9,50,711.48,46,20240530,46-CF 20240530.xlsx,std,5,a,ETI,0.32000000000000006
9,60,673.84,46,20240530,46-CF 20240530.xlsx,std,5,a,ETI,0.32000000000000006
10,0,390.729729729729,46,20240530,46-CF 20240530.xlsx,std,5,b,ETI,0.32000000000000006
10,10,432.6,46,20240530,46-CF 20240530.xlsx,std,5,b,ETI,0.32000000000000006
10,20,560.717948717948,46,20240530,46-CF 20240530.xlsx,std,5,b,ETI,0.32000000000000006
10,30,655.128205128205,46,20240530,46-CF 20240530.xlsx,std,5,b,ETI,0.32000000000000006
10,40,711.487179487179,46,20240530,46-CF 20240530.xlsx,std,5,b,ETI,0.32000000000000006
10,50,740.078947368421,46,20240530,46-CF 20240530.xlsx,std,5,b,ETI,0.32000000000000006
10,60,710.153846153846,46,20240530,46-CF 20240530.xlsx,std,5,b,ETI,0.32000000000000006
11,0,268.7,46,20240530,46-CF 20240530.xlsx,std,6,a,ETI,0.8000000000000002
11,10,327.896551724137,46,20240530,46-CF 20240530.xlsx,std,6,a,ETI,0.8000000000000002
11,20,420.862068965517,46,20240530,46-CF 20240530.xlsx,std,6,a,ETI,0.8000000000000002
11,30,483.633333333333,46,20240530,46-CF 20240530.xlsx,std,6,a,ETI,0.8000000000000002
11,40,553.103448275862,46,20240530,46-CF 20240530.xlsx,std,6,a,ETI,0.8000000000000002
11,50,577.103448275862,46,20240530,46-CF 20240530.xlsx,std,6,a,ETI,0.8000000000000002
11,60,537.774193548387,46,20240530,46-CF 20240530.xlsx,std,6,a,ETI,0.8000000000000002
12,0,328.878787878787,46,20240530,46-CF 20240530.xlsx,std,6,b,ETI,0.8000000000000002
12,10,390,46,20240530,46-CF 20240530.xlsx,std,6,b,ETI,0.8000000000000002
12,20,533.90909090909,46,20240530,46-CF 20240530.xlsx,std,6,b,ETI,0.8000000000000002
12,30,579.628571428571,46,20240530,46-CF 20240530.xlsx,std,6,b,ETI,0.8000000000000002
12,40,644.30303030303,46,20240530,46-CF 20240530.xlsx,std,6,b,ETI,0.8000000000000002
12,50,635.676470588235,46,20240530,46-CF 20240530.xlsx,std,6,b,ETI,0.8000000000000002
12,60,634,46,20240530,46-CF 20240530.xlsx,std,6,b,ETI,0.8000000000000002
13,0,355.217391304347,46,20240530,46-CF 20240530.xlsx,std,7,a,ETI,2
13,10,462.708333333333,46,20240530,46-CF 20240530.xlsx,std,7,a,ETI,2
13,20,567.166666666666,46,20240530,46-CF 20240530.xlsx,std,7,a,ETI,2
13,30,640.291666666666,46,20240530,46-CF 20240530.xlsx,std,7,a,ETI,2
13,40,668.625,46,20240530,46-CF 20240530.xlsx,std,7,a,ETI,2
13,50,667.64,46,20240530,46-CF 20240530.xlsx,std,7,a,ETI,2
13,60,637.08,46,20240530,46-CF 20240530.xlsx,std,7,a,ETI,2
14,0,277.157894736842,46,20240530,46-CF 20240530.xlsx,std,7,b,ETI,2
14,10,413.166666666666,46,20240530,46-CF 20240530.xlsx,std,7,b,ETI,2
14,20,504.555555555555,46,20240530,46-CF 20240530.xlsx,std,7,b,ETI,2
14,30,538.105263157894,46,20240530,46-CF 20240530.xlsx,std,7,b,ETI,2
14,40,552.052631578947,46,20240530,46-CF 20240530.xlsx,std,7,b,ETI,2
14,50,592.666666666666,46,20240530,46-CF 20240530.xlsx,std,7,b,ETI,2
14,60,562.777777777777,46,20240530,46-CF 20240530.xlsx,std,7,b,ETI,2
15,0,371.585365853658,46,20240530,46-CF 20240530.xlsx,std,8,a,ETI,5
15,10,549.205128205128,46,20240530,46-CF 20240530.xlsx,std,8,a,ETI,5
15,20,645.878048780487,46,20240530,46-CF 20240530.xlsx,std,8,a,ETI,5
15,30,732.463414634146,46,20240530,46-CF 20240530.xlsx,std,8,a,ETI,5
15,40,764.619047619047,46,20240530,46-CF 20240530.xlsx,std,8,a,ETI,5
15,50,776.70731707317,46,20240530,46-CF 20240530.xlsx,std,8,a,ETI,5
15,60,715.523809523809,46,20240530,46-CF 20240530.xlsx,std,8,a,ETI,5
16,0,369.322580645161,46,20240530,46-CF 20240530.xlsx,std,8,b,ETI,5
16,10,484.878787878787,46,20240530,46-CF 20240530.xlsx,std,8,b,ETI,5
16,20,655.133333333333,46,20240530,46-CF 20240530.xlsx,std,8,b,ETI,5
16,30,726.677419354838,46,20240530,46-CF 20240530.xlsx,std,8,b,ETI,5
16,40,758.75,46,20240530,46-CF 20240530.xlsx,std,8,b,ETI,5
16,50,792.064516129032,46,20240530,46-CF 20240530.xlsx,std,8,b,ETI,5
16,60,731.78125,46,20240530,46-CF 20240530.xlsx,std,8,b,ETI,5
17,0,308.153846153846,46,20240530,46-CF 20240530.xlsx,std,1,a,VTI,0.008192000000000003
17,10,330.538461538461,46,20240530,46-CF 20240530.xlsx,std,1,a,VTI,0.008192000000000003
17,20,377.923076923076,46,20240530,46-CF 20240530.xlsx,std,1,a,VTI,0.008192000000000003
17,30,435,46,20240530,46-CF 20240530.xlsx,std,1,a,VTI,0.008192000000000003
17,40,419.333333333333,46,20240530,46-CF 20240530.xlsx,std,1,a,VTI,0.008192000000000003
17,50,509,46,20240530,46-CF 20240530.xlsx,std,1,a,VTI,0.008192000000000003
17,60,495.076923076923,46,20240530,46-CF 20240530.xlsx,std,1,a,VTI,0.008192000000000003
18,0,360.666666666666,46,20240530,46-CF 20240530.xlsx,std,1,b,VTI,0.008192000000000003
18,10,393.888888888888,46,20240530,46-CF 20240530.xlsx,std,1,b,VTI,0.008192000000000003
18,20,459,46,20240530,46-CF 20240530.xlsx,std,1,b,VTI,0.008192000000000003
18,30,530.194444444444,46,20240530,46-CF 20240530.xlsx,std,1,b,VTI,0.008192000000000003
18,40,589.888888888888,46,20240530,46-CF 20240530.xlsx,std,1,b,VTI,0.008192000000000003
18,50,589.864864864864,46,20240530,46-CF 20240530.xlsx,std,1,b,VTI,0.008192000000000003
18,60,556.342105263157,46,20240530,46-CF 20240530.xlsx,std,1,b,VTI,0.008192000000000003
19,0,336.172413793103,46,20240530,46-CF 20240530.xlsx,std,2,a,VTI,0.02048000000000001
19,10,374.714285714285,46,20240530,46-CF 20240530.xlsx,std,2,a,VTI,0.02048000000000001
19,20,406.466666666666,46,20240530,46-CF 20240530.xlsx,std,2,a,VTI,0.02048000000000001
19,30,479.466666666666,46,20240530,46-CF 20240530.xlsx,std,2,a,VTI,0.02048000000000001
19,40,555.827586206896,46,20240530,46-CF 20240530.xlsx,std,2,a,VTI,0.02048000000000001
19,50,526.8125,46,20240530,46-CF 20240530.xlsx,std,2,a,VTI,0.02048000000000001
19,60,547.333333333333,46,20240530,46-CF 20240530.xlsx,std,2,a,VTI,0.02048000000000001
20,0,358.761904761904,46,20240530,46-CF 20240530.xlsx,std,2,b,VTI,0.02048000000000001
20,10,355.772727272727,46,20240530,46-CF 20240530.xlsx,std,2,b,VTI,0.02048000000000001
20,20,388.5,46,20240530,46-CF 20240530.xlsx,std,2,b,VTI,0.02048000000000001
20,30,464.590909090909,46,20240530,46-CF 20240530.xlsx,std,2,b,VTI,0.02048000000000001
20,40,543.454545454545,46,20240530,46-CF 20240530.xlsx,std,2,b,VTI,0.02048000000000001
20,50,623.190476190476,46,20240530,46-CF 20240530.xlsx,std,2,b,VTI,0.02048000000000001
20,60,653.4,46,20240530,46-CF 20240530.xlsx,std,2,b,VTI,0.02048000000000001
21,0,435.677419354838,46,20240530,46-CF 20240530.xlsx,std,3,a,VTI,0.05120000000000001
21,10,442.6875,46,20240530,46-CF 20240530.xlsx,std,3,a,VTI,0.05120000000000001
21,20,495.53125,46,20240530,46-CF 20240530.xlsx,std,3,a,VTI,0.05120000000000001
21,30,603.71875,46,20240530,46-CF 20240530.xlsx,std,3,a,VTI,0.05120000000000001
21,40,719.875,46,20240530,46-CF 20240530.xlsx,std,3,a,VTI,0.05120000000000001
21,50,786.3125,46,20240530,46-CF 20240530.xlsx,std,3,a,VTI,0.05120000000000001
21,60,800.6875,46,20240530,46-CF 20240530.xlsx,std,3,a,VTI,0.05120000000000001
22,0,373.954545454545,46,20240530,46-CF 20240530.xlsx,std,3,b,VTI,0.05120000000000001
22,10,410.863636363636,46,20240530,46-CF 20240530.xlsx,std,3,b,VTI,0.05120000000000001
22,20,501.681818181818,46,20240530,46-CF 20240530.xlsx,std,3,b,VTI,0.05120000000000001
22,30,608.333333333333,46,20240530,46-CF 20240530.xlsx,std,3,b,VTI,0.05120000000000001
22,40,669.45,46,20240530,46-CF 20240530.xlsx,std,3,b,VTI,0.05120000000000001
22,50,710.25,46,20240530,46-CF 20240530.xlsx,std,3,b,VTI,0.05120000000000001
22,60,682.8,46,20240530,46-CF 20240530.xlsx,std,3,b,VTI,0.05120000000000001
23,0,378.896551724137,46,20240530,46-CF 20240530.xlsx,std,4,a,VTI,0.12800000000000003
23,10,435.111111111111,46,20240530,46-CF 20240530.xlsx,std,4,a,VTI,0.12800000000000003
23,20,525.714285714285,46,20240530,46-CF 20240530.xlsx,std,4,a,VTI,0.12800000000000003
23,30,664.814814814814,46,20240530,46-CF 20240530.xlsx,std,4,a,VTI,0.12800000000000003
23,40,720.428571428571,46,20240530,46-CF 20240530.xlsx,std,4,a,VTI,0.12800000000000003
23,50,666.51724137931,46,20240530,46-CF 20240530.xlsx,std,4,a,VTI,0.12800000000000003
23,60,648.896551724137,46,20240530,46-CF 20240530.xlsx,std,4,a,VTI,0.12800000000000003
24,0,306,46,20240530,46-CF 20240530.xlsx,std,4,b,VTI,0.12800000000000003
24,10,346.590909090909,46,20240530,46-CF 20240530.xlsx,std,4,b,VTI,0.12800000000000003
24,20,433.363636363636,46,20240530,46-CF 20240530.xlsx,std,4,b,VTI,0.12800000000000003
24,30,511.045454545454,46,20240530,46-CF 20240530.xlsx,std,4,b,VTI,0.12800000000000003
24,40,560.636363636363,46,20240530,46-CF 20240530.xlsx,std,4,b,VTI,0.12800000000000003
24,50,577.047619047619,46,20240530,46-CF 20240530.xlsx,std,4,b,VTI,0.12800000000000003
24,60,557.571428571428,46,20240530,46-CF 20240530.xlsx,std,4,b,VTI,0.12800000000000003
25,0,417.6,46,20240530,46-CF 20240530.xlsx,std,5,a,VTI,0.32000000000000006
25,10,500.5,46,20240530,46-CF 20240530.xlsx,std,5,a,VTI,0.32000000000000006
25,20,624.625,46,20240530,46-CF 20240530.xlsx,std,5,a,VTI,0.32000000000000006
25,30,723,46,20240530,46-CF 20240530.xlsx,std,5,a,VTI,0.32000000000000006
25,40,749.548387096774,46,20240530,46-CF 20240530.xlsx,std,5,a,VTI,0.32000000000000006
25,50,731.90625,46,20240530,46-CF 20240530.xlsx,std,5,a,VTI,0.32000000000000006
25,60,729.90625,46,20240530,46-CF 20240530.xlsx,std,5,a,VTI,0.32000000000000006
26,0,303.575757575757,46,20240530,46-CF 20240530.xlsx,std,5,b,VTI,0.32000000000000006
26,10,345.6875,46,20240530,46-CF 20240530.xlsx,std,5,b,VTI,0.32000000000000006
26,20,427.323529411764,46,20240530,46-CF 20240530.xlsx,std,5,b,VTI,0.32000000000000006
26,30,567.838709677419,46,20240530,46-CF 20240530.xlsx,std,5,b,VTI,0.32000000000000006
26,40,639.566666666666,46,20240530,46-CF 20240530.xlsx,std,5,b,VTI,0.32000000000000006
26,50,650.4,46,20240530,46-CF 20240530.xlsx,std,5,b,VTI,0.32000000000000006
26,60,649.433333333333,46,20240530,46-CF 20240530.xlsx,std,5,b,VTI,0.32000000000000006
27,0,379.047619047619,46,20240530,46-CF 20240530.xlsx,std,6,a,VTI,0.8000000000000002
27,10,450.761904761904,46,20240530,46-CF 20240530.xlsx,std,6,a,VTI,0.8000000000000002
27,20,585.619047619047,46,20240530,46-CF 20240530.xlsx,std,6,a,VTI,0.8000000000000002
27,30,644.260869565217,46,20240530,46-CF 20240530.xlsx,std,6,a,VTI,0.8000000000000002
27,40,712.521739130434,46,20240530,46-CF 20240530.xlsx,std,6,a,VTI,0.8000000000000002
27,50,721.130434782608,46,20240530,46-CF 20240530.xlsx,std,6,a,VTI,0.8000000000000002
27,60,729.739130434782,46,20240530,46-CF 20240530.xlsx,std,6,a,VTI,0.8000000000000002
28,0,365.75,46,20240530,46-CF 20240530.xlsx,std,6,b,VTI,0.8000000000000002
28,10,396.628571428571,46,20240530,46-CF 20240530.xlsx,std,6,b,VTI,0.8000000000000002
28,20,496.694444444444,46,20240530,46-CF 20240530.xlsx,std,6,b,VTI,0.8000000000000002
28,30,589.428571428571,46,20240530,46-CF 20240530.xlsx,std,6,b,VTI,0.8000000000000002
28,40,679.545454545454,46,20240530,46-CF 20240530.xlsx,std,6,b,VTI,0.8000000000000002
28,50,692.272727272727,46,20240530,46-CF 20240530.xlsx,std,6,b,VTI,0.8000000000000002
28,60,638.314285714285,46,20240530,46-CF 20240530.xlsx,std,6,b,VTI,0.8000000000000002
29,0,317.75,46,20240530,46-CF 20240530.xlsx,std,7,a,VTI,2
29,10,415.5,46,20240530,46-CF 20240530.xlsx,std,7,a,VTI,2
29,20,503,46,20240530,46-CF 20240530.xlsx,std,7,a,VTI,2
29,30,599.684210526315,46,20240530,46-CF 20240530.xlsx,std,7,a,VTI,2
29,40,682.722222222222,46,20240530,46-CF 20240530.xlsx,std,7,a,VTI,2
29,50,662.842105263157,46,20240530,46-CF 20240530.xlsx,std,7,a,VTI,2
29,60,602.15,46,20240530,46-CF 20240530.xlsx,std,7,a,VTI,2
30,0,424.48,46,20240530,46-CF 20240530.xlsx,std,7,b,VTI,2
30,10,550.296296296296,46,20240530,46-CF 20240530.xlsx,std,7,b,VTI,2
30,20,782.25,46,20240530,46-CF 20240530.xlsx,std,7,b,VTI,2
30,30,925.173913043478,46,20240530,46-CF 20240530.xlsx,std,7,b,VTI,2
30,40,926.875,46,20240530,46-CF 20240530.xlsx,std,7,b,VTI,2
30,50,910.2,46,20240530,46-CF 20240530.xlsx,std,7,b,VTI,2
30,60,893.333333333333,46,20240530,46-CF 20240530.xlsx,std,7,b,VTI,2
31,0,334.576923076923,46,20240530,46-CF 20240530.xlsx,std,8,a,VTI,5
31,10,467.37037037037,46,20240530,46-CF 20240530.xlsx,std,8,a,VTI,5
31,20,591.76923076923,46,20240530,46-CF 20240530.xlsx,std,8,a,VTI,5
31,30,646.185185185185,46,20240530,46-CF 20240530.xlsx,std,8,a,VTI,5
31,40,733.64,46,20240530,46-CF 20240530.xlsx,std,8,a,VTI,5
31,50,691.423076923076,46,20240530,46-CF 20240530.xlsx,std,8,a,VTI,5
31,60,680.6,46,20240530,46-CF 20240530.xlsx,std,8,a,VTI,5
32,0,383.166666666666,46,20240530,46-CF 20240530.xlsx,std,8,b,VTI,5
32,10,492.526315789473,46,20240530,46-CF 20240530.xlsx,std,8,b,VTI,5
32,20,616.631578947368,46,20240530,46-CF 20240530.xlsx,std,8,b,VTI,5
32,30,685.4,46,20240530,46-CF 20240530.xlsx,std,8,b,VTI,5
32,40,748.8,46,20240530,46-CF 20240530.xlsx,std,8,b,VTI,5
32,50,776.8,46,20240530,46-CF 20240530.xlsx,std,8,b,VTI,5
32,60,750.15,46,20240530,46-CF 20240530.xlsx,std,8,b,VTI,5
65,0,224.142857142857,46,20240530,46-CF 20240530.xlsx,std,2,a,FskOnly,0.02048000000000001
65,10,213.2,46,20240530,46-CF 20240530.xlsx,std,2,a,FskOnly,0.02048000000000001
65,20,215.8,46,20240530,46-CF 20240530.xlsx,std,2,a,FskOnly,0.02048000000000001
65,30,216.733333333333,46,20240530,46-CF 20240530.xlsx,std,2,a,FskOnly,0.02048000000000001
65,40,231.5,46,20240530,46-CF 20240530.xlsx,std,2,a,FskOnly,0.02048000000000001
65,50,207.5,46,20240530,46-CF 20240530.xlsx,std,2,a,FskOnly,0.02048000000000001
65,60,213.666666666666,46,20240530,46-CF 20240530.xlsx,std,2,a,FskOnly,0.02048000000000001
66,0,328,46,20240530,46-CF 20240530.xlsx,std,2,b,FskOnly,0.02048000000000001
66,10,318.294117647058,46,20240530,46-CF 20240530.xlsx,std,2,b,FskOnly,0.02048000000000001
66,20,321.823529411764,46,20240530,46-CF 20240530.xlsx,std,2,b,FskOnly,0.02048000000000001
66,30,310.055555555555,46,20240530,46-CF 20240530.xlsx,std,2,b,FskOnly,0.02048000000000001
66,40,309.388888888888,46,20240530,46-CF 20240530.xlsx,std,2,b,FskOnly,0.02048000000000001
66,50,338.8125,46,20240530,46-CF 20240530.xlsx,std,2,b,FskOnly,0.02048000000000001
66,60,311.055555555555,46,20240530,46-CF 20240530.xlsx,std,2,b,FskOnly,0.02048000000000001
67,0,252.148148148148,46,20240530,46-CF 20240530.xlsx,std,4,a,FskOnly,0.12800000000000003
67,10,265.5,46,20240530,46-CF 20240530.xlsx,std,4,a,FskOnly,0.12800000000000003
67,20,267.846153846153,46,20240530,46-CF 20240530.xlsx,std,4,a,FskOnly,0.12800000000000003
67,30,268.76923076923,46,20240530,46-CF 20240530.xlsx,std,4,a,FskOnly,0.12800000000000003
67,40,267.961538461538,46,20240530,46-CF 20240530.xlsx,std,4,a,FskOnly,0.12800000000000003
67,50,266.961538461538,46,20240530,46-CF 20240530.xlsx,std,4,a,FskOnly,0.12800000000000003
67,60,268.615384615384,46,20240530,46-CF 20240530.xlsx,std,4,a,FskOnly,0.12800000000000003
68,0,303.703703703703,46,20240530,46-CF 20240530.xlsx,std,4,b,FskOnly,0.12800000000000003
68,10,307.296296296296,46,20240530,46-CF 20240530.xlsx,std,4,b,FskOnly,0.12800000000000003
68,20,322.153846153846,46,20240530,46-CF 20240530.xlsx,std,4,b,FskOnly,0.12800000000000003
68,30,311,46,20240530,46-CF 20240530.xlsx,std,4,b,FskOnly,0.12800000000000003
68,40,310.518518518518,46,20240530,46-CF 20240530.xlsx,std,4,b,FskOnly,0.12800000000000003
68,50,309.925925925925,46,20240530,46-CF 20240530.xlsx,std,4,b,FskOnly,0.12800000000000003
68,60,309.37037037037,46,20240530,46-CF 20240530.xlsx,std,4,b,FskOnly,0.12800000000000003
69,0,344.678571428571,46,20240530,46-CF 20240530.xlsx,std,6,a,FskOnly,0.8000000000000002
69,10,348.357142857142,46,20240530,46-CF 20240530.xlsx,std,6,a,FskOnly,0.8000000000000002
69,20,347.586206896551,46,20240530,46-CF 20240530.xlsx,std,6,a,FskOnly,0.8000000000000002
69,30,348.103448275862,46,20240530,46-CF 20240530.xlsx,std,6,a,FskOnly,0.8000000000000002
69,40,331.193548387096,46,20240530,46-CF 20240530.xlsx,std,6,a,FskOnly,0.8000000000000002
69,50,357.172413793103,46,20240530,46-CF 20240530.xlsx,std,6,a,FskOnly,0.8000000000000002
69,60,363.172413793103,46,20240530,46-CF 20240530.xlsx,std,6,a,FskOnly,0.8000000000000002
70,0,377.178571428571,46,20240530,46-CF 20240530.xlsx,std,6,b,FskOnly,0.8000000000000002
70,10,369.482758620689,46,20240530,46-CF 20240530.xlsx,std,6,b,FskOnly,0.8000000000000002
70,20,373.896551724137,46,20240530,46-CF 20240530.xlsx,std,6,b,FskOnly,0.8000000000000002
70,30,378.172413793103,46,20240530,46-CF 20240530.xlsx,std,6,b,FskOnly,0.8000000000000002
70,40,380.241379310344,46,20240530,46-CF 20240530.xlsx,std,6,b,FskOnly,0.8000000000000002
70,50,363.741935483871,46,20240530,46-CF 20240530.xlsx,std,6,b,FskOnly,0.8000000000000002
70,60,381.233333333333,46,20240530,46-CF 20240530.xlsx,std,6,b,FskOnly,0.8000000000000002
71,0,336.333333333333,46,20240530,46-CF 20240530.xlsx,std,8,a,FskOnly,5
71,10,340.729729729729,46,20240530,46-CF 20240530.xlsx,std,8,a,FskOnly,5
71,20,365.277777777777,46,20240530,46-CF 20240530.xlsx,std,8,a,FskOnly,5
71,30,388.314285714285,46,20240530,46-CF 20240530.xlsx,std,8,a,FskOnly,5
71,40,388.25,46,20240530,46-CF 20240530.xlsx,std,8,a,FskOnly,5
71,50,400.222222222222,46,20240530,46-CF 20240530.xlsx,std,8,a,FskOnly,5
71,60,409.777777777777,46,20240530,46-CF 20240530.xlsx,std,8,a,FskOnly,5
72,0,362.590909090909,46,20240530,46-CF 20240530.xlsx,std,8,b,FskOnly,5
72,10,390.142857142857,46,20240530,46-CF 20240530.xlsx,std,8,b,FskOnly,5
72,20,386.90909090909,46,20240530,46-CF 20240530.xlsx,std,8,b,FskOnly,5
72,30,415,46,20240530,46-CF 20240530.xlsx,std,8,b,FskOnly,5
72,40,423.095238095238,46,20240530,46-CF 20240530.xlsx,std,8,b,FskOnly,5
72,50,413.181818181818,46,20240530,46-CF 20240530.xlsx,std,8,b,FskOnly,5
72,60,440.238095238095,46,20240530,46-CF 20240530.xlsx,std,8,b,FskOnly,5
1,0,381.478260869565,46,20240625,46-CF 20240625.xlsx,std,1,a,ETI,0.008192000000000003
1,10,413.333333333333,46,20240625,46-CF 20240625.xlsx,std,1,a,ETI,0.008192000000000003
1,20,414.565217391304,46,20240625,46-CF 20240625.xlsx,std,1,a,ETI,0.008192000000000003
1,30,482.727272727272,46,20240625,46-CF 20240625.xlsx,std,1,a,ETI,0.008192000000000003
1,40,511.91304347826,46,20240625,46-CF 20240625.xlsx,std,1,a,ETI,0.008192000000000003
1,50,571.727272727272,46,20240625,46-CF 20240625.xlsx,std,1,a,ETI,0.008192000000000003
1,60,530.625,46,20240625,46-CF 20240625.xlsx,std,1,a,ETI,0.008192000000000003
2,0,407.103448275862,46,20240625,46-CF 20240625.xlsx,std,1,b,ETI,0.008192000000000003
2,10,381.741935483871,46,20240625,46-CF 20240625.xlsx,std,1,b,ETI,0.008192000000000003
2,20,459,46,20240625,46-CF 20240625.xlsx,std,1,b,ETI,0.008192000000000003
2,30,492.172413793103,46,20240625,46-CF 20240625.xlsx,std,1,b,ETI,0.008192000000000003
2,40,558.928571428571,46,20240625,46-CF 20240625.xlsx,std,1,b,ETI,0.008192000000000003
2,50,556.266666666666,46,20240625,46-CF 20240625.xlsx,std,1,b,ETI,0.008192000000000003
2,60,628.666666666666,46,20240625,46-CF 20240625.xlsx,std,1,b,ETI,0.008192000000000003
3,0,419.727272727272,46,20240625,46-CF 20240625.xlsx,std,2,a,ETI,0.02048000000000001
3,10,447.967741935483,46,20240625,46-CF 20240625.xlsx,std,2,a,ETI,0.02048000000000001
3,20,480.516129032258,46,20240625,46-CF 20240625.xlsx,std,2,a,ETI,0.02048000000000001
3,30,577.551724137931,46,20240625,46-CF 20240625.xlsx,std,2,a,ETI,0.02048000000000001
3,40,607.290322580645,46,20240625,46-CF 20240625.xlsx,std,2,a,ETI,0.02048000000000001
3,50,672.967741935483,46,20240625,46-CF 20240625.xlsx,std,2,a,ETI,0.02048000000000001
3,60,713.935483870967,46,20240625,46-CF 20240625.xlsx,std,2,a,ETI,0.02048000000000001
4,0,438,46,20240625,46-CF 20240625.xlsx,std,2,b,ETI,0.02048000000000001
4,10,438.7,46,20240625,46-CF 20240625.xlsx,std,2,b,ETI,0.02048000000000001
4,20,480.354838709677,46,20240625,46-CF 20240625.xlsx,std,2,b,ETI,0.02048000000000001
4,30,566.366666666666,46,20240625,46-CF 20240625.xlsx,std,2,b,ETI,0.02048000000000001
4,40,602.774193548387,46,20240625,46-CF 20240625.xlsx,std,2,b,ETI,0.02048000000000001
4,50,666.233333333333,46,20240625,46-CF 20240625.xlsx,std,2,b,ETI,0.02048000000000001
4,60,697.172413793103,46,20240625,46-CF 20240625.xlsx,std,2,b,ETI,0.02048000000000001
5,0,620.310344827586,46,20240625,46-CF 20240625.xlsx,std,3,a,ETI,0.05120000000000001
5,10,655.071428571428,46,20240625,46-CF 20240625.xlsx,std,3,a,ETI,0.05120000000000001
5,20,758.592592592592,46,20240625,46-CF 20240625.xlsx,std,3,a,ETI,0.05120000000000001
5,30,794.03448275862,46,20240625,46-CF 20240625.xlsx,std,3,a,ETI,0.05120000000000001
5,40,865.344827586206,46,20240625,46-CF 20240625.xlsx,std,3,a,ETI,0.05120000000000001
5,50,885.166666666666,46,20240625,46-CF 20240625.xlsx,std,3,a,ETI,0.05120000000000001
5,60,891.766666666666,46,20240625,46-CF 20240625.xlsx,std,3,a,ETI,0.05120000000000001
6,0,466.828571428571,46,20240625,46-CF 20240625.xlsx,std,3,b,ETI,0.05120000000000001
6,10,472.971428571428,46,20240625,46-CF 20240625.xlsx,std,3,b,ETI,0.05120000000000001
6,20,562.588235294117,46,20240625,46-CF 20240625.xlsx,std,3,b,ETI,0.05120000000000001
6,30,690.5,46,20240625,46-CF 20240625.xlsx,std,3,b,ETI,0.05120000000000001
6,40,772.029411764705,46,20240625,46-CF 20240625.xlsx,std,3,b,ETI,0.05120000000000001
6,50,800.558823529411,46,20240625,46-CF 20240625.xlsx,std,3,b,ETI,0.05120000000000001
6,60,874.53125,46,20240625,46-CF 20240625.xlsx,std,3,b,ETI,0.05120000000000001
7,0,318.260869565217,46,20240625,46-CF 20240625.xlsx,std,4,a,ETI,0.12800000000000003
7,10,429.4,46,20240625,46-CF 20240625.xlsx,std,4,a,ETI,0.12800000000000003
7,20,466.043478260869,46,20240625,46-CF 20240625.xlsx,std,4,a,ETI,0.12800000000000003
7,30,557,46,20240625,46-CF 20240625.xlsx,std,4,a,ETI,0.12800000000000003
7,40,628.904761904761,46,20240625,46-CF 20240625.xlsx,std,4,a,ETI,0.12800000000000003
7,50,608.40909090909,46,20240625,46-CF 20240625.xlsx,std,4,a,ETI,0.12800000000000003
7,60,562.739130434782,46,20240625,46-CF 20240625.xlsx,std,4,a,ETI,0.12800000000000003
8,0,475.375,46,20240625,46-CF 20240625.xlsx,std,4,b,ETI,0.12800000000000003
8,10,514.8125,46,20240625,46-CF 20240625.xlsx,std,4,b,ETI,0.12800000000000003
8,20,635.225806451612,46,20240625,46-CF 20240625.xlsx,std,4,b,ETI,0.12800000000000003
8,30,723.645161290322,46,20240625,46-CF 20240625.xlsx,std,4,b,ETI,0.12800000000000003
8,40,849.482758620689,46,20240625,46-CF 20240625.xlsx,std,4,b,ETI,0.12800000000000003
8,50,884.379310344827,46,20240625,46-CF 20240625.xlsx,std,4,b,ETI,0.12800000000000003
8,60,855.172413793103,46,20240625,46-CF 20240625.xlsx,std,4,b,ETI,0.12800000000000003
9,0,492.366666666666,46,20240625,46-CF 20240625.xlsx,std,5,a,ETI,0.32000000000000006
9,10,660.16,46,20240625,46-CF 20240625.xlsx,std,5,a,ETI,0.32000000000000006
9,20,776.538461538461,46,20240625,46-CF 20240625.xlsx,std,5,a,ETI,0.32000000000000006
9,30,956.791666666666,46,20240625,46-CF 20240625.xlsx,std,5,a,ETI,0.32000000000000006
9,40,1000.48,46,20240625,46-CF 20240625.xlsx,std,5,a,ETI,0.32000000000000006
9,50,1156.34782608695,46,20240625,46-CF 20240625.xlsx,std,5,a,ETI,0.32000000000000006
9,60,1132.08333333333,46,20240625,46-CF 20240625.xlsx,std,5,a,ETI,0.32000000000000006
10,0,387.285714285714,46,20240625,46-CF 20240625.xlsx,std,5,b,ETI,0.32000000000000006
10,10,465.727272727272,46,20240625,46-CF 20240625.xlsx,std,5,b,ETI,0.32000000000000006
10,20,592.5,46,20240625,46-CF 20240625.xlsx,std,5,b,ETI,0.32000000000000006
10,30,681.235294117647,46,20240625,46-CF 20240625.xlsx,std,5,b,ETI,0.32000000000000006
10,40,704.555555555555,46,20240625,46-CF 20240625.xlsx,std,5,b,ETI,0.32000000000000006
10,50,802.969696969697,46,20240625,46-CF 20240625.xlsx,std,5,b,ETI,0.32000000000000006
10,60,813.121212121212,46,20240625,46-CF 20240625.xlsx,std,5,b,ETI,0.32000000000000006
11,0,482.5625,46,20240625,46-CF 20240625.xlsx,std,6,a,ETI,0.8000000000000002
11,10,571.636363636363,46,20240625,46-CF 20240625.xlsx,std,6,a,ETI,0.8000000000000002
11,20,761.466666666666,46,20240625,46-CF 20240625.xlsx,std,6,a,ETI,0.8000000000000002
11,30,954.592592592592,46,20240625,46-CF 20240625.xlsx,std,6,a,ETI,0.8000000000000002
11,40,1041.11111111111,46,20240625,46-CF 20240625.xlsx,std,6,a,ETI,0.8000000000000002
11,50,1041,46,20240625,46-CF 20240625.xlsx,std,6,a,ETI,0.8000000000000002
11,60,1143.80769230769,46,20240625,46-CF 20240625.xlsx,std,6,a,ETI,0.8000000000000002
12,0,549.930232558139,46,20240625,46-CF 20240625.xlsx,std,6,b,ETI,0.8000000000000002
12,10,730.775,46,20240625,46-CF 20240625.xlsx,std,6,b,ETI,0.8000000000000002
12,20,902.05,46,20240625,46-CF 20240625.xlsx,std,6,b,ETI,0.8000000000000002
12,30,1106.32432432432,46,20240625,46-CF 20240625.xlsx,std,6,b,ETI,0.8000000000000002
12,40,1286.82857142857,46,20240625,46-CF 20240625.xlsx,std,6,b,ETI,0.8000000000000002
12,50,1310.88888888888,46,20240625,46-CF 20240625.xlsx,std,6,b,ETI,0.8000000000000002
12,60,1206.3947368421,46,20240625,46-CF 20240625.xlsx,std,6,b,ETI,0.8000000000000002
13,0,378.086956521739,46,20240625,46-CF 20240625.xlsx,std,7,a,ETI,2
13,10,492.260869565217,46,20240625,46-CF 20240625.xlsx,std,7,a,ETI,2
13,20,582.826086956521,46,20240625,46-CF 20240625.xlsx,std,7,a,ETI,2
13,30,682.545454545454,46,20240625,46-CF 20240625.xlsx,std,7,a,ETI,2
13,40,742.045454545454,46,20240625,46-CF 20240625.xlsx,std,7,a,ETI,2
13,50,776.818181818181,46,20240625,46-CF 20240625.xlsx,std,7,a,ETI,2
13,60,816.3,46,20240625,46-CF 20240625.xlsx,std,7,a,ETI,2
14,0,472.307692307692,46,20240625,46-CF 20240625.xlsx,std,7,b,ETI,2
14,10,571.571428571428,46,20240625,46-CF 20240625.xlsx,std,7,b,ETI,2
14,20,683.448275862069,46,20240625,46-CF 20240625.xlsx,std,7,b,ETI,2
14,30,876.461538461538,46,20240625,46-CF 20240625.xlsx,std,7,b,ETI,2
14,40,896,46,20240625,46-CF 20240625.xlsx,std,7,b,ETI,2
14,50,871.551724137931,46,20240625,46-CF 20240625.xlsx,std,7,b,ETI,2
14,60,911.214285714285,46,20240625,46-CF 20240625.xlsx,std,7,b,ETI,2
15,0,396.5625,46,20240625,46-CF 20240625.xlsx,std,8,a,ETI,5
15,10,507.53125,46,20240625,46-CF 20240625.xlsx,std,8,a,ETI,5
15,20,586,46,20240625,46-CF 20240625.xlsx,std,8,a,ETI,5
15,30,661.30303030303,46,20240625,46-CF 20240625.xlsx,std,8,a,ETI,5
15,40,741.21875,46,20240625,46-CF 20240625.xlsx,std,8,a,ETI,5
15,50,790.65625,46,20240625,46-CF 20240625.xlsx,std,8,a,ETI,5
15,60,849.466666666666,46,20240625,46-CF 20240625.xlsx,std,8,a,ETI,5
16,0,357.833333333333,46,20240625,46-CF 20240625.xlsx,std,8,b,ETI,5
16,10,440.64,46,20240625,46-CF 20240625.xlsx,std,8,b,ETI,5
16,20,598.5,46,20240625,46-CF 20240625.xlsx,std,8,b,ETI,5
16,30,647.826086956521,46,20240625,46-CF 20240625.xlsx,std,8,b,ETI,5
16,40,677.75,46,20240625,46-CF 20240625.xlsx,std,8,b,ETI,5
16,50,718.958333333333,46,20240625,46-CF 20240625.xlsx,std,8,b,ETI,5
16,60,723.583333333333,46,20240625,46-CF 20240625.xlsx,std,8,b,ETI,5
17,0,515.266666666666,46,20240625,46-CF 20240625.xlsx,std,1,a,VTI,0.008192000000000003
17,10,534.758620689655,46,20240625,46-CF 20240625.xlsx,std,1,a,VTI,0.008192000000000003
17,20,552.9,46,20240625,46-CF 20240625.xlsx,std,1,a,VTI,0.008192000000000003
17,30,626.379310344827,46,20240625,46-CF 20240625.xlsx,std,1,a,VTI,0.008192000000000003
17,40,693.448275862069,46,20240625,46-CF 20240625.xlsx,std,1,a,VTI,0.008192000000000003
17,50,790.25,46,20240625,46-CF 20240625.xlsx,std,1,a,VTI,0.008192000000000003
17,60,865.37037037037,46,20240625,46-CF 20240625.xlsx,std,1,a,VTI,0.008192000000000003
18,0,433.296296296296,46,20240625,46-CF 20240625.xlsx,std,1,b,VTI,0.008192000000000003
18,10,437.037037037037,46,20240625,46-CF 20240625.xlsx,std,1,b,VTI,0.008192000000000003
18,20,475.888888888888,46,20240625,46-CF 20240625.xlsx,std,1,b,VTI,0.008192000000000003
18,30,570.84,46,20240625,46-CF 20240625.xlsx,std,1,b,VTI,0.008192000000000003
18,40,661.416666666666,46,20240625,46-CF 20240625.xlsx,std,1,b,VTI,0.008192000000000003
18,50,718.375,46,20240625,46-CF 20240625.xlsx,std,1,b,VTI,0.008192000000000003
18,60,723.44,46,20240625,46-CF 20240625.xlsx,std,1,b,VTI,0.008192000000000003
19,0,331.555555555555,46,20240625,46-CF 20240625.xlsx,std,2,a,VTI,0.02048000000000001
19,10,358.730769230769,46,20240625,46-CF 20240625.xlsx,std,2,a,VTI,0.02048000000000001
19,20,381.814814814814,46,20240625,46-CF 20240625.xlsx,std,2,a,VTI,0.02048000000000001
19,30,433.148148148148,46,20240625,46-CF 20240625.xlsx,std,2,a,VTI,0.02048000000000001
19,40,491.444444444444,46,20240625,46-CF 20240625.xlsx,std,2,a,VTI,0.02048000000000001
19,50,553.653846153846,46,20240625,46-CF 20240625.xlsx,std,2,a,VTI,0.02048000000000001
19,60,544.74074074074,46,20240625,46-CF 20240625.xlsx,std,2,a,VTI,0.02048000000000001
20,0,301.578947368421,46,20240625,46-CF 20240625.xlsx,std,2,b,VTI,0.02048000000000001
20,10,313.918918918918,46,20240625,46-CF 20240625.xlsx,std,2,b,VTI,0.02048000000000001
20,20,342.675675675675,46,20240625,46-CF 20240625.xlsx,std,2,b,VTI,0.02048000000000001
20,30,387.864864864864,46,20240625,46-CF 20240625.xlsx,std,2,b,VTI,0.02048000000000001
20,40,448.361111111111,46,20240625,46-CF 20240625.xlsx,std,2,b,VTI,0.02048000000000001
20,50,509.257142857142,46,20240625,46-CF 20240625.xlsx,std,2,b,VTI,0.02048000000000001
20,60,541.117647058823,46,20240625,46-CF 20240625.xlsx,std,2,b,VTI,0.02048000000000001
21,0,319.478260869565,46,20240625,46-CF 20240625.xlsx,std,3,a,VTI,0.05120000000000001
21,10,348.136363636363,46,20240625,46-CF 20240625.xlsx,std,3,a,VTI,0.05120000000000001
21,20,408.272727272727,46,20240625,46-CF 20240625.xlsx,std,3,a,VTI,0.05120000000000001
21,30,465.40909090909,46,20240625,46-CF 20240625.xlsx,std,3,a,VTI,0.05120000000000001
21,40,514.272727272727,46,20240625,46-CF 20240625.xlsx,std,3,a,VTI,0.05120000000000001
21,50,521.565217391304,46,20240625,46-CF 20240625.xlsx,std,3,a,VTI,0.05120000000000001
21,60,542.590909090909,46,20240625,46-CF 20240625.xlsx,std,3,a,VTI,0.05120000000000001
22,0,471.85294117647,46,20240625,46-CF 20240625.xlsx,std,3,b,VTI,0.05120000000000001
22,10,509.375,46,20240625,46-CF 20240625.xlsx,std,3,b,VTI,0.05120000000000001
22,20,563.818181818181,46,20240625,46-CF 20240625.xlsx,std,3,b,VTI,0.05120000000000001
22,30,693.03125,46,20240625,46-CF 20240625.xlsx,std,3,b,VTI,0.05120000000000001
22,40,852.266666666666,46,20240625,46-CF 20240625.xlsx,std,3,b,VTI,0.05120000000000001
22,50,965.862068965517,46,20240625,46-CF 20240625.xlsx,std,3,b,VTI,0.05120000000000001
22,60,957.4,46,20240625,46-CF 20240625.xlsx,std,3,b,VTI,0.05120000000000001
23,0,391.575757575757,46,20240625,46-CF 20240625.xlsx,std,4,a,VTI,0.12800000000000003
23,10,423.088235294117,46,20240625,46-CF 20240625.xlsx,std,4,a,VTI,0.12800000000000003
23,20,561.151515151515,46,20240625,46-CF 20240625.xlsx,std,4,a,VTI,0.12800000000000003
23,30,593.055555555555,46,20240625,46-CF 20240625.xlsx,std,4,a,VTI,0.12800000000000003
23,40,725.5,46,20240625,46-CF 20240625.xlsx,std,4,a,VTI,0.12800000000000003
23,50,738.818181818181,46,20240625,46-CF 20240625.xlsx,std,4,a,VTI,0.12800000000000003
23,60,737.424242424242,46,20240625,46-CF 20240625.xlsx,std,4,a,VTI,0.12800000000000003
24,0,473.444444444444,46,20240625,46-CF 20240625.xlsx,std,4,b,VTI,0.12800000000000003
24,10,472.275862068965,46,20240625,46-CF 20240625.xlsx,std,4,b,VTI,0.12800000000000003
24,20,518.0625,46,20240625,46-CF 20240625.xlsx,std,4,b,VTI,0.12800000000000003
24,30,586,46,20240625,46-CF 20240625.xlsx,std,4,b,VTI,0.12800000000000003
24,40,640.96875,46,20240625,46-CF 20240625.xlsx,std,4,b,VTI,0.12800000000000003
24,50,678.375,46,20240625,46-CF 20240625.xlsx,std,4,b,VTI,0.12800000000000003
24,60,648.272727272727,46,20240625,46-CF 20240625.xlsx,std,4,b,VTI,0.12800000000000003
25,0,426.5625,46,20240625,46-CF 20240625.xlsx,std,5,a,VTI,0.32000000000000006
25,10,534.0625,46,20240625,46-CF 20240625.xlsx,std,5,a,VTI,0.32000000000000006
25,20,639.058823529411,46,20240625,46-CF 20240625.xlsx,std,5,a,VTI,0.32000000000000006
25,30,777.9375,46,20240625,46-CF 20240625.xlsx,std,5,a,VTI,0.32000000000000006
25,40,758.444444444444,46,20240625,46-CF 20240625.xlsx,std,5,a,VTI,0.32000000000000006
25,50,802.333333333333,46,20240625,46-CF 20240625.xlsx,std,5,a,VTI,0.32000000000000006
25,60,795.888888888888,46,20240625,46-CF 20240625.xlsx,std,5,a,VTI,0.32000000000000006
26,0,436.125,46,20240625,46-CF 20240625.xlsx,std,5,b,VTI,0.32000000000000006
26,10,513.708333333333,46,20240625,46-CF 20240625.xlsx,std,5,b,VTI,0.32000000000000006
26,20,614.72,46,20240625,46-CF 20240625.xlsx,std,5,b,VTI,0.32000000000000006
26,30,671,46,20240625,46-CF 20240625.xlsx,std,5,b,VTI,0.32000000000000006
26,40,765.8,46,20240625,46-CF 20240625.xlsx,std,5,b,VTI,0.32000000000000006
26,50,781.730769230769,46,20240625,46-CF 20240625.xlsx,std,5,b,VTI,0.32000000000000006
26,60,778.884615384615,46,20240625,46-CF 20240625.xlsx,std,5,b,VTI,0.32000000000000006
27,0,316.590909090909,46,20240625,46-CF 20240625.xlsx,std,6,a,VTI,0.8000000000000002
27,10,415.045454545454,46,20240625,46-CF 20240625.xlsx,std,6,a,VTI,0.8000000000000002
27,20,489.652173913043,46,20240625,46-CF 20240625.xlsx,std,6,a,VTI,0.8000000000000002
27,30,529.666666666666,46,20240625,46-CF 20240625.xlsx,std,6,a,VTI,0.8000000000000002
27,40,609.130434782608,46,20240625,46-CF 20240625.xlsx,std,6,a,VTI,0.8000000000000002
27,50,663.136363636363,46,20240625,46-CF 20240625.xlsx,std,6,a,VTI,0.8000000000000002
27,60,671,46,20240625,46-CF 20240625.xlsx,std,6,a,VTI,0.8000000000000002
28,0,384.703703703703,46,20240625,46-CF 20240625.xlsx,std,6,b,VTI,0.8000000000000002
28,10,485.925925925925,46,20240625,46-CF 20240625.xlsx,std,6,b,VTI,0.8000000000000002
28,20,582.814814814814,46,20240625,46-CF 20240625.xlsx,std,6,b,VTI,0.8000000000000002
28,30,661.666666666666,46,20240625,46-CF 20240625.xlsx,std,6,b,VTI,0.8000000000000002
28,40,728.111111111111,46,20240625,46-CF 20240625.xlsx,std,6,b,VTI,0.8000000000000002
28,50,774.592592592592,46,20240625,46-CF 20240625.xlsx,std,6,b,VTI,0.8000000000000002
28,60,767.851851851851,46,20240625,46-CF 20240625.xlsx,std,6,b,VTI,0.8000000000000002
29,0,476.04,46,20240625,46-CF 20240625.xlsx,std,7,a,VTI,2
29,10,637.791666666666,46,20240625,46-CF 20240625.xlsx,std,7,a,VTI,2
29,20,779.304347826087,46,20240625,46-CF 20240625.xlsx,std,7,a,VTI,2
29,30,873.086956521739,46,20240625,46-CF 20240625.xlsx,std,7,a,VTI,2
29,40,949.260869565217,46,20240625,46-CF 20240625.xlsx,std,7,a,VTI,2
29,50,1053.90909090909,46,20240625,46-CF 20240625.xlsx,std,7,a,VTI,2
29,60,1028.30434782608,46,20240625,46-CF 20240625.xlsx,std,7,a,VTI,2
30,0,411.821428571428,46,20240625,46-CF 20240625.xlsx,std,7,b,VTI,2
30,10,529.785714285714,46,20240625,46-CF 20240625.xlsx,std,7,b,VTI,2
30,20,595,46,20240625,46-CF 20240625.xlsx,std,7,b,VTI,2
30,30,666.03448275862,46,20240625,46-CF 20240625.xlsx,std,7,b,VTI,2
30,40,751.071428571428,46,20240625,46-CF 20240625.xlsx,std,7,b,VTI,2
30,50,791.714285714285,46,20240625,46-CF 20240625.xlsx,std,7,b,VTI,2
30,60,809.678571428571,46,20240625,46-CF 20240625.xlsx,std,7,b,VTI,2
31,0,430.68,46,20240625,46-CF 20240625.xlsx,std,8,a,VTI,5
31,10,686.571428571428,46,20240625,46-CF 20240625.xlsx,std,8,a,VTI,5
31,20,866.75,46,20240625,46-CF 20240625.xlsx,std,8,a,VTI,5
31,30,1091.66666666666,46,20240625,46-CF 20240625.xlsx,std,8,a,VTI,5
31,40,1196.61111111111,46,20240625,46-CF 20240625.xlsx,std,8,a,VTI,5
31,50,1212.84210526315,46,20240625,46-CF 20240625.xlsx,std,8,a,VTI,5
31,60,1262.63157894736,46,20240625,46-CF 20240625.xlsx,std,8,a,VTI,5
32,0,483.04,46,20240625,46-CF 20240625.xlsx,std,8,b,VTI,5
32,10,655.75,46,20240625,46-CF 20240625.xlsx,std,8,b,VTI,5
32,20,716.76923076923,46,20240625,46-CF 20240625.xlsx,std,8,b,VTI,5
32,30,840.04,46,20240625,46-CF 20240625.xlsx,std,8,b,VTI,5
32,40,1004.91304347826,46,20240625,46-CF 20240625.xlsx,std,8,b,VTI,5
32,50,1046.78260869565,46,20240625,46-CF 20240625.xlsx,std,8,b,VTI,5
32,60,1023.70833333333,46,20240625,46-CF 20240625.xlsx,std,8,b,VTI,5
65,0,361.8,46,20240625,46-CF 20240625.xlsx,std,2,a,FskOnly,0.02048000000000001
65,10,355.933333333333,46,20240625,46-CF 20240625.xlsx,std,2,a,FskOnly,0.02048000000000001
65,20,348.666666666666,46,20240625,46-CF 20240625.xlsx,std,2,a,FskOnly,0.02048000000000001
65,30,348.4,46,20240625,46-CF 20240625.xlsx,std,2,a,FskOnly,0.02048000000000001
65,40,344.866666666666,46,20240625,46-CF 20240625.xlsx,std,2,a,FskOnly,0.02048000000000001
65,50,341.066666666666,46,20240625,46-CF 20240625.xlsx,std,2,a,FskOnly,0.02048000000000001
65,60,341.066666666666,46,20240625,46-CF 20240625.xlsx,std,2,a,FskOnly,0.02048000000000001
66,0,437.90909090909,46,20240625,46-CF 20240625.xlsx,std,2,b,FskOnly,0.02048000000000001
66,10,459.619047619047,46,20240625,46-CF 20240625.xlsx,std,2,b,FskOnly,0.02048000000000001
66,20,419.391304347826,46,20240625,46-CF 20240625.xlsx,std,2,b,FskOnly,0.02048000000000001
66,30,456.047619047619,46,20240625,46-CF 20240625.xlsx,std,2,b,FskOnly,0.02048000000000001
66,40,413.91304347826,46,20240625,46-CF 20240625.xlsx,std,2,b,FskOnly,0.02048000000000001
66,50,432.454545454545,46,20240625,46-CF 20240625.xlsx,std,2,b,FskOnly,0.02048000000000001
66,60,430.318181818181,46,20240625,46-CF 20240625.xlsx,std,2,b,FskOnly,0.02048000000000001
67,0,288.666666666666,46,20240625,46-CF 20240625.xlsx,std,4,a,FskOnly,0.12800000000000003
67,10,317.368421052631,46,20240625,46-CF 20240625.xlsx,std,4,a,FskOnly,0.12800000000000003
67,20,299.35,46,20240625,46-CF 20240625.xlsx,std,4,a,FskOnly,0.12800000000000003
67,30,298.6,46,20240625,46-CF 20240625.xlsx,std,4,a,FskOnly,0.12800000000000003
67,40,296.25,46,20240625,46-CF 20240625.xlsx,std,4,a,FskOnly,0.12800000000000003
67,50,293.95,46,20240625,46-CF 20240625.xlsx,std,4,a,FskOnly,0.12800000000000003
67,60,292.85,46,20240625,46-CF 20240625.xlsx,std,4,a,FskOnly,0.12800000000000003
68,0,299.666666666666,46,20240625,46-CF 20240625.xlsx,std,4,b,FskOnly,0.12800000000000003
68,10,300.185185185185,46,20240625,46-CF 20240625.xlsx,std,4,b,FskOnly,0.12800000000000003
68,20,297.518518518518,46,20240625,46-CF 20240625.xlsx,std,4,b,FskOnly,0.12800000000000003
68,30,296.555555555555,46,20240625,46-CF 20240625.xlsx,std,4,b,FskOnly,0.12800000000000003
68,40,294.814814814814,46,20240625,46-CF 20240625.xlsx,std,4,b,FskOnly,0.12800000000000003
68,50,291.74074074074,46,20240625,46-CF 20240625.xlsx,std,4,b,FskOnly,0.12800000000000003
68,60,290.333333333333,46,20240625,46-CF 20240625.xlsx,std,4,b,FskOnly,0.12800000000000003
69,0,370.322580645161,46,20240625,46-CF 20240625.xlsx,std,6,a,FskOnly,0.8000000000000002
69,10,358.59375,46,20240625,46-CF 20240625.xlsx,std,6,a,FskOnly,0.8000000000000002
69,20,339.558823529411,46,20240625,46-CF 20240625.xlsx,std,6,a,FskOnly,0.8000000000000002
69,30,360.65625,46,20240625,46-CF 20240625.xlsx,std,6,a,FskOnly,0.8000000000000002
69,40,362.8125,46,20240625,46-CF 20240625.xlsx,std,6,a,FskOnly,0.8000000000000002
69,50,353.575757575757,46,20240625,46-CF 20240625.xlsx,std,6,a,FskOnly,0.8000000000000002
69,60,380.516129032258,46,20240625,46-CF 20240625.xlsx,std,6,a,FskOnly,0.8000000000000002
70,0,480.764705882352,46,20240625,46-CF 20240625.xlsx,std,6,b,FskOnly,0.8000000000000002
70,10,433.421052631578,46,20240625,46-CF 20240625.xlsx,std,6,b,FskOnly,0.8000000000000002
70,20,432.842105263157,46,20240625,46-CF 20240625.xlsx,std,6,b,FskOnly,0.8000000000000002
70,30,460.666666666666,46,20240625,46-CF 20240625.xlsx,std,6,b,FskOnly,0.8000000000000002
70,40,490.294117647058,46,20240625,46-CF 20240625.xlsx,std,6,b,FskOnly,0.8000000000000002
70,50,467.111111111111,46,20240625,46-CF 20240625.xlsx,std,6,b,FskOnly,0.8000000000000002
70,60,503.058823529411,46,20240625,46-CF 20240625.xlsx,std,6,b,FskOnly,0.8000000000000002
71,0,278.210526315789,46,20240625,46-CF 20240625.xlsx,std,8,a,FskOnly,5
71,10,285.578947368421,46,20240625,46-CF 20240625.xlsx,std,8,a,FskOnly,5
71,20,297.78947368421,46,20240625,46-CF 20240625.xlsx,std,8,a,FskOnly,5
71,30,306.894736842105,46,20240625,46-CF 20240625.xlsx,std,8,a,FskOnly,5
71,40,312.105263157894,46,20240625,46-CF 20240625.xlsx,std,8,a,FskOnly,5
71,50,317.421052631578,46,20240625,46-CF 20240625.xlsx,std,8,a,FskOnly,5
71,60,322.052631578947,46,20240625,46-CF 20240625.xlsx,std,8,a,FskOnly,5
72,0,357.526315789473,46,20240625,46-CF 20240625.xlsx,std,8,b,FskOnly,5
72,10,352.9,46,20240625,46-CF 20240625.xlsx,std,8,b,FskOnly,5
72,20,351.666666666666,46,20240625,46-CF 20240625.xlsx,std,8,b,FskOnly,5
72,30,374.05,46,20240625,46-CF 20240625.xlsx,std,8,b,FskOnly,5
72,40,380.75,46,20240625,46-CF 20240625.xlsx,std,8,b,FskOnly,5
72,50,383.85,46,20240625,46-CF 20240625.xlsx,std,8,b,FskOnly,5
72,60,386.7,46,20240625,46-CF 20240625.xlsx,std,8,b,FskOnly,5
1,0,377.795454545454,58,20240314,58-CF_20240314_optimalizace_vanza.xlsx,optimalizace,1,a,ETI,0.008192000000000003
1,10,373.577777777777,58,20240314,58-CF_20240314_optimalizace_vanza.xlsx,optimalizace,1,a,ETI,0.008192000000000003
1,20,391.022222222222,58,20240314,58-CF_20240314_optimalizace_vanza.xlsx,optimalizace,1,a,ETI,0.008192000000000003
1,30,397.297872340425,58,20240314,58-CF_20240314_optimalizace_vanza.xlsx,optimalizace,1,a,ETI,0.008192000000000003
1,40,432.282608695652,58,20240314,58-CF_20240314_optimalizace_vanza.xlsx,optimalizace,1,a,ETI,0.008192000000000003
1,50,446.333333333333,58,20240314,58-CF_20240314_optimalizace_vanza.xlsx,optimalizace,1,a,ETI,0.008192000000000003
1,60,491.282608695652,58,20240314,58-CF_20240314_optimalizace_vanza.xlsx,optimalizace,1,a,ETI,0.008192000000000003
2,0,361.297297297297,58,20240314,58-CF_20240314_optimalizace_vanza.xlsx,optimalizace,1,b,ETI,0.008192000000000003
2,10,367.837837837837,58,20240314,58-CF_20240314_optimalizace_vanza.xlsx,optimalizace,1,b,ETI,0.008192000000000003
2,20,383.459459459459,58,20240314,58-CF_20240314_optimalizace_vanza.xlsx,optimalizace,1,b,ETI,0.008192000000000003
2,30,411.432432432432,58,20240314,58-CF_20240314_optimalizace_vanza.xlsx,optimalizace,1,b,ETI,0.008192000000000003
2,40,451.666666666666,58,20240314,58-CF_20240314_optimalizace_vanza.xlsx,optimalizace,1,b,ETI,0.008192000000000003
2,50,470.297297297297,58,20240314,58-CF_20240314_optimalizace_vanza.xlsx,optimalizace,1,b,ETI,0.008192000000000003
2,60,514.416666666666,58,20240314,58-CF_20240314_optimalizace_vanza.xlsx,optimalizace,1,b,ETI,0.008192000000000003
3,0,473.97619047619,58,20240314,58-CF_20240314_optimalizace_vanza.xlsx,optimalizace,2,a,ETI,0.02048000000000001
3,10,442.444444444444,58,20240314,58-CF_20240314_optimalizace_vanza.xlsx,optimalizace,2,a,ETI,0.02048000000000001
3,20,472.318181818181,58,20240314,58-CF_20240314_optimalizace_vanza.xlsx,optimalizace,2,a,ETI,0.02048000000000001
3,30,507.363636363636,58,20240314,58-CF_20240314_optimalizace_vanza.xlsx,optimalizace,2,a,ETI,0.02048000000000001
3,40,546.318181818181,58,20240314,58-CF_20240314_optimalizace_vanza.xlsx,optimalizace,2,a,ETI,0.02048000000000001
3,50,599.279069767441,58,20240314,58-CF_20240314_optimalizace_vanza.xlsx,optimalizace,2,a,ETI,0.02048000000000001
3,60,609.90909090909,58,20240314,58-CF_20240314_optimalizace_vanza.xlsx,optimalizace,2,a,ETI,0.02048000000000001
4,0,320.8,58,20240314,58-CF_20240314_optimalizace_vanza.xlsx,optimalizace,2,b,ETI,0.02048000000000001
4,10,310.730769230769,58,20240314,58-CF_20240314_optimalizace_vanza.xlsx,optimalizace,2,b,ETI,0.02048000000000001
4,20,332.24,58,20240314,58-CF_20240314_optimalizace_vanza.xlsx,optimalizace,2,b,ETI,0.02048000000000001
4,30,344.76923076923,58,20240314,58-CF_20240314_optimalizace_vanza.xlsx,optimalizace,2,b,ETI,0.02048000000000001
4,40,376.26923076923,58,20240314,58-CF_20240314_optimalizace_vanza.xlsx,optimalizace,2,b,ETI,0.02048000000000001
4,50,375.142857142857,58,20240314,58-CF_20240314_optimalizace_vanza.xlsx,optimalizace,2,b,ETI,0.02048000000000001
4,60,404.392857142857,58,20240314,58-CF_20240314_optimalizace_vanza.xlsx,optimalizace,2,b,ETI,0.02048000000000001
5,0,306.5625,58,20240314,58-CF_20240314_optimalizace_vanza.xlsx,optimalizace,3,a,ETI,0.05120000000000001
5,10,307.96875,58,20240314,58-CF_20240314_optimalizace_vanza.xlsx,optimalizace,3,a,ETI,0.05120000000000001
5,20,323.75,58,20240314,58-CF_20240314_optimalizace_vanza.xlsx,optimalizace,3,a,ETI,0.05120000000000001
5,30,353.09375,58,20240314,58-CF_20240314_optimalizace_vanza.xlsx,optimalizace,3,a,ETI,0.05120000000000001
5,40,386.875,58,20240314,58-CF_20240314_optimalizace_vanza.xlsx,optimalizace,3,a,ETI,0.05120000000000001
5,50,423.59375,58,20240314,58-CF_20240314_optimalizace_vanza.xlsx,optimalizace,3,a,ETI,0.05120000000000001
5,60,435.970588235294,58,20240314,58-CF_20240314_optimalizace_vanza.xlsx,optimalizace,3,a,ETI,0.05120000000000001
6,0,342.673076923076,58,20240314,58-CF_20240314_optimalizace_vanza.xlsx,optimalizace,3,b,ETI,0.05120000000000001
6,10,344.115384615384,58,20240314,58-CF_20240314_optimalizace_vanza.xlsx,optimalizace,3,b,ETI,0.05120000000000001
6,20,361.01923076923,58,20240314,58-CF_20240314_optimalizace_vanza.xlsx,optimalizace,3,b,ETI,0.05120000000000001
6,30,374.018181818181,58,20240314,58-CF_20240314_optimalizace_vanza.xlsx,optimalizace,3,b,ETI,0.05120000000000001
6,40,425.226415094339,58,20240314,58-CF_20240314_optimalizace_vanza.xlsx,optimalizace,3,b,ETI,0.05120000000000001
6,50,441.946428571428,58,20240314,58-CF_20240314_optimalizace_vanza.xlsx,optimalizace,3,b,ETI,0.05120000000000001
6,60,480.678571428571,58,20240314,58-CF_20240314_optimalizace_vanza.xlsx,optimalizace,3,b,ETI,0.05120000000000001
7,0,423.15909090909,58,20240314,58-CF_20240314_optimalizace_vanza.xlsx,optimalizace,4,a,ETI,0.12800000000000003
7,10,427.818181818181,58,20240314,58-CF_20240314_optimalizace_vanza.xlsx,optimalizace,4,a,ETI,0.12800000000000003
7,20,469.863636363636,58,20240314,58-CF_20240314_optimalizace_vanza.xlsx,optimalizace,4,a,ETI,0.12800000000000003
7,30,514.021739130434,58,20240314,58-CF_20240314_optimalizace_vanza.xlsx,optimalizace,4,a,ETI,0.12800000000000003
7,40,585.108695652173,58,20240314,58-CF_20240314_optimalizace_vanza.xlsx,optimalizace,4,a,ETI,0.12800000000000003
7,50,650.347826086956,58,20240314,58-CF_20240314_optimalizace_vanza.xlsx,optimalizace,4,a,ETI,0.12800000000000003
7,60,677.739130434782,58,20240314,58-CF_20240314_optimalizace_vanza.xlsx,optimalizace,4,a,ETI,0.12800000000000003
8,0,289,58,20240314,58-CF_20240314_optimalizace_vanza.xlsx,optimalizace,4,b,ETI,0.12800000000000003
8,10,297.419354838709,58,20240314,58-CF_20240314_optimalizace_vanza.xlsx,optimalizace,4,b,ETI,0.12800000000000003
8,20,336.032258064516,58,20240314,58-CF_20240314_optimalizace_vanza.xlsx,optimalizace,4,b,ETI,0.12800000000000003
8,30,380.59375,58,20240314,58-CF_20240314_optimalizace_vanza.xlsx,optimalizace,4,b,ETI,0.12800000000000003
8,40,438.066666666666,58,20240314,58-CF_20240314_optimalizace_vanza.xlsx,optimalizace,4,b,ETI,0.12800000000000003
8,50,470.806451612903,58,20240314,58-CF_20240314_optimalizace_vanza.xlsx,optimalizace,4,b,ETI,0.12800000000000003
8,60,519.633333333333,58,20240314,58-CF_20240314_optimalizace_vanza.xlsx,optimalizace,4,b,ETI,0.12800000000000003
9,0,413,58,20240314,58-CF_20240314_optimalizace_vanza.xlsx,optimalizace,5,a,ETI,0.32000000000000006
9,10,411.135135135135,58,20240314,58-CF_20240314_optimalizace_vanza.xlsx,optimalizace,5,a,ETI,0.32000000000000006
9,20,447.487179487179,58,20240314,58-CF_20240314_optimalizace_vanza.xlsx,optimalizace,5,a,ETI,0.32000000000000006
9,30,524.973684210526,58,20240314,58-CF_20240314_optimalizace_vanza.xlsx,optimalizace,5,a,ETI,0.32000000000000006
9,40,646.571428571428,58,20240314,58-CF_20240314_optimalizace_vanza.xlsx,optimalizace,5,a,ETI,0.32000000000000006
9,50,711.885714285714,58,20240314,58-CF_20240314_optimalizace_vanza.xlsx,optimalizace,5,a,ETI,0.32000000000000006
9,60,845.4375,58,20240314,58-CF_20240314_optimalizace_vanza.xlsx,optimalizace,5,a,ETI,0.32000000000000006
10,0,373.578947368421,58,20240314,58-CF_20240314_optimalizace_vanza.xlsx,optimalizace,5,b,ETI,0.32000000000000006
10,10,398.945945945945,58,20240314,58-CF_20240314_optimalizace_vanza.xlsx,optimalizace,5,b,ETI,0.32000000000000006
10,20,456.324324324324,58,20240314,58-CF_20240314_optimalizace_vanza.xlsx,optimalizace,5,b,ETI,0.32000000000000006
10,30,563.888888888888,58,20240314,58-CF_20240314_optimalizace_vanza.xlsx,optimalizace,5,b,ETI,0.32000000000000006
10,40,622.805555555555,58,20240314,58-CF_20240314_optimalizace_vanza.xlsx,optimalizace,5,b,ETI,0.32000000000000006
10,50,708.457142857142,58,20240314,58-CF_20240314_optimalizace_vanza.xlsx,optimalizace,5,b,ETI,0.32000000000000006
10,60,741.361111111111,58,20240314,58-CF_20240314_optimalizace_vanza.xlsx,optimalizace,5,b,ETI,0.32000000000000006
11,0,362,58,20240314,58-CF_20240314_optimalizace_vanza.xlsx,optimalizace,6,a,ETI,0.8000000000000002
11,10,407.666666666666,58,20240314,58-CF_20240314_optimalizace_vanza.xlsx,optimalizace,6,a,ETI,0.8000000000000002
11,20,464.275,58,20240314,58-CF_20240314_optimalizace_vanza.xlsx,optimalizace,6,a,ETI,0.8000000000000002
11,30,565.552631578947,58,20240314,58-CF_20240314_optimalizace_vanza.xlsx,optimalizace,6,a,ETI,0.8000000000000002
11,40,601.375,58,20240314,58-CF_20240314_optimalizace_vanza.xlsx,optimalizace,6,a,ETI,0.8000000000000002
11,50,649.825,58,20240314,58-CF_20240314_optimalizace_vanza.xlsx,optimalizace,6,a,ETI,0.8000000000000002
11,60,692.7,58,20240314,58-CF_20240314_optimalizace_vanza.xlsx,optimalizace,6,a,ETI,0.8000000000000002
12,0,268.279069767441,58,20240314,58-CF_20240314_optimalizace_vanza.xlsx,optimalizace,6,b,ETI,0.8000000000000002
12,10,295.395348837209,58,20240314,58-CF_20240314_optimalizace_vanza.xlsx,optimalizace,6,b,ETI,0.8000000000000002
12,20,345.333333333333,58,20240314,58-CF_20240314_optimalizace_vanza.xlsx,optimalizace,6,b,ETI,0.8000000000000002
12,30,368.56,58,20240314,58-CF_20240314_optimalizace_vanza.xlsx,optimalizace,6,b,ETI,0.8000000000000002
12,40,432.170212765957,58,20240314,58-CF_20240314_optimalizace_vanza.xlsx,optimalizace,6,b,ETI,0.8000000000000002
12,50,458.791666666666,58,20240314,58-CF_20240314_optimalizace_vanza.xlsx,optimalizace,6,b,ETI,0.8000000000000002
12,60,484.458333333333,58,20240314,58-CF_20240314_optimalizace_vanza.xlsx,optimalizace,6,b,ETI,0.8000000000000002
13,0,331.923076923076,58,20240314,58-CF_20240314_optimalizace_vanza.xlsx,optimalizace,7,a,ETI,2
13,10,365.862068965517,58,20240314,58-CF_20240314_optimalizace_vanza.xlsx,optimalizace,7,a,ETI,2
13,20,428.2,58,20240314,58-CF_20240314_optimalizace_vanza.xlsx,optimalizace,7,a,ETI,2
13,30,484.066666666666,58,20240314,58-CF_20240314_optimalizace_vanza.xlsx,optimalizace,7,a,ETI,2
13,40,533.766666666666,58,20240314,58-CF_20240314_optimalizace_vanza.xlsx,optimalizace,7,a,ETI,2
13,50,577.533333333333,58,20240314,58-CF_20240314_optimalizace_vanza.xlsx,optimalizace,7,a,ETI,2
13,60,611.2,58,20240314,58-CF_20240314_optimalizace_vanza.xlsx,optimalizace,7,a,ETI,2
14,0,330.636363636363,58,20240314,58-CF_20240314_optimalizace_vanza.xlsx,optimalizace,7,b,ETI,2
14,10,391.628571428571,58,20240314,58-CF_20240314_optimalizace_vanza.xlsx,optimalizace,7,b,ETI,2
14,20,469.486486486486,58,20240314,58-CF_20240314_optimalizace_vanza.xlsx,optimalizace,7,b,ETI,2
14,30,522.28947368421,58,20240314,58-CF_20240314_optimalizace_vanza.xlsx,optimalizace,7,b,ETI,2
14,40,545.6,58,20240314,58-CF_20240314_optimalizace_vanza.xlsx,optimalizace,7,b,ETI,2
14,50,573.097560975609,58,20240314,58-CF_20240314_optimalizace_vanza.xlsx,optimalizace,7,b,ETI,2
14,60,619.333333333333,58,20240314,58-CF_20240314_optimalizace_vanza.xlsx,optimalizace,7,b,ETI,2
15,0,366.083333333333,58,20240314,58-CF_20240314_optimalizace_vanza.xlsx,optimalizace,8,a,ETI,5
15,10,474.27027027027,58,20240314,58-CF_20240314_optimalizace_vanza.xlsx,optimalizace,8,a,ETI,5
15,20,564.108108108108,58,20240314,58-CF_20240314_optimalizace_vanza.xlsx,optimalizace,8,a,ETI,5
15,30,631.162162162162,58,20240314,58-CF_20240314_optimalizace_vanza.xlsx,optimalizace,8,a,ETI,5
15,40,688.135135135135,58,20240314,58-CF_20240314_optimalizace_vanza.xlsx,optimalizace,8,a,ETI,5
15,50,779.857142857142,58,20240314,58-CF_20240314_optimalizace_vanza.xlsx,optimalizace,8,a,ETI,5
15,60,779.135135135135,58,20240314,58-CF_20240314_optimalizace_vanza.xlsx,optimalizace,8,a,ETI,5
16,0,358.828571428571,58,20240314,58-CF_20240314_optimalizace_vanza.xlsx,optimalizace,8,b,ETI,5
16,10,446.416666666666,58,20240314,58-CF_20240314_optimalizace_vanza.xlsx,optimalizace,8,b,ETI,5
16,20,517.405405405405,58,20240314,58-CF_20240314_optimalizace_vanza.xlsx,optimalizace,8,b,ETI,5
16,30,549.410256410256,58,20240314,58-CF_20240314_optimalizace_vanza.xlsx,optimalizace,8,b,ETI,5
16,40,617.210526315789,58,20240314,58-CF_20240314_optimalizace_vanza.xlsx,optimalizace,8,b,ETI,5
16,50,641.846153846153,58,20240314,58-CF_20240314_optimalizace_vanza.xlsx,optimalizace,8,b,ETI,5
16,60,706.756756756756,58,20240314,58-CF_20240314_optimalizace_vanza.xlsx,optimalizace,8,b,ETI,5
17,0,265.481481481481,58,20240314,58-CF_20240314_optimalizace_vanza.xlsx,optimalizace,1,a,VTI_2,0.008192000000000003
17,10,268.111111111111,58,20240314,58-CF_20240314_optimalizace_vanza.xlsx,optimalizace,1,a,VTI_2,0.008192000000000003
17,20,267.25,58,20240314,58-CF_20240314_optimalizace_vanza.xlsx,optimalizace,1,a,VTI_2,0.008192000000000003
17,30,291.518518518518,58,20240314,58-CF_20240314_optimalizace_vanza.xlsx,optimalizace,1,a,VTI_2,0.008192000000000003
17,40,300.678571428571,58,20240314,58-CF_20240314_optimalizace_vanza.xlsx,optimalizace,1,a,VTI_2,0.008192000000000003
17,50,344.76923076923,58,20240314,58-CF_20240314_optimalizace_vanza.xlsx,optimalizace,1,a,VTI_2,0.008192000000000003
17,60,368.615384615384,58,20240314,58-CF_20240314_optimalizace_vanza.xlsx,optimalizace,1,a,VTI_2,0.008192000000000003
18,0,345.567567567567,58,20240314,58-CF_20240314_optimalizace_vanza.xlsx,optimalizace,1,b,VTI_2,0.008192000000000003
18,10,361.315789473684,58,20240314,58-CF_20240314_optimalizace_vanza.xlsx,optimalizace,1,b,VTI_2,0.008192000000000003
18,20,357.837837837837,58,20240314,58-CF_20240314_optimalizace_vanza.xlsx,optimalizace,1,b,VTI_2,0.008192000000000003
18,30,373.324324324324,58,20240314,58-CF_20240314_optimalizace_vanza.xlsx,optimalizace,1,b,VTI_2,0.008192000000000003
18,40,389.783783783783,58,20240314,58-CF_20240314_optimalizace_vanza.xlsx,optimalizace,1,b,VTI_2,0.008192000000000003
18,50,406.864864864864,58,20240314,58-CF_20240314_optimalizace_vanza.xlsx,optimalizace,1,b,VTI_2,0.008192000000000003
18,60,427.918918918918,58,20240314,58-CF_20240314_optimalizace_vanza.xlsx,optimalizace,1,b,VTI_2,0.008192000000000003
19,0,308.2,58,20240314,58-CF_20240314_optimalizace_vanza.xlsx,optimalizace,2,a,VTI_2,0.02048000000000001
19,10,315.057142857142,58,20240314,58-CF_20240314_optimalizace_vanza.xlsx,optimalizace,2,a,VTI_2,0.02048000000000001
19,20,325.485714285714,58,20240314,58-CF_20240314_optimalizace_vanza.xlsx,optimalizace,2,a,VTI_2,0.02048000000000001
19,30,344.228571428571,58,20240314,58-CF_20240314_optimalizace_vanza.xlsx,optimalizace,2,a,VTI_2,0.02048000000000001
19,40,352.75,58,20240314,58-CF_20240314_optimalizace_vanza.xlsx,optimalizace,2,a,VTI_2,0.02048000000000001
19,50,394.5,58,20240314,58-CF_20240314_optimalizace_vanza.xlsx,optimalizace,2,a,VTI_2,0.02048000000000001
19,60,409.342857142857,58,20240314,58-CF_20240314_optimalizace_vanza.xlsx,optimalizace,2,a,VTI_2,0.02048000000000001
20,0,325.645161290322,58,20240314,58-CF_20240314_optimalizace_vanza.xlsx,optimalizace,2,b,VTI_2,0.02048000000000001
20,10,315.71875,58,20240314,58-CF_20240314_optimalizace_vanza.xlsx,optimalizace,2,b,VTI_2,0.02048000000000001
20,20,334.838709677419,58,20240314,58-CF_20240314_optimalizace_vanza.xlsx,optimalizace,2,b,VTI_2,0.02048000000000001
20,30,328.441176470588,58,20240314,58-CF_20240314_optimalizace_vanza.xlsx,optimalizace,2,b,VTI_2,0.02048000000000001
20,40,343.314285714285,58,20240314,58-CF_20240314_optimalizace_vanza.xlsx,optimalizace,2,b,VTI_2,0.02048000000000001
20,50,369.514285714285,58,20240314,58-CF_20240314_optimalizace_vanza.xlsx,optimalizace,2,b,VTI_2,0.02048000000000001
20,60,409.235294117647,58,20240314,58-CF_20240314_optimalizace_vanza.xlsx,optimalizace,2,b,VTI_2,0.02048000000000001
21,0,419.727272727272,58,20240314,58-CF_20240314_optimalizace_vanza.xlsx,optimalizace,3,a,VTI_2,0.05120000000000001
21,10,407.147058823529,58,20240314,58-CF_20240314_optimalizace_vanza.xlsx,optimalizace,3,a,VTI_2,0.05120000000000001
21,20,420.088235294117,58,20240314,58-CF_20240314_optimalizace_vanza.xlsx,optimalizace,3,a,VTI_2,0.05120000000000001
21,30,450.323529411764,58,20240314,58-CF_20240314_optimalizace_vanza.xlsx,optimalizace,3,a,VTI_2,0.05120000000000001
21,40,459.888888888888,58,20240314,58-CF_20240314_optimalizace_vanza.xlsx,optimalizace,3,a,VTI_2,0.05120000000000001
21,50,509.742857142857,58,20240314,58-CF_20240314_optimalizace_vanza.xlsx,optimalizace,3,a,VTI_2,0.05120000000000001
21,60,549.828571428571,58,20240314,58-CF_20240314_optimalizace_vanza.xlsx,optimalizace,3,a,VTI_2,0.05120000000000001
22,0,313.333333333333,58,20240314,58-CF_20240314_optimalizace_vanza.xlsx,optimalizace,3,b,VTI_2,0.05120000000000001
22,10,307.243243243243,58,20240314,58-CF_20240314_optimalizace_vanza.xlsx,optimalizace,3,b,VTI_2,0.05120000000000001
22,20,328.555555555555,58,20240314,58-CF_20240314_optimalizace_vanza.xlsx,optimalizace,3,b,VTI_2,0.05120000000000001
22,30,334.526315789473,58,20240314,58-CF_20240314_optimalizace_vanza.xlsx,optimalizace,3,b,VTI_2,0.05120000000000001
22,40,346.475,58,20240314,58-CF_20240314_optimalizace_vanza.xlsx,optimalizace,3,b,VTI_2,0.05120000000000001
22,50,384.333333333333,58,20240314,58-CF_20240314_optimalizace_vanza.xlsx,optimalizace,3,b,VTI_2,0.05120000000000001
22,60,411.8,58,20240314,58-CF_20240314_optimalizace_vanza.xlsx,optimalizace,3,b,VTI_2,0.05120000000000001
23,0,326.111111111111,58,20240314,58-CF_20240314_optimalizace_vanza.xlsx,optimalizace,4,a,VTI_2,0.12800000000000003
23,10,327.377777777777,58,20240314,58-CF_20240314_optimalizace_vanza.xlsx,optimalizace,4,a,VTI_2,0.12800000000000003
23,20,343.239130434782,58,20240314,58-CF_20240314_optimalizace_vanza.xlsx,optimalizace,4,a,VTI_2,0.12800000000000003
23,30,380.586956521739,58,20240314,58-CF_20240314_optimalizace_vanza.xlsx,optimalizace,4,a,VTI_2,0.12800000000000003
23,40,414.510638297872,58,20240314,58-CF_20240314_optimalizace_vanza.xlsx,optimalizace,4,a,VTI_2,0.12800000000000003
23,50,453.416666666666,58,20240314,58-CF_20240314_optimalizace_vanza.xlsx,optimalizace,4,a,VTI_2,0.12800000000000003
23,60,490.775510204081,58,20240314,58-CF_20240314_optimalizace_vanza.xlsx,optimalizace,4,a,VTI_2,0.12800000000000003
24,0,328.5,58,20240314,58-CF_20240314_optimalizace_vanza.xlsx,optimalizace,4,b,VTI_2,0.12800000000000003
24,10,316.947368421052,58,20240314,58-CF_20240314_optimalizace_vanza.xlsx,optimalizace,4,b,VTI_2,0.12800000000000003
24,20,355.361111111111,58,20240314,58-CF_20240314_optimalizace_vanza.xlsx,optimalizace,4,b,VTI_2,0.12800000000000003
24,30,375.631578947368,58,20240314,58-CF_20240314_optimalizace_vanza.xlsx,optimalizace,4,b,VTI_2,0.12800000000000003
24,40,420.605263157894,58,20240314,58-CF_20240314_optimalizace_vanza.xlsx,optimalizace,4,b,VTI_2,0.12800000000000003
24,50,472.342105263157,58,20240314,58-CF_20240314_optimalizace_vanza.xlsx,optimalizace,4,b,VTI_2,0.12800000000000003
24,60,526.921052631579,58,20240314,58-CF_20240314_optimalizace_vanza.xlsx,optimalizace,4,b,VTI_2,0.12800000000000003
25,0,376.742857142857,58,20240314,58-CF_20240314_optimalizace_vanza.xlsx,optimalizace,5,a,VTI_2,0.32000000000000006
25,10,393.147058823529,58,20240314,58-CF_20240314_optimalizace_vanza.xlsx,optimalizace,5,a,VTI_2,0.32000000000000006
25,20,411.54054054054,58,20240314,58-CF_20240314_optimalizace_vanza.xlsx,optimalizace,5,a,VTI_2,0.32000000000000006
25,30,477.026315789473,58,20240314,58-CF_20240314_optimalizace_vanza.xlsx,optimalizace,5,a,VTI_2,0.32000000000000006
25,40,597.285714285714,58,20240314,58-CF_20240314_optimalizace_vanza.xlsx,optimalizace,5,a,VTI_2,0.32000000000000006
25,50,645.555555555555,58,20240314,58-CF_20240314_optimalizace_vanza.xlsx,optimalizace,5,a,VTI_2,0.32000000000000006
25,60,695.5,58,20240314,58-CF_20240314_optimalizace_vanza.xlsx,optimalizace,5,a,VTI_2,0.32000000000000006
26,0,361.285714285714,58,20240314,58-CF_20240314_optimalizace_vanza.xlsx,optimalizace,5,b,VTI_2,0.32000000000000006
26,10,346.326923076923,58,20240314,58-CF_20240314_optimalizace_vanza.xlsx,optimalizace,5,b,VTI_2,0.32000000000000006
26,20,401.705882352941,58,20240314,58-CF_20240314_optimalizace_vanza.xlsx,optimalizace,5,b,VTI_2,0.32000000000000006
26,30,466.411764705882,58,20240314,58-CF_20240314_optimalizace_vanza.xlsx,optimalizace,5,b,VTI_2,0.32000000000000006
26,40,550.816326530612,58,20240314,58-CF_20240314_optimalizace_vanza.xlsx,optimalizace,5,b,VTI_2,0.32000000000000006
26,50,624.520833333333,58,20240314,58-CF_20240314_optimalizace_vanza.xlsx,optimalizace,5,b,VTI_2,0.32000000000000006
26,60,696.804347826087,58,20240314,58-CF_20240314_optimalizace_vanza.xlsx,optimalizace,5,b,VTI_2,0.32000000000000006
27,0,318.70909090909,58,20240314,58-CF_20240314_optimalizace_vanza.xlsx,optimalizace,6,a,VTI_2,0.8000000000000002
27,10,335.545454545454,58,20240314,58-CF_20240314_optimalizace_vanza.xlsx,optimalizace,6,a,VTI_2,0.8000000000000002
27,20,407.727272727272,58,20240314,58-CF_20240314_optimalizace_vanza.xlsx,optimalizace,6,a,VTI_2,0.8000000000000002
27,30,474.607142857142,58,20240314,58-CF_20240314_optimalizace_vanza.xlsx,optimalizace,6,a,VTI_2,0.8000000000000002
27,40,535.553571428571,58,20240314,58-CF_20240314_optimalizace_vanza.xlsx,optimalizace,6,a,VTI_2,0.8000000000000002
27,50,649.725490196078,58,20240314,58-CF_20240314_optimalizace_vanza.xlsx,optimalizace,6,a,VTI_2,0.8000000000000002
27,60,676.557692307692,58,20240314,58-CF_20240314_optimalizace_vanza.xlsx,optimalizace,6,a,VTI_2,0.8000000000000002
28,0,310.95744680851,58,20240314,58-CF_20240314_optimalizace_vanza.xlsx,optimalizace,6,b,VTI_2,0.8000000000000002
28,10,328.382978723404,58,20240314,58-CF_20240314_optimalizace_vanza.xlsx,optimalizace,6,b,VTI_2,0.8000000000000002
28,20,415.355555555555,58,20240314,58-CF_20240314_optimalizace_vanza.xlsx,optimalizace,6,b,VTI_2,0.8000000000000002
28,30,485.911111111111,58,20240314,58-CF_20240314_optimalizace_vanza.xlsx,optimalizace,6,b,VTI_2,0.8000000000000002
28,40,564.068181818181,58,20240314,58-CF_20240314_optimalizace_vanza.xlsx,optimalizace,6,b,VTI_2,0.8000000000000002
28,50,679,58,20240314,58-CF_20240314_optimalizace_vanza.xlsx,optimalizace,6,b,VTI_2,0.8000000000000002
28,60,703.390243902439,58,20240314,58-CF_20240314_optimalizace_vanza.xlsx,optimalizace,6,b,VTI_2,0.8000000000000002
29,0,412.815789473684,58,20240314,58-CF_20240314_optimalizace_vanza.xlsx,optimalizace,7,a,VTI_2,2
29,10,478.473684210526,58,20240314,58-CF_20240314_optimalizace_vanza.xlsx,optimalizace,7,a,VTI_2,2
29,20,604.27027027027,58,20240314,58-CF_20240314_optimalizace_vanza.xlsx,optimalizace,7,a,VTI_2,2
29,30,691.54054054054,58,20240314,58-CF_20240314_optimalizace_vanza.xlsx,optimalizace,7,a,VTI_2,2
29,40,762.648648648648,58,20240314,58-CF_20240314_optimalizace_vanza.xlsx,optimalizace,7,a,VTI_2,2
29,50,812.567567567567,58,20240314,58-CF_20240314_optimalizace_vanza.xlsx,optimalizace,7,a,VTI_2,2
29,60,791.925,58,20240314,58-CF_20240314_optimalizace_vanza.xlsx,optimalizace,7,a,VTI_2,2
30,0,299.368421052631,58,20240314,58-CF_20240314_optimalizace_vanza.xlsx,optimalizace,7,b,VTI_2,2
30,10,335.375,58,20240314,58-CF_20240314_optimalizace_vanza.xlsx,optimalizace,7,b,VTI_2,2
30,20,416.948717948717,58,20240314,58-CF_20240314_optimalizace_vanza.xlsx,optimalizace,7,b,VTI_2,2
30,30,438.53488372093,58,20240314,58-CF_20240314_optimalizace_vanza.xlsx,optimalizace,7,b,VTI_2,2
30,40,456.06976744186,58,20240314,58-CF_20240314_optimalizace_vanza.xlsx,optimalizace,7,b,VTI_2,2
30,50,463.136363636363,58,20240314,58-CF_20240314_optimalizace_vanza.xlsx,optimalizace,7,b,VTI_2,2
30,60,480.886363636363,58,20240314,58-CF_20240314_optimalizace_vanza.xlsx,optimalizace,7,b,VTI_2,2
31,0,392.45238095238,58,20240314,58-CF_20240314_optimalizace_vanza.xlsx,optimalizace,8,a,VTI_2,5
31,10,482,58,20240314,58-CF_20240314_optimalizace_vanza.xlsx,optimalizace,8,a,VTI_2,5
31,20,577.609756097561,58,20240314,58-CF_20240314_optimalizace_vanza.xlsx,optimalizace,8,a,VTI_2,5
31,30,651.463414634146,58,20240314,58-CF_20240314_optimalizace_vanza.xlsx,optimalizace,8,a,VTI_2,5
31,40,692.809523809523,58,20240314,58-CF_20240314_optimalizace_vanza.xlsx,optimalizace,8,a,VTI_2,5
31,50,755.15,58,20240314,58-CF_20240314_optimalizace_vanza.xlsx,optimalizace,8,a,VTI_2,5
31,60,796.925,58,20240314,58-CF_20240314_optimalizace_vanza.xlsx,optimalizace,8,a,VTI_2,5
32,0,314.138888888888,58,20240314,58-CF_20240314_optimalizace_vanza.xlsx,optimalizace,8,b,VTI_2,5
32,10,400.085714285714,58,20240314,58-CF_20240314_optimalizace_vanza.xlsx,optimalizace,8,b,VTI_2,5
32,20,461,58,20240314,58-CF_20240314_optimalizace_vanza.xlsx,optimalizace,8,b,VTI_2,5
32,30,531.6,58,20240314,58-CF_20240314_optimalizace_vanza.xlsx,optimalizace,8,b,VTI_2,5
32,40,559.833333333333,58,20240314,58-CF_20240314_optimalizace_vanza.xlsx,optimalizace,8,b,VTI_2,5
32,50,550.947368421052,58,20240314,58-CF_20240314_optimalizace_vanza.xlsx,optimalizace,8,b,VTI_2,5
32,60,626.8,58,20240314,58-CF_20240314_optimalizace_vanza.xlsx,optimalizace,8,b,VTI_2,5
33,0,338.925,58,20240314,58-CF_20240314_optimalizace_vanza.xlsx,optimalizace,a,a,VTI_02,0.008192000000000003
33,10,333.853658536585,58,20240314,58-CF_20240314_optimalizace_vanza.xlsx,optimalizace,a,a,VTI_02,0.008192000000000003
33,20,343.047619047619,58,20240314,58-CF_20240314_optimalizace_vanza.xlsx,optimalizace,a,a,VTI_02,0.008192000000000003
33,30,369.463414634146,58,20240314,58-CF_20240314_optimalizace_vanza.xlsx,optimalizace,a,a,VTI_02,0.008192000000000003
33,40,394.80487804878,58,20240314,58-CF_20240314_optimalizace_vanza.xlsx,optimalizace,a,a,VTI_02,0.008192000000000003
33,50,411.714285714285,58,20240314,58-CF_20240314_optimalizace_vanza.xlsx,optimalizace,a,a,VTI_02,0.008192000000000003
33,60,438.666666666666,58,20240314,58-CF_20240314_optimalizace_vanza.xlsx,optimalizace,a,a,VTI_02,0.008192000000000003
34,0,352.72,58,20240314,58-CF_20240314_optimalizace_vanza.xlsx,optimalizace,a,b,VTI_02,0.008192000000000003
34,10,348.76,58,20240314,58-CF_20240314_optimalizace_vanza.xlsx,optimalizace,a,b,VTI_02,0.008192000000000003
34,20,362.76,58,20240314,58-CF_20240314_optimalizace_vanza.xlsx,optimalizace,a,b,VTI_02,0.008192000000000003
34,30,386,58,20240314,58-CF_20240314_optimalizace_vanza.xlsx,optimalizace,a,b,VTI_02,0.008192000000000003
34,40,412.64,58,20240314,58-CF_20240314_optimalizace_vanza.xlsx,optimalizace,a,b,VTI_02,0.008192000000000003
34,50,422.307692307692,58,20240314,58-CF_20240314_optimalizace_vanza.xlsx,optimalizace,a,b,VTI_02,0.008192000000000003
34,60,466,58,20240314,58-CF_20240314_optimalizace_vanza.xlsx,optimalizace,a,b,VTI_02,0.008192000000000003
35,0,362.514285714285,58,20240314,58-CF_20240314_optimalizace_vanza.xlsx,optimalizace,b,a,VTI_02,0.02048000000000001
35,10,361.228571428571,58,20240314,58-CF_20240314_optimalizace_vanza.xlsx,optimalizace,b,a,VTI_02,0.02048000000000001
35,20,379.542857142857,58,20240314,58-CF_20240314_optimalizace_vanza.xlsx,optimalizace,b,a,VTI_02,0.02048000000000001
35,30,407.114285714285,58,20240314,58-CF_20240314_optimalizace_vanza.xlsx,optimalizace,b,a,VTI_02,0.02048000000000001
35,40,441.371428571428,58,20240314,58-CF_20240314_optimalizace_vanza.xlsx,optimalizace,b,a,VTI_02,0.02048000000000001
35,50,450.432432432432,58,20240314,58-CF_20240314_optimalizace_vanza.xlsx,optimalizace,b,a,VTI_02,0.02048000000000001
35,60,486.297297297297,58,20240314,58-CF_20240314_optimalizace_vanza.xlsx,optimalizace,b,a,VTI_02,0.02048000000000001
36,0,340.238095238095,58,20240314,58-CF_20240314_optimalizace_vanza.xlsx,optimalizace,b,b,VTI_02,0.02048000000000001
36,10,331.302325581395,58,20240314,58-CF_20240314_optimalizace_vanza.xlsx,optimalizace,b,b,VTI_02,0.02048000000000001
36,20,341.581395348837,58,20240314,58-CF_20240314_optimalizace_vanza.xlsx,optimalizace,b,b,VTI_02,0.02048000000000001
36,30,373.357142857142,58,20240314,58-CF_20240314_optimalizace_vanza.xlsx,optimalizace,b,b,VTI_02,0.02048000000000001
36,40,386.227272727272,58,20240314,58-CF_20240314_optimalizace_vanza.xlsx,optimalizace,b,b,VTI_02,0.02048000000000001
36,50,406.733333333333,58,20240314,58-CF_20240314_optimalizace_vanza.xlsx,optimalizace,b,b,VTI_02,0.02048000000000001
36,60,440.622222222222,58,20240314,58-CF_20240314_optimalizace_vanza.xlsx,optimalizace,b,b,VTI_02,0.02048000000000001
37,0,353.186046511627,58,20240314,58-CF_20240314_optimalizace_vanza.xlsx,optimalizace,c,a,VTI_02,0.05120000000000001
37,10,336.488888888888,58,20240314,58-CF_20240314_optimalizace_vanza.xlsx,optimalizace,c,a,VTI_02,0.05120000000000001
37,20,347.2,58,20240314,58-CF_20240314_optimalizace_vanza.xlsx,optimalizace,c,a,VTI_02,0.05120000000000001
37,30,375.933333333333,58,20240314,58-CF_20240314_optimalizace_vanza.xlsx,optimalizace,c,a,VTI_02,0.05120000000000001
37,40,421.681818181818,58,20240314,58-CF_20240314_optimalizace_vanza.xlsx,optimalizace,c,a,VTI_02,0.05120000000000001
37,50,460.386363636363,58,20240314,58-CF_20240314_optimalizace_vanza.xlsx,optimalizace,c,a,VTI_02,0.05120000000000001
37,60,523.97619047619,58,20240314,58-CF_20240314_optimalizace_vanza.xlsx,optimalizace,c,a,VTI_02,0.05120000000000001
38,0,323.452830188679,58,20240314,58-CF_20240314_optimalizace_vanza.xlsx,optimalizace,c,b,VTI_02,0.05120000000000001
38,10,323.075471698113,58,20240314,58-CF_20240314_optimalizace_vanza.xlsx,optimalizace,c,b,VTI_02,0.05120000000000001
38,20,341.961538461538,58,20240314,58-CF_20240314_optimalizace_vanza.xlsx,optimalizace,c,b,VTI_02,0.05120000000000001
38,30,357.351851851851,58,20240314,58-CF_20240314_optimalizace_vanza.xlsx,optimalizace,c,b,VTI_02,0.05120000000000001
38,40,396.037735849056,58,20240314,58-CF_20240314_optimalizace_vanza.xlsx,optimalizace,c,b,VTI_02,0.05120000000000001
38,50,435.094339622641,58,20240314,58-CF_20240314_optimalizace_vanza.xlsx,optimalizace,c,b,VTI_02,0.05120000000000001
38,60,479.634615384615,58,20240314,58-CF_20240314_optimalizace_vanza.xlsx,optimalizace,c,b,VTI_02,0.05120000000000001
39,0,323.173913043478,58,20240314,58-CF_20240314_optimalizace_vanza.xlsx,optimalizace,d,a,VTI_02,0.12800000000000003
39,10,319.808510638297,58,20240314,58-CF_20240314_optimalizace_vanza.xlsx,optimalizace,d,a,VTI_02,0.12800000000000003
39,20,361.152173913043,58,20240314,58-CF_20240314_optimalizace_vanza.xlsx,optimalizace,d,a,VTI_02,0.12800000000000003
39,30,399.395833333333,58,20240314,58-CF_20240314_optimalizace_vanza.xlsx,optimalizace,d,a,VTI_02,0.12800000000000003
39,40,461.212765957446,58,20240314,58-CF_20240314_optimalizace_vanza.xlsx,optimalizace,d,a,VTI_02,0.12800000000000003
39,50,496.875,58,20240314,58-CF_20240314_optimalizace_vanza.xlsx,optimalizace,d,a,VTI_02,0.12800000000000003
39,60,517.26,58,20240314,58-CF_20240314_optimalizace_vanza.xlsx,optimalizace,d,a,VTI_02,0.12800000000000003
40,0,399.341463414634,58,20240314,58-CF_20240314_optimalizace_vanza.xlsx,optimalizace,d,b,VTI_02,0.12800000000000003
40,10,393.619047619047,58,20240314,58-CF_20240314_optimalizace_vanza.xlsx,optimalizace,d,b,VTI_02,0.12800000000000003
40,20,419.690476190476,58,20240314,58-CF_20240314_optimalizace_vanza.xlsx,optimalizace,d,b,VTI_02,0.12800000000000003
40,30,486.219512195122,58,20240314,58-CF_20240314_optimalizace_vanza.xlsx,optimalizace,d,b,VTI_02,0.12800000000000003
40,40,550.317073170731,58,20240314,58-CF_20240314_optimalizace_vanza.xlsx,optimalizace,d,b,VTI_02,0.12800000000000003
40,50,682.216216216216,58,20240314,58-CF_20240314_optimalizace_vanza.xlsx,optimalizace,d,b,VTI_02,0.12800000000000003
40,60,742.216216216216,58,20240314,58-CF_20240314_optimalizace_vanza.xlsx,optimalizace,d,b,VTI_02,0.12800000000000003
41,0,301.754716981132,58,20240314,58-CF_20240314_optimalizace_vanza.xlsx,optimalizace,e,a,VTI_02,0.32000000000000006
41,10,312.365384615384,58,20240314,58-CF_20240314_optimalizace_vanza.xlsx,optimalizace,e,a,VTI_02,0.32000000000000006
41,20,365,58,20240314,58-CF_20240314_optimalizace_vanza.xlsx,optimalizace,e,a,VTI_02,0.32000000000000006
41,30,465.25,58,20240314,58-CF_20240314_optimalizace_vanza.xlsx,optimalizace,e,a,VTI_02,0.32000000000000006
41,40,515.69387755102,58,20240314,58-CF_20240314_optimalizace_vanza.xlsx,optimalizace,e,a,VTI_02,0.32000000000000006
41,50,589.191489361702,58,20240314,58-CF_20240314_optimalizace_vanza.xlsx,optimalizace,e,a,VTI_02,0.32000000000000006
41,60,632.765957446808,58,20240314,58-CF_20240314_optimalizace_vanza.xlsx,optimalizace,e,a,VTI_02,0.32000000000000006
42,0,354.918367346938,58,20240314,58-CF_20240314_optimalizace_vanza.xlsx,optimalizace,e,b,VTI_02,0.32000000000000006
42,10,359.081632653061,58,20240314,58-CF_20240314_optimalizace_vanza.xlsx,optimalizace,e,b,VTI_02,0.32000000000000006
42,20,401.058823529411,58,20240314,58-CF_20240314_optimalizace_vanza.xlsx,optimalizace,e,b,VTI_02,0.32000000000000006
42,30,513.958333333333,58,20240314,58-CF_20240314_optimalizace_vanza.xlsx,optimalizace,e,b,VTI_02,0.32000000000000006
42,40,595.479166666666,58,20240314,58-CF_20240314_optimalizace_vanza.xlsx,optimalizace,e,b,VTI_02,0.32000000000000006
42,50,675,58,20240314,58-CF_20240314_optimalizace_vanza.xlsx,optimalizace,e,b,VTI_02,0.32000000000000006
42,60,796.452380952381,58,20240314,58-CF_20240314_optimalizace_vanza.xlsx,optimalizace,e,b,VTI_02,0.32000000000000006
43,0,344.078431372549,58,20240314,58-CF_20240314_optimalizace_vanza.xlsx,optimalizace,f,a,VTI_02,0.8000000000000002
43,10,380.666666666666,58,20240314,58-CF_20240314_optimalizace_vanza.xlsx,optimalizace,f,a,VTI_02,0.8000000000000002
43,20,475.92,58,20240314,58-CF_20240314_optimalizace_vanza.xlsx,optimalizace,f,a,VTI_02,0.8000000000000002
43,30,599.434782608695,58,20240314,58-CF_20240314_optimalizace_vanza.xlsx,optimalizace,f,a,VTI_02,0.8000000000000002
43,40,764.65,58,20240314,58-CF_20240314_optimalizace_vanza.xlsx,optimalizace,f,a,VTI_02,0.8000000000000002
43,50,686.565217391304,58,20240314,58-CF_20240314_optimalizace_vanza.xlsx,optimalizace,f,a,VTI_02,0.8000000000000002
43,60,693.255319148936,58,20240314,58-CF_20240314_optimalizace_vanza.xlsx,optimalizace,f,a,VTI_02,0.8000000000000002
44,0,285.612244897959,58,20240314,58-CF_20240314_optimalizace_vanza.xlsx,optimalizace,f,b,VTI_02,0.8000000000000002
44,10,316.9,58,20240314,58-CF_20240314_optimalizace_vanza.xlsx,optimalizace,f,b,VTI_02,0.8000000000000002
44,20,408.673469387755,58,20240314,58-CF_20240314_optimalizace_vanza.xlsx,optimalizace,f,b,VTI_02,0.8000000000000002
44,30,495.851063829787,58,20240314,58-CF_20240314_optimalizace_vanza.xlsx,optimalizace,f,b,VTI_02,0.8000000000000002
44,40,547.127659574468,58,20240314,58-CF_20240314_optimalizace_vanza.xlsx,optimalizace,f,b,VTI_02,0.8000000000000002
44,50,565.877551020408,58,20240314,58-CF_20240314_optimalizace_vanza.xlsx,optimalizace,f,b,VTI_02,0.8000000000000002
44,60,625.255319148936,58,20240314,58-CF_20240314_optimalizace_vanza.xlsx,optimalizace,f,b,VTI_02,0.8000000000000002
45,0,342.541666666666,58,20240314,58-CF_20240314_optimalizace_vanza.xlsx,optimalizace,g,a,VTI_02,2
45,10,407.354166666666,58,20240314,58-CF_20240314_optimalizace_vanza.xlsx,optimalizace,g,a,VTI_02,2
45,20,502.914893617021,58,20240314,58-CF_20240314_optimalizace_vanza.xlsx,optimalizace,g,a,VTI_02,2
45,30,563.553191489361,58,20240314,58-CF_20240314_optimalizace_vanza.xlsx,optimalizace,g,a,VTI_02,2
45,40,533.76923076923,58,20240314,58-CF_20240314_optimalizace_vanza.xlsx,optimalizace,g,a,VTI_02,2
45,50,551.846153846153,58,20240314,58-CF_20240314_optimalizace_vanza.xlsx,optimalizace,g,a,VTI_02,2
45,60,551.88679245283,58,20240314,58-CF_20240314_optimalizace_vanza.xlsx,optimalizace,g,a,VTI_02,2
46,0,302.065217391304,58,20240314,58-CF_20240314_optimalizace_vanza.xlsx,optimalizace,g,b,VTI_02,2
46,10,372.644444444444,58,20240314,58-CF_20240314_optimalizace_vanza.xlsx,optimalizace,g,b,VTI_02,2
46,20,440.978723404255,58,20240314,58-CF_20240314_optimalizace_vanza.xlsx,optimalizace,g,b,VTI_02,2
46,30,502.404255319148,58,20240314,58-CF_20240314_optimalizace_vanza.xlsx,optimalizace,g,b,VTI_02,2
46,40,551.851063829787,58,20240314,58-CF_20240314_optimalizace_vanza.xlsx,optimalizace,g,b,VTI_02,2
46,50,577.979166666666,58,20240314,58-CF_20240314_optimalizace_vanza.xlsx,optimalizace,g,b,VTI_02,2
46,60,624.553191489361,58,20240314,58-CF_20240314_optimalizace_vanza.xlsx,optimalizace,g,b,VTI_02,2
47,0,342.380952380952,58,20240314,58-CF_20240314_optimalizace_vanza.xlsx,optimalizace,h,a,VTI_02,5
47,10,445.414634146341,58,20240314,58-CF_20240314_optimalizace_vanza.xlsx,optimalizace,h,a,VTI_02,5
47,20,533.048780487804,58,20240314,58-CF_20240314_optimalizace_vanza.xlsx,optimalizace,h,a,VTI_02,5
47,30,630,58,20240314,58-CF_20240314_optimalizace_vanza.xlsx,optimalizace,h,a,VTI_02,5
47,40,651.179487179487,58,20240314,58-CF_20240314_optimalizace_vanza.xlsx,optimalizace,h,a,VTI_02,5
47,50,649.512195121951,58,20240314,58-CF_20240314_optimalizace_vanza.xlsx,optimalizace,h,a,VTI_02,5
47,60,596.681818181818,58,20240314,58-CF_20240314_optimalizace_vanza.xlsx,optimalizace,h,a,VTI_02,5
48,0,325.461538461538,58,20240314,58-CF_20240314_optimalizace_vanza.xlsx,optimalizace,h,b,VTI_02,5
48,10,424.5,58,20240314,58-CF_20240314_optimalizace_vanza.xlsx,optimalizace,h,b,VTI_02,5
48,20,530.027027027027,58,20240314,58-CF_20240314_optimalizace_vanza.xlsx,optimalizace,h,b,VTI_02,5
48,30,612.166666666666,58,20240314,58-CF_20240314_optimalizace_vanza.xlsx,optimalizace,h,b,VTI_02,5
48,40,648.027027027027,58,20240314,58-CF_20240314_optimalizace_vanza.xlsx,optimalizace,h,b,VTI_02,5
48,50,676.783783783783,58,20240314,58-CF_20240314_optimalizace_vanza.xlsx,optimalizace,h,b,VTI_02,5
48,60,716.611111111111,58,20240314,58-CF_20240314_optimalizace_vanza.xlsx,optimalizace,h,b,VTI_02,5
49,0,310.333333333333,58,20240314,58-CF_20240314_optimalizace_vanza.xlsx,optimalizace,a,a,VTI_002,0.008192000000000003
49,10,315.241379310344,58,20240314,58-CF_20240314_optimalizace_vanza.xlsx,optimalizace,a,a,VTI_002,0.008192000000000003
49,20,312.166666666666,58,20240314,58-CF_20240314_optimalizace_vanza.xlsx,optimalizace,a,a,VTI_002,0.008192000000000003
49,30,318.58064516129,58,20240314,58-CF_20240314_optimalizace_vanza.xlsx,optimalizace,a,a,VTI_002,0.008192000000000003
49,40,336.66129032258,58,20240314,58-CF_20240314_optimalizace_vanza.xlsx,optimalizace,a,a,VTI_002,0.008192000000000003
49,50,363.311475409836,58,20240314,58-CF_20240314_optimalizace_vanza.xlsx,optimalizace,a,a,VTI_002,0.008192000000000003
49,60,374.746031746031,58,20240314,58-CF_20240314_optimalizace_vanza.xlsx,optimalizace,a,a,VTI_002,0.008192000000000003
50,0,297.173913043478,58,20240314,58-CF_20240314_optimalizace_vanza.xlsx,optimalizace,a,b,VTI_002,0.008192000000000003
50,10,287.5,58,20240314,58-CF_20240314_optimalizace_vanza.xlsx,optimalizace,a,b,VTI_002,0.008192000000000003
50,20,309.106382978723,58,20240314,58-CF_20240314_optimalizace_vanza.xlsx,optimalizace,a,b,VTI_002,0.008192000000000003
50,30,330.170212765957,58,20240314,58-CF_20240314_optimalizace_vanza.xlsx,optimalizace,a,b,VTI_002,0.008192000000000003
50,40,354.173913043478,58,20240314,58-CF_20240314_optimalizace_vanza.xlsx,optimalizace,a,b,VTI_002,0.008192000000000003
50,50,378.565217391304,58,20240314,58-CF_20240314_optimalizace_vanza.xlsx,optimalizace,a,b,VTI_002,0.008192000000000003
50,60,410.244444444444,58,20240314,58-CF_20240314_optimalizace_vanza.xlsx,optimalizace,a,b,VTI_002,0.008192000000000003
51,0,361.239130434782,58,20240314,58-CF_20240314_optimalizace_vanza.xlsx,optimalizace,b,a,VTI_002,0.02048000000000001
51,10,356.239130434782,58,20240314,58-CF_20240314_optimalizace_vanza.xlsx,optimalizace,b,a,VTI_002,0.02048000000000001
51,20,357.760869565217,58,20240314,58-CF_20240314_optimalizace_vanza.xlsx,optimalizace,b,a,VTI_002,0.02048000000000001
51,30,373.478260869565,58,20240314,58-CF_20240314_optimalizace_vanza.xlsx,optimalizace,b,a,VTI_002,0.02048000000000001
51,40,401.478260869565,58,20240314,58-CF_20240314_optimalizace_vanza.xlsx,optimalizace,b,a,VTI_002,0.02048000000000001
51,50,410.875,58,20240314,58-CF_20240314_optimalizace_vanza.xlsx,optimalizace,b,a,VTI_002,0.02048000000000001
51,60,450.893617021276,58,20240314,58-CF_20240314_optimalizace_vanza.xlsx,optimalizace,b,a,VTI_002,0.02048000000000001
52,0,307.84,58,20240314,58-CF_20240314_optimalizace_vanza.xlsx,optimalizace,b,b,VTI_002,0.02048000000000001
52,10,317.583333333333,58,20240314,58-CF_20240314_optimalizace_vanza.xlsx,optimalizace,b,b,VTI_002,0.02048000000000001
52,20,311.69387755102,58,20240314,58-CF_20240314_optimalizace_vanza.xlsx,optimalizace,b,b,VTI_002,0.02048000000000001
52,30,316.48,58,20240314,58-CF_20240314_optimalizace_vanza.xlsx,optimalizace,b,b,VTI_002,0.02048000000000001
52,40,341.04081632653,58,20240314,58-CF_20240314_optimalizace_vanza.xlsx,optimalizace,b,b,VTI_002,0.02048000000000001
52,50,370.25,58,20240314,58-CF_20240314_optimalizace_vanza.xlsx,optimalizace,b,b,VTI_002,0.02048000000000001
52,60,424.8,58,20240314,58-CF_20240314_optimalizace_vanza.xlsx,optimalizace,b,b,VTI_002,0.02048000000000001
53,0,336.78125,58,20240314,58-CF_20240314_optimalizace_vanza.xlsx,optimalizace,c,a,VTI_002,0.05120000000000001
53,10,336,58,20240314,58-CF_20240314_optimalizace_vanza.xlsx,optimalizace,c,a,VTI_002,0.05120000000000001
53,20,356.903225806451,58,20240314,58-CF_20240314_optimalizace_vanza.xlsx,optimalizace,c,a,VTI_002,0.05120000000000001
53,30,372.78125,58,20240314,58-CF_20240314_optimalizace_vanza.xlsx,optimalizace,c,a,VTI_002,0.05120000000000001
53,40,413.5625,58,20240314,58-CF_20240314_optimalizace_vanza.xlsx,optimalizace,c,a,VTI_002,0.05120000000000001
53,50,459.15625,58,20240314,58-CF_20240314_optimalizace_vanza.xlsx,optimalizace,c,a,VTI_002,0.05120000000000001
53,60,509.8125,58,20240314,58-CF_20240314_optimalizace_vanza.xlsx,optimalizace,c,a,VTI_002,0.05120000000000001
54,0,315.452830188679,58,20240314,58-CF_20240314_optimalizace_vanza.xlsx,optimalizace,c,b,VTI_002,0.05120000000000001
54,10,313.849056603773,58,20240314,58-CF_20240314_optimalizace_vanza.xlsx,optimalizace,c,b,VTI_002,0.05120000000000001
54,20,313.166666666666,58,20240314,58-CF_20240314_optimalizace_vanza.xlsx,optimalizace,c,b,VTI_002,0.05120000000000001
54,30,350.754716981132,58,20240314,58-CF_20240314_optimalizace_vanza.xlsx,optimalizace,c,b,VTI_002,0.05120000000000001
54,40,378.854545454545,58,20240314,58-CF_20240314_optimalizace_vanza.xlsx,optimalizace,c,b,VTI_002,0.05120000000000001
54,50,430.388888888888,58,20240314,58-CF_20240314_optimalizace_vanza.xlsx,optimalizace,c,b,VTI_002,0.05120000000000001
54,60,458.571428571428,58,20240314,58-CF_20240314_optimalizace_vanza.xlsx,optimalizace,c,b,VTI_002,0.05120000000000001
55,0,317.5,58,20240314,58-CF_20240314_optimalizace_vanza.xlsx,optimalizace,d,a,VTI_002,0.12800000000000003
55,10,317,58,20240314,58-CF_20240314_optimalizace_vanza.xlsx,optimalizace,d,a,VTI_002,0.12800000000000003
55,20,327,58,20240314,58-CF_20240314_optimalizace_vanza.xlsx,optimalizace,d,a,VTI_002,0.12800000000000003
55,30,376.8,58,20240314,58-CF_20240314_optimalizace_vanza.xlsx,optimalizace,d,a,VTI_002,0.12800000000000003
55,40,422.666666666666,58,20240314,58-CF_20240314_optimalizace_vanza.xlsx,optimalizace,d,a,VTI_002,0.12800000000000003
55,50,492.938775510204,58,20240314,58-CF_20240314_optimalizace_vanza.xlsx,optimalizace,d,a,VTI_002,0.12800000000000003
55,60,565.659574468085,58,20240314,58-CF_20240314_optimalizace_vanza.xlsx,optimalizace,d,a,VTI_002,0.12800000000000003
56,0,326.152173913043,58,20240314,58-CF_20240314_optimalizace_vanza.xlsx,optimalizace,d,b,VTI_002,0.12800000000000003
56,10,329.086956521739,58,20240314,58-CF_20240314_optimalizace_vanza.xlsx,optimalizace,d,b,VTI_002,0.12800000000000003
56,20,331.787234042553,58,20240314,58-CF_20240314_optimalizace_vanza.xlsx,optimalizace,d,b,VTI_002,0.12800000000000003
56,30,367.425531914893,58,20240314,58-CF_20240314_optimalizace_vanza.xlsx,optimalizace,d,b,VTI_002,0.12800000000000003
56,40,409.875,58,20240314,58-CF_20240314_optimalizace_vanza.xlsx,optimalizace,d,b,VTI_002,0.12800000000000003
56,50,463.791666666666,58,20240314,58-CF_20240314_optimalizace_vanza.xlsx,optimalizace,d,b,VTI_002,0.12800000000000003
56,60,571.022727272727,58,20240314,58-CF_20240314_optimalizace_vanza.xlsx,optimalizace,d,b,VTI_002,0.12800000000000003
57,0,296,58,20240314,58-CF_20240314_optimalizace_vanza.xlsx,optimalizace,e,a,VTI_002,0.32000000000000006
57,10,307.944444444444,58,20240314,58-CF_20240314_optimalizace_vanza.xlsx,optimalizace,e,a,VTI_002,0.32000000000000006
57,20,339.603448275862,58,20240314,58-CF_20240314_optimalizace_vanza.xlsx,optimalizace,e,a,VTI_002,0.32000000000000006
57,30,429.054545454545,58,20240314,58-CF_20240314_optimalizace_vanza.xlsx,optimalizace,e,a,VTI_002,0.32000000000000006
57,40,461.568965517241,58,20240314,58-CF_20240314_optimalizace_vanza.xlsx,optimalizace,e,a,VTI_002,0.32000000000000006
57,50,516.315789473684,58,20240314,58-CF_20240314_optimalizace_vanza.xlsx,optimalizace,e,a,VTI_002,0.32000000000000006
57,60,572.6,58,20240314,58-CF_20240314_optimalizace_vanza.xlsx,optimalizace,e,a,VTI_002,0.32000000000000006
58,0,279.173913043478,58,20240314,58-CF_20240314_optimalizace_vanza.xlsx,optimalizace,e,b,VTI_002,0.32000000000000006
58,10,289.717391304347,58,20240314,58-CF_20240314_optimalizace_vanza.xlsx,optimalizace,e,b,VTI_002,0.32000000000000006
58,20,348.2,58,20240314,58-CF_20240314_optimalizace_vanza.xlsx,optimalizace,e,b,VTI_002,0.32000000000000006
58,30,408.666666666666,58,20240314,58-CF_20240314_optimalizace_vanza.xlsx,optimalizace,e,b,VTI_002,0.32000000000000006
58,40,443.148936170212,58,20240314,58-CF_20240314_optimalizace_vanza.xlsx,optimalizace,e,b,VTI_002,0.32000000000000006
58,50,470.632653061224,58,20240314,58-CF_20240314_optimalizace_vanza.xlsx,optimalizace,e,b,VTI_002,0.32000000000000006
58,60,518.625,58,20240314,58-CF_20240314_optimalizace_vanza.xlsx,optimalizace,e,b,VTI_002,0.32000000000000006
59,0,327.977272727272,58,20240314,58-CF_20240314_optimalizace_vanza.xlsx,optimalizace,f,a,VTI_002,0.8000000000000002
59,10,366.627906976744,58,20240314,58-CF_20240314_optimalizace_vanza.xlsx,optimalizace,f,a,VTI_002,0.8000000000000002
59,20,444.681818181818,58,20240314,58-CF_20240314_optimalizace_vanza.xlsx,optimalizace,f,a,VTI_002,0.8000000000000002
59,30,494.869565217391,58,20240314,58-CF_20240314_optimalizace_vanza.xlsx,optimalizace,f,a,VTI_002,0.8000000000000002
59,40,574.636363636363,58,20240314,58-CF_20240314_optimalizace_vanza.xlsx,optimalizace,f,a,VTI_002,0.8000000000000002
59,50,620.477272727272,58,20240314,58-CF_20240314_optimalizace_vanza.xlsx,optimalizace,f,a,VTI_002,0.8000000000000002
59,60,651.795454545454,58,20240314,58-CF_20240314_optimalizace_vanza.xlsx,optimalizace,f,a,VTI_002,0.8000000000000002
60,0,295.280701754386,58,20240314,58-CF_20240314_optimalizace_vanza.xlsx,optimalizace,f,b,VTI_002,0.8000000000000002
60,10,331.642857142857,58,20240314,58-CF_20240314_optimalizace_vanza.xlsx,optimalizace,f,b,VTI_002,0.8000000000000002
60,20,420.436363636363,58,20240314,58-CF_20240314_optimalizace_vanza.xlsx,optimalizace,f,b,VTI_002,0.8000000000000002
60,30,492,58,20240314,58-CF_20240314_optimalizace_vanza.xlsx,optimalizace,f,b,VTI_002,0.8000000000000002
60,40,576.326923076923,58,20240314,58-CF_20240314_optimalizace_vanza.xlsx,optimalizace,f,b,VTI_002,0.8000000000000002
60,50,566.245614035087,58,20240314,58-CF_20240314_optimalizace_vanza.xlsx,optimalizace,f,b,VTI_002,0.8000000000000002
60,60,629.462962962962,58,20240314,58-CF_20240314_optimalizace_vanza.xlsx,optimalizace,f,b,VTI_002,0.8000000000000002
61,0,338.318181818181,58,20240314,58-CF_20240314_optimalizace_vanza.xlsx,optimalizace,g,a,VTI_002,2
61,10,399.75,58,20240314,58-CF_20240314_optimalizace_vanza.xlsx,optimalizace,g,a,VTI_002,2
61,20,492.511111111111,58,20240314,58-CF_20240314_optimalizace_vanza.xlsx,optimalizace,g,a,VTI_002,2
61,30,502.06,58,20240314,58-CF_20240314_optimalizace_vanza.xlsx,optimalizace,g,a,VTI_002,2
61,40,582.021276595744,58,20240314,58-CF_20240314_optimalizace_vanza.xlsx,optimalizace,g,a,VTI_002,2
61,50,615.95744680851,58,20240314,58-CF_20240314_optimalizace_vanza.xlsx,optimalizace,g,a,VTI_002,2
61,60,596.6,58,20240314,58-CF_20240314_optimalizace_vanza.xlsx,optimalizace,g,a,VTI_002,2
62,0,345,58,20240314,58-CF_20240314_optimalizace_vanza.xlsx,optimalizace,g,b,VTI_002,2
62,10,403,58,20240314,58-CF_20240314_optimalizace_vanza.xlsx,optimalizace,g,b,VTI_002,2
62,20,484.685185185185,58,20240314,58-CF_20240314_optimalizace_vanza.xlsx,optimalizace,g,b,VTI_002,2
62,30,573.653846153846,58,20240314,58-CF_20240314_optimalizace_vanza.xlsx,optimalizace,g,b,VTI_002,2
62,40,571.767857142857,58,20240314,58-CF_20240314_optimalizace_vanza.xlsx,optimalizace,g,b,VTI_002,2
62,50,610.629629629629,58,20240314,58-CF_20240314_optimalizace_vanza.xlsx,optimalizace,g,b,VTI_002,2
62,60,634.055555555555,58,20240314,58-CF_20240314_optimalizace_vanza.xlsx,optimalizace,g,b,VTI_002,2
63,0,335.392156862745,58,20240314,58-CF_20240314_optimalizace_vanza.xlsx,optimalizace,h,a,VTI_002,5
63,10,427.921568627451,58,20240314,58-CF_20240314_optimalizace_vanza.xlsx,optimalizace,h,a,VTI_002,5
63,20,552.612244897959,58,20240314,58-CF_20240314_optimalizace_vanza.xlsx,optimalizace,h,a,VTI_002,5
63,30,618.9375,58,20240314,58-CF_20240314_optimalizace_vanza.xlsx,optimalizace,h,a,VTI_002,5
63,40,670.553191489361,58,20240314,58-CF_20240314_optimalizace_vanza.xlsx,optimalizace,h,a,VTI_002,5
63,50,652.08,58,20240314,58-CF_20240314_optimalizace_vanza.xlsx,optimalizace,h,a,VTI_002,5
63,60,664.32,58,20240314,58-CF_20240314_optimalizace_vanza.xlsx,optimalizace,h,a,VTI_002,5
64,0,294.363636363636,58,20240314,58-CF_20240314_optimalizace_vanza.xlsx,optimalizace,h,b,VTI_002,5
64,10,360.944444444444,58,20240314,58-CF_20240314_optimalizace_vanza.xlsx,optimalizace,h,b,VTI_002,5
64,20,423,58,20240314,58-CF_20240314_optimalizace_vanza.xlsx,optimalizace,h,b,VTI_002,5
64,30,477.351351351351,58,20240314,58-CF_20240314_optimalizace_vanza.xlsx,optimalizace,h,b,VTI_002,5
64,40,522.945945945945,58,20240314,58-CF_20240314_optimalizace_vanza.xlsx,optimalizace,h,b,VTI_002,5
64,50,571.833333333333,58,20240314,58-CF_20240314_optimalizace_vanza.xlsx,optimalizace,h,b,VTI_002,5
64,60,530.026315789473,58,20240314,58-CF_20240314_optimalizace_vanza.xlsx,optimalizace,h,b,VTI_002,5
65,0,362.680851063829,58,20240314,58-CF_20240314_optimalizace_vanza.xlsx,optimalizace,1,a,FskOnly,0.008192000000000003
65,10,357.95744680851,58,20240314,58-CF_20240314_optimalizace_vanza.xlsx,optimalizace,1,a,FskOnly,0.008192000000000003
65,20,354.021276595744,58,20240314,58-CF_20240314_optimalizace_vanza.xlsx,optimalizace,1,a,FskOnly,0.008192000000000003
65,30,344.1875,58,20240314,58-CF_20240314_optimalizace_vanza.xlsx,optimalizace,1,a,FskOnly,0.008192000000000003
65,40,342.229166666666,58,20240314,58-CF_20240314_optimalizace_vanza.xlsx,optimalizace,1,a,FskOnly,0.008192000000000003
65,50,339.166666666666,58,20240314,58-CF_20240314_optimalizace_vanza.xlsx,optimalizace,1,a,FskOnly,0.008192000000000003
65,60,346.63829787234,58,20240314,58-CF_20240314_optimalizace_vanza.xlsx,optimalizace,1,a,FskOnly,0.008192000000000003
66,0,290.157894736842,58,20240314,58-CF_20240314_optimalizace_vanza.xlsx,optimalizace,1,b,FskOnly,0.008192000000000003
66,10,285.657894736842,58,20240314,58-CF_20240314_optimalizace_vanza.xlsx,optimalizace,1,b,FskOnly,0.008192000000000003
66,20,283.447368421052,58,20240314,58-CF_20240314_optimalizace_vanza.xlsx,optimalizace,1,b,FskOnly,0.008192000000000003
66,30,282.526315789473,58,20240314,58-CF_20240314_optimalizace_vanza.xlsx,optimalizace,1,b,FskOnly,0.008192000000000003
66,40,281,58,20240314,58-CF_20240314_optimalizace_vanza.xlsx,optimalizace,1,b,FskOnly,0.008192000000000003
66,50,278.473684210526,58,20240314,58-CF_20240314_optimalizace_vanza.xlsx,optimalizace,1,b,FskOnly,0.008192000000000003
66,60,277.473684210526,58,20240314,58-CF_20240314_optimalizace_vanza.xlsx,optimalizace,1,b,FskOnly,0.008192000000000003
67,0,246.906976744186,58,20240314,58-CF_20240314_optimalizace_vanza.xlsx,optimalizace,2,a,FskOnly,0.02048000000000001
67,10,245.809523809523,58,20240314,58-CF_20240314_optimalizace_vanza.xlsx,optimalizace,2,a,FskOnly,0.02048000000000001
67,20,249.80487804878,58,20240314,58-CF_20240314_optimalizace_vanza.xlsx,optimalizace,2,a,FskOnly,0.02048000000000001
67,30,248.878048780487,58,20240314,58-CF_20240314_optimalizace_vanza.xlsx,optimalizace,2,a,FskOnly,0.02048000000000001
67,40,241.595238095238,58,20240314,58-CF_20240314_optimalizace_vanza.xlsx,optimalizace,2,a,FskOnly,0.02048000000000001
67,50,235.325581395348,58,20240314,58-CF_20240314_optimalizace_vanza.xlsx,optimalizace,2,a,FskOnly,0.02048000000000001
67,60,239.833333333333,58,20240314,58-CF_20240314_optimalizace_vanza.xlsx,optimalizace,2,a,FskOnly,0.02048000000000001
68,0,261.377358490566,58,20240314,58-CF_20240314_optimalizace_vanza.xlsx,optimalizace,2,b,FskOnly,0.02048000000000001
68,10,263.941176470588,58,20240314,58-CF_20240314_optimalizace_vanza.xlsx,optimalizace,2,b,FskOnly,0.02048000000000001
68,20,253.245283018867,58,20240314,58-CF_20240314_optimalizace_vanza.xlsx,optimalizace,2,b,FskOnly,0.02048000000000001
68,30,246.5,58,20240314,58-CF_20240314_optimalizace_vanza.xlsx,optimalizace,2,b,FskOnly,0.02048000000000001
68,40,250.358490566037,58,20240314,58-CF_20240314_optimalizace_vanza.xlsx,optimalizace,2,b,FskOnly,0.02048000000000001
68,50,246.074074074074,58,20240314,58-CF_20240314_optimalizace_vanza.xlsx,optimalizace,2,b,FskOnly,0.02048000000000001
68,60,241,58,20240314,58-CF_20240314_optimalizace_vanza.xlsx,optimalizace,2,b,FskOnly,0.02048000000000001
69,0,273.13953488372,58,20240314,58-CF_20240314_optimalizace_vanza.xlsx,optimalizace,3,a,FskOnly,0.05120000000000001
69,10,286.4,58,20240314,58-CF_20240314_optimalizace_vanza.xlsx,optimalizace,3,a,FskOnly,0.05120000000000001
69,20,278.756097560975,58,20240314,58-CF_20240314_optimalizace_vanza.xlsx,optimalizace,3,a,FskOnly,0.05120000000000001
69,30,281.4,58,20240314,58-CF_20240314_optimalizace_vanza.xlsx,optimalizace,3,a,FskOnly,0.05120000000000001
69,40,280.05,58,20240314,58-CF_20240314_optimalizace_vanza.xlsx,optimalizace,3,a,FskOnly,0.05120000000000001
69,50,271.536585365853,58,20240314,58-CF_20240314_optimalizace_vanza.xlsx,optimalizace,3,a,FskOnly,0.05120000000000001
69,60,265.095238095238,58,20240314,58-CF_20240314_optimalizace_vanza.xlsx,optimalizace,3,a,FskOnly,0.05120000000000001
70,0,321.142857142857,58,20240314,58-CF_20240314_optimalizace_vanza.xlsx,optimalizace,3,b,FskOnly,0.05120000000000001
70,10,310.790697674418,58,20240314,58-CF_20240314_optimalizace_vanza.xlsx,optimalizace,3,b,FskOnly,0.05120000000000001
70,20,308.767441860465,58,20240314,58-CF_20240314_optimalizace_vanza.xlsx,optimalizace,3,b,FskOnly,0.05120000000000001
70,30,315.095238095238,58,20240314,58-CF_20240314_optimalizace_vanza.xlsx,optimalizace,3,b,FskOnly,0.05120000000000001
70,40,306.697674418604,58,20240314,58-CF_20240314_optimalizace_vanza.xlsx,optimalizace,3,b,FskOnly,0.05120000000000001
70,50,305.883720930232,58,20240314,58-CF_20240314_optimalizace_vanza.xlsx,optimalizace,3,b,FskOnly,0.05120000000000001
70,60,298.40909090909,58,20240314,58-CF_20240314_optimalizace_vanza.xlsx,optimalizace,3,b,FskOnly,0.05120000000000001
71,0,330.960784313725,58,20240314,58-CF_20240314_optimalizace_vanza.xlsx,optimalizace,4,a,FskOnly,0.12800000000000003
71,10,329.764705882352,58,20240314,58-CF_20240314_optimalizace_vanza.xlsx,optimalizace,4,a,FskOnly,0.12800000000000003
71,20,321.01923076923,58,20240314,58-CF_20240314_optimalizace_vanza.xlsx,optimalizace,4,a,FskOnly,0.12800000000000003
71,30,318.576923076923,58,20240314,58-CF_20240314_optimalizace_vanza.xlsx,optimalizace,4,a,FskOnly,0.12800000000000003
71,40,318.25,58,20240314,58-CF_20240314_optimalizace_vanza.xlsx,optimalizace,4,a,FskOnly,0.12800000000000003
71,50,334.265306122449,58,20240314,58-CF_20240314_optimalizace_vanza.xlsx,optimalizace,4,a,FskOnly,0.12800000000000003
71,60,328.26,58,20240314,58-CF_20240314_optimalizace_vanza.xlsx,optimalizace,4,a,FskOnly,0.12800000000000003
72,0,370.608695652173,58,20240314,58-CF_20240314_optimalizace_vanza.xlsx,optimalizace,4,b,FskOnly,0.12800000000000003
72,10,360.27659574468,58,20240314,58-CF_20240314_optimalizace_vanza.xlsx,optimalizace,4,b,FskOnly,0.12800000000000003
72,20,355.808510638297,58,20240314,58-CF_20240314_optimalizace_vanza.xlsx,optimalizace,4,b,FskOnly,0.12800000000000003
72,30,354.106382978723,58,20240314,58-CF_20240314_optimalizace_vanza.xlsx,optimalizace,4,b,FskOnly,0.12800000000000003
72,40,352.723404255319,58,20240314,58-CF_20240314_optimalizace_vanza.xlsx,optimalizace,4,b,FskOnly,0.12800000000000003
72,50,359.565217391304,58,20240314,58-CF_20240314_optimalizace_vanza.xlsx,optimalizace,4,b,FskOnly,0.12800000000000003
72,60,352.170212765957,58,20240314,58-CF_20240314_optimalizace_vanza.xlsx,optimalizace,4,b,FskOnly,0.12800000000000003
73,0,342.380952380952,58,20240314,58-CF_20240314_optimalizace_vanza.xlsx,optimalizace,5,a,FskOnly,0.32000000000000006
73,10,333.813953488372,58,20240314,58-CF_20240314_optimalizace_vanza.xlsx,optimalizace,5,a,FskOnly,0.32000000000000006
73,20,332.093023255813,58,20240314,58-CF_20240314_optimalizace_vanza.xlsx,optimalizace,5,a,FskOnly,0.32000000000000006
73,30,329.651162790697,58,20240314,58-CF_20240314_optimalizace_vanza.xlsx,optimalizace,5,a,FskOnly,0.32000000000000006
73,40,329.06976744186,58,20240314,58-CF_20240314_optimalizace_vanza.xlsx,optimalizace,5,a,FskOnly,0.32000000000000006
73,50,330.906976744186,58,20240314,58-CF_20240314_optimalizace_vanza.xlsx,optimalizace,5,a,FskOnly,0.32000000000000006
73,60,342.666666666666,58,20240314,58-CF_20240314_optimalizace_vanza.xlsx,optimalizace,5,a,FskOnly,0.32000000000000006
74,0,387.487179487179,58,20240314,58-CF_20240314_optimalizace_vanza.xlsx,optimalizace,5,b,FskOnly,0.32000000000000006
74,10,374.35,58,20240314,58-CF_20240314_optimalizace_vanza.xlsx,optimalizace,5,b,FskOnly,0.32000000000000006
74,20,370.05,58,20240314,58-CF_20240314_optimalizace_vanza.xlsx,optimalizace,5,b,FskOnly,0.32000000000000006
74,30,368.25,58,20240314,58-CF_20240314_optimalizace_vanza.xlsx,optimalizace,5,b,FskOnly,0.32000000000000006
74,40,368.85,58,20240314,58-CF_20240314_optimalizace_vanza.xlsx,optimalizace,5,b,FskOnly,0.32000000000000006
74,50,378.692307692307,58,20240314,58-CF_20240314_optimalizace_vanza.xlsx,optimalizace,5,b,FskOnly,0.32000000000000006
74,60,380.564102564102,58,20240314,58-CF_20240314_optimalizace_vanza.xlsx,optimalizace,5,b,FskOnly,0.32000000000000006
75,0,287.837837837837,58,20240314,58-CF_20240314_optimalizace_vanza.xlsx,optimalizace,6,a,FskOnly,0.8000000000000002
75,10,297.457142857142,58,20240314,58-CF_20240314_optimalizace_vanza.xlsx,optimalizace,6,a,FskOnly,0.8000000000000002
75,20,300,58,20240314,58-CF_20240314_optimalizace_vanza.xlsx,optimalizace,6,a,FskOnly,0.8000000000000002
75,30,298.055555555555,58,20240314,58-CF_20240314_optimalizace_vanza.xlsx,optimalizace,6,a,FskOnly,0.8000000000000002
75,40,305.111111111111,58,20240314,58-CF_20240314_optimalizace_vanza.xlsx,optimalizace,6,a,FskOnly,0.8000000000000002
75,50,314.583333333333,58,20240314,58-CF_20240314_optimalizace_vanza.xlsx,optimalizace,6,a,FskOnly,0.8000000000000002
75,60,324.916666666666,58,20240314,58-CF_20240314_optimalizace_vanza.xlsx,optimalizace,6,a,FskOnly,0.8000000000000002
76,0,278.45652173913,58,20240314,58-CF_20240314_optimalizace_vanza.xlsx,optimalizace,6,b,FskOnly,0.8000000000000002
76,10,277.152173913043,58,20240314,58-CF_20240314_optimalizace_vanza.xlsx,optimalizace,6,b,FskOnly,0.8000000000000002
76,20,280.434782608695,58,20240314,58-CF_20240314_optimalizace_vanza.xlsx,optimalizace,6,b,FskOnly,0.8000000000000002
76,30,280.829787234042,58,20240314,58-CF_20240314_optimalizace_vanza.xlsx,optimalizace,6,b,FskOnly,0.8000000000000002
76,40,294.043478260869,58,20240314,58-CF_20240314_optimalizace_vanza.xlsx,optimalizace,6,b,FskOnly,0.8000000000000002
76,50,308.933333333333,58,20240314,58-CF_20240314_optimalizace_vanza.xlsx,optimalizace,6,b,FskOnly,0.8000000000000002
76,60,312.804347826086,58,20240314,58-CF_20240314_optimalizace_vanza.xlsx,optimalizace,6,b,FskOnly,0.8000000000000002
77,0,292.638888888888,58,20240314,58-CF_20240314_optimalizace_vanza.xlsx,optimalizace,7,a,FskOnly,2
77,10,291.527777777777,58,20240314,58-CF_20240314_optimalizace_vanza.xlsx,optimalizace,7,a,FskOnly,2
77,20,311.542857142857,58,20240314,58-CF_20240314_optimalizace_vanza.xlsx,optimalizace,7,a,FskOnly,2
77,30,319.527777777777,58,20240314,58-CF_20240314_optimalizace_vanza.xlsx,optimalizace,7,a,FskOnly,2
77,40,335.666666666666,58,20240314,58-CF_20240314_optimalizace_vanza.xlsx,optimalizace,7,a,FskOnly,2
77,50,341.108108108108,58,20240314,58-CF_20240314_optimalizace_vanza.xlsx,optimalizace,7,a,FskOnly,2
77,60,355.513513513513,58,20240314,58-CF_20240314_optimalizace_vanza.xlsx,optimalizace,7,a,FskOnly,2
78,0,280.66,58,20240314,58-CF_20240314_optimalizace_vanza.xlsx,optimalizace,7,b,FskOnly,2
78,10,286.224489795918,58,20240314,58-CF_20240314_optimalizace_vanza.xlsx,optimalizace,7,b,FskOnly,2
78,20,299.102040816326,58,20240314,58-CF_20240314_optimalizace_vanza.xlsx,optimalizace,7,b,FskOnly,2
78,30,314.448979591836,58,20240314,58-CF_20240314_optimalizace_vanza.xlsx,optimalizace,7,b,FskOnly,2
78,40,331.04081632653,58,20240314,58-CF_20240314_optimalizace_vanza.xlsx,optimalizace,7,b,FskOnly,2
78,50,346.326530612244,58,20240314,58-CF_20240314_optimalizace_vanza.xlsx,optimalizace,7,b,FskOnly,2
78,60,362.081632653061,58,20240314,58-CF_20240314_optimalizace_vanza.xlsx,optimalizace,7,b,FskOnly,2
79,0,316.828125,58,20240314,58-CF_20240314_optimalizace_vanza.xlsx,optimalizace,8,a,FskOnly,5
79,10,339.492063492063,58,20240314,58-CF_20240314_optimalizace_vanza.xlsx,optimalizace,8,a,FskOnly,5
79,20,370.841269841269,58,20240314,58-CF_20240314_optimalizace_vanza.xlsx,optimalizace,8,a,FskOnly,5
79,30,389.076923076923,58,20240314,58-CF_20240314_optimalizace_vanza.xlsx,optimalizace,8,a,FskOnly,5
79,40,401.970149253731,58,20240314,58-CF_20240314_optimalizace_vanza.xlsx,optimalizace,8,a,FskOnly,5
79,50,423.298507462686,58,20240314,58-CF_20240314_optimalizace_vanza.xlsx,optimalizace,8,a,FskOnly,5
79,60,449.651515151515,58,20240314,58-CF_20240314_optimalizace_vanza.xlsx,optimalizace,8,a,FskOnly,5
80,0,228.675675675675,58,20240314,58-CF_20240314_optimalizace_vanza.xlsx,optimalizace,8,b,FskOnly,5
80,10,236.945945945945,58,20240314,58-CF_20240314_optimalizace_vanza.xlsx,optimalizace,8,b,FskOnly,5
80,20,256.837837837837,58,20240314,58-CF_20240314_optimalizace_vanza.xlsx,optimalizace,8,b,FskOnly,5
80,30,270.763157894736,58,20240314,58-CF_20240314_optimalizace_vanza.xlsx,optimalizace,8,b,FskOnly,5
80,40,287.447368421052,58,20240314,58-CF_20240314_optimalizace_vanza.xlsx,optimalizace,8,b,FskOnly,5
80,50,308.54054054054,58,20240314,58-CF_20240314_optimalizace_vanza.xlsx,optimalizace,8,b,FskOnly,5
80,60,329.666666666666,58,20240314,58-CF_20240314_optimalizace_vanza.xlsx,optimalizace,8,b,FskOnly,5
1,0,530.083333333333,58,20241125,58-CF_202411256_optimalizace_vanza.xlsx,optimalizace_58_2,1,a,ETI,0.008192000000000003
1,10,516.24,58,20241125,58-CF_202411256_optimalizace_vanza.xlsx,optimalizace_58_2,1,a,ETI,0.008192000000000003
1,20,566.833333333333,58,20241125,58-CF_202411256_optimalizace_vanza.xlsx,optimalizace_58_2,1,a,ETI,0.008192000000000003
1,30,603.583333333333,58,20241125,58-CF_202411256_optimalizace_vanza.xlsx,optimalizace_58_2,1,a,ETI,0.008192000000000003
1,40,648.541666666666,58,20241125,58-CF_202411256_optimalizace_vanza.xlsx,optimalizace_58_2,1,a,ETI,0.008192000000000003
1,50,699.208333333333,58,20241125,58-CF_202411256_optimalizace_vanza.xlsx,optimalizace_58_2,1,a,ETI,0.008192000000000003
1,60,724.24,58,20241125,58-CF_202411256_optimalizace_vanza.xlsx,optimalizace_58_2,1,a,ETI,0.008192000000000003
2,0,457.551724137931,58,20241125,58-CF_202411256_optimalizace_vanza.xlsx,optimalizace_58_2,1,b,ETI,0.008192000000000003
2,10,482.214285714285,58,20241125,58-CF_202411256_optimalizace_vanza.xlsx,optimalizace_58_2,1,b,ETI,0.008192000000000003
2,20,489.862068965517,58,20241125,58-CF_202411256_optimalizace_vanza.xlsx,optimalizace_58_2,1,b,ETI,0.008192000000000003
2,30,536.857142857142,58,20241125,58-CF_202411256_optimalizace_vanza.xlsx,optimalizace_58_2,1,b,ETI,0.008192000000000003
2,40,553,58,20241125,58-CF_202411256_optimalizace_vanza.xlsx,optimalizace_58_2,1,b,ETI,0.008192000000000003
2,50,595.137931034482,58,20241125,58-CF_202411256_optimalizace_vanza.xlsx,optimalizace_58_2,1,b,ETI,0.008192000000000003
2,60,641.862068965517,58,20241125,58-CF_202411256_optimalizace_vanza.xlsx,optimalizace_58_2,1,b,ETI,0.008192000000000003
3,0,476.513513513513,58,20241125,58-CF_202411256_optimalizace_vanza.xlsx,optimalizace_58_2,2,a,ETI,0.02048000000000001
3,10,480.157894736842,58,20241125,58-CF_202411256_optimalizace_vanza.xlsx,optimalizace_58_2,2,a,ETI,0.02048000000000001
3,20,491.325,58,20241125,58-CF_202411256_optimalizace_vanza.xlsx,optimalizace_58_2,2,a,ETI,0.02048000000000001
3,30,529.025,58,20241125,58-CF_202411256_optimalizace_vanza.xlsx,optimalizace_58_2,2,a,ETI,0.02048000000000001
3,40,590.230769230769,58,20241125,58-CF_202411256_optimalizace_vanza.xlsx,optimalizace_58_2,2,a,ETI,0.02048000000000001
3,50,622.875,58,20241125,58-CF_202411256_optimalizace_vanza.xlsx,optimalizace_58_2,2,a,ETI,0.02048000000000001
3,60,671.575,58,20241125,58-CF_202411256_optimalizace_vanza.xlsx,optimalizace_58_2,2,a,ETI,0.02048000000000001
4,0,438.234042553191,58,20241125,58-CF_202411256_optimalizace_vanza.xlsx,optimalizace_58_2,2,b,ETI,0.02048000000000001
4,10,455.847826086956,58,20241125,58-CF_202411256_optimalizace_vanza.xlsx,optimalizace_58_2,2,b,ETI,0.02048000000000001
4,20,471.479166666666,58,20241125,58-CF_202411256_optimalizace_vanza.xlsx,optimalizace_58_2,2,b,ETI,0.02048000000000001
4,30,511.3125,58,20241125,58-CF_202411256_optimalizace_vanza.xlsx,optimalizace_58_2,2,b,ETI,0.02048000000000001
4,40,574.106382978723,58,20241125,58-CF_202411256_optimalizace_vanza.xlsx,optimalizace_58_2,2,b,ETI,0.02048000000000001
4,50,591.66,58,20241125,58-CF_202411256_optimalizace_vanza.xlsx,optimalizace_58_2,2,b,ETI,0.02048000000000001
4,60,652.816326530612,58,20241125,58-CF_202411256_optimalizace_vanza.xlsx,optimalizace_58_2,2,b,ETI,0.02048000000000001
5,0,374.186046511627,58,20241125,58-CF_202411256_optimalizace_vanza.xlsx,optimalizace_58_2,3,a,ETI,0.05120000000000001
5,10,378.222222222222,58,20241125,58-CF_202411256_optimalizace_vanza.xlsx,optimalizace_58_2,3,a,ETI,0.05120000000000001
5,20,416.777777777777,58,20241125,58-CF_202411256_optimalizace_vanza.xlsx,optimalizace_58_2,3,a,ETI,0.05120000000000001
5,30,449,58,20241125,58-CF_202411256_optimalizace_vanza.xlsx,optimalizace_58_2,3,a,ETI,0.05120000000000001
5,40,497.804347826086,58,20241125,58-CF_202411256_optimalizace_vanza.xlsx,optimalizace_58_2,3,a,ETI,0.05120000000000001
5,50,572.045454545454,58,20241125,58-CF_202411256_optimalizace_vanza.xlsx,optimalizace_58_2,3,a,ETI,0.05120000000000001
5,60,604.177777777777,58,20241125,58-CF_202411256_optimalizace_vanza.xlsx,optimalizace_58_2,3,a,ETI,0.05120000000000001
6,0,366.696969696969,58,20241125,58-CF_202411256_optimalizace_vanza.xlsx,optimalizace_58_2,3,b,ETI,0.05120000000000001
6,10,370.794117647058,58,20241125,58-CF_202411256_optimalizace_vanza.xlsx,optimalizace_58_2,3,b,ETI,0.05120000000000001
6,20,413.323529411764,58,20241125,58-CF_202411256_optimalizace_vanza.xlsx,optimalizace_58_2,3,b,ETI,0.05120000000000001
6,30,468.30303030303,58,20241125,58-CF_202411256_optimalizace_vanza.xlsx,optimalizace_58_2,3,b,ETI,0.05120000000000001
6,40,537.8125,58,20241125,58-CF_202411256_optimalizace_vanza.xlsx,optimalizace_58_2,3,b,ETI,0.05120000000000001
6,50,563.558823529411,58,20241125,58-CF_202411256_optimalizace_vanza.xlsx,optimalizace_58_2,3,b,ETI,0.05120000000000001
6,60,599.742857142857,58,20241125,58-CF_202411256_optimalizace_vanza.xlsx,optimalizace_58_2,3,b,ETI,0.05120000000000001
7,0,400.235294117647,58,20241125,58-CF_202411256_optimalizace_vanza.xlsx,optimalizace_58_2,4,a,ETI,0.12800000000000003
7,10,451,58,20241125,58-CF_202411256_optimalizace_vanza.xlsx,optimalizace_58_2,4,a,ETI,0.12800000000000003
7,20,498.794117647058,58,20241125,58-CF_202411256_optimalizace_vanza.xlsx,optimalizace_58_2,4,a,ETI,0.12800000000000003
7,30,593.34375,58,20241125,58-CF_202411256_optimalizace_vanza.xlsx,optimalizace_58_2,4,a,ETI,0.12800000000000003
7,40,695.866666666666,58,20241125,58-CF_202411256_optimalizace_vanza.xlsx,optimalizace_58_2,4,a,ETI,0.12800000000000003
7,50,716.612903225806,58,20241125,58-CF_202411256_optimalizace_vanza.xlsx,optimalizace_58_2,4,a,ETI,0.12800000000000003
7,60,696.294117647058,58,20241125,58-CF_202411256_optimalizace_vanza.xlsx,optimalizace_58_2,4,a,ETI,0.12800000000000003
8,0,440.489795918367,58,20241125,58-CF_202411256_optimalizace_vanza.xlsx,optimalizace_58_2,4,b,ETI,0.12800000000000003
8,10,471.244897959183,58,20241125,58-CF_202411256_optimalizace_vanza.xlsx,optimalizace_58_2,4,b,ETI,0.12800000000000003
8,20,527.156862745098,58,20241125,58-CF_202411256_optimalizace_vanza.xlsx,optimalizace_58_2,4,b,ETI,0.12800000000000003
8,30,598.607843137254,58,20241125,58-CF_202411256_optimalizace_vanza.xlsx,optimalizace_58_2,4,b,ETI,0.12800000000000003
8,40,651.26923076923,58,20241125,58-CF_202411256_optimalizace_vanza.xlsx,optimalizace_58_2,4,b,ETI,0.12800000000000003
8,50,779.708333333333,58,20241125,58-CF_202411256_optimalizace_vanza.xlsx,optimalizace_58_2,4,b,ETI,0.12800000000000003
8,60,835.958333333333,58,20241125,58-CF_202411256_optimalizace_vanza.xlsx,optimalizace_58_2,4,b,ETI,0.12800000000000003
9,0,407.809523809523,58,20241125,58-CF_202411256_optimalizace_vanza.xlsx,optimalizace_58_2,5,a,ETI,0.32000000000000006
9,10,437.711111111111,58,20241125,58-CF_202411256_optimalizace_vanza.xlsx,optimalizace_58_2,5,a,ETI,0.32000000000000006
9,20,509.41304347826,58,20241125,58-CF_202411256_optimalizace_vanza.xlsx,optimalizace_58_2,5,a,ETI,0.32000000000000006
9,30,586.555555555555,58,20241125,58-CF_202411256_optimalizace_vanza.xlsx,optimalizace_58_2,5,a,ETI,0.32000000000000006
9,40,635.369565217391,58,20241125,58-CF_202411256_optimalizace_vanza.xlsx,optimalizace_58_2,5,a,ETI,0.32000000000000006
9,50,645.583333333333,58,20241125,58-CF_202411256_optimalizace_vanza.xlsx,optimalizace_58_2,5,a,ETI,0.32000000000000006
9,60,680.914893617021,58,20241125,58-CF_202411256_optimalizace_vanza.xlsx,optimalizace_58_2,5,a,ETI,0.32000000000000006
10,0,368.538461538461,58,20241125,58-CF_202411256_optimalizace_vanza.xlsx,optimalizace_58_2,5,b,ETI,0.32000000000000006
10,10,417.4,58,20241125,58-CF_202411256_optimalizace_vanza.xlsx,optimalizace_58_2,5,b,ETI,0.32000000000000006
10,20,478.115384615384,58,20241125,58-CF_202411256_optimalizace_vanza.xlsx,optimalizace_58_2,5,b,ETI,0.32000000000000006
10,30,543.518518518518,58,20241125,58-CF_202411256_optimalizace_vanza.xlsx,optimalizace_58_2,5,b,ETI,0.32000000000000006
10,40,566.03448275862,58,20241125,58-CF_202411256_optimalizace_vanza.xlsx,optimalizace_58_2,5,b,ETI,0.32000000000000006
10,50,652.629629629629,58,20241125,58-CF_202411256_optimalizace_vanza.xlsx,optimalizace_58_2,5,b,ETI,0.32000000000000006
10,60,699.814814814814,58,20241125,58-CF_202411256_optimalizace_vanza.xlsx,optimalizace_58_2,5,b,ETI,0.32000000000000006
11,0,375.65625,58,20241125,58-CF_202411256_optimalizace_vanza.xlsx,optimalizace_58_2,6,a,ETI,0.8000000000000002
11,10,431.28125,58,20241125,58-CF_202411256_optimalizace_vanza.xlsx,optimalizace_58_2,6,a,ETI,0.8000000000000002
11,20,493.676470588235,58,20241125,58-CF_202411256_optimalizace_vanza.xlsx,optimalizace_58_2,6,a,ETI,0.8000000000000002
11,30,581.727272727272,58,20241125,58-CF_202411256_optimalizace_vanza.xlsx,optimalizace_58_2,6,a,ETI,0.8000000000000002
11,40,666.875,58,20241125,58-CF_202411256_optimalizace_vanza.xlsx,optimalizace_58_2,6,a,ETI,0.8000000000000002
11,50,720.5,58,20241125,58-CF_202411256_optimalizace_vanza.xlsx,optimalizace_58_2,6,a,ETI,0.8000000000000002
11,60,810.166666666666,58,20241125,58-CF_202411256_optimalizace_vanza.xlsx,optimalizace_58_2,6,a,ETI,0.8000000000000002
12,0,489.127659574468,58,20241125,58-CF_202411256_optimalizace_vanza.xlsx,optimalizace_58_2,6,b,ETI,0.8000000000000002
12,10,535.56862745098,58,20241125,58-CF_202411256_optimalizace_vanza.xlsx,optimalizace_58_2,6,b,ETI,0.8000000000000002
12,20,691.979166666666,58,20241125,58-CF_202411256_optimalizace_vanza.xlsx,optimalizace_58_2,6,b,ETI,0.8000000000000002
12,30,797.604166666666,58,20241125,58-CF_202411256_optimalizace_vanza.xlsx,optimalizace_58_2,6,b,ETI,0.8000000000000002
12,40,867.204081632653,58,20241125,58-CF_202411256_optimalizace_vanza.xlsx,optimalizace_58_2,6,b,ETI,0.8000000000000002
12,50,957.145833333333,58,20241125,58-CF_202411256_optimalizace_vanza.xlsx,optimalizace_58_2,6,b,ETI,0.8000000000000002
12,60,1025.68085106382,58,20241125,58-CF_202411256_optimalizace_vanza.xlsx,optimalizace_58_2,6,b,ETI,0.8000000000000002
13,0,508.694915254237,58,20241125,58-CF_202411256_optimalizace_vanza.xlsx,optimalizace_58_2,7,a,ETI,2
13,10,587.935483870967,58,20241125,58-CF_202411256_optimalizace_vanza.xlsx,optimalizace_58_2,7,a,ETI,2
13,20,717.016393442623,58,20241125,58-CF_202411256_optimalizace_vanza.xlsx,optimalizace_58_2,7,a,ETI,2
13,30,893.070175438596,58,20241125,58-CF_202411256_optimalizace_vanza.xlsx,optimalizace_58_2,7,a,ETI,2
13,40,1099.8431372549,58,20241125,58-CF_202411256_optimalizace_vanza.xlsx,optimalizace_58_2,7,a,ETI,2
13,50,1199.38,58,20241125,58-CF_202411256_optimalizace_vanza.xlsx,optimalizace_58_2,7,a,ETI,2
13,60,1324.39130434782,58,20241125,58-CF_202411256_optimalizace_vanza.xlsx,optimalizace_58_2,7,a,ETI,2
14,0,424.302325581395,58,20241125,58-CF_202411256_optimalizace_vanza.xlsx,optimalizace_58_2,7,b,ETI,2
14,10,520,58,20241125,58-CF_202411256_optimalizace_vanza.xlsx,optimalizace_58_2,7,b,ETI,2
14,20,613.380952380952,58,20241125,58-CF_202411256_optimalizace_vanza.xlsx,optimalizace_58_2,7,b,ETI,2
14,30,724.53658536585294,58,20241125,58-CF_202411256_optimalizace_vanza.xlsx,optimalizace_58_2,7,b,ETI,2
14,40,803,58,20241125,58-CF_202411256_optimalizace_vanza.xlsx,optimalizace_58_2,7,b,ETI,2
14,50,883.975,58,20241125,58-CF_202411256_optimalizace_vanza.xlsx,optimalizace_58_2,7,b,ETI,2
14,60,883.951219512195,58,20241125,58-CF_202411256_optimalizace_vanza.xlsx,optimalizace_58_2,7,b,ETI,2
15,0,495.725806451612,58,20241125,58-CF_202411256_optimalizace_vanza.xlsx,optimalizace_58_2,8,a,ETI,5
15,10,611.822580645161,58,20241125,58-CF_202411256_optimalizace_vanza.xlsx,optimalizace_58_2,8,a,ETI,5
15,20,753.870967741935,58,20241125,58-CF_202411256_optimalizace_vanza.xlsx,optimalizace_58_2,8,a,ETI,5
15,30,829.109375,58,20241125,58-CF_202411256_optimalizace_vanza.xlsx,optimalizace_58_2,8,a,ETI,5
15,40,880.575757575757,58,20241125,58-CF_202411256_optimalizace_vanza.xlsx,optimalizace_58_2,8,a,ETI,5
15,50,993.206349206349,58,20241125,58-CF_202411256_optimalizace_vanza.xlsx,optimalizace_58_2,8,a,ETI,5
15,60,1139.39655172413,58,20241125,58-CF_202411256_optimalizace_vanza.xlsx,optimalizace_58_2,8,a,ETI,5
16,0,533.76,58,20241125,58-CF_202411256_optimalizace_vanza.xlsx,optimalizace_58_2,8,b,ETI,5
16,10,677.104166666666,58,20241125,58-CF_202411256_optimalizace_vanza.xlsx,optimalizace_58_2,8,b,ETI,5
16,20,891.15909090909,58,20241125,58-CF_202411256_optimalizace_vanza.xlsx,optimalizace_58_2,8,b,ETI,5
16,30,985.2,58,20241125,58-CF_202411256_optimalizace_vanza.xlsx,optimalizace_58_2,8,b,ETI,5
16,40,1059.10869565217,58,20241125,58-CF_202411256_optimalizace_vanza.xlsx,optimalizace_58_2,8,b,ETI,5
16,50,1185.25,58,20241125,58-CF_202411256_optimalizace_vanza.xlsx,optimalizace_58_2,8,b,ETI,5
16,60,1177.67391304347,58,20241125,58-CF_202411256_optimalizace_vanza.xlsx,optimalizace_58_2,8,b,ETI,5
17,0,379.28125,58,20241125,58-CF_202411256_optimalizace_vanza.xlsx,optimalizace_58_2,1,a,VTI_2,0.008192000000000003
17,10,390.09375,58,20241125,58-CF_202411256_optimalizace_vanza.xlsx,optimalizace_58_2,1,a,VTI_2,0.008192000000000003
17,20,423.709677419354,58,20241125,58-CF_202411256_optimalizace_vanza.xlsx,optimalizace_58_2,1,a,VTI_2,0.008192000000000003
17,30,432.40625,58,20241125,58-CF_202411256_optimalizace_vanza.xlsx,optimalizace_58_2,1,a,VTI_2,0.008192000000000003
17,40,433,58,20241125,58-CF_202411256_optimalizace_vanza.xlsx,optimalizace_58_2,1,a,VTI_2,0.008192000000000003
17,50,459.029411764705,58,20241125,58-CF_202411256_optimalizace_vanza.xlsx,optimalizace_58_2,1,a,VTI_2,0.008192000000000003
17,60,475.428571428571,58,20241125,58-CF_202411256_optimalizace_vanza.xlsx,optimalizace_58_2,1,a,VTI_2,0.008192000000000003
18,0,519.979166666666,58,20241125,58-CF_202411256_optimalizace_vanza.xlsx,optimalizace_58_2,1,b,VTI_2,0.008192000000000003
18,10,532.083333333333,58,20241125,58-CF_202411256_optimalizace_vanza.xlsx,optimalizace_58_2,1,b,VTI_2,0.008192000000000003
18,20,550.081632653061,58,20241125,58-CF_202411256_optimalizace_vanza.xlsx,optimalizace_58_2,1,b,VTI_2,0.008192000000000003
18,30,559.156862745098,58,20241125,58-CF_202411256_optimalizace_vanza.xlsx,optimalizace_58_2,1,b,VTI_2,0.008192000000000003
18,40,603.46,58,20241125,58-CF_202411256_optimalizace_vanza.xlsx,optimalizace_58_2,1,b,VTI_2,0.008192000000000003
18,50,657.142857142857,58,20241125,58-CF_202411256_optimalizace_vanza.xlsx,optimalizace_58_2,1,b,VTI_2,0.008192000000000003
18,60,721.659574468085,58,20241125,58-CF_202411256_optimalizace_vanza.xlsx,optimalizace_58_2,1,b,VTI_2,0.008192000000000003
19,0,468.659574468085,58,20241125,58-CF_202411256_optimalizace_vanza.xlsx,optimalizace_58_2,2,a,VTI_2,0.02048000000000001
19,10,470.854166666666,58,20241125,58-CF_202411256_optimalizace_vanza.xlsx,optimalizace_58_2,2,a,VTI_2,0.02048000000000001
19,20,484.48,58,20241125,58-CF_202411256_optimalizace_vanza.xlsx,optimalizace_58_2,2,a,VTI_2,0.02048000000000001
19,30,520.6,58,20241125,58-CF_202411256_optimalizace_vanza.xlsx,optimalizace_58_2,2,a,VTI_2,0.02048000000000001
19,40,560.92,58,20241125,58-CF_202411256_optimalizace_vanza.xlsx,optimalizace_58_2,2,a,VTI_2,0.02048000000000001
19,50,608.8,58,20241125,58-CF_202411256_optimalizace_vanza.xlsx,optimalizace_58_2,2,a,VTI_2,0.02048000000000001
19,60,647.725490196078,58,20241125,58-CF_202411256_optimalizace_vanza.xlsx,optimalizace_58_2,2,a,VTI_2,0.02048000000000001
20,0,481.695652173913,58,20241125,58-CF_202411256_optimalizace_vanza.xlsx,optimalizace_58_2,2,b,VTI_2,0.02048000000000001
20,10,499.133333333333,58,20241125,58-CF_202411256_optimalizace_vanza.xlsx,optimalizace_58_2,2,b,VTI_2,0.02048000000000001
20,20,529.866666666666,58,20241125,58-CF_202411256_optimalizace_vanza.xlsx,optimalizace_58_2,2,b,VTI_2,0.02048000000000001
20,30,577.477272727272,58,20241125,58-CF_202411256_optimalizace_vanza.xlsx,optimalizace_58_2,2,b,VTI_2,0.02048000000000001
20,40,606.355555555555,58,20241125,58-CF_202411256_optimalizace_vanza.xlsx,optimalizace_58_2,2,b,VTI_2,0.02048000000000001
20,50,643.804347826087,58,20241125,58-CF_202411256_optimalizace_vanza.xlsx,optimalizace_58_2,2,b,VTI_2,0.02048000000000001
20,60,664.916666666666,58,20241125,58-CF_202411256_optimalizace_vanza.xlsx,optimalizace_58_2,2,b,VTI_2,0.02048000000000001
21,0,419.272727272727,58,20241125,58-CF_202411256_optimalizace_vanza.xlsx,optimalizace_58_2,3,a,VTI_2,0.05120000000000001
21,10,433.818181818181,58,20241125,58-CF_202411256_optimalizace_vanza.xlsx,optimalizace_58_2,3,a,VTI_2,0.05120000000000001
21,20,458.888888888888,58,20241125,58-CF_202411256_optimalizace_vanza.xlsx,optimalizace_58_2,3,a,VTI_2,0.05120000000000001
21,30,508,58,20241125,58-CF_202411256_optimalizace_vanza.xlsx,optimalizace_58_2,3,a,VTI_2,0.05120000000000001
21,40,515.574468085106,58,20241125,58-CF_202411256_optimalizace_vanza.xlsx,optimalizace_58_2,3,a,VTI_2,0.05120000000000001
21,50,571.5,58,20241125,58-CF_202411256_optimalizace_vanza.xlsx,optimalizace_58_2,3,a,VTI_2,0.05120000000000001
21,60,605.765957446808,58,20241125,58-CF_202411256_optimalizace_vanza.xlsx,optimalizace_58_2,3,a,VTI_2,0.05120000000000001
22,0,352.2,58,20241125,58-CF_202411256_optimalizace_vanza.xlsx,optimalizace_58_2,3,b,VTI_2,0.05120000000000001
22,10,391.390243902439,58,20241125,58-CF_202411256_optimalizace_vanza.xlsx,optimalizace_58_2,3,b,VTI_2,0.05120000000000001
22,20,417.380952380952,58,20241125,58-CF_202411256_optimalizace_vanza.xlsx,optimalizace_58_2,3,b,VTI_2,0.05120000000000001
22,30,468.268292682926,58,20241125,58-CF_202411256_optimalizace_vanza.xlsx,optimalizace_58_2,3,b,VTI_2,0.05120000000000001
22,40,518.219512195122,58,20241125,58-CF_202411256_optimalizace_vanza.xlsx,optimalizace_58_2,3,b,VTI_2,0.05120000000000001
22,50,507.883720930232,58,20241125,58-CF_202411256_optimalizace_vanza.xlsx,optimalizace_58_2,3,b,VTI_2,0.05120000000000001
22,60,537.795454545454,58,20241125,58-CF_202411256_optimalizace_vanza.xlsx,optimalizace_58_2,3,b,VTI_2,0.05120000000000001
23,0,374.513513513513,58,20241125,58-CF_202411256_optimalizace_vanza.xlsx,optimalizace_58_2,4,a,VTI_2,0.12800000000000003
23,10,394.486486486486,58,20241125,58-CF_202411256_optimalizace_vanza.xlsx,optimalizace_58_2,4,a,VTI_2,0.12800000000000003
23,20,433.972972972972,58,20241125,58-CF_202411256_optimalizace_vanza.xlsx,optimalizace_58_2,4,a,VTI_2,0.12800000000000003
23,30,468.184210526315,58,20241125,58-CF_202411256_optimalizace_vanza.xlsx,optimalizace_58_2,4,a,VTI_2,0.12800000000000003
23,40,489.325,58,20241125,58-CF_202411256_optimalizace_vanza.xlsx,optimalizace_58_2,4,a,VTI_2,0.12800000000000003
23,50,548.205128205128,58,20241125,58-CF_202411256_optimalizace_vanza.xlsx,optimalizace_58_2,4,a,VTI_2,0.12800000000000003
23,60,587.51282051282,58,20241125,58-CF_202411256_optimalizace_vanza.xlsx,optimalizace_58_2,4,a,VTI_2,0.12800000000000003
24,0,444.775,58,20241125,58-CF_202411256_optimalizace_vanza.xlsx,optimalizace_58_2,4,b,VTI_2,0.12800000000000003
24,10,456.214285714285,58,20241125,58-CF_202411256_optimalizace_vanza.xlsx,optimalizace_58_2,4,b,VTI_2,0.12800000000000003
24,20,516.642857142857,58,20241125,58-CF_202411256_optimalizace_vanza.xlsx,optimalizace_58_2,4,b,VTI_2,0.12800000000000003
24,30,550.977272727272,58,20241125,58-CF_202411256_optimalizace_vanza.xlsx,optimalizace_58_2,4,b,VTI_2,0.12800000000000003
24,40,628.302325581395,58,20241125,58-CF_202411256_optimalizace_vanza.xlsx,optimalizace_58_2,4,b,VTI_2,0.12800000000000003
24,50,687.209302325581,58,20241125,58-CF_202411256_optimalizace_vanza.xlsx,optimalizace_58_2,4,b,VTI_2,0.12800000000000003
24,60,742.302325581395,58,20241125,58-CF_202411256_optimalizace_vanza.xlsx,optimalizace_58_2,4,b,VTI_2,0.12800000000000003
25,0,365.5,58,20241125,58-CF_202411256_optimalizace_vanza.xlsx,optimalizace_58_2,5,a,VTI_2,0.32000000000000006
25,10,406.21875,58,20241125,58-CF_202411256_optimalizace_vanza.xlsx,optimalizace_58_2,5,a,VTI_2,0.32000000000000006
25,20,479.28125,58,20241125,58-CF_202411256_optimalizace_vanza.xlsx,optimalizace_58_2,5,a,VTI_2,0.32000000000000006
25,30,562.516129032258,58,20241125,58-CF_202411256_optimalizace_vanza.xlsx,optimalizace_58_2,5,a,VTI_2,0.32000000000000006
25,40,641.233333333333,58,20241125,58-CF_202411256_optimalizace_vanza.xlsx,optimalizace_58_2,5,a,VTI_2,0.32000000000000006
25,50,701.266666666666,58,20241125,58-CF_202411256_optimalizace_vanza.xlsx,optimalizace_58_2,5,a,VTI_2,0.32000000000000006
25,60,763.344827586206,58,20241125,58-CF_202411256_optimalizace_vanza.xlsx,optimalizace_58_2,5,a,VTI_2,0.32000000000000006
26,0,533.91304347826,58,20241125,58-CF_202411256_optimalizace_vanza.xlsx,optimalizace_58_2,5,b,VTI_2,0.32000000000000006
26,10,579.458333333333,58,20241125,58-CF_202411256_optimalizace_vanza.xlsx,optimalizace_58_2,5,b,VTI_2,0.32000000000000006
26,20,648.64,58,20241125,58-CF_202411256_optimalizace_vanza.xlsx,optimalizace_58_2,5,b,VTI_2,0.32000000000000006
26,30,763.875,58,20241125,58-CF_202411256_optimalizace_vanza.xlsx,optimalizace_58_2,5,b,VTI_2,0.32000000000000006
26,40,839.083333333333,58,20241125,58-CF_202411256_optimalizace_vanza.xlsx,optimalizace_58_2,5,b,VTI_2,0.32000000000000006
26,50,802.407407407407,58,20241125,58-CF_202411256_optimalizace_vanza.xlsx,optimalizace_58_2,5,b,VTI_2,0.32000000000000006
26,60,890.56,58,20241125,58-CF_202411256_optimalizace_vanza.xlsx,optimalizace_58_2,5,b,VTI_2,0.32000000000000006
27,0,419.230769230769,58,20241125,58-CF_202411256_optimalizace_vanza.xlsx,optimalizace_58_2,6,a,VTI_2,0.8000000000000002
27,10,483.037037037037,58,20241125,58-CF_202411256_optimalizace_vanza.xlsx,optimalizace_58_2,6,a,VTI_2,0.8000000000000002
27,20,581.518518518518,58,20241125,58-CF_202411256_optimalizace_vanza.xlsx,optimalizace_58_2,6,a,VTI_2,0.8000000000000002
27,30,613.965517241379,58,20241125,58-CF_202411256_optimalizace_vanza.xlsx,optimalizace_58_2,6,a,VTI_2,0.8000000000000002
27,40,670.275862068965,58,20241125,58-CF_202411256_optimalizace_vanza.xlsx,optimalizace_58_2,6,a,VTI_2,0.8000000000000002
27,50,715.793103448275,58,20241125,58-CF_202411256_optimalizace_vanza.xlsx,optimalizace_58_2,6,a,VTI_2,0.8000000000000002
27,60,748.071428571428,58,20241125,58-CF_202411256_optimalizace_vanza.xlsx,optimalizace_58_2,6,a,VTI_2,0.8000000000000002
28,0,439.26923076923,58,20241125,58-CF_202411256_optimalizace_vanza.xlsx,optimalizace_58_2,6,b,VTI_2,0.8000000000000002
28,10,515.4,58,20241125,58-CF_202411256_optimalizace_vanza.xlsx,optimalizace_58_2,6,b,VTI_2,0.8000000000000002
28,20,610.541666666666,58,20241125,58-CF_202411256_optimalizace_vanza.xlsx,optimalizace_58_2,6,b,VTI_2,0.8000000000000002
28,30,711.086956521739,58,20241125,58-CF_202411256_optimalizace_vanza.xlsx,optimalizace_58_2,6,b,VTI_2,0.8000000000000002
28,40,889.05,58,20241125,58-CF_202411256_optimalizace_vanza.xlsx,optimalizace_58_2,6,b,VTI_2,0.8000000000000002
28,50,964.3,58,20241125,58-CF_202411256_optimalizace_vanza.xlsx,optimalizace_58_2,6,b,VTI_2,0.8000000000000002
28,60,974.47619047619,58,20241125,58-CF_202411256_optimalizace_vanza.xlsx,optimalizace_58_2,6,b,VTI_2,0.8000000000000002
29,0,425.555555555555,58,20241125,58-CF_202411256_optimalizace_vanza.xlsx,optimalizace_58_2,7,a,VTI_2,2
29,10,512.571428571428,58,20241125,58-CF_202411256_optimalizace_vanza.xlsx,optimalizace_58_2,7,a,VTI_2,2
29,20,623.731707317073,58,20241125,58-CF_202411256_optimalizace_vanza.xlsx,optimalizace_58_2,7,a,VTI_2,2
29,30,696.809523809523,58,20241125,58-CF_202411256_optimalizace_vanza.xlsx,optimalizace_58_2,7,a,VTI_2,2
29,40,794.675,58,20241125,58-CF_202411256_optimalizace_vanza.xlsx,optimalizace_58_2,7,a,VTI_2,2
29,50,833.463414634146,58,20241125,58-CF_202411256_optimalizace_vanza.xlsx,optimalizace_58_2,7,a,VTI_2,2
29,60,868.341463414634,58,20241125,58-CF_202411256_optimalizace_vanza.xlsx,optimalizace_58_2,7,a,VTI_2,2
30,0,459.333333333333,58,20241125,58-CF_202411256_optimalizace_vanza.xlsx,optimalizace_58_2,7,b,VTI_2,2
30,10,553.153846153846,58,20241125,58-CF_202411256_optimalizace_vanza.xlsx,optimalizace_58_2,7,b,VTI_2,2
30,20,662.625,58,20241125,58-CF_202411256_optimalizace_vanza.xlsx,optimalizace_58_2,7,b,VTI_2,2
30,30,793.78947368421,58,20241125,58-CF_202411256_optimalizace_vanza.xlsx,optimalizace_58_2,7,b,VTI_2,2
30,40,866.394736842105,58,20241125,58-CF_202411256_optimalizace_vanza.xlsx,optimalizace_58_2,7,b,VTI_2,2
30,50,926.315789473684,58,20241125,58-CF_202411256_optimalizace_vanza.xlsx,optimalizace_58_2,7,b,VTI_2,2
30,60,974.5,58,20241125,58-CF_202411256_optimalizace_vanza.xlsx,optimalizace_58_2,7,b,VTI_2,2
31,0,401.555555555555,58,20241125,58-CF_202411256_optimalizace_vanza.xlsx,optimalizace_58_2,8,a,VTI_2,5
31,10,473.577777777777,58,20241125,58-CF_202411256_optimalizace_vanza.xlsx,optimalizace_58_2,8,a,VTI_2,5
31,20,615.214285714285,58,20241125,58-CF_202411256_optimalizace_vanza.xlsx,optimalizace_58_2,8,a,VTI_2,5
31,30,696.5,58,20241125,58-CF_202411256_optimalizace_vanza.xlsx,optimalizace_58_2,8,a,VTI_2,5
31,40,761.666666666666,58,20241125,58-CF_202411256_optimalizace_vanza.xlsx,optimalizace_58_2,8,a,VTI_2,5
31,50,809.95,58,20241125,58-CF_202411256_optimalizace_vanza.xlsx,optimalizace_58_2,8,a,VTI_2,5
31,60,806.380952380952,58,20241125,58-CF_202411256_optimalizace_vanza.xlsx,optimalizace_58_2,8,a,VTI_2,5
32,0,467.809523809523,58,20241125,58-CF_202411256_optimalizace_vanza.xlsx,optimalizace_58_2,8,b,VTI_2,5
32,10,574.238095238095,58,20241125,58-CF_202411256_optimalizace_vanza.xlsx,optimalizace_58_2,8,b,VTI_2,5
32,20,654.727272727272,58,20241125,58-CF_202411256_optimalizace_vanza.xlsx,optimalizace_58_2,8,b,VTI_2,5
32,30,713.130434782608,58,20241125,58-CF_202411256_optimalizace_vanza.xlsx,optimalizace_58_2,8,b,VTI_2,5
32,40,747.75,58,20241125,58-CF_202411256_optimalizace_vanza.xlsx,optimalizace_58_2,8,b,VTI_2,5
32,50,838.565217391304,58,20241125,58-CF_202411256_optimalizace_vanza.xlsx,optimalizace_58_2,8,b,VTI_2,5
32,60,881.391304347826,58,20241125,58-CF_202411256_optimalizace_vanza.xlsx,optimalizace_58_2,8,b,VTI_2,5
33,0,432.428571428571,58,20241125,58-CF_202411256_optimalizace_vanza.xlsx,optimalizace_58_2,a,a,VTI_02,0.008192000000000003
33,10,451.857142857142,58,20241125,58-CF_202411256_optimalizace_vanza.xlsx,optimalizace_58_2,a,a,VTI_02,0.008192000000000003
33,20,440.130434782608,58,20241125,58-CF_202411256_optimalizace_vanza.xlsx,optimalizace_58_2,a,a,VTI_02,0.008192000000000003
33,30,469.521739130434,58,20241125,58-CF_202411256_optimalizace_vanza.xlsx,optimalizace_58_2,a,a,VTI_02,0.008192000000000003
33,40,503.434782608695,58,20241125,58-CF_202411256_optimalizace_vanza.xlsx,optimalizace_58_2,a,a,VTI_02,0.008192000000000003
33,50,541.347826086956,58,20241125,58-CF_202411256_optimalizace_vanza.xlsx,optimalizace_58_2,a,a,VTI_02,0.008192000000000003
33,60,578.304347826087,58,20241125,58-CF_202411256_optimalizace_vanza.xlsx,optimalizace_58_2,a,a,VTI_02,0.008192000000000003
34,0,412.595238095238,58,20241125,58-CF_202411256_optimalizace_vanza.xlsx,optimalizace_58_2,a,b,VTI_02,0.008192000000000003
34,10,416.571428571428,58,20241125,58-CF_202411256_optimalizace_vanza.xlsx,optimalizace_58_2,a,b,VTI_02,0.008192000000000003
34,20,452.975609756097,58,20241125,58-CF_202411256_optimalizace_vanza.xlsx,optimalizace_58_2,a,b,VTI_02,0.008192000000000003
34,30,457.813953488372,58,20241125,58-CF_202411256_optimalizace_vanza.xlsx,optimalizace_58_2,a,b,VTI_02,0.008192000000000003
34,40,505.97619047619,58,20241125,58-CF_202411256_optimalizace_vanza.xlsx,optimalizace_58_2,a,b,VTI_02,0.008192000000000003
34,50,560.341463414634,58,20241125,58-CF_202411256_optimalizace_vanza.xlsx,optimalizace_58_2,a,b,VTI_02,0.008192000000000003
34,60,589.761904761904,58,20241125,58-CF_202411256_optimalizace_vanza.xlsx,optimalizace_58_2,a,b,VTI_02,0.008192000000000003
35,0,448.260869565217,58,20241125,58-CF_202411256_optimalizace_vanza.xlsx,optimalizace_58_2,b,a,VTI_02,0.02048000000000001
35,10,458.521739130434,58,20241125,58-CF_202411256_optimalizace_vanza.xlsx,optimalizace_58_2,b,a,VTI_02,0.02048000000000001
35,20,492.043478260869,58,20241125,58-CF_202411256_optimalizace_vanza.xlsx,optimalizace_58_2,b,a,VTI_02,0.02048000000000001
35,30,524.434782608695,58,20241125,58-CF_202411256_optimalizace_vanza.xlsx,optimalizace_58_2,b,a,VTI_02,0.02048000000000001
35,40,561.086956521739,58,20241125,58-CF_202411256_optimalizace_vanza.xlsx,optimalizace_58_2,b,a,VTI_02,0.02048000000000001
35,50,604.608695652173,58,20241125,58-CF_202411256_optimalizace_vanza.xlsx,optimalizace_58_2,b,a,VTI_02,0.02048000000000001
35,60,618.708333333333,58,20241125,58-CF_202411256_optimalizace_vanza.xlsx,optimalizace_58_2,b,a,VTI_02,0.02048000000000001
36,0,405.547619047619,58,20241125,58-CF_202411256_optimalizace_vanza.xlsx,optimalizace_58_2,b,b,VTI_02,0.02048000000000001
36,10,418.024390243902,58,20241125,58-CF_202411256_optimalizace_vanza.xlsx,optimalizace_58_2,b,b,VTI_02,0.02048000000000001
36,20,426.558139534883,58,20241125,58-CF_202411256_optimalizace_vanza.xlsx,optimalizace_58_2,b,b,VTI_02,0.02048000000000001
36,30,467.142857142857,58,20241125,58-CF_202411256_optimalizace_vanza.xlsx,optimalizace_58_2,b,b,VTI_02,0.02048000000000001
36,40,517.756097560975,58,20241125,58-CF_202411256_optimalizace_vanza.xlsx,optimalizace_58_2,b,b,VTI_02,0.02048000000000001
36,50,550.690476190476,58,20241125,58-CF_202411256_optimalizace_vanza.xlsx,optimalizace_58_2,b,b,VTI_02,0.02048000000000001
36,60,627.95,58,20241125,58-CF_202411256_optimalizace_vanza.xlsx,optimalizace_58_2,b,b,VTI_02,0.02048000000000001
37,0,359.16,58,20241125,58-CF_202411256_optimalizace_vanza.xlsx,optimalizace_58_2,c,a,VTI_02,0.05120000000000001
37,10,357.807692307692,58,20241125,58-CF_202411256_optimalizace_vanza.xlsx,optimalizace_58_2,c,a,VTI_02,0.05120000000000001
37,20,390.583333333333,58,20241125,58-CF_202411256_optimalizace_vanza.xlsx,optimalizace_58_2,c,a,VTI_02,0.05120000000000001
37,30,376.576923076923,58,20241125,58-CF_202411256_optimalizace_vanza.xlsx,optimalizace_58_2,c,a,VTI_02,0.05120000000000001
37,40,414.32,58,20241125,58-CF_202411256_optimalizace_vanza.xlsx,optimalizace_58_2,c,a,VTI_02,0.05120000000000001
37,50,465.666666666666,58,20241125,58-CF_202411256_optimalizace_vanza.xlsx,optimalizace_58_2,c,a,VTI_02,0.05120000000000001
37,60,525.043478260869,58,20241125,58-CF_202411256_optimalizace_vanza.xlsx,optimalizace_58_2,c,a,VTI_02,0.05120000000000001
38,0,457.1875,58,20241125,58-CF_202411256_optimalizace_vanza.xlsx,optimalizace_58_2,c,b,VTI_02,0.05120000000000001
38,10,487.7,58,20241125,58-CF_202411256_optimalizace_vanza.xlsx,optimalizace_58_2,c,b,VTI_02,0.05120000000000001
38,20,538.896551724137,58,20241125,58-CF_202411256_optimalizace_vanza.xlsx,optimalizace_58_2,c,b,VTI_02,0.05120000000000001
38,30,571.241379310344,58,20241125,58-CF_202411256_optimalizace_vanza.xlsx,optimalizace_58_2,c,b,VTI_02,0.05120000000000001
38,40,616.413793103448,58,20241125,58-CF_202411256_optimalizace_vanza.xlsx,optimalizace_58_2,c,b,VTI_02,0.05120000000000001
38,50,620.516129032258,58,20241125,58-CF_202411256_optimalizace_vanza.xlsx,optimalizace_58_2,c,b,VTI_02,0.05120000000000001
38,60,689.533333333333,58,20241125,58-CF_202411256_optimalizace_vanza.xlsx,optimalizace_58_2,c,b,VTI_02,0.05120000000000001
39,0,305.3125,58,20241125,58-CF_202411256_optimalizace_vanza.xlsx,optimalizace_58_2,d,a,VTI_02,0.12800000000000003
39,10,327.903225806451,58,20241125,58-CF_202411256_optimalizace_vanza.xlsx,optimalizace_58_2,d,a,VTI_02,0.12800000000000003
39,20,374.290322580645,58,20241125,58-CF_202411256_optimalizace_vanza.xlsx,optimalizace_58_2,d,a,VTI_02,0.12800000000000003
39,30,436.7,58,20241125,58-CF_202411256_optimalizace_vanza.xlsx,optimalizace_58_2,d,a,VTI_02,0.12800000000000003
39,40,474.555555555555,58,20241125,58-CF_202411256_optimalizace_vanza.xlsx,optimalizace_58_2,d,a,VTI_02,0.12800000000000003
39,50,524.888888888888,58,20241125,58-CF_202411256_optimalizace_vanza.xlsx,optimalizace_58_2,d,a,VTI_02,0.12800000000000003
39,60,566,58,20241125,58-CF_202411256_optimalizace_vanza.xlsx,optimalizace_58_2,d,a,VTI_02,0.12800000000000003
40,0,382.774193548387,58,20241125,58-CF_202411256_optimalizace_vanza.xlsx,optimalizace_58_2,d,b,VTI_02,0.12800000000000003
40,10,396.90625,58,20241125,58-CF_202411256_optimalizace_vanza.xlsx,optimalizace_58_2,d,b,VTI_02,0.12800000000000003
40,20,442.727272727272,58,20241125,58-CF_202411256_optimalizace_vanza.xlsx,optimalizace_58_2,d,b,VTI_02,0.12800000000000003
40,30,500.787878787878,58,20241125,58-CF_202411256_optimalizace_vanza.xlsx,optimalizace_58_2,d,b,VTI_02,0.12800000000000003
40,40,543.558823529411,58,20241125,58-CF_202411256_optimalizace_vanza.xlsx,optimalizace_58_2,d,b,VTI_02,0.12800000000000003
40,50,625.28125,58,20241125,58-CF_202411256_optimalizace_vanza.xlsx,optimalizace_58_2,d,b,VTI_02,0.12800000000000003
40,60,636.735294117647,58,20241125,58-CF_202411256_optimalizace_vanza.xlsx,optimalizace_58_2,d,b,VTI_02,0.12800000000000003
41,0,345.875,58,20241125,58-CF_202411256_optimalizace_vanza.xlsx,optimalizace_58_2,e,a,VTI_02,0.32000000000000006
41,10,397.68,58,20241125,58-CF_202411256_optimalizace_vanza.xlsx,optimalizace_58_2,e,a,VTI_02,0.32000000000000006
41,20,473.04,58,20241125,58-CF_202411256_optimalizace_vanza.xlsx,optimalizace_58_2,e,a,VTI_02,0.32000000000000006
41,30,599.681818181818,58,20241125,58-CF_202411256_optimalizace_vanza.xlsx,optimalizace_58_2,e,a,VTI_02,0.32000000000000006
41,40,662.545454545454,58,20241125,58-CF_202411256_optimalizace_vanza.xlsx,optimalizace_58_2,e,a,VTI_02,0.32000000000000006
41,50,687.086956521739,58,20241125,58-CF_202411256_optimalizace_vanza.xlsx,optimalizace_58_2,e,a,VTI_02,0.32000000000000006
41,60,756.772727272727,58,20241125,58-CF_202411256_optimalizace_vanza.xlsx,optimalizace_58_2,e,a,VTI_02,0.32000000000000006
42,0,393.03448275862,58,20241125,58-CF_202411256_optimalizace_vanza.xlsx,optimalizace_58_2,e,b,VTI_02,0.32000000000000006
42,10,461.333333333333,58,20241125,58-CF_202411256_optimalizace_vanza.xlsx,optimalizace_58_2,e,b,VTI_02,0.32000000000000006
42,20,518.071428571428,58,20241125,58-CF_202411256_optimalizace_vanza.xlsx,optimalizace_58_2,e,b,VTI_02,0.32000000000000006
42,30,642.96,58,20241125,58-CF_202411256_optimalizace_vanza.xlsx,optimalizace_58_2,e,b,VTI_02,0.32000000000000006
42,40,697.615384615384,58,20241125,58-CF_202411256_optimalizace_vanza.xlsx,optimalizace_58_2,e,b,VTI_02,0.32000000000000006
42,50,793.84,58,20241125,58-CF_202411256_optimalizace_vanza.xlsx,optimalizace_58_2,e,b,VTI_02,0.32000000000000006
42,60,815.038461538461,58,20241125,58-CF_202411256_optimalizace_vanza.xlsx,optimalizace_58_2,e,b,VTI_02,0.32000000000000006
43,0,371.0625,58,20241125,58-CF_202411256_optimalizace_vanza.xlsx,optimalizace_58_2,f,a,VTI_02,0.8000000000000002
43,10,430.939393939393,58,20241125,58-CF_202411256_optimalizace_vanza.xlsx,optimalizace_58_2,f,a,VTI_02,0.8000000000000002
43,20,517.96875,58,20241125,58-CF_202411256_optimalizace_vanza.xlsx,optimalizace_58_2,f,a,VTI_02,0.8000000000000002
43,30,596.774193548387,58,20241125,58-CF_202411256_optimalizace_vanza.xlsx,optimalizace_58_2,f,a,VTI_02,0.8000000000000002
43,40,641.870967741935,58,20241125,58-CF_202411256_optimalizace_vanza.xlsx,optimalizace_58_2,f,a,VTI_02,0.8000000000000002
43,50,574.90625,58,20241125,58-CF_202411256_optimalizace_vanza.xlsx,optimalizace_58_2,f,a,VTI_02,0.8000000000000002
43,60,606.0625,58,20241125,58-CF_202411256_optimalizace_vanza.xlsx,optimalizace_58_2,f,a,VTI_02,0.8000000000000002
44,0,341.84375,58,20241125,58-CF_202411256_optimalizace_vanza.xlsx,optimalizace_58_2,f,b,VTI_02,0.8000000000000002
44,10,396.272727272727,58,20241125,58-CF_202411256_optimalizace_vanza.xlsx,optimalizace_58_2,f,b,VTI_02,0.8000000000000002
44,20,475.323529411764,58,20241125,58-CF_202411256_optimalizace_vanza.xlsx,optimalizace_58_2,f,b,VTI_02,0.8000000000000002
44,30,528.529411764705,58,20241125,58-CF_202411256_optimalizace_vanza.xlsx,optimalizace_58_2,f,b,VTI_02,0.8000000000000002
44,40,573.515151515151,58,20241125,58-CF_202411256_optimalizace_vanza.xlsx,optimalizace_58_2,f,b,VTI_02,0.8000000000000002
44,50,625.65625,58,20241125,58-CF_202411256_optimalizace_vanza.xlsx,optimalizace_58_2,f,b,VTI_02,0.8000000000000002
44,60,624.90909090909,58,20241125,58-CF_202411256_optimalizace_vanza.xlsx,optimalizace_58_2,f,b,VTI_02,0.8000000000000002
45,0,440.466666666666,58,20241125,58-CF_202411256_optimalizace_vanza.xlsx,optimalizace_58_2,g,a,VTI_02,2
45,10,535.5,58,20241125,58-CF_202411256_optimalizace_vanza.xlsx,optimalizace_58_2,g,a,VTI_02,2
45,20,623.516129032258,58,20241125,58-CF_202411256_optimalizace_vanza.xlsx,optimalizace_58_2,g,a,VTI_02,2
45,30,721.433333333333,58,20241125,58-CF_202411256_optimalizace_vanza.xlsx,optimalizace_58_2,g,a,VTI_02,2
45,40,826.607142857142,58,20241125,58-CF_202411256_optimalizace_vanza.xlsx,optimalizace_58_2,g,a,VTI_02,2
45,50,824.666666666666,58,20241125,58-CF_202411256_optimalizace_vanza.xlsx,optimalizace_58_2,g,a,VTI_02,2
45,60,897.689655172413,58,20241125,58-CF_202411256_optimalizace_vanza.xlsx,optimalizace_58_2,g,a,VTI_02,2
46,0,439.926829268292,58,20241125,58-CF_202411256_optimalizace_vanza.xlsx,optimalizace_58_2,g,b,VTI_02,2
46,10,556.564102564102,58,20241125,58-CF_202411256_optimalizace_vanza.xlsx,optimalizace_58_2,g,b,VTI_02,2
46,20,693.157894736842,58,20241125,58-CF_202411256_optimalizace_vanza.xlsx,optimalizace_58_2,g,b,VTI_02,2
46,30,794,58,20241125,58-CF_202411256_optimalizace_vanza.xlsx,optimalizace_58_2,g,b,VTI_02,2
46,40,830.2,58,20241125,58-CF_202411256_optimalizace_vanza.xlsx,optimalizace_58_2,g,b,VTI_02,2
46,50,844.512195121951,58,20241125,58-CF_202411256_optimalizace_vanza.xlsx,optimalizace_58_2,g,b,VTI_02,2
46,60,834.395348837209,58,20241125,58-CF_202411256_optimalizace_vanza.xlsx,optimalizace_58_2,g,b,VTI_02,2
47,0,670.162162162162,58,20241125,58-CF_202411256_optimalizace_vanza.xlsx,optimalizace_58_2,h,a,VTI_02,5
47,10,719.921052631579,58,20241125,58-CF_202411256_optimalizace_vanza.xlsx,optimalizace_58_2,h,a,VTI_02,5
47,20,771.76923076923,58,20241125,58-CF_202411256_optimalizace_vanza.xlsx,optimalizace_58_2,h,a,VTI_02,5
47,30,873.486486486486,58,20241125,58-CF_202411256_optimalizace_vanza.xlsx,optimalizace_58_2,h,a,VTI_02,5
47,40,923.945945945945,58,20241125,58-CF_202411256_optimalizace_vanza.xlsx,optimalizace_58_2,h,a,VTI_02,5
47,50,940.657894736842,58,20241125,58-CF_202411256_optimalizace_vanza.xlsx,optimalizace_58_2,h,a,VTI_02,5
47,60,992.648648648648,58,20241125,58-CF_202411256_optimalizace_vanza.xlsx,optimalizace_58_2,h,a,VTI_02,5
48,0,371.636363636363,58,20241125,58-CF_202411256_optimalizace_vanza.xlsx,optimalizace_58_2,h,b,VTI_02,5
48,10,462.636363636363,58,20241125,58-CF_202411256_optimalizace_vanza.xlsx,optimalizace_58_2,h,b,VTI_02,5
48,20,549.454545454545,58,20241125,58-CF_202411256_optimalizace_vanza.xlsx,optimalizace_58_2,h,b,VTI_02,5
48,30,589.4375,58,20241125,58-CF_202411256_optimalizace_vanza.xlsx,optimalizace_58_2,h,b,VTI_02,5
48,40,701.931034482758,58,20241125,58-CF_202411256_optimalizace_vanza.xlsx,optimalizace_58_2,h,b,VTI_02,5
48,50,800,58,20241125,58-CF_202411256_optimalizace_vanza.xlsx,optimalizace_58_2,h,b,VTI_02,5
48,60,836,58,20241125,58-CF_202411256_optimalizace_vanza.xlsx,optimalizace_58_2,h,b,VTI_02,5
49,0,374.888888888888,58,20241125,58-CF_202411256_optimalizace_vanza.xlsx,optimalizace_58_2,a,a,VTI_002,0.008192000000000003
49,10,391.038461538461,58,20241125,58-CF_202411256_optimalizace_vanza.xlsx,optimalizace_58_2,a,a,VTI_002,0.008192000000000003
49,20,419.36,58,20241125,58-CF_202411256_optimalizace_vanza.xlsx,optimalizace_58_2,a,a,VTI_002,0.008192000000000003
49,30,439,58,20241125,58-CF_202411256_optimalizace_vanza.xlsx,optimalizace_58_2,a,a,VTI_002,0.008192000000000003
49,40,449.26923076923,58,20241125,58-CF_202411256_optimalizace_vanza.xlsx,optimalizace_58_2,a,a,VTI_002,0.008192000000000003
49,50,481.76923076923,58,20241125,58-CF_202411256_optimalizace_vanza.xlsx,optimalizace_58_2,a,a,VTI_002,0.008192000000000003
49,60,509.26923076923,58,20241125,58-CF_202411256_optimalizace_vanza.xlsx,optimalizace_58_2,a,a,VTI_002,0.008192000000000003
50,0,352.555555555555,58,20241125,58-CF_202411256_optimalizace_vanza.xlsx,optimalizace_58_2,a,b,VTI_002,0.008192000000000003
50,10,359.888888888888,58,20241125,58-CF_202411256_optimalizace_vanza.xlsx,optimalizace_58_2,a,b,VTI_002,0.008192000000000003
50,20,396.588235294117,58,20241125,58-CF_202411256_optimalizace_vanza.xlsx,optimalizace_58_2,a,b,VTI_002,0.008192000000000003
50,30,389.722222222222,58,20241125,58-CF_202411256_optimalizace_vanza.xlsx,optimalizace_58_2,a,b,VTI_002,0.008192000000000003
50,40,388.894736842105,58,20241125,58-CF_202411256_optimalizace_vanza.xlsx,optimalizace_58_2,a,b,VTI_002,0.008192000000000003
50,50,409.736842105263,58,20241125,58-CF_202411256_optimalizace_vanza.xlsx,optimalizace_58_2,a,b,VTI_002,0.008192000000000003
50,60,413.5,58,20241125,58-CF_202411256_optimalizace_vanza.xlsx,optimalizace_58_2,a,b,VTI_002,0.008192000000000003
51,0,346.173913043478,58,20241125,58-CF_202411256_optimalizace_vanza.xlsx,optimalizace_58_2,b,a,VTI_002,0.02048000000000001
51,10,351.304347826086,58,20241125,58-CF_202411256_optimalizace_vanza.xlsx,optimalizace_58_2,b,a,VTI_002,0.02048000000000001
51,20,349.375,58,20241125,58-CF_202411256_optimalizace_vanza.xlsx,optimalizace_58_2,b,a,VTI_002,0.02048000000000001
51,30,363.125,58,20241125,58-CF_202411256_optimalizace_vanza.xlsx,optimalizace_58_2,b,a,VTI_002,0.02048000000000001
51,40,400.608695652173,58,20241125,58-CF_202411256_optimalizace_vanza.xlsx,optimalizace_58_2,b,a,VTI_002,0.02048000000000001
51,50,422.608695652173,58,20241125,58-CF_202411256_optimalizace_vanza.xlsx,optimalizace_58_2,b,a,VTI_002,0.02048000000000001
51,60,446.91304347826,58,20241125,58-CF_202411256_optimalizace_vanza.xlsx,optimalizace_58_2,b,a,VTI_002,0.02048000000000001
52,0,466.363636363636,58,20241125,58-CF_202411256_optimalizace_vanza.xlsx,optimalizace_58_2,b,b,VTI_002,0.02048000000000001
52,10,474.545454545454,58,20241125,58-CF_202411256_optimalizace_vanza.xlsx,optimalizace_58_2,b,b,VTI_002,0.02048000000000001
52,20,488.272727272727,58,20241125,58-CF_202411256_optimalizace_vanza.xlsx,optimalizace_58_2,b,b,VTI_002,0.02048000000000001
52,30,504.545454545454,58,20241125,58-CF_202411256_optimalizace_vanza.xlsx,optimalizace_58_2,b,b,VTI_002,0.02048000000000001
52,40,570.5,58,20241125,58-CF_202411256_optimalizace_vanza.xlsx,optimalizace_58_2,b,b,VTI_002,0.02048000000000001
52,50,609.777777777777,58,20241125,58-CF_202411256_optimalizace_vanza.xlsx,optimalizace_58_2,b,b,VTI_002,0.02048000000000001
52,60,642.777777777777,58,20241125,58-CF_202411256_optimalizace_vanza.xlsx,optimalizace_58_2,b,b,VTI_002,0.02048000000000001
53,0,319.736842105263,58,20241125,58-CF_202411256_optimalizace_vanza.xlsx,optimalizace_58_2,c,a,VTI_002,0.05120000000000001
53,10,343.166666666666,58,20241125,58-CF_202411256_optimalizace_vanza.xlsx,optimalizace_58_2,c,a,VTI_002,0.05120000000000001
53,20,399.705882352941,58,20241125,58-CF_202411256_optimalizace_vanza.xlsx,optimalizace_58_2,c,a,VTI_002,0.05120000000000001
53,30,352.2,58,20241125,58-CF_202411256_optimalizace_vanza.xlsx,optimalizace_58_2,c,a,VTI_002,0.05120000000000001
53,40,401.722222222222,58,20241125,58-CF_202411256_optimalizace_vanza.xlsx,optimalizace_58_2,c,a,VTI_002,0.05120000000000001
53,50,452.764705882352,58,20241125,58-CF_202411256_optimalizace_vanza.xlsx,optimalizace_58_2,c,a,VTI_002,0.05120000000000001
53,60,519.1875,58,20241125,58-CF_202411256_optimalizace_vanza.xlsx,optimalizace_58_2,c,a,VTI_002,0.05120000000000001
54,0,313.5,58,20241125,58-CF_202411256_optimalizace_vanza.xlsx,optimalizace_58_2,c,b,VTI_002,0.05120000000000001
54,10,321.722222222222,58,20241125,58-CF_202411256_optimalizace_vanza.xlsx,optimalizace_58_2,c,b,VTI_002,0.05120000000000001
54,20,349.111111111111,58,20241125,58-CF_202411256_optimalizace_vanza.xlsx,optimalizace_58_2,c,b,VTI_002,0.05120000000000001
54,30,396.058823529411,58,20241125,58-CF_202411256_optimalizace_vanza.xlsx,optimalizace_58_2,c,b,VTI_002,0.05120000000000001
54,40,410.722222222222,58,20241125,58-CF_202411256_optimalizace_vanza.xlsx,optimalizace_58_2,c,b,VTI_002,0.05120000000000001
54,50,445.277777777777,58,20241125,58-CF_202411256_optimalizace_vanza.xlsx,optimalizace_58_2,c,b,VTI_002,0.05120000000000001
54,60,442.05,58,20241125,58-CF_202411256_optimalizace_vanza.xlsx,optimalizace_58_2,c,b,VTI_002,0.05120000000000001
55,0,353.391304347826,58,20241125,58-CF_202411256_optimalizace_vanza.xlsx,optimalizace_58_2,d,a,VTI_002,0.12800000000000003
55,10,388.454545454545,58,20241125,58-CF_202411256_optimalizace_vanza.xlsx,optimalizace_58_2,d,a,VTI_002,0.12800000000000003
55,20,413.208333333333,58,20241125,58-CF_202411256_optimalizace_vanza.xlsx,optimalizace_58_2,d,a,VTI_002,0.12800000000000003
55,30,452.083333333333,58,20241125,58-CF_202411256_optimalizace_vanza.xlsx,optimalizace_58_2,d,a,VTI_002,0.12800000000000003
55,40,481.44,58,20241125,58-CF_202411256_optimalizace_vanza.xlsx,optimalizace_58_2,d,a,VTI_002,0.12800000000000003
55,50,516.96,58,20241125,58-CF_202411256_optimalizace_vanza.xlsx,optimalizace_58_2,d,a,VTI_002,0.12800000000000003
55,60,560.72,58,20241125,58-CF_202411256_optimalizace_vanza.xlsx,optimalizace_58_2,d,a,VTI_002,0.12800000000000003
56,0,265.629629629629,58,20241125,58-CF_202411256_optimalizace_vanza.xlsx,optimalizace_58_2,d,b,VTI_002,0.12800000000000003
56,10,285.555555555555,58,20241125,58-CF_202411256_optimalizace_vanza.xlsx,optimalizace_58_2,d,b,VTI_002,0.12800000000000003
56,20,317.407407407407,58,20241125,58-CF_202411256_optimalizace_vanza.xlsx,optimalizace_58_2,d,b,VTI_002,0.12800000000000003
56,30,368.076923076923,58,20241125,58-CF_202411256_optimalizace_vanza.xlsx,optimalizace_58_2,d,b,VTI_002,0.12800000000000003
56,40,394.222222222222,58,20241125,58-CF_202411256_optimalizace_vanza.xlsx,optimalizace_58_2,d,b,VTI_002,0.12800000000000003
56,50,443.576923076923,58,20241125,58-CF_202411256_optimalizace_vanza.xlsx,optimalizace_58_2,d,b,VTI_002,0.12800000000000003
56,60,473.846153846153,58,20241125,58-CF_202411256_optimalizace_vanza.xlsx,optimalizace_58_2,d,b,VTI_002,0.12800000000000003
57,0,285.642857142857,58,20241125,58-CF_202411256_optimalizace_vanza.xlsx,optimalizace_58_2,e,a,VTI_002,0.32000000000000006
57,10,314,58,20241125,58-CF_202411256_optimalizace_vanza.xlsx,optimalizace_58_2,e,a,VTI_002,0.32000000000000006
57,20,415.166666666666,58,20241125,58-CF_202411256_optimalizace_vanza.xlsx,optimalizace_58_2,e,a,VTI_002,0.32000000000000006
57,30,415.76923076923,58,20241125,58-CF_202411256_optimalizace_vanza.xlsx,optimalizace_58_2,e,a,VTI_002,0.32000000000000006
57,40,487.333333333333,58,20241125,58-CF_202411256_optimalizace_vanza.xlsx,optimalizace_58_2,e,a,VTI_002,0.32000000000000006
57,50,475.692307692307,58,20241125,58-CF_202411256_optimalizace_vanza.xlsx,optimalizace_58_2,e,a,VTI_002,0.32000000000000006
57,60,542.416666666666,58,20241125,58-CF_202411256_optimalizace_vanza.xlsx,optimalizace_58_2,e,a,VTI_002,0.32000000000000006
58,0,362.136363636363,58,20241125,58-CF_202411256_optimalizace_vanza.xlsx,optimalizace_58_2,e,b,VTI_002,0.32000000000000006
58,10,447.2,58,20241125,58-CF_202411256_optimalizace_vanza.xlsx,optimalizace_58_2,e,b,VTI_002,0.32000000000000006
58,20,505,58,20241125,58-CF_202411256_optimalizace_vanza.xlsx,optimalizace_58_2,e,b,VTI_002,0.32000000000000006
58,30,594.578947368421,58,20241125,58-CF_202411256_optimalizace_vanza.xlsx,optimalizace_58_2,e,b,VTI_002,0.32000000000000006
58,40,655.842105263157,58,20241125,58-CF_202411256_optimalizace_vanza.xlsx,optimalizace_58_2,e,b,VTI_002,0.32000000000000006
58,50,685,58,20241125,58-CF_202411256_optimalizace_vanza.xlsx,optimalizace_58_2,e,b,VTI_002,0.32000000000000006
58,60,629,58,20241125,58-CF_202411256_optimalizace_vanza.xlsx,optimalizace_58_2,e,b,VTI_002,0.32000000000000006
59,0,339.739130434782,58,20241125,58-CF_202411256_optimalizace_vanza.xlsx,optimalizace_58_2,f,a,VTI_002,0.8000000000000002
59,10,400.043478260869,58,20241125,58-CF_202411256_optimalizace_vanza.xlsx,optimalizace_58_2,f,a,VTI_002,0.8000000000000002
59,20,467.958333333333,58,20241125,58-CF_202411256_optimalizace_vanza.xlsx,optimalizace_58_2,f,a,VTI_002,0.8000000000000002
59,30,487.307692307692,58,20241125,58-CF_202411256_optimalizace_vanza.xlsx,optimalizace_58_2,f,a,VTI_002,0.8000000000000002
59,40,555.96,58,20241125,58-CF_202411256_optimalizace_vanza.xlsx,optimalizace_58_2,f,a,VTI_002,0.8000000000000002
59,50,579.538461538461,58,20241125,58-CF_202411256_optimalizace_vanza.xlsx,optimalizace_58_2,f,a,VTI_002,0.8000000000000002
59,60,637.04,58,20241125,58-CF_202411256_optimalizace_vanza.xlsx,optimalizace_58_2,f,a,VTI_002,0.8000000000000002
60,0,456.538461538461,58,20241125,58-CF_202411256_optimalizace_vanza.xlsx,optimalizace_58_2,f,b,VTI_002,0.8000000000000002
60,10,515.785714285714,58,20241125,58-CF_202411256_optimalizace_vanza.xlsx,optimalizace_58_2,f,b,VTI_002,0.8000000000000002
60,20,581.571428571428,58,20241125,58-CF_202411256_optimalizace_vanza.xlsx,optimalizace_58_2,f,b,VTI_002,0.8000000000000002
60,30,674.538461538461,58,20241125,58-CF_202411256_optimalizace_vanza.xlsx,optimalizace_58_2,f,b,VTI_002,0.8000000000000002
60,40,751.615384615384,58,20241125,58-CF_202411256_optimalizace_vanza.xlsx,optimalizace_58_2,f,b,VTI_002,0.8000000000000002
60,50,815.384615384615,58,20241125,58-CF_202411256_optimalizace_vanza.xlsx,optimalizace_58_2,f,b,VTI_002,0.8000000000000002
60,60,868.846153846153,58,20241125,58-CF_202411256_optimalizace_vanza.xlsx,optimalizace_58_2,f,b,VTI_002,0.8000000000000002
61,0,358.103448275862,58,20241125,58-CF_202411256_optimalizace_vanza.xlsx,optimalizace_58_2,g,a,VTI_002,2
61,10,402,58,20241125,58-CF_202411256_optimalizace_vanza.xlsx,optimalizace_58_2,g,a,VTI_002,2
61,20,471.233333333333,58,20241125,58-CF_202411256_optimalizace_vanza.xlsx,optimalizace_58_2,g,a,VTI_002,2
61,30,552.607142857142,58,20241125,58-CF_202411256_optimalizace_vanza.xlsx,optimalizace_58_2,g,a,VTI_002,2
61,40,575.275862068965,58,20241125,58-CF_202411256_optimalizace_vanza.xlsx,optimalizace_58_2,g,a,VTI_002,2
61,50,629,58,20241125,58-CF_202411256_optimalizace_vanza.xlsx,optimalizace_58_2,g,a,VTI_002,2
61,60,680.481481481481,58,20241125,58-CF_202411256_optimalizace_vanza.xlsx,optimalizace_58_2,g,a,VTI_002,2
62,0,366.888888888888,58,20241125,58-CF_202411256_optimalizace_vanza.xlsx,optimalizace_58_2,g,b,VTI_002,2
62,10,399.25,58,20241125,58-CF_202411256_optimalizace_vanza.xlsx,optimalizace_58_2,g,b,VTI_002,2
62,20,458.428571428571,58,20241125,58-CF_202411256_optimalizace_vanza.xlsx,optimalizace_58_2,g,b,VTI_002,2
62,30,540,58,20241125,58-CF_202411256_optimalizace_vanza.xlsx,optimalizace_58_2,g,b,VTI_002,2
62,40,620.421052631579,58,20241125,58-CF_202411256_optimalizace_vanza.xlsx,optimalizace_58_2,g,b,VTI_002,2
62,50,663.684210526315,58,20241125,58-CF_202411256_optimalizace_vanza.xlsx,optimalizace_58_2,g,b,VTI_002,2
62,60,670.4,58,20241125,58-CF_202411256_optimalizace_vanza.xlsx,optimalizace_58_2,g,b,VTI_002,2
63,0,420.357142857142,58,20241125,58-CF_202411256_optimalizace_vanza.xlsx,optimalizace_58_2,h,a,VTI_002,5
63,10,482.25,58,20241125,58-CF_202411256_optimalizace_vanza.xlsx,optimalizace_58_2,h,a,VTI_002,5
63,20,610.666666666666,58,20241125,58-CF_202411256_optimalizace_vanza.xlsx,optimalizace_58_2,h,a,VTI_002,5
63,30,665.857142857142,58,20241125,58-CF_202411256_optimalizace_vanza.xlsx,optimalizace_58_2,h,a,VTI_002,5
63,40,636.0625,58,20241125,58-CF_202411256_optimalizace_vanza.xlsx,optimalizace_58_2,h,a,VTI_002,5
63,50,758.357142857142,58,20241125,58-CF_202411256_optimalizace_vanza.xlsx,optimalizace_58_2,h,a,VTI_002,5
63,60,627.529411764705,58,20241125,58-CF_202411256_optimalizace_vanza.xlsx,optimalizace_58_2,h,a,VTI_002,5
64,0,369.911764705882,58,20241125,58-CF_202411256_optimalizace_vanza.xlsx,optimalizace_58_2,h,b,VTI_002,5
64,10,496.774193548387,58,20241125,58-CF_202411256_optimalizace_vanza.xlsx,optimalizace_58_2,h,b,VTI_002,5
64,20,550.666666666666,58,20241125,58-CF_202411256_optimalizace_vanza.xlsx,optimalizace_58_2,h,b,VTI_002,5
64,30,630.4375,58,20241125,58-CF_202411256_optimalizace_vanza.xlsx,optimalizace_58_2,h,b,VTI_002,5
64,40,683.21875,58,20241125,58-CF_202411256_optimalizace_vanza.xlsx,optimalizace_58_2,h,b,VTI_002,5
64,50,731.129032258064,58,20241125,58-CF_202411256_optimalizace_vanza.xlsx,optimalizace_58_2,h,b,VTI_002,5
64,60,774.9,58,20241125,58-CF_202411256_optimalizace_vanza.xlsx,optimalizace_58_2,h,b,VTI_002,5
65,0,398.875,58,20241125,58-CF_202411256_optimalizace_vanza.xlsx,optimalizace_58_2,2,a,FskOnly,0.02048000000000001
65,10,390.5,58,20241125,58-CF_202411256_optimalizace_vanza.xlsx,optimalizace_58_2,2,a,FskOnly,0.02048000000000001
65,20,387.375,58,20241125,58-CF_202411256_optimalizace_vanza.xlsx,optimalizace_58_2,2,a,FskOnly,0.02048000000000001
65,30,384.8125,58,20241125,58-CF_202411256_optimalizace_vanza.xlsx,optimalizace_58_2,2,a,FskOnly,0.02048000000000001
65,40,383.0625,58,20241125,58-CF_202411256_optimalizace_vanza.xlsx,optimalizace_58_2,2,a,FskOnly,0.02048000000000001
65,50,381.625,58,20241125,58-CF_202411256_optimalizace_vanza.xlsx,optimalizace_58_2,2,a,FskOnly,0.02048000000000001
65,60,381.5625,58,20241125,58-CF_202411256_optimalizace_vanza.xlsx,optimalizace_58_2,2,a,FskOnly,0.02048000000000001
66,0,250.75,58,20241125,58-CF_202411256_optimalizace_vanza.xlsx,optimalizace_58_2,2,b,FskOnly,0.02048000000000001
66,10,249.25,58,20241125,58-CF_202411256_optimalizace_vanza.xlsx,optimalizace_58_2,2,b,FskOnly,0.02048000000000001
66,20,250.5,58,20241125,58-CF_202411256_optimalizace_vanza.xlsx,optimalizace_58_2,2,b,FskOnly,0.02048000000000001
66,30,245.75,58,20241125,58-CF_202411256_optimalizace_vanza.xlsx,optimalizace_58_2,2,b,FskOnly,0.02048000000000001
66,40,244.5,58,20241125,58-CF_202411256_optimalizace_vanza.xlsx,optimalizace_58_2,2,b,FskOnly,0.02048000000000001
66,50,247.25,58,20241125,58-CF_202411256_optimalizace_vanza.xlsx,optimalizace_58_2,2,b,FskOnly,0.02048000000000001
66,60,245.75,58,20241125,58-CF_202411256_optimalizace_vanza.xlsx,optimalizace_58_2,2,b,FskOnly,0.02048000000000001
67,0,368.285714285714,58,20241125,58-CF_202411256_optimalizace_vanza.xlsx,optimalizace_58_2,4,a,FskOnly,0.12800000000000003
67,10,364.666666666666,58,20241125,58-CF_202411256_optimalizace_vanza.xlsx,optimalizace_58_2,4,a,FskOnly,0.12800000000000003
67,20,361.428571428571,58,20241125,58-CF_202411256_optimalizace_vanza.xlsx,optimalizace_58_2,4,a,FskOnly,0.12800000000000003
67,30,373.7,58,20241125,58-CF_202411256_optimalizace_vanza.xlsx,optimalizace_58_2,4,a,FskOnly,0.12800000000000003
67,40,356.190476190476,58,20241125,58-CF_202411256_optimalizace_vanza.xlsx,optimalizace_58_2,4,a,FskOnly,0.12800000000000003
67,50,356.095238095238,58,20241125,58-CF_202411256_optimalizace_vanza.xlsx,optimalizace_58_2,4,a,FskOnly,0.12800000000000003
67,60,359,58,20241125,58-CF_202411256_optimalizace_vanza.xlsx,optimalizace_58_2,4,a,FskOnly,0.12800000000000003
68,0,441,58,20241125,58-CF_202411256_optimalizace_vanza.xlsx,optimalizace_58_2,4,b,FskOnly,0.12800000000000003
68,10,426.5,58,20241125,58-CF_202411256_optimalizace_vanza.xlsx,optimalizace_58_2,4,b,FskOnly,0.12800000000000003
68,20,418,58,20241125,58-CF_202411256_optimalizace_vanza.xlsx,optimalizace_58_2,4,b,FskOnly,0.12800000000000003
68,30,333,58,20241125,58-CF_202411256_optimalizace_vanza.xlsx,optimalizace_58_2,4,b,FskOnly,0.12800000000000003
68,40,337.2,58,20241125,58-CF_202411256_optimalizace_vanza.xlsx,optimalizace_58_2,4,b,FskOnly,0.12800000000000003
68,50,408.5,58,20241125,58-CF_202411256_optimalizace_vanza.xlsx,optimalizace_58_2,4,b,FskOnly,0.12800000000000003
68,60,326.4,58,20241125,58-CF_202411256_optimalizace_vanza.xlsx,optimalizace_58_2,4,b,FskOnly,0.12800000000000003
69,0,337.545454545454,58,20241125,58-CF_202411256_optimalizace_vanza.xlsx,optimalizace_58_2,6,a,FskOnly,0.8000000000000002
69,10,375.2,58,20241125,58-CF_202411256_optimalizace_vanza.xlsx,optimalizace_58_2,6,a,FskOnly,0.8000000000000002
69,20,388.4,58,20241125,58-CF_202411256_optimalizace_vanza.xlsx,optimalizace_58_2,6,a,FskOnly,0.8000000000000002
69,30,367.636363636363,58,20241125,58-CF_202411256_optimalizace_vanza.xlsx,optimalizace_58_2,6,a,FskOnly,0.8000000000000002
69,40,383.181818181818,58,20241125,58-CF_202411256_optimalizace_vanza.xlsx,optimalizace_58_2,6,a,FskOnly,0.8000000000000002
69,50,400,58,20241125,58-CF_202411256_optimalizace_vanza.xlsx,optimalizace_58_2,6,a,FskOnly,0.8000000000000002
69,60,412.727272727272,58,20241125,58-CF_202411256_optimalizace_vanza.xlsx,optimalizace_58_2,6,a,FskOnly,0.8000000000000002
70,0,324.214285714285,58,20241125,58-CF_202411256_optimalizace_vanza.xlsx,optimalizace_58_2,6,b,FskOnly,0.8000000000000002
70,10,306,58,20241125,58-CF_202411256_optimalizace_vanza.xlsx,optimalizace_58_2,6,b,FskOnly,0.8000000000000002
70,20,325.076923076923,58,20241125,58-CF_202411256_optimalizace_vanza.xlsx,optimalizace_58_2,6,b,FskOnly,0.8000000000000002
70,30,325.076923076923,58,20241125,58-CF_202411256_optimalizace_vanza.xlsx,optimalizace_58_2,6,b,FskOnly,0.8000000000000002
70,40,339.923076923076,58,20241125,58-CF_202411256_optimalizace_vanza.xlsx,optimalizace_58_2,6,b,FskOnly,0.8000000000000002
70,50,354.153846153846,58,20241125,58-CF_202411256_optimalizace_vanza.xlsx,optimalizace_58_2,6,b,FskOnly,0.8000000000000002
70,60,399.833333333333,58,20241125,58-CF_202411256_optimalizace_vanza.xlsx,optimalizace_58_2,6,b,FskOnly,0.8000000000000002
71,0,246.266666666666,58,20241125,58-CF_202411256_optimalizace_vanza.xlsx,optimalizace_58_2,8,a,FskOnly,5
71,10,287.071428571428,58,20241125,58-CF_202411256_optimalizace_vanza.xlsx,optimalizace_58_2,8,a,FskOnly,5
71,20,301.714285714285,58,20241125,58-CF_202411256_optimalizace_vanza.xlsx,optimalizace_58_2,8,a,FskOnly,5
71,30,324.285714285714,58,20241125,58-CF_202411256_optimalizace_vanza.xlsx,optimalizace_58_2,8,a,FskOnly,5
71,40,344.230769230769,58,20241125,58-CF_202411256_optimalizace_vanza.xlsx,optimalizace_58_2,8,a,FskOnly,5
71,50,363.461538461538,58,20241125,58-CF_202411256_optimalizace_vanza.xlsx,optimalizace_58_2,8,a,FskOnly,5
71,60,377.923076923076,58,20241125,58-CF_202411256_optimalizace_vanza.xlsx,optimalizace_58_2,8,a,FskOnly,5
72,0,274.823529411764,58,20241125,58-CF_202411256_optimalizace_vanza.xlsx,optimalizace_58_2,8,b,FskOnly,5
72,10,294.588235294117,58,20241125,58-CF_202411256_optimalizace_vanza.xlsx,optimalizace_58_2,8,b,FskOnly,5
72,20,300.166666666666,58,20241125,58-CF_202411256_optimalizace_vanza.xlsx,optimalizace_58_2,8,b,FskOnly,5
72,30,322.611111111111,58,20241125,58-CF_202411256_optimalizace_vanza.xlsx,optimalizace_58_2,8,b,FskOnly,5
72,40,359.411764705882,58,20241125,58-CF_202411256_optimalizace_vanza.xlsx,optimalizace_58_2,8,b,FskOnly,5
72,50,378.647058823529,58,20241125,58-CF_202411256_optimalizace_vanza.xlsx,optimalizace_58_2,8,b,FskOnly,5
72,60,422.625,58,20241125,58-CF_202411256_optimalizace_vanza.xlsx,optimalizace_58_2,8,b,FskOnly,5
33,0,325.896551724137,68,20240523,68-CF 20240523.xlsx,std,a,a,ETI,0.008192000000000003
33,10,321.633333333333,68,20240523,68-CF 20240523.xlsx,std,a,a,ETI,0.008192000000000003
33,20,360.137931034482,68,20240523,68-CF 20240523.xlsx,std,a,a,ETI,0.008192000000000003
33,30,390,68,20240523,68-CF 20240523.xlsx,std,a,a,ETI,0.008192000000000003
33,40,447.689655172413,68,20240523,68-CF 20240523.xlsx,std,a,a,ETI,0.008192000000000003
33,50,485.172413793103,68,20240523,68-CF 20240523.xlsx,std,a,a,ETI,0.008192000000000003
33,60,475.344827586206,68,20240523,68-CF 20240523.xlsx,std,a,a,ETI,0.008192000000000003
34,0,435.103448275862,68,20240523,68-CF 20240523.xlsx,std,a,b,ETI,0.008192000000000003
34,10,442.793103448275,68,20240523,68-CF 20240523.xlsx,std,a,b,ETI,0.008192000000000003
34,20,455.366666666666,68,20240523,68-CF 20240523.xlsx,std,a,b,ETI,0.008192000000000003
34,30,499.266666666666,68,20240523,68-CF 20240523.xlsx,std,a,b,ETI,0.008192000000000003
34,40,519.1875,68,20240523,68-CF 20240523.xlsx,std,a,b,ETI,0.008192000000000003
34,50,579.25,68,20240523,68-CF 20240523.xlsx,std,a,b,ETI,0.008192000000000003
34,60,602.4375,68,20240523,68-CF 20240523.xlsx,std,a,b,ETI,0.008192000000000003
35,0,373.232558139534,68,20240523,68-CF 20240523.xlsx,std,b,a,ETI,0.02048000000000001
35,10,417.358974358974,68,20240523,68-CF 20240523.xlsx,std,b,a,ETI,0.02048000000000001
35,20,446.6,68,20240523,68-CF 20240523.xlsx,std,b,a,ETI,0.02048000000000001
35,30,498.756097560975,68,20240523,68-CF 20240523.xlsx,std,b,a,ETI,0.02048000000000001
35,40,577.075,68,20240523,68-CF 20240523.xlsx,std,b,a,ETI,0.02048000000000001
35,50,602.658536585365,68,20240523,68-CF 20240523.xlsx,std,b,a,ETI,0.02048000000000001
35,60,574.904761904761,68,20240523,68-CF 20240523.xlsx,std,b,a,ETI,0.02048000000000001
36,0,415.926829268292,68,20240523,68-CF 20240523.xlsx,std,b,b,ETI,0.02048000000000001
36,10,426.547619047619,68,20240523,68-CF 20240523.xlsx,std,b,b,ETI,0.02048000000000001
36,20,464.720930232558,68,20240523,68-CF 20240523.xlsx,std,b,b,ETI,0.02048000000000001
36,30,547.166666666666,68,20240523,68-CF 20240523.xlsx,std,b,b,ETI,0.02048000000000001
36,40,609.5,68,20240523,68-CF 20240523.xlsx,std,b,b,ETI,0.02048000000000001
36,50,622.744186046511,68,20240523,68-CF 20240523.xlsx,std,b,b,ETI,0.02048000000000001
36,60,614.658536585365,68,20240523,68-CF 20240523.xlsx,std,b,b,ETI,0.02048000000000001
37,0,383.95,68,20240523,68-CF 20240523.xlsx,std,c,a,ETI,0.05120000000000001
37,10,405.55,68,20240523,68-CF 20240523.xlsx,std,c,a,ETI,0.05120000000000001
37,20,459,68,20240523,68-CF 20240523.xlsx,std,c,a,ETI,0.05120000000000001
37,30,524.190476190476,68,20240523,68-CF 20240523.xlsx,std,c,a,ETI,0.05120000000000001
37,40,577.045454545454,68,20240523,68-CF 20240523.xlsx,std,c,a,ETI,0.05120000000000001
37,50,649.047619047619,68,20240523,68-CF 20240523.xlsx,std,c,a,ETI,0.05120000000000001
37,60,710.05,68,20240523,68-CF 20240523.xlsx,std,c,a,ETI,0.05120000000000001
38,0,380.529411764705,68,20240523,68-CF 20240523.xlsx,std,c,b,ETI,0.05120000000000001
38,10,403.35294117647,68,20240523,68-CF 20240523.xlsx,std,c,b,ETI,0.05120000000000001
38,20,469.529411764705,68,20240523,68-CF 20240523.xlsx,std,c,b,ETI,0.05120000000000001
38,30,550.705882352941,68,20240523,68-CF 20240523.xlsx,std,c,b,ETI,0.05120000000000001
38,40,588.588235294117,68,20240523,68-CF 20240523.xlsx,std,c,b,ETI,0.05120000000000001
38,50,602.235294117647,68,20240523,68-CF 20240523.xlsx,std,c,b,ETI,0.05120000000000001
38,60,630.647058823529,68,20240523,68-CF 20240523.xlsx,std,c,b,ETI,0.05120000000000001
39,0,399.828571428571,68,20240523,68-CF 20240523.xlsx,std,d,a,ETI,0.12800000000000003
39,10,427.735294117647,68,20240523,68-CF 20240523.xlsx,std,d,a,ETI,0.12800000000000003
39,20,506.914285714285,68,20240523,68-CF 20240523.xlsx,std,d,a,ETI,0.12800000000000003
39,30,638.676470588235,68,20240523,68-CF 20240523.xlsx,std,d,a,ETI,0.12800000000000003
39,40,717.705882352941,68,20240523,68-CF 20240523.xlsx,std,d,a,ETI,0.12800000000000003
39,50,715.222222222222,68,20240523,68-CF 20240523.xlsx,std,d,a,ETI,0.12800000000000003
39,60,718.085714285714,68,20240523,68-CF 20240523.xlsx,std,d,a,ETI,0.12800000000000003
40,0,329.535714285714,68,20240523,68-CF 20240523.xlsx,std,d,b,ETI,0.12800000000000003
40,10,380.962962962963,68,20240523,68-CF 20240523.xlsx,std,d,b,ETI,0.12800000000000003
40,20,472.857142857142,68,20240523,68-CF 20240523.xlsx,std,d,b,ETI,0.12800000000000003
40,30,552.535714285714,68,20240523,68-CF 20240523.xlsx,std,d,b,ETI,0.12800000000000003
40,40,570.392857142857,68,20240523,68-CF 20240523.xlsx,std,d,b,ETI,0.12800000000000003
40,50,568.333333333333,68,20240523,68-CF 20240523.xlsx,std,d,b,ETI,0.12800000000000003
40,60,551.777777777777,68,20240523,68-CF 20240523.xlsx,std,d,b,ETI,0.12800000000000003
41,0,391.121212121212,68,20240523,68-CF 20240523.xlsx,std,e,a,ETI,0.32000000000000006
41,10,460.677419354838,68,20240523,68-CF 20240523.xlsx,std,e,a,ETI,0.32000000000000006
41,20,603.838709677419,68,20240523,68-CF 20240523.xlsx,std,e,a,ETI,0.32000000000000006
41,30,682.928571428571,68,20240523,68-CF 20240523.xlsx,std,e,a,ETI,0.32000000000000006
41,40,676.620689655172,68,20240523,68-CF 20240523.xlsx,std,e,a,ETI,0.32000000000000006
41,50,538.676470588235,68,20240523,68-CF 20240523.xlsx,std,e,a,ETI,0.32000000000000006
41,60,637.733333333333,68,20240523,68-CF 20240523.xlsx,std,e,a,ETI,0.32000000000000006
42,0,404.307692307692,68,20240523,68-CF 20240523.xlsx,std,e,b,ETI,0.32000000000000006
42,10,452.538461538461,68,20240523,68-CF 20240523.xlsx,std,e,b,ETI,0.32000000000000006
42,20,578.76,68,20240523,68-CF 20240523.xlsx,std,e,b,ETI,0.32000000000000006
42,30,739.434782608695,68,20240523,68-CF 20240523.xlsx,std,e,b,ETI,0.32000000000000006
42,40,771.875,68,20240523,68-CF 20240523.xlsx,std,e,b,ETI,0.32000000000000006
42,50,846.090909090909,68,20240523,68-CF 20240523.xlsx,std,e,b,ETI,0.32000000000000006
42,60,793.217391304347,68,20240523,68-CF 20240523.xlsx,std,e,b,ETI,0.32000000000000006
43,0,475.933333333333,68,20240523,68-CF 20240523.xlsx,std,f,a,ETI,0.8000000000000002
43,10,548.272727272727,68,20240523,68-CF 20240523.xlsx,std,f,a,ETI,0.8000000000000002
43,20,742.612903225806,68,20240523,68-CF 20240523.xlsx,std,f,a,ETI,0.8000000000000002
43,30,850.966666666666,68,20240523,68-CF 20240523.xlsx,std,f,a,ETI,0.8000000000000002
43,40,954.107142857142,68,20240523,68-CF 20240523.xlsx,std,f,a,ETI,0.8000000000000002
43,50,918.275862068965,68,20240523,68-CF 20240523.xlsx,std,f,a,ETI,0.8000000000000002
43,60,896.655172413793,68,20240523,68-CF 20240523.xlsx,std,f,a,ETI,0.8000000000000002
44,0,325.260869565217,68,20240523,68-CF 20240523.xlsx,std,f,b,ETI,0.8000000000000002
44,10,436.130434782608,68,20240523,68-CF 20240523.xlsx,std,f,b,ETI,0.8000000000000002
44,20,508,68,20240523,68-CF 20240523.xlsx,std,f,b,ETI,0.8000000000000002
44,30,548.48,68,20240523,68-CF 20240523.xlsx,std,f,b,ETI,0.8000000000000002
44,40,544.5,68,20240523,68-CF 20240523.xlsx,std,f,b,ETI,0.8000000000000002
44,50,562.08,68,20240523,68-CF 20240523.xlsx,std,f,b,ETI,0.8000000000000002
44,60,584.541666666666,68,20240523,68-CF 20240523.xlsx,std,f,b,ETI,0.8000000000000002
45,0,548.419354838709,68,20240523,68-CF 20240523.xlsx,std,g,a,ETI,2
45,10,711.242424242424,68,20240523,68-CF 20240523.xlsx,std,g,a,ETI,2
45,20,894.181818181818,68,20240523,68-CF 20240523.xlsx,std,g,a,ETI,2
45,30,1010.63636363636,68,20240523,68-CF 20240523.xlsx,std,g,a,ETI,2
45,40,1034.5,68,20240523,68-CF 20240523.xlsx,std,g,a,ETI,2
45,50,1089.65625,68,20240523,68-CF 20240523.xlsx,std,g,a,ETI,2
45,60,1002.30303030303,68,20240523,68-CF 20240523.xlsx,std,g,a,ETI,2
46,0,402.074074074074,68,20240523,68-CF 20240523.xlsx,std,g,b,ETI,2
46,10,550.111111111111,68,20240523,68-CF 20240523.xlsx,std,g,b,ETI,2
46,20,682,68,20240523,68-CF 20240523.xlsx,std,g,b,ETI,2
46,30,774.296296296296,68,20240523,68-CF 20240523.xlsx,std,g,b,ETI,2
46,40,796.571428571428,68,20240523,68-CF 20240523.xlsx,std,g,b,ETI,2
46,50,796.714285714285,68,20240523,68-CF 20240523.xlsx,std,g,b,ETI,2
46,60,763.148148148148,68,20240523,68-CF 20240523.xlsx,std,g,b,ETI,2
47,0,543.68,68,20240523,68-CF 20240523.xlsx,std,h,a,ETI,5
47,10,759.346153846153,68,20240523,68-CF 20240523.xlsx,std,h,a,ETI,5
47,20,879.407407407407,68,20240523,68-CF 20240523.xlsx,std,h,a,ETI,5
47,30,1009.26923076923,68,20240523,68-CF 20240523.xlsx,std,h,a,ETI,5
47,40,1077.32,68,20240523,68-CF 20240523.xlsx,std,h,a,ETI,5
47,50,1003.48,68,20240523,68-CF 20240523.xlsx,std,h,a,ETI,5
47,60,949.52,68,20240523,68-CF 20240523.xlsx,std,h,a,ETI,5
48,0,506,68,20240523,68-CF 20240523.xlsx,std,h,b,ETI,5
48,10,650.285714285714,68,20240523,68-CF 20240523.xlsx,std,h,b,ETI,5
48,20,858.78947368421,68,20240523,68-CF 20240523.xlsx,std,h,b,ETI,5
48,30,1003.22222222222,68,20240523,68-CF 20240523.xlsx,std,h,b,ETI,5
48,40,986.277777777777,68,20240523,68-CF 20240523.xlsx,std,h,b,ETI,5
48,50,910,68,20240523,68-CF 20240523.xlsx,std,h,b,ETI,5
48,60,882.736842105263,68,20240523,68-CF 20240523.xlsx,std,h,b,ETI,5
49,0,320.884615384615,68,20240523,68-CF 20240523.xlsx,std,a,a,VTI,0.008192000000000003
49,10,333.307692307692,68,20240523,68-CF 20240523.xlsx,std,a,a,VTI,0.008192000000000003
49,20,369.5,68,20240523,68-CF 20240523.xlsx,std,a,a,VTI,0.008192000000000003
49,30,430.52,68,20240523,68-CF 20240523.xlsx,std,a,a,VTI,0.008192000000000003
49,40,472.2,68,20240523,68-CF 20240523.xlsx,std,a,a,VTI,0.008192000000000003
49,50,505.44,68,20240523,68-CF 20240523.xlsx,std,a,a,VTI,0.008192000000000003
49,60,523.32,68,20240523,68-CF 20240523.xlsx,std,a,a,VTI,0.008192000000000003
50,0,350.045454545454,68,20240523,68-CF 20240523.xlsx,std,a,b,VTI,0.008192000000000003
50,10,386.1,68,20240523,68-CF 20240523.xlsx,std,a,b,VTI,0.008192000000000003
50,20,435.368421052631,68,20240523,68-CF 20240523.xlsx,std,a,b,VTI,0.008192000000000003
50,30,495.526315789473,68,20240523,68-CF 20240523.xlsx,std,a,b,VTI,0.008192000000000003
50,40,567.842105263157,68,20240523,68-CF 20240523.xlsx,std,a,b,VTI,0.008192000000000003
50,50,634.105263157894,68,20240523,68-CF 20240523.xlsx,std,a,b,VTI,0.008192000000000003
50,60,642.947368421052,68,20240523,68-CF 20240523.xlsx,std,a,b,VTI,0.008192000000000003
51,0,361.142857142857,68,20240523,68-CF 20240523.xlsx,std,b,a,VTI,0.02048000000000001
51,10,366.464285714285,68,20240523,68-CF 20240523.xlsx,std,b,a,VTI,0.02048000000000001
51,20,429.384615384615,68,20240523,68-CF 20240523.xlsx,std,b,a,VTI,0.02048000000000001
51,30,465.285714285714,68,20240523,68-CF 20240523.xlsx,std,b,a,VTI,0.02048000000000001
51,40,541.142857142857,68,20240523,68-CF 20240523.xlsx,std,b,a,VTI,0.02048000000000001
51,50,612.592592592592,68,20240523,68-CF 20240523.xlsx,std,b,a,VTI,0.02048000000000001
51,60,588.444444444444,68,20240523,68-CF 20240523.xlsx,std,b,a,VTI,0.02048000000000001
52,0,402.941176470588,68,20240523,68-CF 20240523.xlsx,std,b,b,VTI,0.02048000000000001
52,10,400.171428571428,68,20240523,68-CF 20240523.xlsx,std,b,b,VTI,0.02048000000000001
52,20,427.571428571428,68,20240523,68-CF 20240523.xlsx,std,b,b,VTI,0.02048000000000001
52,30,502.60606060606,68,20240523,68-CF 20240523.xlsx,std,b,b,VTI,0.02048000000000001
52,40,569.666666666666,68,20240523,68-CF 20240523.xlsx,std,b,b,VTI,0.02048000000000001
52,50,665.612903225806,68,20240523,68-CF 20240523.xlsx,std,b,b,VTI,0.02048000000000001
52,60,621.85294117647,68,20240523,68-CF 20240523.xlsx,std,b,b,VTI,0.02048000000000001
53,0,531.857142857142,68,20240523,68-CF 20240523.xlsx,std,c,a,VTI,0.05120000000000001
53,10,571,68,20240523,68-CF 20240523.xlsx,std,c,a,VTI,0.05120000000000001
53,20,600.666666666666,68,20240523,68-CF 20240523.xlsx,std,c,a,VTI,0.05120000000000001
53,30,684.590909090909,68,20240523,68-CF 20240523.xlsx,std,c,a,VTI,0.05120000000000001
53,40,805.619047619047,68,20240523,68-CF 20240523.xlsx,std,c,a,VTI,0.05120000000000001
53,50,853.666666666666,68,20240523,68-CF 20240523.xlsx,std,c,a,VTI,0.05120000000000001
53,60,926,68,20240523,68-CF 20240523.xlsx,std,c,a,VTI,0.05120000000000001
54,0,431.058823529411,68,20240523,68-CF 20240523.xlsx,std,c,b,VTI,0.05120000000000001
54,10,442.764705882352,68,20240523,68-CF 20240523.xlsx,std,c,b,VTI,0.05120000000000001
54,20,467.777777777777,68,20240523,68-CF 20240523.xlsx,std,c,b,VTI,0.05120000000000001
54,30,572.055555555555,68,20240523,68-CF 20240523.xlsx,std,c,b,VTI,0.05120000000000001
54,40,612.75,68,20240523,68-CF 20240523.xlsx,std,c,b,VTI,0.05120000000000001
54,50,649.15,68,20240523,68-CF 20240523.xlsx,std,c,b,VTI,0.05120000000000001
54,60,661,68,20240523,68-CF 20240523.xlsx,std,c,b,VTI,0.05120000000000001
55,0,439.28125,68,20240523,68-CF 20240523.xlsx,std,d,a,VTI,0.12800000000000003
55,10,453.969696969697,68,20240523,68-CF 20240523.xlsx,std,d,a,VTI,0.12800000000000003
55,20,535.181818181818,68,20240523,68-CF 20240523.xlsx,std,d,a,VTI,0.12800000000000003
55,30,638.727272727272,68,20240523,68-CF 20240523.xlsx,std,d,a,VTI,0.12800000000000003
55,40,692.029411764705,68,20240523,68-CF 20240523.xlsx,std,d,a,VTI,0.12800000000000003
55,50,731.363636363636,68,20240523,68-CF 20240523.xlsx,std,d,a,VTI,0.12800000000000003
55,60,758.65625,68,20240523,68-CF 20240523.xlsx,std,d,a,VTI,0.12800000000000003
56,0,332.76,68,20240523,68-CF 20240523.xlsx,std,d,b,VTI,0.12800000000000003
56,10,342.346153846153,68,20240523,68-CF 20240523.xlsx,std,d,b,VTI,0.12800000000000003
56,20,467.666666666666,68,20240523,68-CF 20240523.xlsx,std,d,b,VTI,0.12800000000000003
56,30,579,68,20240523,68-CF 20240523.xlsx,std,d,b,VTI,0.12800000000000003
56,40,591.782608695652,68,20240523,68-CF 20240523.xlsx,std,d,b,VTI,0.12800000000000003
56,50,581.043478260869,68,20240523,68-CF 20240523.xlsx,std,d,b,VTI,0.12800000000000003
56,60,499.24,68,20240523,68-CF 20240523.xlsx,std,d,b,VTI,0.12800000000000003
57,0,372.071428571428,68,20240523,68-CF 20240523.xlsx,std,e,a,VTI,0.32000000000000006
57,10,457.629629629629,68,20240523,68-CF 20240523.xlsx,std,e,a,VTI,0.32000000000000006
57,20,564.103448275862,68,20240523,68-CF 20240523.xlsx,std,e,a,VTI,0.32000000000000006
57,30,648.344827586206,68,20240523,68-CF 20240523.xlsx,std,e,a,VTI,0.32000000000000006
57,40,688.310344827586,68,20240523,68-CF 20240523.xlsx,std,e,a,VTI,0.32000000000000006
57,50,676.482758620689,68,20240523,68-CF 20240523.xlsx,std,e,a,VTI,0.32000000000000006
57,60,649.310344827586,68,20240523,68-CF 20240523.xlsx,std,e,a,VTI,0.32000000000000006
58,0,519.608695652173,68,20240523,68-CF 20240523.xlsx,std,e,b,VTI,0.32000000000000006
58,10,547.375,68,20240523,68-CF 20240523.xlsx,std,e,b,VTI,0.32000000000000006
58,20,649.148148148148,68,20240523,68-CF 20240523.xlsx,std,e,b,VTI,0.32000000000000006
58,30,794.961538461538,68,20240523,68-CF 20240523.xlsx,std,e,b,VTI,0.32000000000000006
58,40,839.814814814814,68,20240523,68-CF 20240523.xlsx,std,e,b,VTI,0.32000000000000006
58,50,813.714285714285,68,20240523,68-CF 20240523.xlsx,std,e,b,VTI,0.32000000000000006
58,60,799.222222222222,68,20240523,68-CF 20240523.xlsx,std,e,b,VTI,0.32000000000000006
59,0,349.84,68,20240523,68-CF 20240523.xlsx,std,f,a,VTI,0.8000000000000002
59,10,497.6,68,20240523,68-CF 20240523.xlsx,std,f,a,VTI,0.8000000000000002
59,20,565.807692307692,68,20240523,68-CF 20240523.xlsx,std,f,a,VTI,0.8000000000000002
59,30,595.74074074074,68,20240523,68-CF 20240523.xlsx,std,f,a,VTI,0.8000000000000002
59,40,626.76923076923,68,20240523,68-CF 20240523.xlsx,std,f,a,VTI,0.8000000000000002
59,50,632.92,68,20240523,68-CF 20240523.xlsx,std,f,a,VTI,0.8000000000000002
59,60,636.291666666666,68,20240523,68-CF 20240523.xlsx,std,f,a,VTI,0.8000000000000002
60,0,378.095238095238,68,20240523,68-CF 20240523.xlsx,std,f,b,VTI,0.8000000000000002
60,10,443.136363636363,68,20240523,68-CF 20240523.xlsx,std,f,b,VTI,0.8000000000000002
60,20,479.6,68,20240523,68-CF 20240523.xlsx,std,f,b,VTI,0.8000000000000002
60,30,521.72,68,20240523,68-CF 20240523.xlsx,std,f,b,VTI,0.8000000000000002
60,40,615.90909090909,68,20240523,68-CF 20240523.xlsx,std,f,b,VTI,0.8000000000000002
60,50,515.76,68,20240523,68-CF 20240523.xlsx,std,f,b,VTI,0.8000000000000002
60,60,488.76923076923,68,20240523,68-CF 20240523.xlsx,std,f,b,VTI,0.8000000000000002
61,0,539.166666666666,68,20240523,68-CF 20240523.xlsx,std,g,a,VTI,2
61,10,689.791666666666,68,20240523,68-CF 20240523.xlsx,std,g,a,VTI,2
61,20,831.96,68,20240523,68-CF 20240523.xlsx,std,g,a,VTI,2
61,30,959.708333333333,68,20240523,68-CF 20240523.xlsx,std,g,a,VTI,2
61,40,1040.82608695652,68,20240523,68-CF 20240523.xlsx,std,g,a,VTI,2
61,50,1047.5,68,20240523,68-CF 20240523.xlsx,std,g,a,VTI,2
61,60,945.590909090909,68,20240523,68-CF 20240523.xlsx,std,g,a,VTI,2
62,0,468.344827586206,68,20240523,68-CF 20240523.xlsx,std,g,b,VTI,2
62,10,659.4,68,20240523,68-CF 20240523.xlsx,std,g,b,VTI,2
62,20,787.225806451612,68,20240523,68-CF 20240523.xlsx,std,g,b,VTI,2
62,30,892.612903225806,68,20240523,68-CF 20240523.xlsx,std,g,b,VTI,2
62,40,920.129032258064,68,20240523,68-CF 20240523.xlsx,std,g,b,VTI,2
62,50,859.709677419354,68,20240523,68-CF 20240523.xlsx,std,g,b,VTI,2
62,60,817.548387096774,68,20240523,68-CF 20240523.xlsx,std,g,b,VTI,2
63,0,400.75,68,20240523,68-CF 20240523.xlsx,std,h,a,VTI,5
63,10,548.875,68,20240523,68-CF 20240523.xlsx,std,h,a,VTI,5
63,20,648.823529411764,68,20240523,68-CF 20240523.xlsx,std,h,a,VTI,5
63,30,830,68,20240523,68-CF 20240523.xlsx,std,h,a,VTI,5
63,40,833.2,68,20240523,68-CF 20240523.xlsx,std,h,a,VTI,5
63,50,741.588235294117,68,20240523,68-CF 20240523.xlsx,std,h,a,VTI,5
63,60,815.533333333333,68,20240523,68-CF 20240523.xlsx,std,h,a,VTI,5
64,0,410.47619047619,68,20240523,68-CF 20240523.xlsx,std,h,b,VTI,5
64,10,565.428571428571,68,20240523,68-CF 20240523.xlsx,std,h,b,VTI,5
64,20,665.571428571428,68,20240523,68-CF 20240523.xlsx,std,h,b,VTI,5
64,30,674.045454545454,68,20240523,68-CF 20240523.xlsx,std,h,b,VTI,5
64,40,660.227272727272,68,20240523,68-CF 20240523.xlsx,std,h,b,VTI,5
64,50,620.40909090909,68,20240523,68-CF 20240523.xlsx,std,h,b,VTI,5
64,60,618.47619047619,68,20240523,68-CF 20240523.xlsx,std,h,b,VTI,5
73,0,391.916666666666,68,20240523,68-CF 20240523.xlsx,std,h,a,FskOnly,5
73,10,409.91304347826,68,20240523,68-CF 20240523.xlsx,std,h,a,FskOnly,5
73,20,392.458333333333,68,20240523,68-CF 20240523.xlsx,std,h,a,FskOnly,5
73,30,399.565217391304,68,20240523,68-CF 20240523.xlsx,std,h,a,FskOnly,5
73,40,409.545454545454,68,20240523,68-CF 20240523.xlsx,std,h,a,FskOnly,5
73,50,410,68,20240523,68-CF 20240523.xlsx,std,h,a,FskOnly,5
73,60,408.136363636363,68,20240523,68-CF 20240523.xlsx,std,h,a,FskOnly,5
74,0,480.25,68,20240523,68-CF 20240523.xlsx,std,h,b,FskOnly,5
74,10,484.375,68,20240523,68-CF 20240523.xlsx,std,h,b,FskOnly,5
74,20,482.375,68,20240523,68-CF 20240523.xlsx,std,h,b,FskOnly,5
74,30,477.9375,68,20240523,68-CF 20240523.xlsx,std,h,b,FskOnly,5
74,40,471.4375,68,20240523,68-CF 20240523.xlsx,std,h,b,FskOnly,5
74,50,467.1875,68,20240523,68-CF 20240523.xlsx,std,h,b,FskOnly,5
74,60,464.625,68,20240523,68-CF 20240523.xlsx,std,h,b,FskOnly,5
75,0,323.454545454545,68,20240523,68-CF 20240523.xlsx,std,f,a,FskOnly,0.8000000000000002
75,10,316.617647058823,68,20240523,68-CF 20240523.xlsx,std,f,a,FskOnly,0.8000000000000002
75,20,316.176470588235,68,20240523,68-CF 20240523.xlsx,std,f,a,FskOnly,0.8000000000000002
75,30,314.85294117647,68,20240523,68-CF 20240523.xlsx,std,f,a,FskOnly,0.8000000000000002
75,40,310.117647058823,68,20240523,68-CF 20240523.xlsx,std,f,a,FskOnly,0.8000000000000002
75,50,317.121212121212,68,20240523,68-CF 20240523.xlsx,std,f,a,FskOnly,0.8000000000000002
75,60,326.65625,68,20240523,68-CF 20240523.xlsx,std,f,a,FskOnly,0.8000000000000002
76,0,335.722222222222,68,20240523,68-CF 20240523.xlsx,std,f,b,FskOnly,0.8000000000000002
76,10,334.5,68,20240523,68-CF 20240523.xlsx,std,f,b,FskOnly,0.8000000000000002
76,20,336.944444444444,68,20240523,68-CF 20240523.xlsx,std,f,b,FskOnly,0.8000000000000002
76,30,333.111111111111,68,20240523,68-CF 20240523.xlsx,std,f,b,FskOnly,0.8000000000000002
76,40,331.611111111111,68,20240523,68-CF 20240523.xlsx,std,f,b,FskOnly,0.8000000000000002
76,50,326.944444444444,68,20240523,68-CF 20240523.xlsx,std,f,b,FskOnly,0.8000000000000002
76,60,350.764705882352,68,20240523,68-CF 20240523.xlsx,std,f,b,FskOnly,0.8000000000000002
77,0,461.058823529411,68,20240523,68-CF 20240523.xlsx,std,d,a,FskOnly,0.12800000000000003
77,10,466.294117647058,68,20240523,68-CF 20240523.xlsx,std,d,a,FskOnly,0.12800000000000003
77,20,468.705882352941,68,20240523,68-CF 20240523.xlsx,std,d,a,FskOnly,0.12800000000000003
77,30,471.088235294117,68,20240523,68-CF 20240523.xlsx,std,d,a,FskOnly,0.12800000000000003
77,40,471.735294117647,68,20240523,68-CF 20240523.xlsx,std,d,a,FskOnly,0.12800000000000003
77,50,474.441176470588,68,20240523,68-CF 20240523.xlsx,std,d,a,FskOnly,0.12800000000000003
77,60,474.588235294117,68,20240523,68-CF 20240523.xlsx,std,d,a,FskOnly,0.12800000000000003
78,0,340.875,68,20240523,68-CF 20240523.xlsx,std,d,b,FskOnly,0.12800000000000003
78,10,345.3125,68,20240523,68-CF 20240523.xlsx,std,d,b,FskOnly,0.12800000000000003
78,20,336.294117647058,68,20240523,68-CF 20240523.xlsx,std,d,b,FskOnly,0.12800000000000003
78,30,356.875,68,20240523,68-CF 20240523.xlsx,std,d,b,FskOnly,0.12800000000000003
78,40,364.6875,68,20240523,68-CF 20240523.xlsx,std,d,b,FskOnly,0.12800000000000003
78,50,365.875,68,20240523,68-CF 20240523.xlsx,std,d,b,FskOnly,0.12800000000000003
78,60,372.75,68,20240523,68-CF 20240523.xlsx,std,d,b,FskOnly,0.12800000000000003
79,0,370.235294117647,68,20240523,68-CF 20240523.xlsx,std,b,a,FskOnly,0.02048000000000001
79,10,378.411764705882,68,20240523,68-CF 20240523.xlsx,std,b,a,FskOnly,0.02048000000000001
79,20,412.625,68,20240523,68-CF 20240523.xlsx,std,b,a,FskOnly,0.02048000000000001
79,30,396.647058823529,68,20240523,68-CF 20240523.xlsx,std,b,a,FskOnly,0.02048000000000001
79,40,431,68,20240523,68-CF 20240523.xlsx,std,b,a,FskOnly,0.02048000000000001
79,50,435.9375,68,20240523,68-CF 20240523.xlsx,std,b,a,FskOnly,0.02048000000000001
79,60,438.6875,68,20240523,68-CF 20240523.xlsx,std,b,a,FskOnly,0.02048000000000001
80,0,383.136363636363,68,20240523,68-CF 20240523.xlsx,std,b,b,FskOnly,0.02048000000000001
80,10,412.428571428571,68,20240523,68-CF 20240523.xlsx,std,b,b,FskOnly,0.02048000000000001
80,20,452.5,68,20240523,68-CF 20240523.xlsx,std,b,b,FskOnly,0.02048000000000001
80,30,465.85,68,20240523,68-CF 20240523.xlsx,std,b,b,FskOnly,0.02048000000000001
80,40,457.095238095238,68,20240523,68-CF 20240523.xlsx,std,b,b,FskOnly,0.02048000000000001
80,50,483.1,68,20240523,68-CF 20240523.xlsx,std,b,b,FskOnly,0.02048000000000001
80,60,462.571428571428,68,20240523,68-CF 20240523.xlsx,std,b,b,FskOnly,0.02048000000000001
1,0,577.75,68,20240618,68-CF 20240618.xlsx,std,1,a,ETI,0.008192000000000003
1,10,618.086956521739,68,20240618,68-CF 20240618.xlsx,std,1,a,ETI,0.008192000000000003
1,20,701.608695652173,68,20240618,68-CF 20240618.xlsx,std,1,a,ETI,0.008192000000000003
1,30,792.086956521739,68,20240618,68-CF 20240618.xlsx,std,1,a,ETI,0.008192000000000003
1,40,826.375,68,20240618,68-CF 20240618.xlsx,std,1,a,ETI,0.008192000000000003
1,50,873.478260869565,68,20240618,68-CF 20240618.xlsx,std,1,a,ETI,0.008192000000000003
1,60,861.727272727272,68,20240618,68-CF 20240618.xlsx,std,1,a,ETI,0.008192000000000003
2,0,600.666666666666,68,20240618,68-CF 20240618.xlsx,std,1,b,ETI,0.008192000000000003
2,10,587.925925925926,68,20240618,68-CF 20240618.xlsx,std,1,b,ETI,0.008192000000000003
2,20,632.925925925926,68,20240618,68-CF 20240618.xlsx,std,1,b,ETI,0.008192000000000003
2,30,642.266666666666,68,20240618,68-CF 20240618.xlsx,std,1,b,ETI,0.008192000000000003
2,40,786.592592592592,68,20240618,68-CF 20240618.xlsx,std,1,b,ETI,0.008192000000000003
2,50,809.357142857142,68,20240618,68-CF 20240618.xlsx,std,1,b,ETI,0.008192000000000003
2,60,815.035714285714,68,20240618,68-CF 20240618.xlsx,std,1,b,ETI,0.008192000000000003
3,0,507.826086956521,68,20240618,68-CF 20240618.xlsx,std,2,a,ETI,0.02048000000000001
3,10,510.391304347826,68,20240618,68-CF 20240618.xlsx,std,2,a,ETI,0.02048000000000001
3,20,524.666666666666,68,20240618,68-CF 20240618.xlsx,std,2,a,ETI,0.02048000000000001
3,30,609.826086956521,68,20240618,68-CF 20240618.xlsx,std,2,a,ETI,0.02048000000000001
3,40,733.727272727272,68,20240618,68-CF 20240618.xlsx,std,2,a,ETI,0.02048000000000001
3,50,781.954545454545,68,20240618,68-CF 20240618.xlsx,std,2,a,ETI,0.02048000000000001
3,60,779.818181818181,68,20240618,68-CF 20240618.xlsx,std,2,a,ETI,0.02048000000000001
4,0,635.26923076923,68,20240618,68-CF 20240618.xlsx,std,2,b,ETI,0.02048000000000001
4,10,608.407407407407,68,20240618,68-CF 20240618.xlsx,std,2,b,ETI,0.02048000000000001
4,20,631.642857142857,68,20240618,68-CF 20240618.xlsx,std,2,b,ETI,0.02048000000000001
4,30,701.862068965517,68,20240618,68-CF 20240618.xlsx,std,2,b,ETI,0.02048000000000001
4,40,783.25,68,20240618,68-CF 20240618.xlsx,std,2,b,ETI,0.02048000000000001
4,50,873.36,68,20240618,68-CF 20240618.xlsx,std,2,b,ETI,0.02048000000000001
4,60,811.962962962962,68,20240618,68-CF 20240618.xlsx,std,2,b,ETI,0.02048000000000001
5,0,624.666666666666,68,20240618,68-CF 20240618.xlsx,std,3,a,ETI,0.05120000000000001
5,10,672.35294117647,68,20240618,68-CF 20240618.xlsx,std,3,a,ETI,0.05120000000000001
5,20,784.470588235294,68,20240618,68-CF 20240618.xlsx,std,3,a,ETI,0.05120000000000001
5,30,863.631578947368,68,20240618,68-CF 20240618.xlsx,std,3,a,ETI,0.05120000000000001
5,40,1074.70588235294,68,20240618,68-CF 20240618.xlsx,std,3,a,ETI,0.05120000000000001
5,50,1039.35294117647,68,20240618,68-CF 20240618.xlsx,std,3,a,ETI,0.05120000000000001
5,60,961.176470588235,68,20240618,68-CF 20240618.xlsx,std,3,a,ETI,0.05120000000000001
6,0,686.222222222222,68,20240618,68-CF 20240618.xlsx,std,3,b,ETI,0.05120000000000001
6,10,734.92,68,20240618,68-CF 20240618.xlsx,std,3,b,ETI,0.05120000000000001
6,20,796.576923076923,68,20240618,68-CF 20240618.xlsx,std,3,b,ETI,0.05120000000000001
6,30,951.08,68,20240618,68-CF 20240618.xlsx,std,3,b,ETI,0.05120000000000001
6,40,1121.95833333333,68,20240618,68-CF 20240618.xlsx,std,3,b,ETI,0.05120000000000001
6,50,1144.625,68,20240618,68-CF 20240618.xlsx,std,3,b,ETI,0.05120000000000001
6,60,1059.08333333333,68,20240618,68-CF 20240618.xlsx,std,3,b,ETI,0.05120000000000001
7,0,480.92,68,20240618,68-CF 20240618.xlsx,std,4,a,ETI,0.12800000000000003
7,10,516.125,68,20240618,68-CF 20240618.xlsx,std,4,a,ETI,0.12800000000000003
7,20,615.538461538461,68,20240618,68-CF 20240618.xlsx,std,4,a,ETI,0.12800000000000003
7,30,733.84,68,20240618,68-CF 20240618.xlsx,std,4,a,ETI,0.12800000000000003
7,40,801.88,68,20240618,68-CF 20240618.xlsx,std,4,a,ETI,0.12800000000000003
7,50,883.652173913043,68,20240618,68-CF 20240618.xlsx,std,4,a,ETI,0.12800000000000003
7,60,830.434782608695,68,20240618,68-CF 20240618.xlsx,std,4,a,ETI,0.12800000000000003
8,0,513.888888888888,68,20240618,68-CF 20240618.xlsx,std,4,b,ETI,0.12800000000000003
8,10,503.571428571428,68,20240618,68-CF 20240618.xlsx,std,4,b,ETI,0.12800000000000003
8,20,610.178571428571,68,20240618,68-CF 20240618.xlsx,std,4,b,ETI,0.12800000000000003
8,30,743.37037037037,68,20240618,68-CF 20240618.xlsx,std,4,b,ETI,0.12800000000000003
8,40,811.821428571428,68,20240618,68-CF 20240618.xlsx,std,4,b,ETI,0.12800000000000003
8,50,888.592592592592,68,20240618,68-CF 20240618.xlsx,std,4,b,ETI,0.12800000000000003
8,60,760.066666666666,68,20240618,68-CF 20240618.xlsx,std,4,b,ETI,0.12800000000000003
9,0,565.629629629629,68,20240618,68-CF 20240618.xlsx,std,5,a,ETI,0.32000000000000006
9,10,594.892857142857,68,20240618,68-CF 20240618.xlsx,std,5,a,ETI,0.32000000000000006
9,20,757.103448275862,68,20240618,68-CF 20240618.xlsx,std,5,a,ETI,0.32000000000000006
9,30,1038.28,68,20240618,68-CF 20240618.xlsx,std,5,a,ETI,0.32000000000000006
9,40,1142.12,68,20240618,68-CF 20240618.xlsx,std,5,a,ETI,0.32000000000000006
9,50,1199.125,68,20240618,68-CF 20240618.xlsx,std,5,a,ETI,0.32000000000000006
9,60,1064.76,68,20240618,68-CF 20240618.xlsx,std,5,a,ETI,0.32000000000000006
10,0,504.384615384615,68,20240618,68-CF 20240618.xlsx,std,5,b,ETI,0.32000000000000006
10,10,537.16,68,20240618,68-CF 20240618.xlsx,std,5,b,ETI,0.32000000000000006
10,20,737.916666666666,68,20240618,68-CF 20240618.xlsx,std,5,b,ETI,0.32000000000000006
10,30,859.48,68,20240618,68-CF 20240618.xlsx,std,5,b,ETI,0.32000000000000006
10,40,958.16,68,20240618,68-CF 20240618.xlsx,std,5,b,ETI,0.32000000000000006
10,50,778.931034482758,68,20240618,68-CF 20240618.xlsx,std,5,b,ETI,0.32000000000000006
10,60,865.2,68,20240618,68-CF 20240618.xlsx,std,5,b,ETI,0.32000000000000006
11,0,511.521739130434,68,20240618,68-CF 20240618.xlsx,std,6,a,ETI,0.8000000000000002
11,10,598.125,68,20240618,68-CF 20240618.xlsx,std,6,a,ETI,0.8000000000000002
11,20,723.307692307692,68,20240618,68-CF 20240618.xlsx,std,6,a,ETI,0.8000000000000002
11,30,901.833333333333,68,20240618,68-CF 20240618.xlsx,std,6,a,ETI,0.8000000000000002
11,40,987.75,68,20240618,68-CF 20240618.xlsx,std,6,a,ETI,0.8000000000000002
11,50,1008.75,68,20240618,68-CF 20240618.xlsx,std,6,a,ETI,0.8000000000000002
11,60,957.958333333333,68,20240618,68-CF 20240618.xlsx,std,6,a,ETI,0.8000000000000002
12,0,629.285714285714,68,20240618,68-CF 20240618.xlsx,std,6,b,ETI,0.8000000000000002
12,10,665.266666666666,68,20240618,68-CF 20240618.xlsx,std,6,b,ETI,0.8000000000000002
12,20,871.6,68,20240618,68-CF 20240618.xlsx,std,6,b,ETI,0.8000000000000002
12,30,1058.58620689655,68,20240618,68-CF 20240618.xlsx,std,6,b,ETI,0.8000000000000002
12,40,1023.96875,68,20240618,68-CF 20240618.xlsx,std,6,b,ETI,0.8000000000000002
12,50,1011.3,68,20240618,68-CF 20240618.xlsx,std,6,b,ETI,0.8000000000000002
12,60,1093.48148148148,68,20240618,68-CF 20240618.xlsx,std,6,b,ETI,0.8000000000000002
13,0,414,68,20240618,68-CF 20240618.xlsx,std,7,a,ETI,2
13,10,509.636363636363,68,20240618,68-CF 20240618.xlsx,std,7,a,ETI,2
13,20,596,68,20240618,68-CF 20240618.xlsx,std,7,a,ETI,2
13,30,688.130434782608,68,20240618,68-CF 20240618.xlsx,std,7,a,ETI,2
13,40,731,68,20240618,68-CF 20240618.xlsx,std,7,a,ETI,2
13,50,764,68,20240618,68-CF 20240618.xlsx,std,7,a,ETI,2
13,60,769.454545454545,68,20240618,68-CF 20240618.xlsx,std,7,a,ETI,2
14,0,539.7,68,20240618,68-CF 20240618.xlsx,std,7,b,ETI,2
14,10,641.129032258064,68,20240618,68-CF 20240618.xlsx,std,7,b,ETI,2
14,20,754.875,68,20240618,68-CF 20240618.xlsx,std,7,b,ETI,2
14,30,864.741935483871,68,20240618,68-CF 20240618.xlsx,std,7,b,ETI,2
14,40,990.310344827586,68,20240618,68-CF 20240618.xlsx,std,7,b,ETI,2
14,50,927.533333333333,68,20240618,68-CF 20240618.xlsx,std,7,b,ETI,2
14,60,898.066666666666,68,20240618,68-CF 20240618.xlsx,std,7,b,ETI,2
15,0,467.227272727272,68,20240618,68-CF 20240618.xlsx,std,8,a,ETI,5
15,10,614.545454545454,68,20240618,68-CF 20240618.xlsx,std,8,a,ETI,5
15,20,753.761904761904,68,20240618,68-CF 20240618.xlsx,std,8,a,ETI,5
15,30,835.190476190476,68,20240618,68-CF 20240618.xlsx,std,8,a,ETI,5
15,40,865.227272727272,68,20240618,68-CF 20240618.xlsx,std,8,a,ETI,5
15,50,926,68,20240618,68-CF 20240618.xlsx,std,8,a,ETI,5
15,60,853.40909090909,68,20240618,68-CF 20240618.xlsx,std,8,a,ETI,5
16,0,346.714285714285,68,20240618,68-CF 20240618.xlsx,std,8,b,ETI,5
16,10,398.6875,68,20240618,68-CF 20240618.xlsx,std,8,b,ETI,5
16,20,470.4375,68,20240618,68-CF 20240618.xlsx,std,8,b,ETI,5
16,30,524.125,68,20240618,68-CF 20240618.xlsx,std,8,b,ETI,5
16,40,564.5,68,20240618,68-CF 20240618.xlsx,std,8,b,ETI,5
16,50,583.375,68,20240618,68-CF 20240618.xlsx,std,8,b,ETI,5
16,60,622.066666666666,68,20240618,68-CF 20240618.xlsx,std,8,b,ETI,5
17,0,521.086956521739,68,20240618,68-CF 20240618.xlsx,std,1,a,VTI,0.008192000000000003
17,10,516.782608695652,68,20240618,68-CF 20240618.xlsx,std,1,a,VTI,0.008192000000000003
17,20,598.40909090909,68,20240618,68-CF 20240618.xlsx,std,1,a,VTI,0.008192000000000003
17,30,709.363636363636,68,20240618,68-CF 20240618.xlsx,std,1,a,VTI,0.008192000000000003
17,40,816.681818181818,68,20240618,68-CF 20240618.xlsx,std,1,a,VTI,0.008192000000000003
17,50,788.125,68,20240618,68-CF 20240618.xlsx,std,1,a,VTI,0.008192000000000003
17,60,807.636363636363,68,20240618,68-CF 20240618.xlsx,std,1,a,VTI,0.008192000000000003
18,0,327.454545454545,68,20240618,68-CF 20240618.xlsx,std,1,b,VTI,0.008192000000000003
18,10,368.1,68,20240618,68-CF 20240618.xlsx,std,1,b,VTI,0.008192000000000003
18,20,389.8,68,20240618,68-CF 20240618.xlsx,std,1,b,VTI,0.008192000000000003
18,30,434.4,68,20240618,68-CF 20240618.xlsx,std,1,b,VTI,0.008192000000000003
18,40,484.6,68,20240618,68-CF 20240618.xlsx,std,1,b,VTI,0.008192000000000003
18,50,519.6,68,20240618,68-CF 20240618.xlsx,std,1,b,VTI,0.008192000000000003
18,60,537,68,20240618,68-CF 20240618.xlsx,std,1,b,VTI,0.008192000000000003
19,0,468.368421052631,68,20240618,68-CF 20240618.xlsx,std,2,a,VTI,0.02048000000000001
19,10,446.55,68,20240618,68-CF 20240618.xlsx,std,2,a,VTI,0.02048000000000001
19,20,570.277777777777,68,20240618,68-CF 20240618.xlsx,std,2,a,VTI,0.02048000000000001
19,30,620.9,68,20240618,68-CF 20240618.xlsx,std,2,a,VTI,0.02048000000000001
19,40,742.105263157894,68,20240618,68-CF 20240618.xlsx,std,2,a,VTI,0.02048000000000001
19,50,779.842105263157,68,20240618,68-CF 20240618.xlsx,std,2,a,VTI,0.02048000000000001
19,60,772.105263157894,68,20240618,68-CF 20240618.xlsx,std,2,a,VTI,0.02048000000000001
20,0,648.714285714285,68,20240618,68-CF 20240618.xlsx,std,2,b,VTI,0.02048000000000001
20,10,608.363636363636,68,20240618,68-CF 20240618.xlsx,std,2,b,VTI,0.02048000000000001
20,20,711.9,68,20240618,68-CF 20240618.xlsx,std,2,b,VTI,0.02048000000000001
20,30,754.363636363636,68,20240618,68-CF 20240618.xlsx,std,2,b,VTI,0.02048000000000001
20,40,842.173913043478,68,20240618,68-CF 20240618.xlsx,std,2,b,VTI,0.02048000000000001
20,50,977.454545454545,68,20240618,68-CF 20240618.xlsx,std,2,b,VTI,0.02048000000000001
20,60,1071.66666666666,68,20240618,68-CF 20240618.xlsx,std,2,b,VTI,0.02048000000000001
21,0,647.5625,68,20240618,68-CF 20240618.xlsx,std,3,a,VTI,0.05120000000000001
21,10,651.5,68,20240618,68-CF 20240618.xlsx,std,3,a,VTI,0.05120000000000001
21,20,721.0625,68,20240618,68-CF 20240618.xlsx,std,3,a,VTI,0.05120000000000001
21,30,926.466666666666,68,20240618,68-CF 20240618.xlsx,std,3,a,VTI,0.05120000000000001
21,40,1010.375,68,20240618,68-CF 20240618.xlsx,std,3,a,VTI,0.05120000000000001
21,50,1012.35294117647,68,20240618,68-CF 20240618.xlsx,std,3,a,VTI,0.05120000000000001
21,60,1094.125,68,20240618,68-CF 20240618.xlsx,std,3,a,VTI,0.05120000000000001
22,0,602.464285714285,68,20240618,68-CF 20240618.xlsx,std,3,b,VTI,0.05120000000000001
22,10,622.37037037037,68,20240618,68-CF 20240618.xlsx,std,3,b,VTI,0.05120000000000001
22,20,674,68,20240618,68-CF 20240618.xlsx,std,3,b,VTI,0.05120000000000001
22,30,796.035714285714,68,20240618,68-CF 20240618.xlsx,std,3,b,VTI,0.05120000000000001
22,40,889.392857142857,68,20240618,68-CF 20240618.xlsx,std,3,b,VTI,0.05120000000000001
22,50,916.142857142857,68,20240618,68-CF 20240618.xlsx,std,3,b,VTI,0.05120000000000001
22,60,910.464285714285,68,20240618,68-CF 20240618.xlsx,std,3,b,VTI,0.05120000000000001
23,0,558.238095238095,68,20240618,68-CF 20240618.xlsx,std,4,a,VTI,0.12800000000000003
23,10,600.809523809523,68,20240618,68-CF 20240618.xlsx,std,4,a,VTI,0.12800000000000003
23,20,754,68,20240618,68-CF 20240618.xlsx,std,4,a,VTI,0.12800000000000003
23,30,967.75,68,20240618,68-CF 20240618.xlsx,std,4,a,VTI,0.12800000000000003
23,40,1136.57894736842,68,20240618,68-CF 20240618.xlsx,std,4,a,VTI,0.12800000000000003
23,50,1303.41176470588,68,20240618,68-CF 20240618.xlsx,std,4,a,VTI,0.12800000000000003
23,60,1183.61111111111,68,20240618,68-CF 20240618.xlsx,std,4,a,VTI,0.12800000000000003
24,0,546.413793103448,68,20240618,68-CF 20240618.xlsx,std,4,b,VTI,0.12800000000000003
24,10,580.466666666666,68,20240618,68-CF 20240618.xlsx,std,4,b,VTI,0.12800000000000003
24,20,748.4,68,20240618,68-CF 20240618.xlsx,std,4,b,VTI,0.12800000000000003
24,30,1024.07407407407,68,20240618,68-CF 20240618.xlsx,std,4,b,VTI,0.12800000000000003
24,40,1034.79310344827,68,20240618,68-CF 20240618.xlsx,std,4,b,VTI,0.12800000000000003
24,50,1068.85714285714,68,20240618,68-CF 20240618.xlsx,std,4,b,VTI,0.12800000000000003
24,60,1015.64285714285,68,20240618,68-CF 20240618.xlsx,std,4,b,VTI,0.12800000000000003
25,0,500.6,68,20240618,68-CF 20240618.xlsx,std,5,a,VTI,0.32000000000000006
25,10,576.083333333333,68,20240618,68-CF 20240618.xlsx,std,5,a,VTI,0.32000000000000006
25,20,656.96,68,20240618,68-CF 20240618.xlsx,std,5,a,VTI,0.32000000000000006
25,30,810.875,68,20240618,68-CF 20240618.xlsx,std,5,a,VTI,0.32000000000000006
25,40,986.545454545454,68,20240618,68-CF 20240618.xlsx,std,5,a,VTI,0.32000000000000006
25,50,1037.04545454545,68,20240618,68-CF 20240618.xlsx,std,5,a,VTI,0.32000000000000006
25,60,926.916666666666,68,20240618,68-CF 20240618.xlsx,std,5,a,VTI,0.32000000000000006
26,0,579,68,20240618,68-CF 20240618.xlsx,std,5,b,VTI,0.32000000000000006
26,10,640.272727272727,68,20240618,68-CF 20240618.xlsx,std,5,b,VTI,0.32000000000000006
26,20,832.40909090909,68,20240618,68-CF 20240618.xlsx,std,5,b,VTI,0.32000000000000006
26,30,1028.04761904761,68,20240618,68-CF 20240618.xlsx,std,5,b,VTI,0.32000000000000006
26,40,1036.5652173913,68,20240618,68-CF 20240618.xlsx,std,5,b,VTI,0.32000000000000006
26,50,1119.18181818181,68,20240618,68-CF 20240618.xlsx,std,5,b,VTI,0.32000000000000006
26,60,1122.90476190476,68,20240618,68-CF 20240618.xlsx,std,5,b,VTI,0.32000000000000006
27,0,609.758620689655,68,20240618,68-CF 20240618.xlsx,std,6,a,VTI,0.8000000000000002
27,10,648.483870967742,68,20240618,68-CF 20240618.xlsx,std,6,a,VTI,0.8000000000000002
27,20,866.733333333333,68,20240618,68-CF 20240618.xlsx,std,6,a,VTI,0.8000000000000002
27,30,1025.86206896551,68,20240618,68-CF 20240618.xlsx,std,6,a,VTI,0.8000000000000002
27,40,1216.55555555555,68,20240618,68-CF 20240618.xlsx,std,6,a,VTI,0.8000000000000002
27,50,1216.71428571428,68,20240618,68-CF 20240618.xlsx,std,6,a,VTI,0.8000000000000002
27,60,1184.35714285714,68,20240618,68-CF 20240618.xlsx,std,6,a,VTI,0.8000000000000002
28,0,551.551724137931,68,20240618,68-CF 20240618.xlsx,std,6,b,VTI,0.8000000000000002
28,10,646.310344827586,68,20240618,68-CF 20240618.xlsx,std,6,b,VTI,0.8000000000000002
28,20,765.741935483871,68,20240618,68-CF 20240618.xlsx,std,6,b,VTI,0.8000000000000002
28,30,907.333333333333,68,20240618,68-CF 20240618.xlsx,std,6,b,VTI,0.8000000000000002
28,40,1053.07142857142,68,20240618,68-CF 20240618.xlsx,std,6,b,VTI,0.8000000000000002
28,50,1130.03703703703,68,20240618,68-CF 20240618.xlsx,std,6,b,VTI,0.8000000000000002
28,60,991.433333333333,68,20240618,68-CF 20240618.xlsx,std,6,b,VTI,0.8000000000000002
29,0,526.032258064516,68,20240618,68-CF 20240618.xlsx,std,7,a,VTI,2
29,10,629.1875,68,20240618,68-CF 20240618.xlsx,std,7,a,VTI,2
29,20,740.59375,68,20240618,68-CF 20240618.xlsx,std,7,a,VTI,2
29,30,803.363636363636,68,20240618,68-CF 20240618.xlsx,std,7,a,VTI,2
29,40,896.65625,68,20240618,68-CF 20240618.xlsx,std,7,a,VTI,2
29,50,899.787878787878,68,20240618,68-CF 20240618.xlsx,std,7,a,VTI,2
29,60,871.151515151515,68,20240618,68-CF 20240618.xlsx,std,7,a,VTI,2
30,0,584.26923076923,68,20240618,68-CF 20240618.xlsx,std,7,b,VTI,2
30,10,687.5,68,20240618,68-CF 20240618.xlsx,std,7,b,VTI,2
30,20,823.275862068965,68,20240618,68-CF 20240618.xlsx,std,7,b,VTI,2
30,30,942.448275862069,68,20240618,68-CF 20240618.xlsx,std,7,b,VTI,2
30,40,1036.86206896551,68,20240618,68-CF 20240618.xlsx,std,7,b,VTI,2
30,50,1152.03703703703,68,20240618,68-CF 20240618.xlsx,std,7,b,VTI,2
30,60,1196,68,20240618,68-CF 20240618.xlsx,std,7,b,VTI,2
31,0,524.935483870967,68,20240618,68-CF 20240618.xlsx,std,8,a,VTI,5
31,10,637.735294117647,68,20240618,68-CF 20240618.xlsx,std,8,a,VTI,5
31,20,749.857142857142,68,20240618,68-CF 20240618.xlsx,std,8,a,VTI,5
31,30,929.5625,68,20240618,68-CF 20240618.xlsx,std,8,a,VTI,5
31,40,985.90909090909,68,20240618,68-CF 20240618.xlsx,std,8,a,VTI,5
31,50,1098.93548387096,68,20240618,68-CF 20240618.xlsx,std,8,a,VTI,5
31,60,1122.7,68,20240618,68-CF 20240618.xlsx,std,8,a,VTI,5
32,0,509.652173913043,68,20240618,68-CF 20240618.xlsx,std,8,b,VTI,5
32,10,656.875,68,20240618,68-CF 20240618.xlsx,std,8,b,VTI,5
32,20,765.125,68,20240618,68-CF 20240618.xlsx,std,8,b,VTI,5
32,30,851.875,68,20240618,68-CF 20240618.xlsx,std,8,b,VTI,5
32,40,912.75,68,20240618,68-CF 20240618.xlsx,std,8,b,VTI,5
32,50,958.434782608695,68,20240618,68-CF 20240618.xlsx,std,8,b,VTI,5
32,60,872.695652173913,68,20240618,68-CF 20240618.xlsx,std,8,b,VTI,5
65,0,426.28125,68,20240618,68-CF 20240618.xlsx,std,2,a,FskOnly,0.02048000000000001
65,10,409.666666666666,68,20240618,68-CF 20240618.xlsx,std,2,a,FskOnly,0.02048000000000001
65,20,417.03125,68,20240618,68-CF 20240618.xlsx,std,2,a,FskOnly,0.02048000000000001
65,30,390.558823529411,68,20240618,68-CF 20240618.xlsx,std,2,a,FskOnly,0.02048000000000001
65,40,387.411764705882,68,20240618,68-CF 20240618.xlsx,std,2,a,FskOnly,0.02048000000000001
65,50,436.633333333333,68,20240618,68-CF 20240618.xlsx,std,2,a,FskOnly,0.02048000000000001
65,60,436.433333333333,68,20240618,68-CF 20240618.xlsx,std,2,a,FskOnly,0.02048000000000001
66,0,654.952380952381,68,20240618,68-CF 20240618.xlsx,std,2,b,FskOnly,0.02048000000000001
66,10,588.391304347826,68,20240618,68-CF 20240618.xlsx,std,2,b,FskOnly,0.02048000000000001
66,20,581.826086956521,68,20240618,68-CF 20240618.xlsx,std,2,b,FskOnly,0.02048000000000001
66,30,604.90909090909,68,20240618,68-CF 20240618.xlsx,std,2,b,FskOnly,0.02048000000000001
66,40,601.363636363636,68,20240618,68-CF 20240618.xlsx,std,2,b,FskOnly,0.02048000000000001
66,50,573.782608695652,68,20240618,68-CF 20240618.xlsx,std,2,b,FskOnly,0.02048000000000001
66,60,596.681818181818,68,20240618,68-CF 20240618.xlsx,std,2,b,FskOnly,0.02048000000000001
67,0,423.921052631578,68,20240618,68-CF 20240618.xlsx,std,4,a,FskOnly,0.12800000000000003
67,10,418.184210526315,68,20240618,68-CF 20240618.xlsx,std,4,a,FskOnly,0.12800000000000003
67,20,403.717948717948,68,20240618,68-CF 20240618.xlsx,std,4,a,FskOnly,0.12800000000000003
67,30,422.864864864864,68,20240618,68-CF 20240618.xlsx,std,4,a,FskOnly,0.12800000000000003
67,40,408.263157894736,68,20240618,68-CF 20240618.xlsx,std,4,a,FskOnly,0.12800000000000003
67,50,402.710526315789,68,20240618,68-CF 20240618.xlsx,std,4,a,FskOnly,0.12800000000000003
67,60,413.324324324324,68,20240618,68-CF 20240618.xlsx,std,4,a,FskOnly,0.12800000000000003
68,0,485.25,68,20240618,68-CF 20240618.xlsx,std,4,b,FskOnly,0.12800000000000003
68,10,459.8,68,20240618,68-CF 20240618.xlsx,std,4,b,FskOnly,0.12800000000000003
68,20,492.434782608695,68,20240618,68-CF 20240618.xlsx,std,4,b,FskOnly,0.12800000000000003
68,30,488.304347826086,68,20240618,68-CF 20240618.xlsx,std,4,b,FskOnly,0.12800000000000003
68,40,486.91304347826,68,20240618,68-CF 20240618.xlsx,std,4,b,FskOnly,0.12800000000000003
68,50,465.791666666666,68,20240618,68-CF 20240618.xlsx,std,4,b,FskOnly,0.12800000000000003
68,60,443.24,68,20240618,68-CF 20240618.xlsx,std,4,b,FskOnly,0.12800000000000003
69,0,651.823529411764,68,20240618,68-CF 20240618.xlsx,std,6,a,FskOnly,0.8000000000000002
69,10,573.947368421052,68,20240618,68-CF 20240618.xlsx,std,6,a,FskOnly,0.8000000000000002
69,20,571.315789473684,68,20240618,68-CF 20240618.xlsx,std,6,a,FskOnly,0.8000000000000002
69,30,574.052631578947,68,20240618,68-CF 20240618.xlsx,std,6,a,FskOnly,0.8000000000000002
69,40,641.588235294117,68,20240618,68-CF 20240618.xlsx,std,6,a,FskOnly,0.8000000000000002
69,50,644.941176470588,68,20240618,68-CF 20240618.xlsx,std,6,a,FskOnly,0.8000000000000002
69,60,649.588235294117,68,20240618,68-CF 20240618.xlsx,std,6,a,FskOnly,0.8000000000000002
70,0,425.130434782608,68,20240618,68-CF 20240618.xlsx,std,6,b,FskOnly,0.8000000000000002
70,10,417.260869565217,68,20240618,68-CF 20240618.xlsx,std,6,b,FskOnly,0.8000000000000002
70,20,434.590909090909,68,20240618,68-CF 20240618.xlsx,std,6,b,FskOnly,0.8000000000000002
70,30,417.739130434782,68,20240618,68-CF 20240618.xlsx,std,6,b,FskOnly,0.8000000000000002
70,40,417.739130434782,68,20240618,68-CF 20240618.xlsx,std,6,b,FskOnly,0.8000000000000002
70,50,439.772727272727,68,20240618,68-CF 20240618.xlsx,std,6,b,FskOnly,0.8000000000000002
70,60,443.045454545454,68,20240618,68-CF 20240618.xlsx,std,6,b,FskOnly,0.8000000000000002
71,0,604.692307692307,68,20240618,68-CF 20240618.xlsx,std,8,a,FskOnly,5
71,10,659.8,68,20240618,68-CF 20240618.xlsx,std,8,a,FskOnly,5
71,20,671.961538461538,68,20240618,68-CF 20240618.xlsx,std,8,a,FskOnly,5
71,30,752.166666666666,68,20240618,68-CF 20240618.xlsx,std,8,a,FskOnly,5
71,40,823.565217391304,68,20240618,68-CF 20240618.xlsx,std,8,a,FskOnly,5
71,50,784.76,68,20240618,68-CF 20240618.xlsx,std,8,a,FskOnly,5
71,60,877.391304347826,68,20240618,68-CF 20240618.xlsx,std,8,a,FskOnly,5
72,0,418.545454545454,68,20240618,68-CF 20240618.xlsx,std,8,b,FskOnly,5
72,10,465.05,68,20240618,68-CF 20240618.xlsx,std,8,b,FskOnly,5
72,20,484.6,68,20240618,68-CF 20240618.xlsx,std,8,b,FskOnly,5
72,30,498.45,68,20240618,68-CF 20240618.xlsx,std,8,b,FskOnly,5
72,40,510.2,68,20240618,68-CF 20240618.xlsx,std,8,b,FskOnly,5
72,50,521.7,68,20240618,68-CF 20240618.xlsx,std,8,b,FskOnly,5
72,60,529.6,68,20240618,68-CF 20240618.xlsx,std,8,b,FskOnly,5
1,0,519.392857142857,68,20240625,68-CF 20240625.xlsx,std,1,a,ETI,0.008192000000000003
1,10,568.576923076923,68,20240625,68-CF 20240625.xlsx,std,1,a,ETI,0.008192000000000003
1,20,544.9,68,20240625,68-CF 20240625.xlsx,std,1,a,ETI,0.008192000000000003
1,30,625.310344827586,68,20240625,68-CF 20240625.xlsx,std,1,a,ETI,0.008192000000000003
1,40,640.466666666666,68,20240625,68-CF 20240625.xlsx,std,1,a,ETI,0.008192000000000003
1,50,639.133333333333,68,20240625,68-CF 20240625.xlsx,std,1,a,ETI,0.008192000000000003
1,60,668.892857142857,68,20240625,68-CF 20240625.xlsx,std,1,a,ETI,0.008192000000000003
2,0,374.48,68,20240625,68-CF 20240625.xlsx,std,1,b,ETI,0.008192000000000003
2,10,417.434782608695,68,20240625,68-CF 20240625.xlsx,std,1,b,ETI,0.008192000000000003
2,20,470.086956521739,68,20240625,68-CF 20240625.xlsx,std,1,b,ETI,0.008192000000000003
2,30,553.181818181818,68,20240625,68-CF 20240625.xlsx,std,1,b,ETI,0.008192000000000003
2,40,604.227272727272,68,20240625,68-CF 20240625.xlsx,std,1,b,ETI,0.008192000000000003
2,50,621.227272727272,68,20240625,68-CF 20240625.xlsx,std,1,b,ETI,0.008192000000000003
2,60,560.608695652173,68,20240625,68-CF 20240625.xlsx,std,1,b,ETI,0.008192000000000003
3,0,410.357142857142,68,20240625,68-CF 20240625.xlsx,std,2,a,ETI,0.02048000000000001
3,10,428.107142857142,68,20240625,68-CF 20240625.xlsx,std,2,a,ETI,0.02048000000000001
3,20,526.333333333333,68,20240625,68-CF 20240625.xlsx,std,2,a,ETI,0.02048000000000001
3,30,566.535714285714,68,20240625,68-CF 20240625.xlsx,std,2,a,ETI,0.02048000000000001
3,40,560.103448275862,68,20240625,68-CF 20240625.xlsx,std,2,a,ETI,0.02048000000000001
3,50,556.03448275862,68,20240625,68-CF 20240625.xlsx,std,2,a,ETI,0.02048000000000001
3,60,522.137931034482,68,20240625,68-CF 20240625.xlsx,std,2,a,ETI,0.02048000000000001
4,0,766.285714285714,68,20240625,68-CF 20240625.xlsx,std,2,b,ETI,0.02048000000000001
4,10,811.714285714285,68,20240625,68-CF 20240625.xlsx,std,2,b,ETI,0.02048000000000001
4,20,909.4,68,20240625,68-CF 20240625.xlsx,std,2,b,ETI,0.02048000000000001
4,30,974.125,68,20240625,68-CF 20240625.xlsx,std,2,b,ETI,0.02048000000000001
4,40,1114.53333333333,68,20240625,68-CF 20240625.xlsx,std,2,b,ETI,0.02048000000000001
4,50,1023.3125,68,20240625,68-CF 20240625.xlsx,std,2,b,ETI,0.02048000000000001
4,60,963.1875,68,20240625,68-CF 20240625.xlsx,std,2,b,ETI,0.02048000000000001
5,0,565.75,68,20240625,68-CF 20240625.xlsx,std,3,a,ETI,0.05120000000000001
5,10,608.153846153846,68,20240625,68-CF 20240625.xlsx,std,3,a,ETI,0.05120000000000001
5,20,679.607142857142,68,20240625,68-CF 20240625.xlsx,std,3,a,ETI,0.05120000000000001
5,30,803.076923076923,68,20240625,68-CF 20240625.xlsx,std,3,a,ETI,0.05120000000000001
5,40,906.041666666666,68,20240625,68-CF 20240625.xlsx,std,3,a,ETI,0.05120000000000001
5,50,846.56,68,20240625,68-CF 20240625.xlsx,std,3,a,ETI,0.05120000000000001
5,60,801.166666666666,68,20240625,68-CF 20240625.xlsx,std,3,a,ETI,0.05120000000000001
6,0,468.454545454545,68,20240625,68-CF 20240625.xlsx,std,3,b,ETI,0.05120000000000001
6,10,562.136363636363,68,20240625,68-CF 20240625.xlsx,std,3,b,ETI,0.05120000000000001
6,20,672.454545454545,68,20240625,68-CF 20240625.xlsx,std,3,b,ETI,0.05120000000000001
6,30,781.904761904761,68,20240625,68-CF 20240625.xlsx,std,3,b,ETI,0.05120000000000001
6,40,795.285714285714,68,20240625,68-CF 20240625.xlsx,std,3,b,ETI,0.05120000000000001
6,50,755.727272727272,68,20240625,68-CF 20240625.xlsx,std,3,b,ETI,0.05120000000000001
6,60,649.625,68,20240625,68-CF 20240625.xlsx,std,3,b,ETI,0.05120000000000001
7,0,558.869565217391,68,20240625,68-CF 20240625.xlsx,std,4,a,ETI,0.12800000000000003
7,10,654.652173913043,68,20240625,68-CF 20240625.xlsx,std,4,a,ETI,0.12800000000000003
7,20,705.36,68,20240625,68-CF 20240625.xlsx,std,4,a,ETI,0.12800000000000003
7,30,743.846153846153,68,20240625,68-CF 20240625.xlsx,std,4,a,ETI,0.12800000000000003
7,40,761.26923076923,68,20240625,68-CF 20240625.xlsx,std,4,a,ETI,0.12800000000000003
7,50,785.2,68,20240625,68-CF 20240625.xlsx,std,4,a,ETI,0.12800000000000003
7,60,752.96,68,20240625,68-CF 20240625.xlsx,std,4,a,ETI,0.12800000000000003
8,0,479.333333333333,68,20240625,68-CF 20240625.xlsx,std,4,b,ETI,0.12800000000000003
8,10,621.47619047619,68,20240625,68-CF 20240625.xlsx,std,4,b,ETI,0.12800000000000003
8,20,941.764705882352,68,20240625,68-CF 20240625.xlsx,std,4,b,ETI,0.12800000000000003
8,30,843.85,68,20240625,68-CF 20240625.xlsx,std,4,b,ETI,0.12800000000000003
8,40,786.095238095238,68,20240625,68-CF 20240625.xlsx,std,4,b,ETI,0.12800000000000003
8,50,709.863636363636,68,20240625,68-CF 20240625.xlsx,std,4,b,ETI,0.12800000000000003
8,60,686,68,20240625,68-CF 20240625.xlsx,std,4,b,ETI,0.12800000000000003
9,0,446.666666666666,68,20240625,68-CF 20240625.xlsx,std,5,a,ETI,0.32000000000000006
9,10,540.952380952381,68,20240625,68-CF 20240625.xlsx,std,5,a,ETI,0.32000000000000006
9,20,695.4,68,20240625,68-CF 20240625.xlsx,std,5,a,ETI,0.32000000000000006
9,30,767.1,68,20240625,68-CF 20240625.xlsx,std,5,a,ETI,0.32000000000000006
9,40,801.4,68,20240625,68-CF 20240625.xlsx,std,5,a,ETI,0.32000000000000006
9,50,755.666666666666,68,20240625,68-CF 20240625.xlsx,std,5,a,ETI,0.32000000000000006
9,60,776,68,20240625,68-CF 20240625.xlsx,std,5,a,ETI,0.32000000000000006
10,0,453.967741935483,68,20240625,68-CF 20240625.xlsx,std,5,b,ETI,0.32000000000000006
10,10,561.193548387096,68,20240625,68-CF 20240625.xlsx,std,5,b,ETI,0.32000000000000006
10,20,711.931034482758,68,20240625,68-CF 20240625.xlsx,std,5,b,ETI,0.32000000000000006
10,30,798.142857142857,68,20240625,68-CF 20240625.xlsx,std,5,b,ETI,0.32000000000000006
10,40,790.310344827586,68,20240625,68-CF 20240625.xlsx,std,5,b,ETI,0.32000000000000006
10,50,820.285714285714,68,20240625,68-CF 20240625.xlsx,std,5,b,ETI,0.32000000000000006
10,60,771.285714285714,68,20240625,68-CF 20240625.xlsx,std,5,b,ETI,0.32000000000000006
11,0,594.84375,68,20240625,68-CF 20240625.xlsx,std,6,a,ETI,0.8000000000000002
11,10,870.185185185185,68,20240625,68-CF 20240625.xlsx,std,6,a,ETI,0.8000000000000002
11,20,978.428571428571,68,20240625,68-CF 20240625.xlsx,std,6,a,ETI,0.8000000000000002
11,30,961.354838709677,68,20240625,68-CF 20240625.xlsx,std,6,a,ETI,0.8000000000000002
11,40,1072.65517241379,68,20240625,68-CF 20240625.xlsx,std,6,a,ETI,0.8000000000000002
11,50,1055.26666666666,68,20240625,68-CF 20240625.xlsx,std,6,a,ETI,0.8000000000000002
11,60,1050.93103448275,68,20240625,68-CF 20240625.xlsx,std,6,a,ETI,0.8000000000000002
12,0,499.75,68,20240625,68-CF 20240625.xlsx,std,6,b,ETI,0.8000000000000002
12,10,631.521739130434,68,20240625,68-CF 20240625.xlsx,std,6,b,ETI,0.8000000000000002
12,20,698.88,68,20240625,68-CF 20240625.xlsx,std,6,b,ETI,0.8000000000000002
12,30,809.541666666666,68,20240625,68-CF 20240625.xlsx,std,6,b,ETI,0.8000000000000002
12,40,881.695652173913,68,20240625,68-CF 20240625.xlsx,std,6,b,ETI,0.8000000000000002
12,50,843.041666666666,68,20240625,68-CF 20240625.xlsx,std,6,b,ETI,0.8000000000000002
12,60,780.96,68,20240625,68-CF 20240625.xlsx,std,6,b,ETI,0.8000000000000002
13,0,596.130434782608,68,20240625,68-CF 20240625.xlsx,std,7,a,ETI,2
13,10,796.285714285714,68,20240625,68-CF 20240625.xlsx,std,7,a,ETI,2
13,20,845.608695652173,68,20240625,68-CF 20240625.xlsx,std,7,a,ETI,2
13,30,885.291666666666,68,20240625,68-CF 20240625.xlsx,std,7,a,ETI,2
13,40,967.304347826087,68,20240625,68-CF 20240625.xlsx,std,7,a,ETI,2
13,50,993.181818181818,68,20240625,68-CF 20240625.xlsx,std,7,a,ETI,2
13,60,998.238095238095,68,20240625,68-CF 20240625.xlsx,std,7,a,ETI,2
14,0,476.692307692307,68,20240625,68-CF 20240625.xlsx,std,7,b,ETI,2
14,10,698.260869565217,68,20240625,68-CF 20240625.xlsx,std,7,b,ETI,2
14,20,855.714285714285,68,20240625,68-CF 20240625.xlsx,std,7,b,ETI,2
14,30,963.35,68,20240625,68-CF 20240625.xlsx,std,7,b,ETI,2
14,40,981.45,68,20240625,68-CF 20240625.xlsx,std,7,b,ETI,2
14,50,988.684210526315,68,20240625,68-CF 20240625.xlsx,std,7,b,ETI,2
14,60,904.4,68,20240625,68-CF 20240625.xlsx,std,7,b,ETI,2
15,0,529.095238095238,68,20240625,68-CF 20240625.xlsx,std,8,a,ETI,5
15,10,716.894736842105,68,20240625,68-CF 20240625.xlsx,std,8,a,ETI,5
15,20,835.631578947368,68,20240625,68-CF 20240625.xlsx,std,8,a,ETI,5
15,30,949.944444444444,68,20240625,68-CF 20240625.xlsx,std,8,a,ETI,5
15,40,1041.47058823529,68,20240625,68-CF 20240625.xlsx,std,8,a,ETI,5
15,50,1037.76470588235,68,20240625,68-CF 20240625.xlsx,std,8,a,ETI,5
15,60,959.222222222222,68,20240625,68-CF 20240625.xlsx,std,8,a,ETI,5
16,0,410.611111111111,68,20240625,68-CF 20240625.xlsx,std,8,b,ETI,5
16,10,496.588235294117,68,20240625,68-CF 20240625.xlsx,std,8,b,ETI,5
16,20,549.35294117647,68,20240625,68-CF 20240625.xlsx,std,8,b,ETI,5
16,30,571.882352941176,68,20240625,68-CF 20240625.xlsx,std,8,b,ETI,5
16,40,536.833333333333,68,20240625,68-CF 20240625.xlsx,std,8,b,ETI,5
16,50,520.5,68,20240625,68-CF 20240625.xlsx,std,8,b,ETI,5
16,60,571.125,68,20240625,68-CF 20240625.xlsx,std,8,b,ETI,5
17,0,370.5,68,20240625,68-CF 20240625.xlsx,std,1,a,VTI,0.008192000000000003
17,10,395,68,20240625,68-CF 20240625.xlsx,std,1,a,VTI,0.008192000000000003
17,20,362.363636363636,68,20240625,68-CF 20240625.xlsx,std,1,a,VTI,0.008192000000000003
17,30,405.318181818181,68,20240625,68-CF 20240625.xlsx,std,1,a,VTI,0.008192000000000003
17,40,536.722222222222,68,20240625,68-CF 20240625.xlsx,std,1,a,VTI,0.008192000000000003
17,50,563.222222222222,68,20240625,68-CF 20240625.xlsx,std,1,a,VTI,0.008192000000000003
17,60,527.888888888888,68,20240625,68-CF 20240625.xlsx,std,1,a,VTI,0.008192000000000003
18,0,323.441176470588,68,20240625,68-CF 20240625.xlsx,std,1,b,VTI,0.008192000000000003
18,10,331.911764705882,68,20240625,68-CF 20240625.xlsx,std,1,b,VTI,0.008192000000000003
18,20,387.151515151515,68,20240625,68-CF 20240625.xlsx,std,1,b,VTI,0.008192000000000003
18,30,508,68,20240625,68-CF 20240625.xlsx,std,1,b,VTI,0.008192000000000003
18,40,535.6,68,20240625,68-CF 20240625.xlsx,std,1,b,VTI,0.008192000000000003
18,50,544.333333333333,68,20240625,68-CF 20240625.xlsx,std,1,b,VTI,0.008192000000000003
18,60,453.382352941176,68,20240625,68-CF 20240625.xlsx,std,1,b,VTI,0.008192000000000003
19,0,554.304347826087,68,20240625,68-CF 20240625.xlsx,std,2,a,VTI,0.02048000000000001
19,10,600.5,68,20240625,68-CF 20240625.xlsx,std,2,a,VTI,0.02048000000000001
19,20,681.181818181818,68,20240625,68-CF 20240625.xlsx,std,2,a,VTI,0.02048000000000001
19,30,800.666666666666,68,20240625,68-CF 20240625.xlsx,std,2,a,VTI,0.02048000000000001
19,40,868.095238095238,68,20240625,68-CF 20240625.xlsx,std,2,a,VTI,0.02048000000000001
19,50,898.333333333333,68,20240625,68-CF 20240625.xlsx,std,2,a,VTI,0.02048000000000001
19,60,819.136363636363,68,20240625,68-CF 20240625.xlsx,std,2,a,VTI,0.02048000000000001
20,0,437.133333333333,68,20240625,68-CF 20240625.xlsx,std,2,b,VTI,0.02048000000000001
20,10,458.066666666666,68,20240625,68-CF 20240625.xlsx,std,2,b,VTI,0.02048000000000001
20,20,590.071428571428,68,20240625,68-CF 20240625.xlsx,std,2,b,VTI,0.02048000000000001
20,30,628.2,68,20240625,68-CF 20240625.xlsx,std,2,b,VTI,0.02048000000000001
20,40,673.6,68,20240625,68-CF 20240625.xlsx,std,2,b,VTI,0.02048000000000001
20,50,732.285714285714,68,20240625,68-CF 20240625.xlsx,std,2,b,VTI,0.02048000000000001
20,60,708.857142857142,68,20240625,68-CF 20240625.xlsx,std,2,b,VTI,0.02048000000000001
21,0,415.142857142857,68,20240625,68-CF 20240625.xlsx,std,3,a,VTI,0.05120000000000001
21,10,430.727272727272,68,20240625,68-CF 20240625.xlsx,std,3,a,VTI,0.05120000000000001
21,20,539.181818181818,68,20240625,68-CF 20240625.xlsx,std,3,a,VTI,0.05120000000000001
21,30,648.428571428571,68,20240625,68-CF 20240625.xlsx,std,3,a,VTI,0.05120000000000001
21,40,695.952380952381,68,20240625,68-CF 20240625.xlsx,std,3,a,VTI,0.05120000000000001
21,50,670.571428571428,68,20240625,68-CF 20240625.xlsx,std,3,a,VTI,0.05120000000000001
21,60,659.65,68,20240625,68-CF 20240625.xlsx,std,3,a,VTI,0.05120000000000001
22,0,433.6,68,20240625,68-CF 20240625.xlsx,std,3,b,VTI,0.05120000000000001
22,10,545.03448275862,68,20240625,68-CF 20240625.xlsx,std,3,b,VTI,0.05120000000000001
22,20,627.133333333333,68,20240625,68-CF 20240625.xlsx,std,3,b,VTI,0.05120000000000001
22,30,653.3125,68,20240625,68-CF 20240625.xlsx,std,3,b,VTI,0.05120000000000001
22,40,692.4375,68,20240625,68-CF 20240625.xlsx,std,3,b,VTI,0.05120000000000001
22,50,721.4,68,20240625,68-CF 20240625.xlsx,std,3,b,VTI,0.05120000000000001
22,60,644.322580645161,68,20240625,68-CF 20240625.xlsx,std,3,b,VTI,0.05120000000000001
23,0,540.896551724137,68,20240625,68-CF 20240625.xlsx,std,4,a,VTI,0.12800000000000003
23,10,781.08,68,20240625,68-CF 20240625.xlsx,std,4,a,VTI,0.12800000000000003
23,20,932.541666666666,68,20240625,68-CF 20240625.xlsx,std,4,a,VTI,0.12800000000000003
23,30,934.807692307692,68,20240625,68-CF 20240625.xlsx,std,4,a,VTI,0.12800000000000003
23,40,1030,68,20240625,68-CF 20240625.xlsx,std,4,a,VTI,0.12800000000000003
23,50,955.038461538461,68,20240625,68-CF 20240625.xlsx,std,4,a,VTI,0.12800000000000003
23,60,946.333333333333,68,20240625,68-CF 20240625.xlsx,std,4,a,VTI,0.12800000000000003
24,0,535.608695652173,68,20240625,68-CF 20240625.xlsx,std,4,b,VTI,0.12800000000000003
24,10,604.043478260869,68,20240625,68-CF 20240625.xlsx,std,4,b,VTI,0.12800000000000003
24,20,724.478260869565,68,20240625,68-CF 20240625.xlsx,std,4,b,VTI,0.12800000000000003
24,30,773.958333333333,68,20240625,68-CF 20240625.xlsx,std,4,b,VTI,0.12800000000000003
24,40,824.625,68,20240625,68-CF 20240625.xlsx,std,4,b,VTI,0.12800000000000003
24,50,854.608695652173,68,20240625,68-CF 20240625.xlsx,std,4,b,VTI,0.12800000000000003
24,60,814.590909090909,68,20240625,68-CF 20240625.xlsx,std,4,b,VTI,0.12800000000000003
25,0,329.8,68,20240625,68-CF 20240625.xlsx,std,5,a,VTI,0.32000000000000006
25,10,388.888888888888,68,20240625,68-CF 20240625.xlsx,std,5,a,VTI,0.32000000000000006
25,20,439.857142857142,68,20240625,68-CF 20240625.xlsx,std,5,a,VTI,0.32000000000000006
25,30,499.259259259259,68,20240625,68-CF 20240625.xlsx,std,5,a,VTI,0.32000000000000006
25,40,487.821428571428,68,20240625,68-CF 20240625.xlsx,std,5,a,VTI,0.32000000000000006
25,50,450.75,68,20240625,68-CF 20240625.xlsx,std,5,a,VTI,0.32000000000000006
25,60,420.896551724137,68,20240625,68-CF 20240625.xlsx,std,5,a,VTI,0.32000000000000006
26,0,397.181818181818,68,20240625,68-CF 20240625.xlsx,std,5,b,VTI,0.32000000000000006
26,10,508.181818181818,68,20240625,68-CF 20240625.xlsx,std,5,b,VTI,0.32000000000000006
26,20,625.952380952381,68,20240625,68-CF 20240625.xlsx,std,5,b,VTI,0.32000000000000006
26,30,688.095238095238,68,20240625,68-CF 20240625.xlsx,std,5,b,VTI,0.32000000000000006
26,40,725.666666666666,68,20240625,68-CF 20240625.xlsx,std,5,b,VTI,0.32000000000000006
26,50,661.954545454545,68,20240625,68-CF 20240625.xlsx,std,5,b,VTI,0.32000000000000006
26,60,618.90909090909,68,20240625,68-CF 20240625.xlsx,std,5,b,VTI,0.32000000000000006
27,0,506.538461538461,68,20240625,68-CF 20240625.xlsx,std,6,a,VTI,0.8000000000000002
27,10,620.653846153846,68,20240625,68-CF 20240625.xlsx,std,6,a,VTI,0.8000000000000002
27,20,687,68,20240625,68-CF 20240625.xlsx,std,6,a,VTI,0.8000000000000002
27,30,778,68,20240625,68-CF 20240625.xlsx,std,6,a,VTI,0.8000000000000002
27,40,748.071428571428,68,20240625,68-CF 20240625.xlsx,std,6,a,VTI,0.8000000000000002
27,50,759.222222222222,68,20240625,68-CF 20240625.xlsx,std,6,a,VTI,0.8000000000000002
27,60,707.962962962962,68,20240625,68-CF 20240625.xlsx,std,6,a,VTI,0.8000000000000002
28,0,436.818181818181,68,20240625,68-CF 20240625.xlsx,std,6,b,VTI,0.8000000000000002
28,10,581.03125,68,20240625,68-CF 20240625.xlsx,std,6,b,VTI,0.8000000000000002
28,20,695.838709677419,68,20240625,68-CF 20240625.xlsx,std,6,b,VTI,0.8000000000000002
28,30,787.366666666666,68,20240625,68-CF 20240625.xlsx,std,6,b,VTI,0.8000000000000002
28,40,845.896551724137,68,20240625,68-CF 20240625.xlsx,std,6,b,VTI,0.8000000000000002
28,50,764.16129032258,68,20240625,68-CF 20240625.xlsx,std,6,b,VTI,0.8000000000000002
28,60,713.033333333333,68,20240625,68-CF 20240625.xlsx,std,6,b,VTI,0.8000000000000002
29,0,388.8,68,20240625,68-CF 20240625.xlsx,std,7,a,VTI,2
29,10,454.6,68,20240625,68-CF 20240625.xlsx,std,7,a,VTI,2
29,20,504.4,68,20240625,68-CF 20240625.xlsx,std,7,a,VTI,2
29,30,532.95,68,20240625,68-CF 20240625.xlsx,std,7,a,VTI,2
29,40,522.1,68,20240625,68-CF 20240625.xlsx,std,7,a,VTI,2
29,50,502.5,68,20240625,68-CF 20240625.xlsx,std,7,a,VTI,2
29,60,506.421052631578,68,20240625,68-CF 20240625.xlsx,std,7,a,VTI,2
30,0,329.45,68,20240625,68-CF 20240625.xlsx,std,7,b,VTI,2
30,10,392.4,68,20240625,68-CF 20240625.xlsx,std,7,b,VTI,2
30,20,435.95,68,20240625,68-CF 20240625.xlsx,std,7,b,VTI,2
30,30,459.9,68,20240625,68-CF 20240625.xlsx,std,7,b,VTI,2
30,40,465.3,68,20240625,68-CF 20240625.xlsx,std,7,b,VTI,2
30,50,461.25,68,20240625,68-CF 20240625.xlsx,std,7,b,VTI,2
30,60,450.9,68,20240625,68-CF 20240625.xlsx,std,7,b,VTI,2
31,0,339.5,68,20240625,68-CF 20240625.xlsx,std,8,a,VTI,5
31,10,380.090909090909,68,20240625,68-CF 20240625.xlsx,std,8,a,VTI,5
31,20,416.318181818181,68,20240625,68-CF 20240625.xlsx,std,8,a,VTI,5
31,30,431.681818181818,68,20240625,68-CF 20240625.xlsx,std,8,a,VTI,5
31,40,450.857142857142,68,20240625,68-CF 20240625.xlsx,std,8,a,VTI,5
31,50,448.47619047619,68,20240625,68-CF 20240625.xlsx,std,8,a,VTI,5
31,60,422.227272727272,68,20240625,68-CF 20240625.xlsx,std,8,a,VTI,5
32,0,389.772727272727,68,20240625,68-CF 20240625.xlsx,std,8,b,VTI,5
32,10,522.136363636363,68,20240625,68-CF 20240625.xlsx,std,8,b,VTI,5
32,20,586.90909090909,68,20240625,68-CF 20240625.xlsx,std,8,b,VTI,5
32,30,612.272727272727,68,20240625,68-CF 20240625.xlsx,std,8,b,VTI,5
32,40,609.727272727272,68,20240625,68-CF 20240625.xlsx,std,8,b,VTI,5
32,50,582.181818181818,68,20240625,68-CF 20240625.xlsx,std,8,b,VTI,5
32,60,574.227272727272,68,20240625,68-CF 20240625.xlsx,std,8,b,VTI,5
65,0,387.307692307692,68,20240625,68-CF 20240625.xlsx,std,2,a,FskOnly,0.02048000000000001
65,10,455.090909090909,68,20240625,68-CF 20240625.xlsx,std,2,a,FskOnly,0.02048000000000001
65,20,460.181818181818,68,20240625,68-CF 20240625.xlsx,std,2,a,FskOnly,0.02048000000000001
65,30,427.166666666666,68,20240625,68-CF 20240625.xlsx,std,2,a,FskOnly,0.02048000000000001
65,40,455.363636363636,68,20240625,68-CF 20240625.xlsx,std,2,a,FskOnly,0.02048000000000001
65,50,453.363636363636,68,20240625,68-CF 20240625.xlsx,std,2,a,FskOnly,0.02048000000000001
65,60,420,68,20240625,68-CF 20240625.xlsx,std,2,a,FskOnly,0.02048000000000001
66,0,283.428571428571,68,20240625,68-CF 20240625.xlsx,std,2,b,FskOnly,0.02048000000000001
66,10,305.730769230769,68,20240625,68-CF 20240625.xlsx,std,2,b,FskOnly,0.02048000000000001
66,20,277.379310344827,68,20240625,68-CF 20240625.xlsx,std,2,b,FskOnly,0.02048000000000001
66,30,287.214285714285,68,20240625,68-CF 20240625.xlsx,std,2,b,FskOnly,0.02048000000000001
66,40,287.214285714285,68,20240625,68-CF 20240625.xlsx,std,2,b,FskOnly,0.02048000000000001
66,50,286.928571428571,68,20240625,68-CF 20240625.xlsx,std,2,b,FskOnly,0.02048000000000001
66,60,285.5,68,20240625,68-CF 20240625.xlsx,std,2,b,FskOnly,0.02048000000000001
67,0,410.428571428571,68,20240625,68-CF 20240625.xlsx,std,4,a,FskOnly,0.12800000000000003
67,10,405.428571428571,68,20240625,68-CF 20240625.xlsx,std,4,a,FskOnly,0.12800000000000003
67,20,378.608695652173,68,20240625,68-CF 20240625.xlsx,std,4,a,FskOnly,0.12800000000000003
67,30,411.666666666666,68,20240625,68-CF 20240625.xlsx,std,4,a,FskOnly,0.12800000000000003
67,40,391.90909090909,68,20240625,68-CF 20240625.xlsx,std,4,a,FskOnly,0.12800000000000003
67,50,394.318181818181,68,20240625,68-CF 20240625.xlsx,std,4,a,FskOnly,0.12800000000000003
67,60,423.9,68,20240625,68-CF 20240625.xlsx,std,4,a,FskOnly,0.12800000000000003
68,0,515.47619047619,68,20240625,68-CF 20240625.xlsx,std,4,b,FskOnly,0.12800000000000003
68,10,517.714285714285,68,20240625,68-CF 20240625.xlsx,std,4,b,FskOnly,0.12800000000000003
68,20,547.15,68,20240625,68-CF 20240625.xlsx,std,4,b,FskOnly,0.12800000000000003
68,30,545.55,68,20240625,68-CF 20240625.xlsx,std,4,b,FskOnly,0.12800000000000003
68,40,544.6,68,20240625,68-CF 20240625.xlsx,std,4,b,FskOnly,0.12800000000000003
68,50,543.55,68,20240625,68-CF 20240625.xlsx,std,4,b,FskOnly,0.12800000000000003
68,60,515.285714285714,68,20240625,68-CF 20240625.xlsx,std,4,b,FskOnly,0.12800000000000003
69,0,553.904761904761,68,20240625,68-CF 20240625.xlsx,std,6,a,FskOnly,0.8000000000000002
69,10,561.857142857142,68,20240625,68-CF 20240625.xlsx,std,6,a,FskOnly,0.8000000000000002
69,20,568.523809523809,68,20240625,68-CF 20240625.xlsx,std,6,a,FskOnly,0.8000000000000002
69,30,568.904761904761,68,20240625,68-CF 20240625.xlsx,std,6,a,FskOnly,0.8000000000000002
69,40,570.952380952381,68,20240625,68-CF 20240625.xlsx,std,6,a,FskOnly,0.8000000000000002
69,50,602.1,68,20240625,68-CF 20240625.xlsx,std,6,a,FskOnly,0.8000000000000002
69,60,571.761904761904,68,20240625,68-CF 20240625.xlsx,std,6,a,FskOnly,0.8000000000000002
70,0,413.333333333333,68,20240625,68-CF 20240625.xlsx,std,6,b,FskOnly,0.8000000000000002
70,10,421,68,20240625,68-CF 20240625.xlsx,std,6,b,FskOnly,0.8000000000000002
70,20,430.60606060606,68,20240625,68-CF 20240625.xlsx,std,6,b,FskOnly,0.8000000000000002
70,30,431.636363636363,68,20240625,68-CF 20240625.xlsx,std,6,b,FskOnly,0.8000000000000002
70,40,435.030303030303,68,20240625,68-CF 20240625.xlsx,std,6,b,FskOnly,0.8000000000000002
70,50,480.333333333333,68,20240625,68-CF 20240625.xlsx,std,6,b,FskOnly,0.8000000000000002
70,60,480.966666666666,68,20240625,68-CF 20240625.xlsx,std,6,b,FskOnly,0.8000000000000002
71,0,521.875,68,20240625,68-CF 20240625.xlsx,std,8,a,FskOnly,5
71,10,531.875,68,20240625,68-CF 20240625.xlsx,std,8,a,FskOnly,5
71,20,536.25,68,20240625,68-CF 20240625.xlsx,std,8,a,FskOnly,5
71,30,539.75,68,20240625,68-CF 20240625.xlsx,std,8,a,FskOnly,5
71,40,535.9375,68,20240625,68-CF 20240625.xlsx,std,8,a,FskOnly,5
71,50,534.5,68,20240625,68-CF 20240625.xlsx,std,8,a,FskOnly,5
71,60,541.6875,68,20240625,68-CF 20240625.xlsx,std,8,a,FskOnly,5
72,0,362.190476190476,68,20240625,68-CF 20240625.xlsx,std,8,b,FskOnly,5
72,10,359.090909090909,68,20240625,68-CF 20240625.xlsx,std,8,b,FskOnly,5
72,20,388.714285714285,68,20240625,68-CF 20240625.xlsx,std,8,b,FskOnly,5
72,30,373.136363636363,68,20240625,68-CF 20240625.xlsx,std,8,b,FskOnly,5
72,40,392.714285714285,68,20240625,68-CF 20240625.xlsx,std,8,b,FskOnly,5
72,50,387.857142857142,68,20240625,68-CF 20240625.xlsx,std,8,b,FskOnly,5
72,60,389.190476190476,68,20240625,68-CF 20240625.xlsx,std,8,b,FskOnly,5
33,0,333.305555555555,91,20240411,91-CF 20240411.xlsx,std,a,a,ETI,0.008192000000000003
33,10,369.60606060606,91,20240411,91-CF 20240411.xlsx,std,a,a,ETI,0.008192000000000003
33,20,370.058823529411,91,20240411,91-CF 20240411.xlsx,std,a,a,ETI,0.008192000000000003
33,30,371.388888888888,91,20240411,91-CF 20240411.xlsx,std,a,a,ETI,0.008192000000000003
33,40,406.485714285714,91,20240411,91-CF 20240411.xlsx,std,a,a,ETI,0.008192000000000003
33,50,438.257142857142,91,20240411,91-CF 20240411.xlsx,std,a,a,ETI,0.008192000000000003
33,60,461.694444444444,91,20240411,91-CF 20240411.xlsx,std,a,a,ETI,0.008192000000000003
34,0,314.36,91,20240411,91-CF 20240411.xlsx,std,a,b,ETI,0.008192000000000003
34,10,307.423076923076,91,20240411,91-CF 20240411.xlsx,std,a,b,ETI,0.008192000000000003
34,20,324.884615384615,91,20240411,91-CF 20240411.xlsx,std,a,b,ETI,0.008192000000000003
34,30,330.037037037037,91,20240411,91-CF 20240411.xlsx,std,a,b,ETI,0.008192000000000003
34,40,364.961538461538,91,20240411,91-CF 20240411.xlsx,std,a,b,ETI,0.008192000000000003
34,50,389.653846153846,91,20240411,91-CF 20240411.xlsx,std,a,b,ETI,0.008192000000000003
34,60,419.576923076923,91,20240411,91-CF 20240411.xlsx,std,a,b,ETI,0.008192000000000003
35,0,344.28,91,20240411,91-CF 20240411.xlsx,std,b,a,ETI,0.02048000000000001
35,10,352.52,91,20240411,91-CF 20240411.xlsx,std,b,a,ETI,0.02048000000000001
35,20,365.153846153846,91,20240411,91-CF 20240411.xlsx,std,b,a,ETI,0.02048000000000001
35,30,412.88,91,20240411,91-CF 20240411.xlsx,std,b,a,ETI,0.02048000000000001
35,40,453.72,91,20240411,91-CF 20240411.xlsx,std,b,a,ETI,0.02048000000000001
35,50,498.04,91,20240411,91-CF 20240411.xlsx,std,b,a,ETI,0.02048000000000001
35,60,541,91,20240411,91-CF 20240411.xlsx,std,b,a,ETI,0.02048000000000001
36,0,292.1875,91,20240411,91-CF 20240411.xlsx,std,b,b,ETI,0.02048000000000001
36,10,309.4375,91,20240411,91-CF 20240411.xlsx,std,b,b,ETI,0.02048000000000001
36,20,345.75,91,20240411,91-CF 20240411.xlsx,std,b,b,ETI,0.02048000000000001
36,30,385.3125,91,20240411,91-CF 20240411.xlsx,std,b,b,ETI,0.02048000000000001
36,40,406.941176470588,91,20240411,91-CF 20240411.xlsx,std,b,b,ETI,0.02048000000000001
36,50,418.611111111111,91,20240411,91-CF 20240411.xlsx,std,b,b,ETI,0.02048000000000001
36,60,433.055555555555,91,20240411,91-CF 20240411.xlsx,std,b,b,ETI,0.02048000000000001
37,0,408.324324324324,91,20240411,91-CF 20240411.xlsx,std,c,a,ETI,0.05120000000000001
37,10,411.763157894736,91,20240411,91-CF 20240411.xlsx,std,c,a,ETI,0.05120000000000001
37,20,468.729729729729,91,20240411,91-CF 20240411.xlsx,std,c,a,ETI,0.05120000000000001
37,30,546.621621621621,91,20240411,91-CF 20240411.xlsx,std,c,a,ETI,0.05120000000000001
37,40,658,91,20240411,91-CF 20240411.xlsx,std,c,a,ETI,0.05120000000000001
37,50,706.305555555555,91,20240411,91-CF 20240411.xlsx,std,c,a,ETI,0.05120000000000001
37,60,734.729729729729,91,20240411,91-CF 20240411.xlsx,std,c,a,ETI,0.05120000000000001
38,0,373.535714285714,91,20240411,91-CF 20240411.xlsx,std,c,b,ETI,0.05120000000000001
38,10,376.607142857142,91,20240411,91-CF 20240411.xlsx,std,c,b,ETI,0.05120000000000001
38,20,422.555555555555,91,20240411,91-CF 20240411.xlsx,std,c,b,ETI,0.05120000000000001
38,30,545.76,91,20240411,91-CF 20240411.xlsx,std,c,b,ETI,0.05120000000000001
38,40,628.692307692307,91,20240411,91-CF 20240411.xlsx,std,c,b,ETI,0.05120000000000001
38,50,711.115384615384,91,20240411,91-CF 20240411.xlsx,std,c,b,ETI,0.05120000000000001
38,60,768.615384615384,91,20240411,91-CF 20240411.xlsx,std,c,b,ETI,0.05120000000000001
39,0,369.478260869565,91,20240411,91-CF 20240411.xlsx,std,d,a,ETI,0.12800000000000003
39,10,376.391304347826,91,20240411,91-CF 20240411.xlsx,std,d,a,ETI,0.12800000000000003
39,20,433.391304347826,91,20240411,91-CF 20240411.xlsx,std,d,a,ETI,0.12800000000000003
39,30,524,91,20240411,91-CF 20240411.xlsx,std,d,a,ETI,0.12800000000000003
39,40,584.8,91,20240411,91-CF 20240411.xlsx,std,d,a,ETI,0.12800000000000003
39,50,605.153846153846,91,20240411,91-CF 20240411.xlsx,std,d,a,ETI,0.12800000000000003
39,60,661.92,91,20240411,91-CF 20240411.xlsx,std,d,a,ETI,0.12800000000000003
40,0,321.470588235294,91,20240411,91-CF 20240411.xlsx,std,d,b,ETI,0.12800000000000003
40,10,329.5,91,20240411,91-CF 20240411.xlsx,std,d,b,ETI,0.12800000000000003
40,20,421.470588235294,91,20240411,91-CF 20240411.xlsx,std,d,b,ETI,0.12800000000000003
40,30,509.294117647058,91,20240411,91-CF 20240411.xlsx,std,d,b,ETI,0.12800000000000003
40,40,564.166666666666,91,20240411,91-CF 20240411.xlsx,std,d,b,ETI,0.12800000000000003
40,50,621.166666666666,91,20240411,91-CF 20240411.xlsx,std,d,b,ETI,0.12800000000000003
40,60,656.166666666666,91,20240411,91-CF 20240411.xlsx,std,d,b,ETI,0.12800000000000003
41,0,438,91,20240411,91-CF 20240411.xlsx,std,e,a,ETI,0.32000000000000006
41,10,525.916666666666,91,20240411,91-CF 20240411.xlsx,std,e,a,ETI,0.32000000000000006
41,20,648.25,91,20240411,91-CF 20240411.xlsx,std,e,a,ETI,0.32000000000000006
41,30,761.416666666666,91,20240411,91-CF 20240411.xlsx,std,e,a,ETI,0.32000000000000006
41,40,858.666666666666,91,20240411,91-CF 20240411.xlsx,std,e,a,ETI,0.32000000000000006
41,50,931.583333333333,91,20240411,91-CF 20240411.xlsx,std,e,a,ETI,0.32000000000000006
41,60,928.846153846153,91,20240411,91-CF 20240411.xlsx,std,e,a,ETI,0.32000000000000006
42,0,324.421052631578,91,20240411,91-CF 20240411.xlsx,std,e,b,ETI,0.32000000000000006
42,10,354.05,91,20240411,91-CF 20240411.xlsx,std,e,b,ETI,0.32000000000000006
42,20,421.91304347826,91,20240411,91-CF 20240411.xlsx,std,e,b,ETI,0.32000000000000006
42,30,519.454545454545,91,20240411,91-CF 20240411.xlsx,std,e,b,ETI,0.32000000000000006
42,40,534.458333333333,91,20240411,91-CF 20240411.xlsx,std,e,b,ETI,0.32000000000000006
42,50,590.95652173913,91,20240411,91-CF 20240411.xlsx,std,e,b,ETI,0.32000000000000006
42,60,616.869565217391,91,20240411,91-CF 20240411.xlsx,std,e,b,ETI,0.32000000000000006
43,0,395.95,91,20240411,91-CF 20240411.xlsx,std,f,a,ETI,0.8000000000000002
43,10,433.428571428571,91,20240411,91-CF 20240411.xlsx,std,f,a,ETI,0.8000000000000002
43,20,546.5,91,20240411,91-CF 20240411.xlsx,std,f,a,ETI,0.8000000000000002
43,30,634.727272727272,91,20240411,91-CF 20240411.xlsx,std,f,a,ETI,0.8000000000000002
43,40,674.652173913043,91,20240411,91-CF 20240411.xlsx,std,f,a,ETI,0.8000000000000002
43,50,726.478260869565,91,20240411,91-CF 20240411.xlsx,std,f,a,ETI,0.8000000000000002
43,60,785.90909090909,91,20240411,91-CF 20240411.xlsx,std,f,a,ETI,0.8000000000000002
44,0,233.333333333333,91,20240411,91-CF 20240411.xlsx,std,f,b,ETI,0.8000000000000002
44,10,292.291666666666,91,20240411,91-CF 20240411.xlsx,std,f,b,ETI,0.8000000000000002
44,20,358.583333333333,91,20240411,91-CF 20240411.xlsx,std,f,b,ETI,0.8000000000000002
44,30,406.458333333333,91,20240411,91-CF 20240411.xlsx,std,f,b,ETI,0.8000000000000002
44,40,448,91,20240411,91-CF 20240411.xlsx,std,f,b,ETI,0.8000000000000002
44,50,482.333333333333,91,20240411,91-CF 20240411.xlsx,std,f,b,ETI,0.8000000000000002
44,60,516.130434782608,91,20240411,91-CF 20240411.xlsx,std,f,b,ETI,0.8000000000000002
45,0,391.322580645161,91,20240411,91-CF 20240411.xlsx,std,g,a,ETI,2
45,10,457.647058823529,91,20240411,91-CF 20240411.xlsx,std,g,a,ETI,2
45,20,511.717948717948,91,20240411,91-CF 20240411.xlsx,std,g,a,ETI,2
45,30,603.263157894736,91,20240411,91-CF 20240411.xlsx,std,g,a,ETI,2
45,40,631.3,91,20240411,91-CF 20240411.xlsx,std,g,a,ETI,2
45,50,666.2,91,20240411,91-CF 20240411.xlsx,std,g,a,ETI,2
45,60,686.35,91,20240411,91-CF 20240411.xlsx,std,g,a,ETI,2
46,0,319.172413793103,91,20240411,91-CF 20240411.xlsx,std,g,b,ETI,2
46,10,400.172413793103,91,20240411,91-CF 20240411.xlsx,std,g,b,ETI,2
46,20,474.433333333333,91,20240411,91-CF 20240411.xlsx,std,g,b,ETI,2
46,30,535.466666666666,91,20240411,91-CF 20240411.xlsx,std,g,b,ETI,2
46,40,589,91,20240411,91-CF 20240411.xlsx,std,g,b,ETI,2
46,50,658.785714285714,91,20240411,91-CF 20240411.xlsx,std,g,b,ETI,2
46,60,589.838709677419,91,20240411,91-CF 20240411.xlsx,std,g,b,ETI,2
47,0,266.181818181818,91,20240411,91-CF 20240411.xlsx,std,h,a,ETI,5
47,10,298.807692307692,91,20240411,91-CF 20240411.xlsx,std,h,a,ETI,5
47,20,371.115384615384,91,20240411,91-CF 20240411.xlsx,std,h,a,ETI,5
47,30,422.76923076923,91,20240411,91-CF 20240411.xlsx,std,h,a,ETI,5
47,40,484.04,91,20240411,91-CF 20240411.xlsx,std,h,a,ETI,5
47,50,516.48,91,20240411,91-CF 20240411.xlsx,std,h,a,ETI,5
47,60,586.260869565217,91,20240411,91-CF 20240411.xlsx,std,h,a,ETI,5
48,0,340,91,20240411,91-CF 20240411.xlsx,std,h,b,ETI,5
48,10,456.464285714285,91,20240411,91-CF 20240411.xlsx,std,h,b,ETI,5
48,20,570.037037037037,91,20240411,91-CF 20240411.xlsx,std,h,b,ETI,5
48,30,647.555555555555,91,20240411,91-CF 20240411.xlsx,std,h,b,ETI,5
48,40,711.259259259259,91,20240411,91-CF 20240411.xlsx,std,h,b,ETI,5
48,50,733.5,91,20240411,91-CF 20240411.xlsx,std,h,b,ETI,5
48,60,723.310344827586,91,20240411,91-CF 20240411.xlsx,std,h,b,ETI,5
49,0,267.578947368421,91,20240411,91-CF 20240411.xlsx,std,a,a,VTI,0.008192000000000003
49,10,287.388888888888,91,20240411,91-CF 20240411.xlsx,std,a,a,VTI,0.008192000000000003
49,20,305.444444444444,91,20240411,91-CF 20240411.xlsx,std,a,a,VTI,0.008192000000000003
49,30,313.736842105263,91,20240411,91-CF 20240411.xlsx,std,a,a,VTI,0.008192000000000003
49,40,340.157894736842,91,20240411,91-CF 20240411.xlsx,std,a,a,VTI,0.008192000000000003
49,50,370.842105263157,91,20240411,91-CF 20240411.xlsx,std,a,a,VTI,0.008192000000000003
49,60,382.35,91,20240411,91-CF 20240411.xlsx,std,a,a,VTI,0.008192000000000003
50,0,360.222222222222,91,20240411,91-CF 20240411.xlsx,std,a,b,VTI,0.008192000000000003
50,10,345.157894736842,91,20240411,91-CF 20240411.xlsx,std,a,b,VTI,0.008192000000000003
50,20,368.842105263157,91,20240411,91-CF 20240411.xlsx,std,a,b,VTI,0.008192000000000003
50,30,402,91,20240411,91-CF 20240411.xlsx,std,a,b,VTI,0.008192000000000003
50,40,434.78947368421,91,20240411,91-CF 20240411.xlsx,std,a,b,VTI,0.008192000000000003
50,50,450.65,91,20240411,91-CF 20240411.xlsx,std,a,b,VTI,0.008192000000000003
50,60,467.428571428571,91,20240411,91-CF 20240411.xlsx,std,a,b,VTI,0.008192000000000003
51,0,290.533333333333,91,20240411,91-CF 20240411.xlsx,std,b,a,VTI,0.02048000000000001
51,10,274.4375,91,20240411,91-CF 20240411.xlsx,std,b,a,VTI,0.02048000000000001
51,20,289.3125,91,20240411,91-CF 20240411.xlsx,std,b,a,VTI,0.02048000000000001
51,30,328.25,91,20240411,91-CF 20240411.xlsx,std,b,a,VTI,0.02048000000000001
51,40,388.533333333333,91,20240411,91-CF 20240411.xlsx,std,b,a,VTI,0.02048000000000001
51,50,445.866666666666,91,20240411,91-CF 20240411.xlsx,std,b,a,VTI,0.02048000000000001
51,60,477.5,91,20240411,91-CF 20240411.xlsx,std,b,a,VTI,0.02048000000000001
52,0,337.2,91,20240411,91-CF 20240411.xlsx,std,b,b,VTI,0.02048000000000001
52,10,341.72,91,20240411,91-CF 20240411.xlsx,std,b,b,VTI,0.02048000000000001
52,20,357.4,91,20240411,91-CF 20240411.xlsx,std,b,b,VTI,0.02048000000000001
52,30,384.230769230769,91,20240411,91-CF 20240411.xlsx,std,b,b,VTI,0.02048000000000001
52,40,450.04,91,20240411,91-CF 20240411.xlsx,std,b,b,VTI,0.02048000000000001
52,50,489.846153846153,91,20240411,91-CF 20240411.xlsx,std,b,b,VTI,0.02048000000000001
52,60,562.76,91,20240411,91-CF 20240411.xlsx,std,b,b,VTI,0.02048000000000001
53,0,287.722222222222,91,20240411,91-CF 20240411.xlsx,std,c,a,VTI,0.05120000000000001
53,10,285.944444444444,91,20240411,91-CF 20240411.xlsx,std,c,a,VTI,0.05120000000000001
53,20,321.277777777777,91,20240411,91-CF 20240411.xlsx,std,c,a,VTI,0.05120000000000001
53,30,357.15,91,20240411,91-CF 20240411.xlsx,std,c,a,VTI,0.05120000000000001
53,40,409.6,91,20240411,91-CF 20240411.xlsx,std,c,a,VTI,0.05120000000000001
53,50,453.45,91,20240411,91-CF 20240411.xlsx,std,c,a,VTI,0.05120000000000001
53,60,511.315789473684,91,20240411,91-CF 20240411.xlsx,std,c,a,VTI,0.05120000000000001
54,0,353.166666666666,91,20240411,91-CF 20240411.xlsx,std,c,b,VTI,0.05120000000000001
54,10,353.416666666666,91,20240411,91-CF 20240411.xlsx,std,c,b,VTI,0.05120000000000001
54,20,396.791666666666,91,20240411,91-CF 20240411.xlsx,std,c,b,VTI,0.05120000000000001
54,30,453.32,91,20240411,91-CF 20240411.xlsx,std,c,b,VTI,0.05120000000000001
54,40,495.576923076923,91,20240411,91-CF 20240411.xlsx,std,c,b,VTI,0.05120000000000001
54,50,519.666666666666,91,20240411,91-CF 20240411.xlsx,std,c,b,VTI,0.05120000000000001
54,60,583.88,91,20240411,91-CF 20240411.xlsx,std,c,b,VTI,0.05120000000000001
55,0,343.043478260869,91,20240411,91-CF 20240411.xlsx,std,d,a,VTI,0.12800000000000003
55,10,349.391304347826,91,20240411,91-CF 20240411.xlsx,std,d,a,VTI,0.12800000000000003
55,20,409.708333333333,91,20240411,91-CF 20240411.xlsx,std,d,a,VTI,0.12800000000000003
55,30,500.416666666666,91,20240411,91-CF 20240411.xlsx,std,d,a,VTI,0.12800000000000003
55,40,576.875,91,20240411,91-CF 20240411.xlsx,std,d,a,VTI,0.12800000000000003
55,50,646.625,91,20240411,91-CF 20240411.xlsx,std,d,a,VTI,0.12800000000000003
55,60,670.92,91,20240411,91-CF 20240411.xlsx,std,d,a,VTI,0.12800000000000003
56,0,280.35,91,20240411,91-CF 20240411.xlsx,std,d,b,VTI,0.12800000000000003
56,10,304.210526315789,91,20240411,91-CF 20240411.xlsx,std,d,b,VTI,0.12800000000000003
56,20,367.3,91,20240411,91-CF 20240411.xlsx,std,d,b,VTI,0.12800000000000003
56,30,445.95238095238,91,20240411,91-CF 20240411.xlsx,std,d,b,VTI,0.12800000000000003
56,40,542.55,91,20240411,91-CF 20240411.xlsx,std,d,b,VTI,0.12800000000000003
56,50,592.55,91,20240411,91-CF 20240411.xlsx,std,d,b,VTI,0.12800000000000003
56,60,616.6,91,20240411,91-CF 20240411.xlsx,std,d,b,VTI,0.12800000000000003
57,0,346.6,91,20240411,91-CF 20240411.xlsx,std,e,a,VTI,0.32000000000000006
57,10,370.133333333333,91,20240411,91-CF 20240411.xlsx,std,e,a,VTI,0.32000000000000006
57,20,477.4375,91,20240411,91-CF 20240411.xlsx,std,e,a,VTI,0.32000000000000006
57,30,585.6875,91,20240411,91-CF 20240411.xlsx,std,e,a,VTI,0.32000000000000006
57,40,703,91,20240411,91-CF 20240411.xlsx,std,e,a,VTI,0.32000000000000006
57,50,718.875,91,20240411,91-CF 20240411.xlsx,std,e,a,VTI,0.32000000000000006
57,60,755.3125,91,20240411,91-CF 20240411.xlsx,std,e,a,VTI,0.32000000000000006
58,0,371.1875,91,20240411,91-CF 20240411.xlsx,std,e,b,VTI,0.32000000000000006
58,10,420.875,91,20240411,91-CF 20240411.xlsx,std,e,b,VTI,0.32000000000000006
58,20,478.722222222222,91,20240411,91-CF 20240411.xlsx,std,e,b,VTI,0.32000000000000006
58,30,551.666666666666,91,20240411,91-CF 20240411.xlsx,std,e,b,VTI,0.32000000000000006
58,40,557.55,91,20240411,91-CF 20240411.xlsx,std,e,b,VTI,0.32000000000000006
58,50,658.166666666666,91,20240411,91-CF 20240411.xlsx,std,e,b,VTI,0.32000000000000006
58,60,634.368421052631,91,20240411,91-CF 20240411.xlsx,std,e,b,VTI,0.32000000000000006
59,0,284.875,91,20240411,91-CF 20240411.xlsx,std,f,a,VTI,0.8000000000000002
59,10,361.375,91,20240411,91-CF 20240411.xlsx,std,f,a,VTI,0.8000000000000002
59,20,437.375,91,20240411,91-CF 20240411.xlsx,std,f,a,VTI,0.8000000000000002
59,30,486.375,91,20240411,91-CF 20240411.xlsx,std,f,a,VTI,0.8000000000000002
59,40,532.1875,91,20240411,91-CF 20240411.xlsx,std,f,a,VTI,0.8000000000000002
59,50,566.5,91,20240411,91-CF 20240411.xlsx,std,f,a,VTI,0.8000000000000002
59,60,579.125,91,20240411,91-CF 20240411.xlsx,std,f,a,VTI,0.8000000000000002
60,0,277.78947368421,91,20240411,91-CF 20240411.xlsx,std,f,b,VTI,0.8000000000000002
60,10,304.238095238095,91,20240411,91-CF 20240411.xlsx,std,f,b,VTI,0.8000000000000002
60,20,367.434782608695,91,20240411,91-CF 20240411.xlsx,std,f,b,VTI,0.8000000000000002
60,30,446.772727272727,91,20240411,91-CF 20240411.xlsx,std,f,b,VTI,0.8000000000000002
60,40,494.863636363636,91,20240411,91-CF 20240411.xlsx,std,f,b,VTI,0.8000000000000002
60,50,533.590909090909,91,20240411,91-CF 20240411.xlsx,std,f,b,VTI,0.8000000000000002
60,60,562.954545454545,91,20240411,91-CF 20240411.xlsx,std,f,b,VTI,0.8000000000000002
61,0,296.91304347826,91,20240411,91-CF 20240411.xlsx,std,g,a,VTI,2
61,10,369.958333333333,91,20240411,91-CF 20240411.xlsx,std,g,a,VTI,2
61,20,469.541666666666,91,20240411,91-CF 20240411.xlsx,std,g,a,VTI,2
61,30,502,91,20240411,91-CF 20240411.xlsx,std,g,a,VTI,2
61,40,513.464285714285,91,20240411,91-CF 20240411.xlsx,std,g,a,VTI,2
61,50,548.357142857142,91,20240411,91-CF 20240411.xlsx,std,g,a,VTI,2
61,60,566.464285714285,91,20240411,91-CF 20240411.xlsx,std,g,a,VTI,2
62,0,356.95,91,20240411,91-CF 20240411.xlsx,std,g,b,VTI,2
62,10,502.1,91,20240411,91-CF 20240411.xlsx,std,g,b,VTI,2
62,20,627.6,91,20240411,91-CF 20240411.xlsx,std,g,b,VTI,2
62,30,692.666666666666,91,20240411,91-CF 20240411.xlsx,std,g,b,VTI,2
62,40,768.523809523809,91,20240411,91-CF 20240411.xlsx,std,g,b,VTI,2
62,50,825.285714285714,91,20240411,91-CF 20240411.xlsx,std,g,b,VTI,2
62,60,873.05,91,20240411,91-CF 20240411.xlsx,std,g,b,VTI,2
63,0,248.642857142857,91,20240411,91-CF 20240411.xlsx,std,h,a,VTI,5
63,10,323.4,91,20240411,91-CF 20240411.xlsx,std,h,a,VTI,5
63,20,359.875,91,20240411,91-CF 20240411.xlsx,std,h,a,VTI,5
63,30,411.5625,91,20240411,91-CF 20240411.xlsx,std,h,a,VTI,5
63,40,422.647058823529,91,20240411,91-CF 20240411.xlsx,std,h,a,VTI,5
63,50,445.941176470588,91,20240411,91-CF 20240411.xlsx,std,h,a,VTI,5
63,60,427.176470588235,91,20240411,91-CF 20240411.xlsx,std,h,a,VTI,5
64,0,338.411764705882,91,20240411,91-CF 20240411.xlsx,std,h,b,VTI,5
64,10,470.705882352941,91,20240411,91-CF 20240411.xlsx,std,h,b,VTI,5
64,20,593.882352941176,91,20240411,91-CF 20240411.xlsx,std,h,b,VTI,5
64,30,618.631578947368,91,20240411,91-CF 20240411.xlsx,std,h,b,VTI,5
64,40,687.315789473684,91,20240411,91-CF 20240411.xlsx,std,h,b,VTI,5
64,50,663.190476190476,91,20240411,91-CF 20240411.xlsx,std,h,b,VTI,5
64,60,719.35,91,20240411,91-CF 20240411.xlsx,std,h,b,VTI,5
73,0,344.85,91,20240411,91-CF 20240411.xlsx,std,h,a,FskOnly,5
73,10,347.75,91,20240411,91-CF 20240411.xlsx,std,h,a,FskOnly,5
73,20,345.4,91,20240411,91-CF 20240411.xlsx,std,h,a,FskOnly,5
73,30,341.15,91,20240411,91-CF 20240411.xlsx,std,h,a,FskOnly,5
73,40,335.7,91,20240411,91-CF 20240411.xlsx,std,h,a,FskOnly,5
73,50,333.4,91,20240411,91-CF 20240411.xlsx,std,h,a,FskOnly,5
73,60,349.210526315789,91,20240411,91-CF 20240411.xlsx,std,h,a,FskOnly,5
74,0,380.5,91,20240411,91-CF 20240411.xlsx,std,h,b,FskOnly,5
74,10,385.428571428571,91,20240411,91-CF 20240411.xlsx,std,h,b,FskOnly,5
74,20,384.214285714285,91,20240411,91-CF 20240411.xlsx,std,h,b,FskOnly,5
74,30,408.538461538461,91,20240411,91-CF 20240411.xlsx,std,h,b,FskOnly,5
74,40,402.461538461538,91,20240411,91-CF 20240411.xlsx,std,h,b,FskOnly,5
74,50,369.071428571428,91,20240411,91-CF 20240411.xlsx,std,h,b,FskOnly,5
74,60,422.083333333333,91,20240411,91-CF 20240411.xlsx,std,h,b,FskOnly,5
75,0,357.090909090909,91,20240411,91-CF 20240411.xlsx,std,f,a,FskOnly,0.8000000000000002
75,10,375.47619047619,91,20240411,91-CF 20240411.xlsx,std,f,a,FskOnly,0.8000000000000002
75,20,356.954545454545,91,20240411,91-CF 20240411.xlsx,std,f,a,FskOnly,0.8000000000000002
75,30,352.954545454545,91,20240411,91-CF 20240411.xlsx,std,f,a,FskOnly,0.8000000000000002
75,40,349.5,91,20240411,91-CF 20240411.xlsx,std,f,a,FskOnly,0.8000000000000002
75,50,361.142857142857,91,20240411,91-CF 20240411.xlsx,std,f,a,FskOnly,0.8000000000000002
75,60,361,91,20240411,91-CF 20240411.xlsx,std,f,a,FskOnly,0.8000000000000002
76,0,416.190476190476,91,20240411,91-CF 20240411.xlsx,std,f,b,FskOnly,0.8000000000000002
76,10,416,91,20240411,91-CF 20240411.xlsx,std,f,b,FskOnly,0.8000000000000002
76,20,416.523809523809,91,20240411,91-CF 20240411.xlsx,std,f,b,FskOnly,0.8000000000000002
76,30,412.809523809523,91,20240411,91-CF 20240411.xlsx,std,f,b,FskOnly,0.8000000000000002
76,40,410.238095238095,91,20240411,91-CF 20240411.xlsx,std,f,b,FskOnly,0.8000000000000002
76,50,389.772727272727,91,20240411,91-CF 20240411.xlsx,std,f,b,FskOnly,0.8000000000000002
76,60,387.318181818181,91,20240411,91-CF 20240411.xlsx,std,f,b,FskOnly,0.8000000000000002
77,0,320.28,91,20240411,91-CF 20240411.xlsx,std,d,a,FskOnly,0.12800000000000003
77,10,323.64,91,20240411,91-CF 20240411.xlsx,std,d,a,FskOnly,0.12800000000000003
77,20,325.64,91,20240411,91-CF 20240411.xlsx,std,d,a,FskOnly,0.12800000000000003
77,30,328.32,91,20240411,91-CF 20240411.xlsx,std,d,a,FskOnly,0.12800000000000003
77,40,332,91,20240411,91-CF 20240411.xlsx,std,d,a,FskOnly,0.12800000000000003
77,50,335.12,91,20240411,91-CF 20240411.xlsx,std,d,a,FskOnly,0.12800000000000003
77,60,338,91,20240411,91-CF 20240411.xlsx,std,d,a,FskOnly,0.12800000000000003
78,0,260.354838709677,91,20240411,91-CF 20240411.xlsx,std,d,b,FskOnly,0.12800000000000003
78,10,261.58064516129,91,20240411,91-CF 20240411.xlsx,std,d,b,FskOnly,0.12800000000000003
78,20,263.935483870967,91,20240411,91-CF 20240411.xlsx,std,d,b,FskOnly,0.12800000000000003
78,30,266.806451612903,91,20240411,91-CF 20240411.xlsx,std,d,b,FskOnly,0.12800000000000003
78,40,268.451612903225,91,20240411,91-CF 20240411.xlsx,std,d,b,FskOnly,0.12800000000000003
78,50,260.875,91,20240411,91-CF 20240411.xlsx,std,d,b,FskOnly,0.12800000000000003
78,60,271.838709677419,91,20240411,91-CF 20240411.xlsx,std,d,b,FskOnly,0.12800000000000003
79,0,326.066666666666,91,20240411,91-CF 20240411.xlsx,std,b,a,FskOnly,0.02048000000000001
79,10,335.3,91,20240411,91-CF 20240411.xlsx,std,b,a,FskOnly,0.02048000000000001
79,20,349,91,20240411,91-CF 20240411.xlsx,std,b,a,FskOnly,0.02048000000000001
79,30,361.166666666666,91,20240411,91-CF 20240411.xlsx,std,b,a,FskOnly,0.02048000000000001
79,40,380.862068965517,91,20240411,91-CF 20240411.xlsx,std,b,a,FskOnly,0.02048000000000001
79,50,378.6,91,20240411,91-CF 20240411.xlsx,std,b,a,FskOnly,0.02048000000000001
79,60,395,91,20240411,91-CF 20240411.xlsx,std,b,a,FskOnly,0.02048000000000001
80,0,233.5,91,20240411,91-CF 20240411.xlsx,std,b,b,FskOnly,0.02048000000000001
80,10,236.4,91,20240411,91-CF 20240411.xlsx,std,b,b,FskOnly,0.02048000000000001
80,20,244.4,91,20240411,91-CF 20240411.xlsx,std,b,b,FskOnly,0.02048000000000001
80,30,247.9,91,20240411,91-CF 20240411.xlsx,std,b,b,FskOnly,0.02048000000000001
80,40,252,91,20240411,91-CF 20240411.xlsx,std,b,b,FskOnly,0.02048000000000001
80,50,254.5,91,20240411,91-CF 20240411.xlsx,std,b,b,FskOnly,0.02048000000000001
80,60,258.2,91,20240411,91-CF 20240411.xlsx,std,b,b,FskOnly,0.02048000000000001
33,0,282.666666666666,91,20240418,91-CF 20240418.xlsx,std,a,a,ETI,0.008192000000000003
33,10,287.592592592592,91,20240418,91-CF 20240418.xlsx,std,a,a,ETI,0.008192000000000003
33,20,294.37037037037,91,20240418,91-CF 20240418.xlsx,std,a,a,ETI,0.008192000000000003
33,30,308.259259259259,91,20240418,91-CF 20240418.xlsx,std,a,a,ETI,0.008192000000000003
33,40,326.592592592592,91,20240418,91-CF 20240418.xlsx,std,a,a,ETI,0.008192000000000003
33,50,343.592592592592,91,20240418,91-CF 20240418.xlsx,std,a,a,ETI,0.008192000000000003
33,60,367.074074074074,91,20240418,91-CF 20240418.xlsx,std,a,a,ETI,0.008192000000000003
34,0,280.59375,91,20240418,91-CF 20240418.xlsx,std,a,b,ETI,0.008192000000000003
34,10,284.15625,91,20240418,91-CF 20240418.xlsx,std,a,b,ETI,0.008192000000000003
34,20,294.09375,91,20240418,91-CF 20240418.xlsx,std,a,b,ETI,0.008192000000000003
34,30,299.151515151515,91,20240418,91-CF 20240418.xlsx,std,a,b,ETI,0.008192000000000003
34,40,305.823529411764,91,20240418,91-CF 20240418.xlsx,std,a,b,ETI,0.008192000000000003
34,50,332.060606060606,91,20240418,91-CF 20240418.xlsx,std,a,b,ETI,0.008192000000000003
34,60,353.272727272727,91,20240418,91-CF 20240418.xlsx,std,a,b,ETI,0.008192000000000003
35,0,292.636363636363,91,20240418,91-CF 20240418.xlsx,std,b,a,ETI,0.02048000000000001
35,10,296.60606060606,91,20240418,91-CF 20240418.xlsx,std,b,a,ETI,0.02048000000000001
35,20,304.90909090909,91,20240418,91-CF 20240418.xlsx,std,b,a,ETI,0.02048000000000001
35,30,323.575757575757,91,20240418,91-CF 20240418.xlsx,std,b,a,ETI,0.02048000000000001
35,40,329.285714285714,91,20240418,91-CF 20240418.xlsx,std,b,a,ETI,0.02048000000000001
35,50,369.970588235294,91,20240418,91-CF 20240418.xlsx,std,b,a,ETI,0.02048000000000001
35,60,422.030303030303,91,20240418,91-CF 20240418.xlsx,std,b,a,ETI,0.02048000000000001
36,0,233.590909090909,91,20240418,91-CF 20240418.xlsx,std,b,b,ETI,0.02048000000000001
36,10,253.666666666666,91,20240418,91-CF 20240418.xlsx,std,b,b,ETI,0.02048000000000001
36,20,273.523809523809,91,20240418,91-CF 20240418.xlsx,std,b,b,ETI,0.02048000000000001
36,30,301.190476190476,91,20240418,91-CF 20240418.xlsx,std,b,b,ETI,0.02048000000000001
36,40,313.454545454545,91,20240418,91-CF 20240418.xlsx,std,b,b,ETI,0.02048000000000001
36,50,363.714285714285,91,20240418,91-CF 20240418.xlsx,std,b,b,ETI,0.02048000000000001
36,60,408.571428571428,91,20240418,91-CF 20240418.xlsx,std,b,b,ETI,0.02048000000000001
37,0,257.25,91,20240418,91-CF 20240418.xlsx,std,c,a,ETI,0.05120000000000001
37,10,273.032258064516,91,20240418,91-CF 20240418.xlsx,std,c,a,ETI,0.05120000000000001
37,20,291.84375,91,20240418,91-CF 20240418.xlsx,std,c,a,ETI,0.05120000000000001
37,30,328.705882352941,91,20240418,91-CF 20240418.xlsx,std,c,a,ETI,0.05120000000000001
37,40,372.457142857142,91,20240418,91-CF 20240418.xlsx,std,c,a,ETI,0.05120000000000001
37,50,409.371428571428,91,20240418,91-CF 20240418.xlsx,std,c,a,ETI,0.05120000000000001
37,60,446.382352941176,91,20240418,91-CF 20240418.xlsx,std,c,a,ETI,0.05120000000000001
38,0,251.45,91,20240418,91-CF 20240418.xlsx,std,c,b,ETI,0.05120000000000001
38,10,246.333333333333,91,20240418,91-CF 20240418.xlsx,std,c,b,ETI,0.05120000000000001
38,20,252.045454545454,91,20240418,91-CF 20240418.xlsx,std,c,b,ETI,0.05120000000000001
38,30,295.590909090909,91,20240418,91-CF 20240418.xlsx,std,c,b,ETI,0.05120000000000001
38,40,345.090909090909,91,20240418,91-CF 20240418.xlsx,std,c,b,ETI,0.05120000000000001
38,50,390.954545454545,91,20240418,91-CF 20240418.xlsx,std,c,b,ETI,0.05120000000000001
38,60,395.541666666666,91,20240418,91-CF 20240418.xlsx,std,c,b,ETI,0.05120000000000001
39,0,346.052631578947,91,20240418,91-CF 20240418.xlsx,std,d,a,ETI,0.12800000000000003
39,10,337.75,91,20240418,91-CF 20240418.xlsx,std,d,a,ETI,0.12800000000000003
39,20,379.714285714285,91,20240418,91-CF 20240418.xlsx,std,d,a,ETI,0.12800000000000003
39,30,452.047619047619,91,20240418,91-CF 20240418.xlsx,std,d,a,ETI,0.12800000000000003
39,40,480.391304347826,91,20240418,91-CF 20240418.xlsx,std,d,a,ETI,0.12800000000000003
39,50,553.181818181818,91,20240418,91-CF 20240418.xlsx,std,d,a,ETI,0.12800000000000003
39,60,592.681818181818,91,20240418,91-CF 20240418.xlsx,std,d,a,ETI,0.12800000000000003
40,0,284.478260869565,91,20240418,91-CF 20240418.xlsx,std,d,b,ETI,0.12800000000000003
40,10,281.791666666666,91,20240418,91-CF 20240418.xlsx,std,d,b,ETI,0.12800000000000003
40,20,349.347826086956,91,20240418,91-CF 20240418.xlsx,std,d,b,ETI,0.12800000000000003
40,30,386.038461538461,91,20240418,91-CF 20240418.xlsx,std,d,b,ETI,0.12800000000000003
40,40,469.84,91,20240418,91-CF 20240418.xlsx,std,d,b,ETI,0.12800000000000003
40,50,536.041666666666,91,20240418,91-CF 20240418.xlsx,std,d,b,ETI,0.12800000000000003
40,60,547.48,91,20240418,91-CF 20240418.xlsx,std,d,b,ETI,0.12800000000000003
41,0,274.818181818181,91,20240418,91-CF 20240418.xlsx,std,e,a,ETI,0.32000000000000006
41,10,290.173913043478,91,20240418,91-CF 20240418.xlsx,std,e,a,ETI,0.32000000000000006
41,20,359.583333333333,91,20240418,91-CF 20240418.xlsx,std,e,a,ETI,0.32000000000000006
41,30,427.875,91,20240418,91-CF 20240418.xlsx,std,e,a,ETI,0.32000000000000006
41,40,472.083333333333,91,20240418,91-CF 20240418.xlsx,std,e,a,ETI,0.32000000000000006
41,50,517.782608695652,91,20240418,91-CF 20240418.xlsx,std,e,a,ETI,0.32000000000000006
41,60,540.130434782608,91,20240418,91-CF 20240418.xlsx,std,e,a,ETI,0.32000000000000006
42,0,275.95238095238,91,20240418,91-CF 20240418.xlsx,std,e,b,ETI,0.32000000000000006
42,10,286.904761904761,91,20240418,91-CF 20240418.xlsx,std,e,b,ETI,0.32000000000000006
42,20,355.043478260869,91,20240418,91-CF 20240418.xlsx,std,e,b,ETI,0.32000000000000006
42,30,442.227272727272,91,20240418,91-CF 20240418.xlsx,std,e,b,ETI,0.32000000000000006
42,40,493.045454545454,91,20240418,91-CF 20240418.xlsx,std,e,b,ETI,0.32000000000000006
42,50,529.636363636363,91,20240418,91-CF 20240418.xlsx,std,e,b,ETI,0.32000000000000006
42,60,545.090909090909,91,20240418,91-CF 20240418.xlsx,std,e,b,ETI,0.32000000000000006
43,0,314.678571428571,91,20240418,91-CF 20240418.xlsx,std,f,a,ETI,0.8000000000000002
43,10,371.481481481481,91,20240418,91-CF 20240418.xlsx,std,f,a,ETI,0.8000000000000002
43,20,557.75,91,20240418,91-CF 20240418.xlsx,std,f,a,ETI,0.8000000000000002
43,30,743.095238095238,91,20240418,91-CF 20240418.xlsx,std,f,a,ETI,0.8000000000000002
43,40,811.238095238095,91,20240418,91-CF 20240418.xlsx,std,f,a,ETI,0.8000000000000002
43,50,941.315789473684,91,20240418,91-CF 20240418.xlsx,std,f,a,ETI,0.8000000000000002
43,60,1042.61111111111,91,20240418,91-CF 20240418.xlsx,std,f,a,ETI,0.8000000000000002
44,0,268.05,91,20240418,91-CF 20240418.xlsx,std,f,b,ETI,0.8000000000000002
44,10,310.35,91,20240418,91-CF 20240418.xlsx,std,f,b,ETI,0.8000000000000002
44,20,488.647058823529,91,20240418,91-CF 20240418.xlsx,std,f,b,ETI,0.8000000000000002
44,30,595.875,91,20240418,91-CF 20240418.xlsx,std,f,b,ETI,0.8000000000000002
44,40,651.3125,91,20240418,91-CF 20240418.xlsx,std,f,b,ETI,0.8000000000000002
44,50,663.764705882352,91,20240418,91-CF 20240418.xlsx,std,f,b,ETI,0.8000000000000002
44,60,665.235294117647,91,20240418,91-CF 20240418.xlsx,std,f,b,ETI,0.8000000000000002
45,0,301.04,91,20240418,91-CF 20240418.xlsx,std,g,a,ETI,2
45,10,348.518518518518,91,20240418,91-CF 20240418.xlsx,std,g,a,ETI,2
45,20,430.777777777777,91,20240418,91-CF 20240418.xlsx,std,g,a,ETI,2
45,30,490.296296296296,91,20240418,91-CF 20240418.xlsx,std,g,a,ETI,2
45,40,560.576923076923,91,20240418,91-CF 20240418.xlsx,std,g,a,ETI,2
45,50,599.884615384615,91,20240418,91-CF 20240418.xlsx,std,g,a,ETI,2
45,60,627.807692307692,91,20240418,91-CF 20240418.xlsx,std,g,a,ETI,2
46,0,323.208333333333,91,20240418,91-CF 20240418.xlsx,std,g,b,ETI,2
46,10,386.807692307692,91,20240418,91-CF 20240418.xlsx,std,g,b,ETI,2
46,20,452.928571428571,91,20240418,91-CF 20240418.xlsx,std,g,b,ETI,2
46,30,693.47619047619,91,20240418,91-CF 20240418.xlsx,std,g,b,ETI,2
46,40,803.75,91,20240418,91-CF 20240418.xlsx,std,g,b,ETI,2
46,50,891,91,20240418,91-CF 20240418.xlsx,std,g,b,ETI,2
46,60,813.4,91,20240418,91-CF 20240418.xlsx,std,g,b,ETI,2
47,0,304.551724137931,91,20240418,91-CF 20240418.xlsx,std,h,a,ETI,5
47,10,455.222222222222,91,20240418,91-CF 20240418.xlsx,std,h,a,ETI,5
47,20,531.25,91,20240418,91-CF 20240418.xlsx,std,h,a,ETI,5
47,30,620.444444444444,91,20240418,91-CF 20240418.xlsx,std,h,a,ETI,5
47,40,705.423076923076,91,20240418,91-CF 20240418.xlsx,std,h,a,ETI,5
47,50,812.083333333333,91,20240418,91-CF 20240418.xlsx,std,h,a,ETI,5
47,60,835.083333333333,91,20240418,91-CF 20240418.xlsx,std,h,a,ETI,5
48,0,316.529411764705,91,20240418,91-CF 20240418.xlsx,std,h,b,ETI,5
48,10,391.111111111111,91,20240418,91-CF 20240418.xlsx,std,h,b,ETI,5
48,20,453.944444444444,91,20240418,91-CF 20240418.xlsx,std,h,b,ETI,5
48,30,504.277777777777,91,20240418,91-CF 20240418.xlsx,std,h,b,ETI,5
48,40,540.055555555555,91,20240418,91-CF 20240418.xlsx,std,h,b,ETI,5
48,50,546.111111111111,91,20240418,91-CF 20240418.xlsx,std,h,b,ETI,5
48,60,518,91,20240418,91-CF 20240418.xlsx,std,h,b,ETI,5
49,0,310.380952380952,91,20240418,91-CF 20240418.xlsx,std,a,a,VTI,0.008192000000000003
49,10,321.095238095238,91,20240418,91-CF 20240418.xlsx,std,a,a,VTI,0.008192000000000003
49,20,337.857142857142,91,20240418,91-CF 20240418.xlsx,std,a,a,VTI,0.008192000000000003
49,30,346.90909090909,91,20240418,91-CF 20240418.xlsx,std,a,a,VTI,0.008192000000000003
49,40,391.047619047619,91,20240418,91-CF 20240418.xlsx,std,a,a,VTI,0.008192000000000003
49,50,405.40909090909,91,20240418,91-CF 20240418.xlsx,std,a,a,VTI,0.008192000000000003
49,60,457.761904761904,91,20240418,91-CF 20240418.xlsx,std,a,a,VTI,0.008192000000000003
50,0,227.137931034482,91,20240418,91-CF 20240418.xlsx,std,a,b,VTI,0.008192000000000003
50,10,229.51724137931,91,20240418,91-CF 20240418.xlsx,std,a,b,VTI,0.008192000000000003
50,20,234.655172413793,91,20240418,91-CF 20240418.xlsx,std,a,b,VTI,0.008192000000000003
50,30,247.379310344827,91,20240418,91-CF 20240418.xlsx,std,a,b,VTI,0.008192000000000003
50,40,255.266666666666,91,20240418,91-CF 20240418.xlsx,std,a,b,VTI,0.008192000000000003
50,50,320.461538461538,91,20240418,91-CF 20240418.xlsx,std,a,b,VTI,0.008192000000000003
50,60,358.28,91,20240418,91-CF 20240418.xlsx,std,a,b,VTI,0.008192000000000003
51,0,262.866666666666,91,20240418,91-CF 20240418.xlsx,std,b,a,VTI,0.02048000000000001
51,10,277.214285714285,91,20240418,91-CF 20240418.xlsx,std,b,a,VTI,0.02048000000000001
51,20,306.384615384615,91,20240418,91-CF 20240418.xlsx,std,b,a,VTI,0.02048000000000001
51,30,331.76923076923,91,20240418,91-CF 20240418.xlsx,std,b,a,VTI,0.02048000000000001
51,40,327,91,20240418,91-CF 20240418.xlsx,std,b,a,VTI,0.02048000000000001
51,50,461.333333333333,91,20240418,91-CF 20240418.xlsx,std,b,a,VTI,0.02048000000000001
51,60,525.25,91,20240418,91-CF 20240418.xlsx,std,b,a,VTI,0.02048000000000001
52,0,283.88,91,20240418,91-CF 20240418.xlsx,std,b,b,VTI,0.02048000000000001
52,10,294.833333333333,91,20240418,91-CF 20240418.xlsx,std,b,b,VTI,0.02048000000000001
52,20,279.153846153846,91,20240418,91-CF 20240418.xlsx,std,b,b,VTI,0.02048000000000001
52,30,297.576923076923,91,20240418,91-CF 20240418.xlsx,std,b,b,VTI,0.02048000000000001
52,40,328.192307692307,91,20240418,91-CF 20240418.xlsx,std,b,b,VTI,0.02048000000000001
52,50,498.2,91,20240418,91-CF 20240418.xlsx,std,b,b,VTI,0.02048000000000001
52,60,559.8,91,20240418,91-CF 20240418.xlsx,std,b,b,VTI,0.02048000000000001
53,0,299.6,91,20240418,91-CF 20240418.xlsx,std,c,a,VTI,0.05120000000000001
53,10,286.285714285714,91,20240418,91-CF 20240418.xlsx,std,c,a,VTI,0.05120000000000001
53,20,283.333333333333,91,20240418,91-CF 20240418.xlsx,std,c,a,VTI,0.05120000000000001
53,30,312.961538461538,91,20240418,91-CF 20240418.xlsx,std,c,a,VTI,0.05120000000000001
53,40,391.25,91,20240418,91-CF 20240418.xlsx,std,c,a,VTI,0.05120000000000001
53,50,456.086956521739,91,20240418,91-CF 20240418.xlsx,std,c,a,VTI,0.05120000000000001
53,60,491.304347826086,91,20240418,91-CF 20240418.xlsx,std,c,a,VTI,0.05120000000000001
54,0,329.5,91,20240418,91-CF 20240418.xlsx,std,c,b,VTI,0.05120000000000001
54,10,333.642857142857,91,20240418,91-CF 20240418.xlsx,std,c,b,VTI,0.05120000000000001
54,20,351.666666666666,91,20240418,91-CF 20240418.xlsx,std,c,b,VTI,0.05120000000000001
54,30,380.529411764705,91,20240418,91-CF 20240418.xlsx,std,c,b,VTI,0.05120000000000001
54,40,386.15,91,20240418,91-CF 20240418.xlsx,std,c,b,VTI,0.05120000000000001
54,50,431.55,91,20240418,91-CF 20240418.xlsx,std,c,b,VTI,0.05120000000000001
54,60,489,91,20240418,91-CF 20240418.xlsx,std,c,b,VTI,0.05120000000000001
55,0,252.958333333333,91,20240418,91-CF 20240418.xlsx,std,d,a,VTI,0.12800000000000003
55,10,256.75,91,20240418,91-CF 20240418.xlsx,std,d,a,VTI,0.12800000000000003
55,20,332.652173913043,91,20240418,91-CF 20240418.xlsx,std,d,a,VTI,0.12800000000000003
55,30,371.72,91,20240418,91-CF 20240418.xlsx,std,d,a,VTI,0.12800000000000003
55,40,469.90909090909,91,20240418,91-CF 20240418.xlsx,std,d,a,VTI,0.12800000000000003
55,50,496.954545454545,91,20240418,91-CF 20240418.xlsx,std,d,a,VTI,0.12800000000000003
55,60,515.40909090909,91,20240418,91-CF 20240418.xlsx,std,d,a,VTI,0.12800000000000003
56,0,306.260869565217,91,20240418,91-CF 20240418.xlsx,std,d,b,VTI,0.12800000000000003
56,10,313.043478260869,91,20240418,91-CF 20240418.xlsx,std,d,b,VTI,0.12800000000000003
56,20,404.5,91,20240418,91-CF 20240418.xlsx,std,d,b,VTI,0.12800000000000003
56,30,498.045454545454,91,20240418,91-CF 20240418.xlsx,std,d,b,VTI,0.12800000000000003
56,40,523.041666666666,91,20240418,91-CF 20240418.xlsx,std,d,b,VTI,0.12800000000000003
56,50,550.08,91,20240418,91-CF 20240418.xlsx,std,d,b,VTI,0.12800000000000003
56,60,535.038461538461,91,20240418,91-CF 20240418.xlsx,std,d,b,VTI,0.12800000000000003
57,0,272.47619047619,91,20240418,91-CF 20240418.xlsx,std,e,a,VTI,0.32000000000000006
57,10,283.40909090909,91,20240418,91-CF 20240418.xlsx,std,e,a,VTI,0.32000000000000006
57,20,352.521739130434,91,20240418,91-CF 20240418.xlsx,std,e,a,VTI,0.32000000000000006
57,30,412.434782608695,91,20240418,91-CF 20240418.xlsx,std,e,a,VTI,0.32000000000000006
57,40,456.130434782608,91,20240418,91-CF 20240418.xlsx,std,e,a,VTI,0.32000000000000006
57,50,489.95652173913,91,20240418,91-CF 20240418.xlsx,std,e,a,VTI,0.32000000000000006
57,60,512.652173913043,91,20240418,91-CF 20240418.xlsx,std,e,a,VTI,0.32000000000000006
58,0,271.04,91,20240418,91-CF 20240418.xlsx,std,e,b,VTI,0.32000000000000006
58,10,304.68,91,20240418,91-CF 20240418.xlsx,std,e,b,VTI,0.32000000000000006
58,20,402.56,91,20240418,91-CF 20240418.xlsx,std,e,b,VTI,0.32000000000000006
58,30,462.32,91,20240418,91-CF 20240418.xlsx,std,e,b,VTI,0.32000000000000006
58,40,433.433333333333,91,20240418,91-CF 20240418.xlsx,std,e,b,VTI,0.32000000000000006
58,50,479.206896551724,91,20240418,91-CF 20240418.xlsx,std,e,b,VTI,0.32000000000000006
58,60,466.451612903225,91,20240418,91-CF 20240418.xlsx,std,e,b,VTI,0.32000000000000006
59,0,279.423076923076,91,20240418,91-CF 20240418.xlsx,std,f,a,VTI,0.8000000000000002
59,10,351.2,91,20240418,91-CF 20240418.xlsx,std,f,a,VTI,0.8000000000000002
59,20,442.708333333333,91,20240418,91-CF 20240418.xlsx,std,f,a,VTI,0.8000000000000002
59,30,476.04,91,20240418,91-CF 20240418.xlsx,std,f,a,VTI,0.8000000000000002
59,40,518,91,20240418,91-CF 20240418.xlsx,std,f,a,VTI,0.8000000000000002
59,50,547.72,91,20240418,91-CF 20240418.xlsx,std,f,a,VTI,0.8000000000000002
59,60,436.551724137931,91,20240418,91-CF 20240418.xlsx,std,f,a,VTI,0.8000000000000002
60,0,307.413793103448,91,20240418,91-CF 20240418.xlsx,std,f,b,VTI,0.8000000000000002
60,10,387.827586206896,91,20240418,91-CF 20240418.xlsx,std,f,b,VTI,0.8000000000000002
60,20,510,91,20240418,91-CF 20240418.xlsx,std,f,b,VTI,0.8000000000000002
60,30,599.851851851851,91,20240418,91-CF 20240418.xlsx,std,f,b,VTI,0.8000000000000002
60,40,593.966666666666,91,20240418,91-CF 20240418.xlsx,std,f,b,VTI,0.8000000000000002
60,50,653.51724137931,91,20240418,91-CF 20240418.xlsx,std,f,b,VTI,0.8000000000000002
60,60,648.862068965517,91,20240418,91-CF 20240418.xlsx,std,f,b,VTI,0.8000000000000002
61,0,286.076923076923,91,20240418,91-CF 20240418.xlsx,std,g,a,VTI,2
61,10,385.666666666666,91,20240418,91-CF 20240418.xlsx,std,g,a,VTI,2
61,20,413.607142857142,91,20240418,91-CF 20240418.xlsx,std,g,a,VTI,2
61,30,477.814814814814,91,20240418,91-CF 20240418.xlsx,std,g,a,VTI,2
61,40,516.925925925926,91,20240418,91-CF 20240418.xlsx,std,g,a,VTI,2
61,50,546.185185185185,91,20240418,91-CF 20240418.xlsx,std,g,a,VTI,2
61,60,543.444444444444,91,20240418,91-CF 20240418.xlsx,std,g,a,VTI,2
62,0,249.388888888888,91,20240418,91-CF 20240418.xlsx,std,g,b,VTI,2
62,10,313.777777777777,91,20240418,91-CF 20240418.xlsx,std,g,b,VTI,2
62,20,368.157894736842,91,20240418,91-CF 20240418.xlsx,std,g,b,VTI,2
62,30,416.947368421052,91,20240418,91-CF 20240418.xlsx,std,g,b,VTI,2
62,40,433,91,20240418,91-CF 20240418.xlsx,std,g,b,VTI,2
62,50,459.85,91,20240418,91-CF 20240418.xlsx,std,g,b,VTI,2
62,60,500.631578947368,91,20240418,91-CF 20240418.xlsx,std,g,b,VTI,2
63,0,333.944444444444,91,20240418,91-CF 20240418.xlsx,std,h,a,VTI,5
63,10,466.111111111111,91,20240418,91-CF 20240418.xlsx,std,h,a,VTI,5
63,20,782.461538461538,91,20240418,91-CF 20240418.xlsx,std,h,a,VTI,5
63,30,878.076923076923,91,20240418,91-CF 20240418.xlsx,std,h,a,VTI,5
63,40,817.8,91,20240418,91-CF 20240418.xlsx,std,h,a,VTI,5
63,50,974.153846153846,91,20240418,91-CF 20240418.xlsx,std,h,a,VTI,5
63,60,851.066666666666,91,20240418,91-CF 20240418.xlsx,std,h,a,VTI,5
64,0,272.68,91,20240418,91-CF 20240418.xlsx,std,h,b,VTI,5
64,10,400.5,91,20240418,91-CF 20240418.xlsx,std,h,b,VTI,5
64,20,476.75,91,20240418,91-CF 20240418.xlsx,std,h,b,VTI,5
64,30,506.346153846153,91,20240418,91-CF 20240418.xlsx,std,h,b,VTI,5
64,40,533.629629629629,91,20240418,91-CF 20240418.xlsx,std,h,b,VTI,5
64,50,577.76923076923,91,20240418,91-CF 20240418.xlsx,std,h,b,VTI,5
64,60,602.96,91,20240418,91-CF 20240418.xlsx,std,h,b,VTI,5
73,0,268.608695652173,91,20240418,91-CF 20240418.xlsx,std,h,a,FskOnly,5
73,10,283.727272727272,91,20240418,91-CF 20240418.xlsx,std,h,a,FskOnly,5
73,20,286.571428571428,91,20240418,91-CF 20240418.xlsx,std,h,a,FskOnly,5
73,30,280.571428571428,91,20240418,91-CF 20240418.xlsx,std,h,a,FskOnly,5
73,40,264.136363636363,91,20240418,91-CF 20240418.xlsx,std,h,a,FskOnly,5
73,50,263.5,91,20240418,91-CF 20240418.xlsx,std,h,a,FskOnly,5
73,60,274.761904761904,91,20240418,91-CF 20240418.xlsx,std,h,a,FskOnly,5
74,0,201.578947368421,91,20240418,91-CF 20240418.xlsx,std,h,b,FskOnly,5
74,10,203,91,20240418,91-CF 20240418.xlsx,std,h,b,FskOnly,5
74,20,201.684210526315,91,20240418,91-CF 20240418.xlsx,std,h,b,FskOnly,5
74,30,189.15,91,20240418,91-CF 20240418.xlsx,std,h,b,FskOnly,5
74,40,196.368421052631,91,20240418,91-CF 20240418.xlsx,std,h,b,FskOnly,5
74,50,189.157894736842,91,20240418,91-CF 20240418.xlsx,std,h,b,FskOnly,5
74,60,198.666666666666,91,20240418,91-CF 20240418.xlsx,std,h,b,FskOnly,5
75,0,266.705882352941,91,20240418,91-CF 20240418.xlsx,std,f,a,FskOnly,0.8000000000000002
75,10,267.588235294117,91,20240418,91-CF 20240418.xlsx,std,f,a,FskOnly,0.8000000000000002
75,20,282,91,20240418,91-CF 20240418.xlsx,std,f,a,FskOnly,0.8000000000000002
75,30,280.1875,91,20240418,91-CF 20240418.xlsx,std,f,a,FskOnly,0.8000000000000002
75,40,277.25,91,20240418,91-CF 20240418.xlsx,std,f,a,FskOnly,0.8000000000000002
75,50,275.4375,91,20240418,91-CF 20240418.xlsx,std,f,a,FskOnly,0.8000000000000002
75,60,259.117647058823,91,20240418,91-CF 20240418.xlsx,std,f,a,FskOnly,0.8000000000000002
76,0,360.95,91,20240418,91-CF 20240418.xlsx,std,f,b,FskOnly,0.8000000000000002
76,10,361.25,91,20240418,91-CF 20240418.xlsx,std,f,b,FskOnly,0.8000000000000002
76,20,356.45,91,20240418,91-CF 20240418.xlsx,std,f,b,FskOnly,0.8000000000000002
76,30,337.190476190476,91,20240418,91-CF 20240418.xlsx,std,f,b,FskOnly,0.8000000000000002
76,40,351.95,91,20240418,91-CF 20240418.xlsx,std,f,b,FskOnly,0.8000000000000002
76,50,347.7,91,20240418,91-CF 20240418.xlsx,std,f,b,FskOnly,0.8000000000000002
76,60,358.210526315789,91,20240418,91-CF 20240418.xlsx,std,f,b,FskOnly,0.8000000000000002
77,0,286.8,91,20240418,91-CF 20240418.xlsx,std,d,a,FskOnly,0.12800000000000003
77,10,286.766666666666,91,20240418,91-CF 20240418.xlsx,std,d,a,FskOnly,0.12800000000000003
77,20,286.7,91,20240418,91-CF 20240418.xlsx,std,d,a,FskOnly,0.12800000000000003
77,30,288.066666666666,91,20240418,91-CF 20240418.xlsx,std,d,a,FskOnly,0.12800000000000003
77,40,298.241379310344,91,20240418,91-CF 20240418.xlsx,std,d,a,FskOnly,0.12800000000000003
77,50,299.241379310344,91,20240418,91-CF 20240418.xlsx,std,d,a,FskOnly,0.12800000000000003
77,60,300.482758620689,91,20240418,91-CF 20240418.xlsx,std,d,a,FskOnly,0.12800000000000003
78,0,262.307692307692,91,20240418,91-CF 20240418.xlsx,std,d,b,FskOnly,0.12800000000000003
78,10,244.285714285714,91,20240418,91-CF 20240418.xlsx,std,d,b,FskOnly,0.12800000000000003
78,20,242.642857142857,91,20240418,91-CF 20240418.xlsx,std,d,b,FskOnly,0.12800000000000003
78,30,244.785714285714,91,20240418,91-CF 20240418.xlsx,std,d,b,FskOnly,0.12800000000000003
78,40,246.857142857142,91,20240418,91-CF 20240418.xlsx,std,d,b,FskOnly,0.12800000000000003
78,50,248.785714285714,91,20240418,91-CF 20240418.xlsx,std,d,b,FskOnly,0.12800000000000003
78,60,250.5,91,20240418,91-CF 20240418.xlsx,std,d,b,FskOnly,0.12800000000000003
79,0,246.423076923076,91,20240418,91-CF 20240418.xlsx,std,b,a,FskOnly,0.02048000000000001
79,10,261.08,91,20240418,91-CF 20240418.xlsx,std,b,a,FskOnly,0.02048000000000001
79,20,271,91,20240418,91-CF 20240418.xlsx,std,b,a,FskOnly,0.02048000000000001
79,30,271.307692307692,91,20240418,91-CF 20240418.xlsx,std,b,a,FskOnly,0.02048000000000001
79,40,284.56,91,20240418,91-CF 20240418.xlsx,std,b,a,FskOnly,0.02048000000000001
79,50,299.5,91,20240418,91-CF 20240418.xlsx,std,b,a,FskOnly,0.02048000000000001
79,60,298,91,20240418,91-CF 20240418.xlsx,std,b,a,FskOnly,0.02048000000000001
80,0,202.428571428571,91,20240418,91-CF 20240418.xlsx,std,b,b,FskOnly,0.02048000000000001
80,10,191.565217391304,91,20240418,91-CF 20240418.xlsx,std,b,b,FskOnly,0.02048000000000001
80,20,201.181818181818,91,20240418,91-CF 20240418.xlsx,std,b,b,FskOnly,0.02048000000000001
80,30,203.863636363636,91,20240418,91-CF 20240418.xlsx,std,b,b,FskOnly,0.02048000000000001
80,40,206.090909090909,91,20240418,91-CF 20240418.xlsx,std,b,b,FskOnly,0.02048000000000001
80,50,201.695652173913,91,20240418,91-CF 20240418.xlsx,std,b,b,FskOnly,0.02048000000000001
80,60,202.91304347826,91,20240418,91-CF 20240418.xlsx,std,b,b,FskOnly,0.02048000000000001
33,0,467.03448275862,91,20240530,91-CF 20240530.xlsx,std,a,a,ETI,0.008192000000000003
33,10,458.866666666666,91,20240530,91-CF 20240530.xlsx,std,a,a,ETI,0.008192000000000003
33,20,495.620689655172,91,20240530,91-CF 20240530.xlsx,std,a,a,ETI,0.008192000000000003
33,30,506.9,91,20240530,91-CF 20240530.xlsx,std,a,a,ETI,0.008192000000000003
33,40,523.096774193548,91,20240530,91-CF 20240530.xlsx,std,a,a,ETI,0.008192000000000003
33,50,576.6,91,20240530,91-CF 20240530.xlsx,std,a,a,ETI,0.008192000000000003
33,60,616.533333333333,91,20240530,91-CF 20240530.xlsx,std,a,a,ETI,0.008192000000000003
34,0,350.826086956521,91,20240530,91-CF 20240530.xlsx,std,a,b,ETI,0.008192000000000003
34,10,359.043478260869,91,20240530,91-CF 20240530.xlsx,std,a,b,ETI,0.008192000000000003
34,20,396.681818181818,91,20240530,91-CF 20240530.xlsx,std,a,b,ETI,0.008192000000000003
34,30,421.818181818181,91,20240530,91-CF 20240530.xlsx,std,a,b,ETI,0.008192000000000003
34,40,408.916666666666,91,20240530,91-CF 20240530.xlsx,std,a,b,ETI,0.008192000000000003
34,50,478.40909090909,91,20240530,91-CF 20240530.xlsx,std,a,b,ETI,0.008192000000000003
34,60,493.043478260869,91,20240530,91-CF 20240530.xlsx,std,a,b,ETI,0.008192000000000003
35,0,456.038461538461,91,20240530,91-CF 20240530.xlsx,std,b,a,ETI,0.02048000000000001
35,10,461.192307692307,91,20240530,91-CF 20240530.xlsx,std,b,a,ETI,0.02048000000000001
35,20,470.384615384615,91,20240530,91-CF 20240530.xlsx,std,b,a,ETI,0.02048000000000001
35,30,499.653846153846,91,20240530,91-CF 20240530.xlsx,std,b,a,ETI,0.02048000000000001
35,40,520.555555555555,91,20240530,91-CF 20240530.xlsx,std,b,a,ETI,0.02048000000000001
35,50,601.5,91,20240530,91-CF 20240530.xlsx,std,b,a,ETI,0.02048000000000001
35,60,670.307692307692,91,20240530,91-CF 20240530.xlsx,std,b,a,ETI,0.02048000000000001
36,0,378.130434782608,91,20240530,91-CF 20240530.xlsx,std,b,b,ETI,0.02048000000000001
36,10,391,91,20240530,91-CF 20240530.xlsx,std,b,b,ETI,0.02048000000000001
36,20,396.75,91,20240530,91-CF 20240530.xlsx,std,b,b,ETI,0.02048000000000001
36,30,446.260869565217,91,20240530,91-CF 20240530.xlsx,std,b,b,ETI,0.02048000000000001
36,40,468.375,91,20240530,91-CF 20240530.xlsx,std,b,b,ETI,0.02048000000000001
36,50,484.96,91,20240530,91-CF 20240530.xlsx,std,b,b,ETI,0.02048000000000001
36,60,514.64,91,20240530,91-CF 20240530.xlsx,std,b,b,ETI,0.02048000000000001
37,0,370.217391304347,91,20240530,91-CF 20240530.xlsx,std,c,a,ETI,0.05120000000000001
37,10,363.666666666666,91,20240530,91-CF 20240530.xlsx,std,c,a,ETI,0.05120000000000001
37,20,400.916666666666,91,20240530,91-CF 20240530.xlsx,std,c,a,ETI,0.05120000000000001
37,30,459.125,91,20240530,91-CF 20240530.xlsx,std,c,a,ETI,0.05120000000000001
37,40,465.629629629629,91,20240530,91-CF 20240530.xlsx,std,c,a,ETI,0.05120000000000001
37,50,535.76923076923,91,20240530,91-CF 20240530.xlsx,std,c,a,ETI,0.05120000000000001
37,60,568.037037037037,91,20240530,91-CF 20240530.xlsx,std,c,a,ETI,0.05120000000000001
38,0,324.08,91,20240530,91-CF 20240530.xlsx,std,c,b,ETI,0.05120000000000001
38,10,348.25,91,20240530,91-CF 20240530.xlsx,std,c,b,ETI,0.05120000000000001
38,20,359.538461538461,91,20240530,91-CF 20240530.xlsx,std,c,b,ETI,0.05120000000000001
38,30,403,91,20240530,91-CF 20240530.xlsx,std,c,b,ETI,0.05120000000000001
38,40,489.846153846153,91,20240530,91-CF 20240530.xlsx,std,c,b,ETI,0.05120000000000001
38,50,549.346153846153,91,20240530,91-CF 20240530.xlsx,std,c,b,ETI,0.05120000000000001
38,60,576.923076923076,91,20240530,91-CF 20240530.xlsx,std,c,b,ETI,0.05120000000000001
39,0,416.75,91,20240530,91-CF 20240530.xlsx,std,d,a,ETI,0.12800000000000003
39,10,454.25,91,20240530,91-CF 20240530.xlsx,std,d,a,ETI,0.12800000000000003
39,20,546.904761904761,91,20240530,91-CF 20240530.xlsx,std,d,a,ETI,0.12800000000000003
39,30,635.90909090909,91,20240530,91-CF 20240530.xlsx,std,d,a,ETI,0.12800000000000003
39,40,723.428571428571,91,20240530,91-CF 20240530.xlsx,std,d,a,ETI,0.12800000000000003
39,50,769,91,20240530,91-CF 20240530.xlsx,std,d,a,ETI,0.12800000000000003
39,60,783.714285714285,91,20240530,91-CF 20240530.xlsx,std,d,a,ETI,0.12800000000000003
40,0,365.677419354838,91,20240530,91-CF 20240530.xlsx,std,d,b,ETI,0.12800000000000003
40,10,408.862068965517,91,20240530,91-CF 20240530.xlsx,std,d,b,ETI,0.12800000000000003
40,20,462.967741935483,91,20240530,91-CF 20240530.xlsx,std,d,b,ETI,0.12800000000000003
40,30,572.677419354838,91,20240530,91-CF 20240530.xlsx,std,d,b,ETI,0.12800000000000003
40,40,656.58064516129,91,20240530,91-CF 20240530.xlsx,std,d,b,ETI,0.12800000000000003
40,50,739.633333333333,91,20240530,91-CF 20240530.xlsx,std,d,b,ETI,0.12800000000000003
40,60,720.375,91,20240530,91-CF 20240530.xlsx,std,d,b,ETI,0.12800000000000003
41,0,376.964285714285,91,20240530,91-CF 20240530.xlsx,std,e,a,ETI,0.32000000000000006
41,10,414.142857142857,91,20240530,91-CF 20240530.xlsx,std,e,a,ETI,0.32000000000000006
41,20,540.035714285714,91,20240530,91-CF 20240530.xlsx,std,e,a,ETI,0.32000000000000006
41,30,654.035714285714,91,20240530,91-CF 20240530.xlsx,std,e,a,ETI,0.32000000000000006
41,40,737.821428571428,91,20240530,91-CF 20240530.xlsx,std,e,a,ETI,0.32000000000000006
41,50,787.730769230769,91,20240530,91-CF 20240530.xlsx,std,e,a,ETI,0.32000000000000006
41,60,827.461538461538,91,20240530,91-CF 20240530.xlsx,std,e,a,ETI,0.32000000000000006
42,0,415.625,91,20240530,91-CF 20240530.xlsx,std,e,b,ETI,0.32000000000000006
42,10,472.291666666666,91,20240530,91-CF 20240530.xlsx,std,e,b,ETI,0.32000000000000006
42,20,617.958333333333,91,20240530,91-CF 20240530.xlsx,std,e,b,ETI,0.32000000000000006
42,30,750,91,20240530,91-CF 20240530.xlsx,std,e,b,ETI,0.32000000000000006
42,40,772.76923076923,91,20240530,91-CF 20240530.xlsx,std,e,b,ETI,0.32000000000000006
42,50,822.923076923076,91,20240530,91-CF 20240530.xlsx,std,e,b,ETI,0.32000000000000006
42,60,862.653846153846,91,20240530,91-CF 20240530.xlsx,std,e,b,ETI,0.32000000000000006
43,0,336.666666666666,91,20240530,91-CF 20240530.xlsx,std,f,a,ETI,0.8000000000000002
43,10,409.875,91,20240530,91-CF 20240530.xlsx,std,f,a,ETI,0.8000000000000002
43,20,537.91304347826,91,20240530,91-CF 20240530.xlsx,std,f,a,ETI,0.8000000000000002
43,30,580.4,91,20240530,91-CF 20240530.xlsx,std,f,a,ETI,0.8000000000000002
43,40,673.458333333333,91,20240530,91-CF 20240530.xlsx,std,f,a,ETI,0.8000000000000002
43,50,696.36,91,20240530,91-CF 20240530.xlsx,std,f,a,ETI,0.8000000000000002
43,60,735.52,91,20240530,91-CF 20240530.xlsx,std,f,a,ETI,0.8000000000000002
44,0,413.821428571428,91,20240530,91-CF 20240530.xlsx,std,f,b,ETI,0.8000000000000002
44,10,467.892857142857,91,20240530,91-CF 20240530.xlsx,std,f,b,ETI,0.8000000000000002
44,20,606.142857142857,91,20240530,91-CF 20240530.xlsx,std,f,b,ETI,0.8000000000000002
44,30,749.814814814814,91,20240530,91-CF 20240530.xlsx,std,f,b,ETI,0.8000000000000002
44,40,815.535714285714,91,20240530,91-CF 20240530.xlsx,std,f,b,ETI,0.8000000000000002
44,50,847.620689655172,91,20240530,91-CF 20240530.xlsx,std,f,b,ETI,0.8000000000000002
44,60,893.379310344827,91,20240530,91-CF 20240530.xlsx,std,f,b,ETI,0.8000000000000002
45,0,324,91,20240530,91-CF 20240530.xlsx,std,g,a,ETI,2
45,10,425.947368421052,91,20240530,91-CF 20240530.xlsx,std,g,a,ETI,2
45,20,528.157894736842,91,20240530,91-CF 20240530.xlsx,std,g,a,ETI,2
45,30,609.526315789473,91,20240530,91-CF 20240530.xlsx,std,g,a,ETI,2
45,40,681.631578947368,91,20240530,91-CF 20240530.xlsx,std,g,a,ETI,2
45,50,732.631578947368,91,20240530,91-CF 20240530.xlsx,std,g,a,ETI,2
45,60,760.315789473684,91,20240530,91-CF 20240530.xlsx,std,g,a,ETI,2
46,0,355.5,91,20240530,91-CF 20240530.xlsx,std,g,b,ETI,2
46,10,417.041666666666,91,20240530,91-CF 20240530.xlsx,std,g,b,ETI,2
46,20,521.208333333333,91,20240530,91-CF 20240530.xlsx,std,g,b,ETI,2
46,30,659.181818181818,91,20240530,91-CF 20240530.xlsx,std,g,b,ETI,2
46,40,739.227272727272,91,20240530,91-CF 20240530.xlsx,std,g,b,ETI,2
46,50,836.952380952381,91,20240530,91-CF 20240530.xlsx,std,g,b,ETI,2
46,60,869.666666666666,91,20240530,91-CF 20240530.xlsx,std,g,b,ETI,2
47,0,431.28,91,20240530,91-CF 20240530.xlsx,std,h,a,ETI,5
47,10,585.04,91,20240530,91-CF 20240530.xlsx,std,h,a,ETI,5
47,20,676.576923076923,91,20240530,91-CF 20240530.xlsx,std,h,a,ETI,5
47,30,772.5,91,20240530,91-CF 20240530.xlsx,std,h,a,ETI,5
47,40,811.37037037037,91,20240530,91-CF 20240530.xlsx,std,h,a,ETI,5
47,50,890.038461538461,91,20240530,91-CF 20240530.xlsx,std,h,a,ETI,5
47,60,906.692307692307,91,20240530,91-CF 20240530.xlsx,std,h,a,ETI,5
48,0,334.333333333333,91,20240530,91-CF 20240530.xlsx,std,h,b,ETI,5
48,10,413.384615384615,91,20240530,91-CF 20240530.xlsx,std,h,b,ETI,5
48,20,543.958333333333,91,20240530,91-CF 20240530.xlsx,std,h,b,ETI,5
48,30,625.166666666666,91,20240530,91-CF 20240530.xlsx,std,h,b,ETI,5
48,40,716.478260869565,91,20240530,91-CF 20240530.xlsx,std,h,b,ETI,5
48,50,689.96,91,20240530,91-CF 20240530.xlsx,std,h,b,ETI,5
48,60,678.458333333333,91,20240530,91-CF 20240530.xlsx,std,h,b,ETI,5
49,0,351.057142857142,91,20240530,91-CF 20240530.xlsx,std,a,a,VTI,0.008192000000000003
49,10,366.264705882352,91,20240530,91-CF 20240530.xlsx,std,a,a,VTI,0.008192000000000003
49,20,393.757575757575,91,20240530,91-CF 20240530.xlsx,std,a,a,VTI,0.008192000000000003
49,30,423.454545454545,91,20240530,91-CF 20240530.xlsx,std,a,a,VTI,0.008192000000000003
49,40,435.485714285714,91,20240530,91-CF 20240530.xlsx,std,a,a,VTI,0.008192000000000003
49,50,473.371428571428,91,20240530,91-CF 20240530.xlsx,std,a,a,VTI,0.008192000000000003
49,60,526.588235294117,91,20240530,91-CF 20240530.xlsx,std,a,a,VTI,0.008192000000000003
50,0,329.090909090909,91,20240530,91-CF 20240530.xlsx,std,a,b,VTI,0.008192000000000003
50,10,349.523809523809,91,20240530,91-CF 20240530.xlsx,std,a,b,VTI,0.008192000000000003
50,20,357.545454545454,91,20240530,91-CF 20240530.xlsx,std,a,b,VTI,0.008192000000000003
50,30,376.217391304347,91,20240530,91-CF 20240530.xlsx,std,a,b,VTI,0.008192000000000003
50,40,410.565217391304,91,20240530,91-CF 20240530.xlsx,std,a,b,VTI,0.008192000000000003
50,50,461.863636363636,91,20240530,91-CF 20240530.xlsx,std,a,b,VTI,0.008192000000000003
50,60,477.565217391304,91,20240530,91-CF 20240530.xlsx,std,a,b,VTI,0.008192000000000003
51,0,311.903225806451,91,20240530,91-CF 20240530.xlsx,std,b,a,VTI,0.02048000000000001
51,10,318.290322580645,91,20240530,91-CF 20240530.xlsx,std,b,a,VTI,0.02048000000000001
51,20,341.709677419354,91,20240530,91-CF 20240530.xlsx,std,b,a,VTI,0.02048000000000001
51,30,362.71875,91,20240530,91-CF 20240530.xlsx,std,b,a,VTI,0.02048000000000001
51,40,410.741935483871,91,20240530,91-CF 20240530.xlsx,std,b,a,VTI,0.02048000000000001
51,50,449.129032258064,91,20240530,91-CF 20240530.xlsx,std,b,a,VTI,0.02048000000000001
51,60,502.233333333333,91,20240530,91-CF 20240530.xlsx,std,b,a,VTI,0.02048000000000001
52,0,331.615384615384,91,20240530,91-CF 20240530.xlsx,std,b,b,VTI,0.02048000000000001
52,10,323.285714285714,91,20240530,91-CF 20240530.xlsx,std,b,b,VTI,0.02048000000000001
52,20,340.03448275862,91,20240530,91-CF 20240530.xlsx,std,b,b,VTI,0.02048000000000001
52,30,391.321428571428,91,20240530,91-CF 20240530.xlsx,std,b,b,VTI,0.02048000000000001
52,40,438.714285714285,91,20240530,91-CF 20240530.xlsx,std,b,b,VTI,0.02048000000000001
52,50,467.172413793103,91,20240530,91-CF 20240530.xlsx,std,b,b,VTI,0.02048000000000001
52,60,517.928571428571,91,20240530,91-CF 20240530.xlsx,std,b,b,VTI,0.02048000000000001
53,0,351.666666666666,91,20240530,91-CF 20240530.xlsx,std,c,a,VTI,0.05120000000000001
53,10,380.882352941176,91,20240530,91-CF 20240530.xlsx,std,c,a,VTI,0.05120000000000001
53,20,434.35294117647,91,20240530,91-CF 20240530.xlsx,std,c,a,VTI,0.05120000000000001
53,30,526.647058823529,91,20240530,91-CF 20240530.xlsx,std,c,a,VTI,0.05120000000000001
53,40,617.058823529411,91,20240530,91-CF 20240530.xlsx,std,c,a,VTI,0.05120000000000001
53,50,738.4375,91,20240530,91-CF 20240530.xlsx,std,c,a,VTI,0.05120000000000001
53,60,787.0625,91,20240530,91-CF 20240530.xlsx,std,c,a,VTI,0.05120000000000001
54,0,352.742857142857,91,20240530,91-CF 20240530.xlsx,std,c,b,VTI,0.05120000000000001
54,10,366.142857142857,91,20240530,91-CF 20240530.xlsx,std,c,b,VTI,0.05120000000000001
54,20,454.90625,91,20240530,91-CF 20240530.xlsx,std,c,b,VTI,0.05120000000000001
54,30,511.382352941176,91,20240530,91-CF 20240530.xlsx,std,c,b,VTI,0.05120000000000001
54,40,597.617647058823,91,20240530,91-CF 20240530.xlsx,std,c,b,VTI,0.05120000000000001
54,50,636.057142857142,91,20240530,91-CF 20240530.xlsx,std,c,b,VTI,0.05120000000000001
54,60,686.969696969697,91,20240530,91-CF 20240530.xlsx,std,c,b,VTI,0.05120000000000001
55,0,354.227272727272,91,20240530,91-CF 20240530.xlsx,std,d,a,VTI,0.12800000000000003
55,10,358.590909090909,91,20240530,91-CF 20240530.xlsx,std,d,a,VTI,0.12800000000000003
55,20,424.772727272727,91,20240530,91-CF 20240530.xlsx,std,d,a,VTI,0.12800000000000003
55,30,505.347826086956,91,20240530,91-CF 20240530.xlsx,std,d,a,VTI,0.12800000000000003
55,40,618.545454545454,91,20240530,91-CF 20240530.xlsx,std,d,a,VTI,0.12800000000000003
55,50,644.130434782608,91,20240530,91-CF 20240530.xlsx,std,d,a,VTI,0.12800000000000003
55,60,671.565217391304,91,20240530,91-CF 20240530.xlsx,std,d,a,VTI,0.12800000000000003
56,0,341.068965517241,91,20240530,91-CF 20240530.xlsx,std,d,b,VTI,0.12800000000000003
56,10,342.866666666666,91,20240530,91-CF 20240530.xlsx,std,d,b,VTI,0.12800000000000003
56,20,456.285714285714,91,20240530,91-CF 20240530.xlsx,std,d,b,VTI,0.12800000000000003
56,30,530.033333333333,91,20240530,91-CF 20240530.xlsx,std,d,b,VTI,0.12800000000000003
56,40,602.966666666666,91,20240530,91-CF 20240530.xlsx,std,d,b,VTI,0.12800000000000003
56,50,653.066666666666,91,20240530,91-CF 20240530.xlsx,std,d,b,VTI,0.12800000000000003
56,60,689.758620689655,91,20240530,91-CF 20240530.xlsx,std,d,b,VTI,0.12800000000000003
57,0,391,91,20240530,91-CF 20240530.xlsx,std,e,a,VTI,0.32000000000000006
57,10,431.354838709677,91,20240530,91-CF 20240530.xlsx,std,e,a,VTI,0.32000000000000006
57,20,535.1875,91,20240530,91-CF 20240530.xlsx,std,e,a,VTI,0.32000000000000006
57,30,631.363636363636,91,20240530,91-CF 20240530.xlsx,std,e,a,VTI,0.32000000000000006
57,40,735.28125,91,20240530,91-CF 20240530.xlsx,std,e,a,VTI,0.32000000000000006
57,50,798.5625,91,20240530,91-CF 20240530.xlsx,std,e,a,VTI,0.32000000000000006
57,60,826.5,91,20240530,91-CF 20240530.xlsx,std,e,a,VTI,0.32000000000000006
58,0,353.818181818181,91,20240530,91-CF 20240530.xlsx,std,e,b,VTI,0.32000000000000006
58,10,425.5,91,20240530,91-CF 20240530.xlsx,std,e,b,VTI,0.32000000000000006
58,20,557.136363636363,91,20240530,91-CF 20240530.xlsx,std,e,b,VTI,0.32000000000000006
58,30,685,91,20240530,91-CF 20240530.xlsx,std,e,b,VTI,0.32000000000000006
58,40,726.272727272727,91,20240530,91-CF 20240530.xlsx,std,e,b,VTI,0.32000000000000006
58,50,818.095238095238,91,20240530,91-CF 20240530.xlsx,std,e,b,VTI,0.32000000000000006
58,60,805.545454545454,91,20240530,91-CF 20240530.xlsx,std,e,b,VTI,0.32000000000000006
59,0,388.176470588235,91,20240530,91-CF 20240530.xlsx,std,f,a,VTI,0.8000000000000002
59,10,474.142857142857,91,20240530,91-CF 20240530.xlsx,std,f,a,VTI,0.8000000000000002
59,20,670.65625,91,20240530,91-CF 20240530.xlsx,std,f,a,VTI,0.8000000000000002
59,30,776.375,91,20240530,91-CF 20240530.xlsx,std,f,a,VTI,0.8000000000000002
59,40,914.433333333333,91,20240530,91-CF 20240530.xlsx,std,f,a,VTI,0.8000000000000002
59,50,1032.42857142857,91,20240530,91-CF 20240530.xlsx,std,f,a,VTI,0.8000000000000002
59,60,1015.86206896551,91,20240530,91-CF 20240530.xlsx,std,f,a,VTI,0.8000000000000002
60,0,352.125,91,20240530,91-CF 20240530.xlsx,std,f,b,VTI,0.8000000000000002
60,10,419,91,20240530,91-CF 20240530.xlsx,std,f,b,VTI,0.8000000000000002
60,20,458,91,20240530,91-CF 20240530.xlsx,std,f,b,VTI,0.8000000000000002
60,30,550.157894736842,91,20240530,91-CF 20240530.xlsx,std,f,b,VTI,0.8000000000000002
60,40,613.78947368421,91,20240530,91-CF 20240530.xlsx,std,f,b,VTI,0.8000000000000002
60,50,642.052631578947,91,20240530,91-CF 20240530.xlsx,std,f,b,VTI,0.8000000000000002
60,60,628,91,20240530,91-CF 20240530.xlsx,std,f,b,VTI,0.8000000000000002
61,0,403.652173913043,91,20240530,91-CF 20240530.xlsx,std,g,a,VTI,2
61,10,559,91,20240530,91-CF 20240530.xlsx,std,g,a,VTI,2
61,20,655.043478260869,91,20240530,91-CF 20240530.xlsx,std,g,a,VTI,2
61,30,781.954545454545,91,20240530,91-CF 20240530.xlsx,std,g,a,VTI,2
61,40,855,91,20240530,91-CF 20240530.xlsx,std,g,a,VTI,2
61,50,861.695652173913,91,20240530,91-CF 20240530.xlsx,std,g,a,VTI,2
61,60,878.521739130434,91,20240530,91-CF 20240530.xlsx,std,g,a,VTI,2
62,0,359.742857142857,91,20240530,91-CF 20240530.xlsx,std,g,b,VTI,2
62,10,473.729729729729,91,20240530,91-CF 20240530.xlsx,std,g,b,VTI,2
62,20,622.444444444444,91,20240530,91-CF 20240530.xlsx,std,g,b,VTI,2
62,30,730.8,91,20240530,91-CF 20240530.xlsx,std,g,b,VTI,2
62,40,807.771428571428,91,20240530,91-CF 20240530.xlsx,std,g,b,VTI,2
62,50,804.611111111111,91,20240530,91-CF 20240530.xlsx,std,g,b,VTI,2
62,60,770.342105263157,91,20240530,91-CF 20240530.xlsx,std,g,b,VTI,2
63,0,416.225,91,20240530,91-CF 20240530.xlsx,std,h,a,VTI,5
63,10,523.395348837209,91,20240530,91-CF 20240530.xlsx,std,h,a,VTI,5
63,20,658.071428571428,91,20240530,91-CF 20240530.xlsx,std,h,a,VTI,5
63,30,738.255813953488,91,20240530,91-CF 20240530.xlsx,std,h,a,VTI,5
63,40,796.465116279069,91,20240530,91-CF 20240530.xlsx,std,h,a,VTI,5
63,50,777.818181818181,91,20240530,91-CF 20240530.xlsx,std,h,a,VTI,5
63,60,775.340909090909,91,20240530,91-CF 20240530.xlsx,std,h,a,VTI,5
64,0,299.611111111111,91,20240530,91-CF 20240530.xlsx,std,h,b,VTI,5
64,10,390.315789473684,91,20240530,91-CF 20240530.xlsx,std,h,b,VTI,5
64,20,477.473684210526,91,20240530,91-CF 20240530.xlsx,std,h,b,VTI,5
64,30,523.95,91,20240530,91-CF 20240530.xlsx,std,h,b,VTI,5
64,40,572.85,91,20240530,91-CF 20240530.xlsx,std,h,b,VTI,5
64,50,598.8,91,20240530,91-CF 20240530.xlsx,std,h,b,VTI,5
64,60,635.578947368421,91,20240530,91-CF 20240530.xlsx,std,h,b,VTI,5
73,0,362.26923076923,91,20240530,91-CF 20240530.xlsx,std,h,a,FskOnly,5
73,10,379.44,91,20240530,91-CF 20240530.xlsx,std,h,a,FskOnly,5
73,20,365.384615384615,91,20240530,91-CF 20240530.xlsx,std,h,a,FskOnly,5
73,30,360.576923076923,91,20240530,91-CF 20240530.xlsx,std,h,a,FskOnly,5
73,40,356.884615384615,91,20240530,91-CF 20240530.xlsx,std,h,a,FskOnly,5
73,50,357.230769230769,91,20240530,91-CF 20240530.xlsx,std,h,a,FskOnly,5
73,60,371.8,91,20240530,91-CF 20240530.xlsx,std,h,a,FskOnly,5
74,0,439.294117647058,91,20240530,91-CF 20240530.xlsx,std,h,b,FskOnly,5
74,10,417.722222222222,91,20240530,91-CF 20240530.xlsx,std,h,b,FskOnly,5
74,20,417.277777777777,91,20240530,91-CF 20240530.xlsx,std,h,b,FskOnly,5
74,30,413.944444444444,91,20240530,91-CF 20240530.xlsx,std,h,b,FskOnly,5
74,40,424.111111111111,91,20240530,91-CF 20240530.xlsx,std,h,b,FskOnly,5
74,50,435.705882352941,91,20240530,91-CF 20240530.xlsx,std,h,b,FskOnly,5
74,60,426,91,20240530,91-CF 20240530.xlsx,std,h,b,FskOnly,5
75,0,357,91,20240530,91-CF 20240530.xlsx,std,f,a,FskOnly,0.8000000000000002
75,10,368.607142857142,91,20240530,91-CF 20240530.xlsx,std,f,a,FskOnly,0.8000000000000002
75,20,380.37037037037,91,20240530,91-CF 20240530.xlsx,std,f,a,FskOnly,0.8000000000000002
75,30,367.392857142857,91,20240530,91-CF 20240530.xlsx,std,f,a,FskOnly,0.8000000000000002
75,40,367.571428571428,91,20240530,91-CF 20240530.xlsx,std,f,a,FskOnly,0.8000000000000002
75,50,382.777777777777,91,20240530,91-CF 20240530.xlsx,std,f,a,FskOnly,0.8000000000000002
75,60,383.962962962963,91,20240530,91-CF 20240530.xlsx,std,f,a,FskOnly,0.8000000000000002
76,0,334.75,91,20240530,91-CF 20240530.xlsx,std,f,b,FskOnly,0.8000000000000002
76,10,335.15,91,20240530,91-CF 20240530.xlsx,std,f,b,FskOnly,0.8000000000000002
76,20,334.9,91,20240530,91-CF 20240530.xlsx,std,f,b,FskOnly,0.8000000000000002
76,30,335.3,91,20240530,91-CF 20240530.xlsx,std,f,b,FskOnly,0.8000000000000002
76,40,335.25,91,20240530,91-CF 20240530.xlsx,std,f,b,FskOnly,0.8000000000000002
76,50,335.35,91,20240530,91-CF 20240530.xlsx,std,f,b,FskOnly,0.8000000000000002
76,60,336.55,91,20240530,91-CF 20240530.xlsx,std,f,b,FskOnly,0.8000000000000002
77,0,371.173913043478,91,20240530,91-CF 20240530.xlsx,std,d,a,FskOnly,0.12800000000000003
77,10,411.380952380952,91,20240530,91-CF 20240530.xlsx,std,d,a,FskOnly,0.12800000000000003
77,20,382.521739130434,91,20240530,91-CF 20240530.xlsx,std,d,a,FskOnly,0.12800000000000003
77,30,405.363636363636,91,20240530,91-CF 20240530.xlsx,std,d,a,FskOnly,0.12800000000000003
77,40,413.40909090909,91,20240530,91-CF 20240530.xlsx,std,d,a,FskOnly,0.12800000000000003
77,50,441,91,20240530,91-CF 20240530.xlsx,std,d,a,FskOnly,0.12800000000000003
77,60,427.863636363636,91,20240530,91-CF 20240530.xlsx,std,d,a,FskOnly,0.12800000000000003
78,0,393.954545454545,91,20240530,91-CF 20240530.xlsx,std,d,b,FskOnly,0.12800000000000003
78,10,377.173913043478,91,20240530,91-CF 20240530.xlsx,std,d,b,FskOnly,0.12800000000000003
78,20,399.363636363636,91,20240530,91-CF 20240530.xlsx,std,d,b,FskOnly,0.12800000000000003
78,30,402.636363636363,91,20240530,91-CF 20240530.xlsx,std,d,b,FskOnly,0.12800000000000003
78,40,405.681818181818,91,20240530,91-CF 20240530.xlsx,std,d,b,FskOnly,0.12800000000000003
78,50,411.318181818181,91,20240530,91-CF 20240530.xlsx,std,d,b,FskOnly,0.12800000000000003
78,60,417.136363636363,91,20240530,91-CF 20240530.xlsx,std,d,b,FskOnly,0.12800000000000003
79,0,329.36,91,20240530,91-CF 20240530.xlsx,std,b,a,FskOnly,0.02048000000000001
79,10,333.44,91,20240530,91-CF 20240530.xlsx,std,b,a,FskOnly,0.02048000000000001
79,20,359.458333333333,91,20240530,91-CF 20240530.xlsx,std,b,a,FskOnly,0.02048000000000001
79,30,353.32,91,20240530,91-CF 20240530.xlsx,std,b,a,FskOnly,0.02048000000000001
79,40,357.92,91,20240530,91-CF 20240530.xlsx,std,b,a,FskOnly,0.02048000000000001
79,50,376.25,91,20240530,91-CF 20240530.xlsx,std,b,a,FskOnly,0.02048000000000001
79,60,364.4,91,20240530,91-CF 20240530.xlsx,std,b,a,FskOnly,0.02048000000000001
80,0,323.74074074074,91,20240530,91-CF 20240530.xlsx,std,b,b,FskOnly,0.02048000000000001
80,10,330.481481481481,91,20240530,91-CF 20240530.xlsx,std,b,b,FskOnly,0.02048000000000001
80,20,336.148148148148,91,20240530,91-CF 20240530.xlsx,std,b,b,FskOnly,0.02048000000000001
80,30,332.214285714285,91,20240530,91-CF 20240530.xlsx,std,b,b,FskOnly,0.02048000000000001
80,40,326.724137931034,91,20240530,91-CF 20240530.xlsx,std,b,b,FskOnly,0.02048000000000001
80,50,329.551724137931,91,20240530,91-CF 20240530.xlsx,std,b,b,FskOnly,0.02048000000000001
80,60,334,91,20240530,91-CF 20240530.xlsx,std,b,b,FskOnly,0.02048000000000001
33,0,313.272727272727,94,20240517,94-CF 20240517.xlsx,std,a,a,ETI,0.008192000000000003
33,10,326.818181818181,94,20240517,94-CF 20240517.xlsx,std,a,a,ETI,0.008192000000000003
33,20,354.636363636363,94,20240517,94-CF 20240517.xlsx,std,a,a,ETI,0.008192000000000003
33,30,383.727272727272,94,20240517,94-CF 20240517.xlsx,std,a,a,ETI,0.008192000000000003
33,40,415.090909090909,94,20240517,94-CF 20240517.xlsx,std,a,a,ETI,0.008192000000000003
33,50,450.90909090909,94,20240517,94-CF 20240517.xlsx,std,a,a,ETI,0.008192000000000003
33,60,484.90909090909,94,20240517,94-CF 20240517.xlsx,std,a,a,ETI,0.008192000000000003
34,0,382.214285714285,94,20240517,94-CF 20240517.xlsx,std,a,b,ETI,0.008192000000000003
34,10,387,94,20240517,94-CF 20240517.xlsx,std,a,b,ETI,0.008192000000000003
34,20,405.857142857142,94,20240517,94-CF 20240517.xlsx,std,a,b,ETI,0.008192000000000003
34,30,438.428571428571,94,20240517,94-CF 20240517.xlsx,std,a,b,ETI,0.008192000000000003
34,40,486.071428571428,94,20240517,94-CF 20240517.xlsx,std,a,b,ETI,0.008192000000000003
34,50,538,94,20240517,94-CF 20240517.xlsx,std,a,b,ETI,0.008192000000000003
34,60,550.733333333333,94,20240517,94-CF 20240517.xlsx,std,a,b,ETI,0.008192000000000003
35,0,352.421052631578,94,20240517,94-CF 20240517.xlsx,std,b,a,ETI,0.02048000000000001
35,10,356.526315789473,94,20240517,94-CF 20240517.xlsx,std,b,a,ETI,0.02048000000000001
35,20,372.842105263157,94,20240517,94-CF 20240517.xlsx,std,b,a,ETI,0.02048000000000001
35,30,410.157894736842,94,20240517,94-CF 20240517.xlsx,std,b,a,ETI,0.02048000000000001
35,40,448.4,94,20240517,94-CF 20240517.xlsx,std,b,a,ETI,0.02048000000000001
35,50,506.35,94,20240517,94-CF 20240517.xlsx,std,b,a,ETI,0.02048000000000001
35,60,512.272727272727,94,20240517,94-CF 20240517.xlsx,std,b,a,ETI,0.02048000000000001
36,0,352.785714285714,94,20240517,94-CF 20240517.xlsx,std,b,b,ETI,0.02048000000000001
36,10,368.851851851851,94,20240517,94-CF 20240517.xlsx,std,b,b,ETI,0.02048000000000001
36,20,367.178571428571,94,20240517,94-CF 20240517.xlsx,std,b,b,ETI,0.02048000000000001
36,30,393.896551724137,94,20240517,94-CF 20240517.xlsx,std,b,b,ETI,0.02048000000000001
36,40,470.071428571428,94,20240517,94-CF 20240517.xlsx,std,b,b,ETI,0.02048000000000001
36,50,534.678571428571,94,20240517,94-CF 20240517.xlsx,std,b,b,ETI,0.02048000000000001
36,60,601,94,20240517,94-CF 20240517.xlsx,std,b,b,ETI,0.02048000000000001
37,0,317.206896551724,94,20240517,94-CF 20240517.xlsx,std,c,a,ETI,0.05120000000000001
37,10,315.266666666666,94,20240517,94-CF 20240517.xlsx,std,c,a,ETI,0.05120000000000001
37,20,346.322580645161,94,20240517,94-CF 20240517.xlsx,std,c,a,ETI,0.05120000000000001
37,30,421.516129032258,94,20240517,94-CF 20240517.xlsx,std,c,a,ETI,0.05120000000000001
37,40,494.677419354838,94,20240517,94-CF 20240517.xlsx,std,c,a,ETI,0.05120000000000001
37,50,541.451612903225,94,20240517,94-CF 20240517.xlsx,std,c,a,ETI,0.05120000000000001
37,60,563.064516129032,94,20240517,94-CF 20240517.xlsx,std,c,a,ETI,0.05120000000000001
38,0,365.1875,94,20240517,94-CF 20240517.xlsx,std,c,b,ETI,0.05120000000000001
38,10,401.066666666666,94,20240517,94-CF 20240517.xlsx,std,c,b,ETI,0.05120000000000001
38,20,441.266666666666,94,20240517,94-CF 20240517.xlsx,std,c,b,ETI,0.05120000000000001
38,30,497.375,94,20240517,94-CF 20240517.xlsx,std,c,b,ETI,0.05120000000000001
38,40,553.647058823529,94,20240517,94-CF 20240517.xlsx,std,c,b,ETI,0.05120000000000001
38,50,585.611111111111,94,20240517,94-CF 20240517.xlsx,std,c,b,ETI,0.05120000000000001
38,60,576,94,20240517,94-CF 20240517.xlsx,std,c,b,ETI,0.05120000000000001
39,0,320.526315789473,94,20240517,94-CF 20240517.xlsx,std,d,a,ETI,0.12800000000000003
39,10,328.894736842105,94,20240517,94-CF 20240517.xlsx,std,d,a,ETI,0.12800000000000003
39,20,380.78947368421,94,20240517,94-CF 20240517.xlsx,std,d,a,ETI,0.12800000000000003
39,30,430.2,94,20240517,94-CF 20240517.xlsx,std,d,a,ETI,0.12800000000000003
39,40,465.761904761904,94,20240517,94-CF 20240517.xlsx,std,d,a,ETI,0.12800000000000003
39,50,539.35,94,20240517,94-CF 20240517.xlsx,std,d,a,ETI,0.12800000000000003
39,60,571.35,94,20240517,94-CF 20240517.xlsx,std,d,a,ETI,0.12800000000000003
40,0,332.428571428571,94,20240517,94-CF 20240517.xlsx,std,d,b,ETI,0.12800000000000003
40,10,377.75,94,20240517,94-CF 20240517.xlsx,std,d,b,ETI,0.12800000000000003
40,20,452.047619047619,94,20240517,94-CF 20240517.xlsx,std,d,b,ETI,0.12800000000000003
40,30,515.727272727272,94,20240517,94-CF 20240517.xlsx,std,d,b,ETI,0.12800000000000003
40,40,578.681818181818,94,20240517,94-CF 20240517.xlsx,std,d,b,ETI,0.12800000000000003
40,50,591.826086956521,94,20240517,94-CF 20240517.xlsx,std,d,b,ETI,0.12800000000000003
40,60,665.285714285714,94,20240517,94-CF 20240517.xlsx,std,d,b,ETI,0.12800000000000003
41,0,375.379310344827,94,20240517,94-CF 20240517.xlsx,std,e,a,ETI,0.32000000000000006
41,10,414.241379310344,94,20240517,94-CF 20240517.xlsx,std,e,a,ETI,0.32000000000000006
41,20,509.833333333333,94,20240517,94-CF 20240517.xlsx,std,e,a,ETI,0.32000000000000006
41,30,623.827586206896,94,20240517,94-CF 20240517.xlsx,std,e,a,ETI,0.32000000000000006
41,40,663.419354838709,94,20240517,94-CF 20240517.xlsx,std,e,a,ETI,0.32000000000000006
41,50,699.75,94,20240517,94-CF 20240517.xlsx,std,e,a,ETI,0.32000000000000006
41,60,724.84375,94,20240517,94-CF 20240517.xlsx,std,e,a,ETI,0.32000000000000006
42,0,380.043478260869,94,20240517,94-CF 20240517.xlsx,std,e,b,ETI,0.32000000000000006
42,10,432.565217391304,94,20240517,94-CF 20240517.xlsx,std,e,b,ETI,0.32000000000000006
42,20,534.666666666666,94,20240517,94-CF 20240517.xlsx,std,e,b,ETI,0.32000000000000006
42,30,632.833333333333,94,20240517,94-CF 20240517.xlsx,std,e,b,ETI,0.32000000000000006
42,40,780.545454545454,94,20240517,94-CF 20240517.xlsx,std,e,b,ETI,0.32000000000000006
42,50,811.130434782608,94,20240517,94-CF 20240517.xlsx,std,e,b,ETI,0.32000000000000006
42,60,767,94,20240517,94-CF 20240517.xlsx,std,e,b,ETI,0.32000000000000006
43,0,274,94,20240517,94-CF 20240517.xlsx,std,f,a,ETI,0.8000000000000002
43,10,330.863636363636,94,20240517,94-CF 20240517.xlsx,std,f,a,ETI,0.8000000000000002
43,20,436.142857142857,94,20240517,94-CF 20240517.xlsx,std,f,a,ETI,0.8000000000000002
43,30,501.714285714285,94,20240517,94-CF 20240517.xlsx,std,f,a,ETI,0.8000000000000002
43,40,560.095238095238,94,20240517,94-CF 20240517.xlsx,std,f,a,ETI,0.8000000000000002
43,50,602.333333333333,94,20240517,94-CF 20240517.xlsx,std,f,a,ETI,0.8000000000000002
43,60,630.095238095238,94,20240517,94-CF 20240517.xlsx,std,f,a,ETI,0.8000000000000002
44,0,318.666666666666,94,20240517,94-CF 20240517.xlsx,std,f,b,ETI,0.8000000000000002
44,10,418.166666666666,94,20240517,94-CF 20240517.xlsx,std,f,b,ETI,0.8000000000000002
44,20,449.714285714285,94,20240517,94-CF 20240517.xlsx,std,f,b,ETI,0.8000000000000002
44,30,555.76923076923,94,20240517,94-CF 20240517.xlsx,std,f,b,ETI,0.8000000000000002
44,40,610.307692307692,94,20240517,94-CF 20240517.xlsx,std,f,b,ETI,0.8000000000000002
44,50,653.461538461538,94,20240517,94-CF 20240517.xlsx,std,f,b,ETI,0.8000000000000002
44,60,622.357142857142,94,20240517,94-CF 20240517.xlsx,std,f,b,ETI,0.8000000000000002
45,0,362.35294117647,94,20240517,94-CF 20240517.xlsx,std,g,a,ETI,2
45,10,438.736842105263,94,20240517,94-CF 20240517.xlsx,std,g,a,ETI,2
45,20,513,94,20240517,94-CF 20240517.xlsx,std,g,a,ETI,2
45,30,651.666666666666,94,20240517,94-CF 20240517.xlsx,std,g,a,ETI,2
45,40,688.578947368421,94,20240517,94-CF 20240517.xlsx,std,g,a,ETI,2
45,50,777.111111111111,94,20240517,94-CF 20240517.xlsx,std,g,a,ETI,2
45,60,813,94,20240517,94-CF 20240517.xlsx,std,g,a,ETI,2
46,0,367.230769230769,94,20240517,94-CF 20240517.xlsx,std,g,b,ETI,2
46,10,479.461538461538,94,20240517,94-CF 20240517.xlsx,std,g,b,ETI,2
46,20,589.461538461538,94,20240517,94-CF 20240517.xlsx,std,g,b,ETI,2
46,30,671.538461538461,94,20240517,94-CF 20240517.xlsx,std,g,b,ETI,2
46,40,742.153846153846,94,20240517,94-CF 20240517.xlsx,std,g,b,ETI,2
46,50,788.692307692307,94,20240517,94-CF 20240517.xlsx,std,g,b,ETI,2
46,60,773.714285714285,94,20240517,94-CF 20240517.xlsx,std,g,b,ETI,2
47,0,308.777777777777,94,20240517,94-CF 20240517.xlsx,std,h,a,ETI,5
47,10,387.473684210526,94,20240517,94-CF 20240517.xlsx,std,h,a,ETI,5
47,20,486.105263157894,94,20240517,94-CF 20240517.xlsx,std,h,a,ETI,5
47,30,560.684210526315,94,20240517,94-CF 20240517.xlsx,std,h,a,ETI,5
47,40,618.157894736842,94,20240517,94-CF 20240517.xlsx,std,h,a,ETI,5
47,50,623.4,94,20240517,94-CF 20240517.xlsx,std,h,a,ETI,5
47,60,679.78947368421,94,20240517,94-CF 20240517.xlsx,std,h,a,ETI,5
48,0,277.4,94,20240517,94-CF 20240517.xlsx,std,h,b,ETI,5
48,10,381.1,94,20240517,94-CF 20240517.xlsx,std,h,b,ETI,5
48,20,459.75,94,20240517,94-CF 20240517.xlsx,std,h,b,ETI,5
48,30,526,94,20240517,94-CF 20240517.xlsx,std,h,b,ETI,5
48,40,583.6,94,20240517,94-CF 20240517.xlsx,std,h,b,ETI,5
48,50,628.55,94,20240517,94-CF 20240517.xlsx,std,h,b,ETI,5
48,60,607.190476190476,94,20240517,94-CF 20240517.xlsx,std,h,b,ETI,5
49,0,375.05,94,20240517,94-CF 20240517.xlsx,std,a,a,VTI,0.008192000000000003
49,10,383.85,94,20240517,94-CF 20240517.xlsx,std,a,a,VTI,0.008192000000000003
49,20,412.95,94,20240517,94-CF 20240517.xlsx,std,a,a,VTI,0.008192000000000003
49,30,452.7,94,20240517,94-CF 20240517.xlsx,std,a,a,VTI,0.008192000000000003
49,40,451.181818181818,94,20240517,94-CF 20240517.xlsx,std,a,a,VTI,0.008192000000000003
49,50,493.136363636363,94,20240517,94-CF 20240517.xlsx,std,a,a,VTI,0.008192000000000003
49,60,505.608695652173,94,20240517,94-CF 20240517.xlsx,std,a,a,VTI,0.008192000000000003
50,0,385,94,20240517,94-CF 20240517.xlsx,std,a,b,VTI,0.008192000000000003
50,10,402.307692307692,94,20240517,94-CF 20240517.xlsx,std,a,b,VTI,0.008192000000000003
50,20,431.076923076923,94,20240517,94-CF 20240517.xlsx,std,a,b,VTI,0.008192000000000003
50,30,448,94,20240517,94-CF 20240517.xlsx,std,a,b,VTI,0.008192000000000003
50,40,502.142857142857,94,20240517,94-CF 20240517.xlsx,std,a,b,VTI,0.008192000000000003
50,50,527.066666666666,94,20240517,94-CF 20240517.xlsx,std,a,b,VTI,0.008192000000000003
50,60,605,94,20240517,94-CF 20240517.xlsx,std,a,b,VTI,0.008192000000000003
51,0,303.642857142857,94,20240517,94-CF 20240517.xlsx,std,b,a,VTI,0.02048000000000001
51,10,342,94,20240517,94-CF 20240517.xlsx,std,b,a,VTI,0.02048000000000001
51,20,351,94,20240517,94-CF 20240517.xlsx,std,b,a,VTI,0.02048000000000001
51,30,417.133333333333,94,20240517,94-CF 20240517.xlsx,std,b,a,VTI,0.02048000000000001
51,40,455.5625,94,20240517,94-CF 20240517.xlsx,std,b,a,VTI,0.02048000000000001
51,50,494.875,94,20240517,94-CF 20240517.xlsx,std,b,a,VTI,0.02048000000000001
51,60,507.375,94,20240517,94-CF 20240517.xlsx,std,b,a,VTI,0.02048000000000001
52,0,313.095238095238,94,20240517,94-CF 20240517.xlsx,std,b,b,VTI,0.02048000000000001
52,10,318.571428571428,94,20240517,94-CF 20240517.xlsx,std,b,b,VTI,0.02048000000000001
52,20,331.818181818181,94,20240517,94-CF 20240517.xlsx,std,b,b,VTI,0.02048000000000001
52,30,387.5,94,20240517,94-CF 20240517.xlsx,std,b,b,VTI,0.02048000000000001
52,40,476.714285714285,94,20240517,94-CF 20240517.xlsx,std,b,b,VTI,0.02048000000000001
52,50,530.380952380952,94,20240517,94-CF 20240517.xlsx,std,b,b,VTI,0.02048000000000001
52,60,573.25,94,20240517,94-CF 20240517.xlsx,std,b,b,VTI,0.02048000000000001
53,0,342.521739130434,94,20240517,94-CF 20240517.xlsx,std,c,a,VTI,0.05120000000000001
53,10,353.608695652173,94,20240517,94-CF 20240517.xlsx,std,c,a,VTI,0.05120000000000001
53,20,407.260869565217,94,20240517,94-CF 20240517.xlsx,std,c,a,VTI,0.05120000000000001
53,30,491.304347826086,94,20240517,94-CF 20240517.xlsx,std,c,a,VTI,0.05120000000000001
53,40,567.95652173913,94,20240517,94-CF 20240517.xlsx,std,c,a,VTI,0.05120000000000001
53,50,573.76,94,20240517,94-CF 20240517.xlsx,std,c,a,VTI,0.05120000000000001
53,60,618.416666666666,94,20240517,94-CF 20240517.xlsx,std,c,a,VTI,0.05120000000000001
54,0,333.052631578947,94,20240517,94-CF 20240517.xlsx,std,c,b,VTI,0.05120000000000001
54,10,351.157894736842,94,20240517,94-CF 20240517.xlsx,std,c,b,VTI,0.05120000000000001
54,20,431.166666666666,94,20240517,94-CF 20240517.xlsx,std,c,b,VTI,0.05120000000000001
54,30,507.631578947368,94,20240517,94-CF 20240517.xlsx,std,c,b,VTI,0.05120000000000001
54,40,607.555555555555,94,20240517,94-CF 20240517.xlsx,std,c,b,VTI,0.05120000000000001
54,50,675.705882352941,94,20240517,94-CF 20240517.xlsx,std,c,b,VTI,0.05120000000000001
54,60,690.411764705882,94,20240517,94-CF 20240517.xlsx,std,c,b,VTI,0.05120000000000001
55,0,342.266666666666,94,20240517,94-CF 20240517.xlsx,std,d,a,VTI,0.12800000000000003
55,10,357.866666666666,94,20240517,94-CF 20240517.xlsx,std,d,a,VTI,0.12800000000000003
55,20,453.8,94,20240517,94-CF 20240517.xlsx,std,d,a,VTI,0.12800000000000003
55,30,529.75,94,20240517,94-CF 20240517.xlsx,std,d,a,VTI,0.12800000000000003
55,40,569.588235294117,94,20240517,94-CF 20240517.xlsx,std,d,a,VTI,0.12800000000000003
55,50,581.5,94,20240517,94-CF 20240517.xlsx,std,d,a,VTI,0.12800000000000003
55,60,631.176470588235,94,20240517,94-CF 20240517.xlsx,std,d,a,VTI,0.12800000000000003
56,0,375.470588235294,94,20240517,94-CF 20240517.xlsx,std,d,b,VTI,0.12800000000000003
56,10,401.117647058823,94,20240517,94-CF 20240517.xlsx,std,d,b,VTI,0.12800000000000003
56,20,472.5,94,20240517,94-CF 20240517.xlsx,std,d,b,VTI,0.12800000000000003
56,30,572.833333333333,94,20240517,94-CF 20240517.xlsx,std,d,b,VTI,0.12800000000000003
56,40,655.166666666666,94,20240517,94-CF 20240517.xlsx,std,d,b,VTI,0.12800000000000003
56,50,719.333333333333,94,20240517,94-CF 20240517.xlsx,std,d,b,VTI,0.12800000000000003
56,60,755.777777777777,94,20240517,94-CF 20240517.xlsx,std,d,b,VTI,0.12800000000000003
57,0,284.791666666666,94,20240517,94-CF 20240517.xlsx,std,e,a,VTI,0.32000000000000006
57,10,307.4,94,20240517,94-CF 20240517.xlsx,std,e,a,VTI,0.32000000000000006
57,20,411.28,94,20240517,94-CF 20240517.xlsx,std,e,a,VTI,0.32000000000000006
57,30,463.423076923076,94,20240517,94-CF 20240517.xlsx,std,e,a,VTI,0.32000000000000006
57,40,535.04,94,20240517,94-CF 20240517.xlsx,std,e,a,VTI,0.32000000000000006
57,50,577,94,20240517,94-CF 20240517.xlsx,std,e,a,VTI,0.32000000000000006
57,60,588.04,94,20240517,94-CF 20240517.xlsx,std,e,a,VTI,0.32000000000000006
58,0,375.9,94,20240517,94-CF 20240517.xlsx,std,e,b,VTI,0.32000000000000006
58,10,416.95238095238,94,20240517,94-CF 20240517.xlsx,std,e,b,VTI,0.32000000000000006
58,20,501.826086956521,94,20240517,94-CF 20240517.xlsx,std,e,b,VTI,0.32000000000000006
58,30,616.363636363636,94,20240517,94-CF 20240517.xlsx,std,e,b,VTI,0.32000000000000006
58,40,691.090909090909,94,20240517,94-CF 20240517.xlsx,std,e,b,VTI,0.32000000000000006
58,50,749.818181818181,94,20240517,94-CF 20240517.xlsx,std,e,b,VTI,0.32000000000000006
58,60,713.5,94,20240517,94-CF 20240517.xlsx,std,e,b,VTI,0.32000000000000006
59,0,318.619047619047,94,20240517,94-CF 20240517.xlsx,std,f,a,VTI,0.8000000000000002
59,10,401.047619047619,94,20240517,94-CF 20240517.xlsx,std,f,a,VTI,0.8000000000000002
59,20,510.761904761904,94,20240517,94-CF 20240517.xlsx,std,f,a,VTI,0.8000000000000002
59,30,557.045454545454,94,20240517,94-CF 20240517.xlsx,std,f,a,VTI,0.8000000000000002
59,40,640.857142857142,94,20240517,94-CF 20240517.xlsx,std,f,a,VTI,0.8000000000000002
59,50,652.5,94,20240517,94-CF 20240517.xlsx,std,f,a,VTI,0.8000000000000002
59,60,676.318181818181,94,20240517,94-CF 20240517.xlsx,std,f,a,VTI,0.8000000000000002
60,0,265.181818181818,94,20240517,94-CF 20240517.xlsx,std,f,b,VTI,0.8000000000000002
60,10,338.434782608695,94,20240517,94-CF 20240517.xlsx,std,f,b,VTI,0.8000000000000002
60,20,396.541666666666,94,20240517,94-CF 20240517.xlsx,std,f,b,VTI,0.8000000000000002
60,30,485.227272727272,94,20240517,94-CF 20240517.xlsx,std,f,b,VTI,0.8000000000000002
60,40,514.695652173913,94,20240517,94-CF 20240517.xlsx,std,f,b,VTI,0.8000000000000002
60,50,556.608695652173,94,20240517,94-CF 20240517.xlsx,std,f,b,VTI,0.8000000000000002
60,60,580.95652173913,94,20240517,94-CF 20240517.xlsx,std,f,b,VTI,0.8000000000000002
61,0,232.764705882352,94,20240517,94-CF 20240517.xlsx,std,g,a,VTI,2
61,10,297,94,20240517,94-CF 20240517.xlsx,std,g,a,VTI,2
61,20,360.35294117647,94,20240517,94-CF 20240517.xlsx,std,g,a,VTI,2
61,30,427.875,94,20240517,94-CF 20240517.xlsx,std,g,a,VTI,2
61,40,447.882352941176,94,20240517,94-CF 20240517.xlsx,std,g,a,VTI,2
61,50,482.588235294117,94,20240517,94-CF 20240517.xlsx,std,g,a,VTI,2
61,60,483.277777777777,94,20240517,94-CF 20240517.xlsx,std,g,a,VTI,2
62,0,243.166666666666,94,20240517,94-CF 20240517.xlsx,std,g,b,VTI,2
62,10,309.055555555555,94,20240517,94-CF 20240517.xlsx,std,g,b,VTI,2
62,20,382.888888888888,94,20240517,94-CF 20240517.xlsx,std,g,b,VTI,2
62,30,445.777777777777,94,20240517,94-CF 20240517.xlsx,std,g,b,VTI,2
62,40,497.333333333333,94,20240517,94-CF 20240517.xlsx,std,g,b,VTI,2
62,50,537.666666666666,94,20240517,94-CF 20240517.xlsx,std,g,b,VTI,2
62,60,564.722222222222,94,20240517,94-CF 20240517.xlsx,std,g,b,VTI,2
63,0,347.95652173913,94,20240517,94-CF 20240517.xlsx,std,h,a,VTI,5
63,10,429.692307692307,94,20240517,94-CF 20240517.xlsx,std,h,a,VTI,5
63,20,505.925925925925,94,20240517,94-CF 20240517.xlsx,std,h,a,VTI,5
63,30,508.766666666666,94,20240517,94-CF 20240517.xlsx,std,h,a,VTI,5
63,40,532.8125,94,20240517,94-CF 20240517.xlsx,std,h,a,VTI,5
63,50,498.205882352941,94,20240517,94-CF 20240517.xlsx,std,h,a,VTI,5
63,60,490.305555555555,94,20240517,94-CF 20240517.xlsx,std,h,a,VTI,5
64,0,307.2,94,20240517,94-CF 20240517.xlsx,std,h,b,VTI,5
64,10,401.318181818181,94,20240517,94-CF 20240517.xlsx,std,h,b,VTI,5
64,20,497.904761904761,94,20240517,94-CF 20240517.xlsx,std,h,b,VTI,5
64,30,590.5,94,20240517,94-CF 20240517.xlsx,std,h,b,VTI,5
64,40,601.333333333333,94,20240517,94-CF 20240517.xlsx,std,h,b,VTI,5
64,50,632.238095238095,94,20240517,94-CF 20240517.xlsx,std,h,b,VTI,5
64,60,608.545454545454,94,20240517,94-CF 20240517.xlsx,std,h,b,VTI,5
73,0,330.461538461538,94,20240517,94-CF 20240517.xlsx,std,h,a,FskOnly,5
73,10,310.285714285714,94,20240517,94-CF 20240517.xlsx,std,h,a,FskOnly,5
73,20,353.416666666666,94,20240517,94-CF 20240517.xlsx,std,h,a,FskOnly,5
73,30,326.76923076923,94,20240517,94-CF 20240517.xlsx,std,h,a,FskOnly,5
73,40,322.615384615384,94,20240517,94-CF 20240517.xlsx,std,h,a,FskOnly,5
73,50,301.5,94,20240517,94-CF 20240517.xlsx,std,h,a,FskOnly,5
73,60,316.846153846153,94,20240517,94-CF 20240517.xlsx,std,h,a,FskOnly,5
74,0,292.4375,94,20240517,94-CF 20240517.xlsx,std,h,b,FskOnly,5
74,10,294.0625,94,20240517,94-CF 20240517.xlsx,std,h,b,FskOnly,5
74,20,292.375,94,20240517,94-CF 20240517.xlsx,std,h,b,FskOnly,5
74,30,290.5625,94,20240517,94-CF 20240517.xlsx,std,h,b,FskOnly,5
74,40,287.125,94,20240517,94-CF 20240517.xlsx,std,h,b,FskOnly,5
74,50,284.9375,94,20240517,94-CF 20240517.xlsx,std,h,b,FskOnly,5
74,60,281.5,94,20240517,94-CF 20240517.xlsx,std,h,b,FskOnly,5
75,0,304.545454545454,94,20240517,94-CF 20240517.xlsx,std,f,a,FskOnly,0.8000000000000002
75,10,305.272727272727,94,20240517,94-CF 20240517.xlsx,std,f,a,FskOnly,0.8000000000000002
75,20,290.260869565217,94,20240517,94-CF 20240517.xlsx,std,f,a,FskOnly,0.8000000000000002
75,30,288.434782608695,94,20240517,94-CF 20240517.xlsx,std,f,a,FskOnly,0.8000000000000002
75,40,301.818181818181,94,20240517,94-CF 20240517.xlsx,std,f,a,FskOnly,0.8000000000000002
75,50,299.590909090909,94,20240517,94-CF 20240517.xlsx,std,f,a,FskOnly,0.8000000000000002
75,60,298.363636363636,94,20240517,94-CF 20240517.xlsx,std,f,a,FskOnly,0.8000000000000002
76,0,308,94,20240517,94-CF 20240517.xlsx,std,f,b,FskOnly,0.8000000000000002
76,10,317.086956521739,94,20240517,94-CF 20240517.xlsx,std,f,b,FskOnly,0.8000000000000002
76,20,305.291666666666,94,20240517,94-CF 20240517.xlsx,std,f,b,FskOnly,0.8000000000000002
76,30,328.681818181818,94,20240517,94-CF 20240517.xlsx,std,f,b,FskOnly,0.8000000000000002
76,40,313.782608695652,94,20240517,94-CF 20240517.xlsx,std,f,b,FskOnly,0.8000000000000002
76,50,343.428571428571,94,20240517,94-CF 20240517.xlsx,std,f,b,FskOnly,0.8000000000000002
76,60,312.086956521739,94,20240517,94-CF 20240517.xlsx,std,f,b,FskOnly,0.8000000000000002
77,0,216.117647058823,94,20240517,94-CF 20240517.xlsx,std,d,a,FskOnly,0.12800000000000003
77,10,230,94,20240517,94-CF 20240517.xlsx,std,d,a,FskOnly,0.12800000000000003
77,20,234.625,94,20240517,94-CF 20240517.xlsx,std,d,a,FskOnly,0.12800000000000003
77,30,239.4375,94,20240517,94-CF 20240517.xlsx,std,d,a,FskOnly,0.12800000000000003
77,40,254.533333333333,94,20240517,94-CF 20240517.xlsx,std,d,a,FskOnly,0.12800000000000003
77,50,269.214285714285,94,20240517,94-CF 20240517.xlsx,std,d,a,FskOnly,0.12800000000000003
77,60,259.533333333333,94,20240517,94-CF 20240517.xlsx,std,d,a,FskOnly,0.12800000000000003
78,0,292.75,94,20240517,94-CF 20240517.xlsx,std,d,b,FskOnly,0.12800000000000003
78,10,297.5625,94,20240517,94-CF 20240517.xlsx,std,d,b,FskOnly,0.12800000000000003
78,20,305.3125,94,20240517,94-CF 20240517.xlsx,std,d,b,FskOnly,0.12800000000000003
78,30,312.3125,94,20240517,94-CF 20240517.xlsx,std,d,b,FskOnly,0.12800000000000003
78,40,317.5,94,20240517,94-CF 20240517.xlsx,std,d,b,FskOnly,0.12800000000000003
78,50,344.333333333333,94,20240517,94-CF 20240517.xlsx,std,d,b,FskOnly,0.12800000000000003
78,60,349.133333333333,94,20240517,94-CF 20240517.xlsx,std,d,b,FskOnly,0.12800000000000003
79,0,320.857142857142,94,20240517,94-CF 20240517.xlsx,std,b,a,FskOnly,0.02048000000000001
79,10,334.071428571428,94,20240517,94-CF 20240517.xlsx,std,b,a,FskOnly,0.02048000000000001
79,20,350.642857142857,94,20240517,94-CF 20240517.xlsx,std,b,a,FskOnly,0.02048000000000001
79,30,361.857142857142,94,20240517,94-CF 20240517.xlsx,std,b,a,FskOnly,0.02048000000000001
79,40,374.571428571428,94,20240517,94-CF 20240517.xlsx,std,b,a,FskOnly,0.02048000000000001
79,50,382.357142857142,94,20240517,94-CF 20240517.xlsx,std,b,a,FskOnly,0.02048000000000001
79,60,386.642857142857,94,20240517,94-CF 20240517.xlsx,std,b,a,FskOnly,0.02048000000000001
80,0,277.611111111111,94,20240517,94-CF 20240517.xlsx,std,b,b,FskOnly,0.02048000000000001
80,10,287.333333333333,94,20240517,94-CF 20240517.xlsx,std,b,b,FskOnly,0.02048000000000001
80,20,298.5,94,20240517,94-CF 20240517.xlsx,std,b,b,FskOnly,0.02048000000000001
80,30,308.222222222222,94,20240517,94-CF 20240517.xlsx,std,b,b,FskOnly,0.02048000000000001
80,40,315.833333333333,94,20240517,94-CF 20240517.xlsx,std,b,b,FskOnly,0.02048000000000001
80,50,321.555555555555,94,20240517,94-CF 20240517.xlsx,std,b,b,FskOnly,0.02048000000000001
80,60,325.666666666666,94,20240517,94-CF 20240517.xlsx,std,b,b,FskOnly,0.02048000000000001
33,0,382.307692307692,94,20240523,94-CF 20240523.xlsx,std,a,a,ETI,0.008192000000000003
33,10,384.461538461538,94,20240523,94-CF 20240523.xlsx,std,a,a,ETI,0.008192000000000003
33,20,407.461538461538,94,20240523,94-CF 20240523.xlsx,std,a,a,ETI,0.008192000000000003
33,30,442.384615384615,94,20240523,94-CF 20240523.xlsx,std,a,a,ETI,0.008192000000000003
33,40,484.692307692307,94,20240523,94-CF 20240523.xlsx,std,a,a,ETI,0.008192000000000003
33,50,528.384615384615,94,20240523,94-CF 20240523.xlsx,std,a,a,ETI,0.008192000000000003
33,60,582.461538461538,94,20240523,94-CF 20240523.xlsx,std,a,a,ETI,0.008192000000000003
34,0,334.2,94,20240523,94-CF 20240523.xlsx,std,a,b,ETI,0.008192000000000003
34,10,321.375,94,20240523,94-CF 20240523.xlsx,std,a,b,ETI,0.008192000000000003
34,20,375,94,20240523,94-CF 20240523.xlsx,std,a,b,ETI,0.008192000000000003
34,30,385.625,94,20240523,94-CF 20240523.xlsx,std,a,b,ETI,0.008192000000000003
34,40,452.133333333333,94,20240523,94-CF 20240523.xlsx,std,a,b,ETI,0.008192000000000003
34,50,459.0625,94,20240523,94-CF 20240523.xlsx,std,a,b,ETI,0.008192000000000003
34,60,498.875,94,20240523,94-CF 20240523.xlsx,std,a,b,ETI,0.008192000000000003
35,0,320.03448275862,94,20240523,94-CF 20240523.xlsx,std,b,a,ETI,0.02048000000000001
35,10,328.448275862068,94,20240523,94-CF 20240523.xlsx,std,b,a,ETI,0.02048000000000001
35,20,349.366666666666,94,20240523,94-CF 20240523.xlsx,std,b,a,ETI,0.02048000000000001
35,30,407.655172413793,94,20240523,94-CF 20240523.xlsx,std,b,a,ETI,0.02048000000000001
35,40,442.933333333333,94,20240523,94-CF 20240523.xlsx,std,b,a,ETI,0.02048000000000001
35,50,492.9,94,20240523,94-CF 20240523.xlsx,std,b,a,ETI,0.02048000000000001
35,60,549.896551724137,94,20240523,94-CF 20240523.xlsx,std,b,a,ETI,0.02048000000000001
36,0,294.090909090909,94,20240523,94-CF 20240523.xlsx,std,b,b,ETI,0.02048000000000001
36,10,302.545454545454,94,20240523,94-CF 20240523.xlsx,std,b,b,ETI,0.02048000000000001
36,20,336.40909090909,94,20240523,94-CF 20240523.xlsx,std,b,b,ETI,0.02048000000000001
36,30,389.363636363636,94,20240523,94-CF 20240523.xlsx,std,b,b,ETI,0.02048000000000001
36,40,449.272727272727,94,20240523,94-CF 20240523.xlsx,std,b,b,ETI,0.02048000000000001
36,50,452.833333333333,94,20240523,94-CF 20240523.xlsx,std,b,b,ETI,0.02048000000000001
36,60,481.958333333333,94,20240523,94-CF 20240523.xlsx,std,b,b,ETI,0.02048000000000001
37,0,266.1875,94,20240523,94-CF 20240523.xlsx,std,c,a,ETI,0.05120000000000001
37,10,279.625,94,20240523,94-CF 20240523.xlsx,std,c,a,ETI,0.05120000000000001
37,20,334.3125,94,20240523,94-CF 20240523.xlsx,std,c,a,ETI,0.05120000000000001
37,30,429.133333333333,94,20240523,94-CF 20240523.xlsx,std,c,a,ETI,0.05120000000000001
37,40,487.866666666666,94,20240523,94-CF 20240523.xlsx,std,c,a,ETI,0.05120000000000001
37,50,506.1875,94,20240523,94-CF 20240523.xlsx,std,c,a,ETI,0.05120000000000001
37,60,524.6875,94,20240523,94-CF 20240523.xlsx,std,c,a,ETI,0.05120000000000001
38,0,340.357142857142,94,20240523,94-CF 20240523.xlsx,std,c,b,ETI,0.05120000000000001
38,10,348.964285714285,94,20240523,94-CF 20240523.xlsx,std,c,b,ETI,0.05120000000000001
38,20,412.821428571428,94,20240523,94-CF 20240523.xlsx,std,c,b,ETI,0.05120000000000001
38,30,476.310344827586,94,20240523,94-CF 20240523.xlsx,std,c,b,ETI,0.05120000000000001
38,40,556.928571428571,94,20240523,94-CF 20240523.xlsx,std,c,b,ETI,0.05120000000000001
38,50,598.321428571428,94,20240523,94-CF 20240523.xlsx,std,c,b,ETI,0.05120000000000001
38,60,624.535714285714,94,20240523,94-CF 20240523.xlsx,std,c,b,ETI,0.05120000000000001
39,0,244.375,94,20240523,94-CF 20240523.xlsx,std,d,a,ETI,0.12800000000000003
39,10,260.125,94,20240523,94-CF 20240523.xlsx,std,d,a,ETI,0.12800000000000003
39,20,313.25,94,20240523,94-CF 20240523.xlsx,std,d,a,ETI,0.12800000000000003
39,30,373.5,94,20240523,94-CF 20240523.xlsx,std,d,a,ETI,0.12800000000000003
39,40,419.125,94,20240523,94-CF 20240523.xlsx,std,d,a,ETI,0.12800000000000003
39,50,461.5,94,20240523,94-CF 20240523.xlsx,std,d,a,ETI,0.12800000000000003
39,60,464.294117647058,94,20240523,94-CF 20240523.xlsx,std,d,a,ETI,0.12800000000000003
40,0,405.625,94,20240523,94-CF 20240523.xlsx,std,d,b,ETI,0.12800000000000003
40,10,419.12,94,20240523,94-CF 20240523.xlsx,std,d,b,ETI,0.12800000000000003
40,20,545.875,94,20240523,94-CF 20240523.xlsx,std,d,b,ETI,0.12800000000000003
40,30,594.038461538461,94,20240523,94-CF 20240523.xlsx,std,d,b,ETI,0.12800000000000003
40,40,688.48,94,20240523,94-CF 20240523.xlsx,std,d,b,ETI,0.12800000000000003
40,50,695.629629629629,94,20240523,94-CF 20240523.xlsx,std,d,b,ETI,0.12800000000000003
40,60,758.076923076923,94,20240523,94-CF 20240523.xlsx,std,d,b,ETI,0.12800000000000003
41,0,325.523809523809,94,20240523,94-CF 20240523.xlsx,std,e,a,ETI,0.32000000000000006
41,10,392.40909090909,94,20240523,94-CF 20240523.xlsx,std,e,a,ETI,0.32000000000000006
41,20,465.086956521739,94,20240523,94-CF 20240523.xlsx,std,e,a,ETI,0.32000000000000006
41,30,535.782608695652,94,20240523,94-CF 20240523.xlsx,std,e,a,ETI,0.32000000000000006
41,40,621.045454545454,94,20240523,94-CF 20240523.xlsx,std,e,a,ETI,0.32000000000000006
41,50,636.91304347826,94,20240523,94-CF 20240523.xlsx,std,e,a,ETI,0.32000000000000006
41,60,690.090909090909,94,20240523,94-CF 20240523.xlsx,std,e,a,ETI,0.32000000000000006
42,0,297.833333333333,94,20240523,94-CF 20240523.xlsx,std,e,b,ETI,0.32000000000000006
42,10,370.206896551724,94,20240523,94-CF 20240523.xlsx,std,e,b,ETI,0.32000000000000006
42,20,489.928571428571,94,20240523,94-CF 20240523.xlsx,std,e,b,ETI,0.32000000000000006
42,30,562.642857142857,94,20240523,94-CF 20240523.xlsx,std,e,b,ETI,0.32000000000000006
42,40,647.592592592592,94,20240523,94-CF 20240523.xlsx,std,e,b,ETI,0.32000000000000006
42,50,758.64,94,20240523,94-CF 20240523.xlsx,std,e,b,ETI,0.32000000000000006
42,60,773.115384615384,94,20240523,94-CF 20240523.xlsx,std,e,b,ETI,0.32000000000000006
43,0,279.322580645161,94,20240523,94-CF 20240523.xlsx,std,f,a,ETI,0.8000000000000002
43,10,349.322580645161,94,20240523,94-CF 20240523.xlsx,std,f,a,ETI,0.8000000000000002
43,20,436.677419354838,94,20240523,94-CF 20240523.xlsx,std,f,a,ETI,0.8000000000000002
43,30,483.5,94,20240523,94-CF 20240523.xlsx,std,f,a,ETI,0.8000000000000002
43,40,533,94,20240523,94-CF 20240523.xlsx,std,f,a,ETI,0.8000000000000002
43,50,573.625,94,20240523,94-CF 20240523.xlsx,std,f,a,ETI,0.8000000000000002
43,60,617.129032258064,94,20240523,94-CF 20240523.xlsx,std,f,a,ETI,0.8000000000000002
44,0,340.25,94,20240523,94-CF 20240523.xlsx,std,f,b,ETI,0.8000000000000002
44,10,424.75,94,20240523,94-CF 20240523.xlsx,std,f,b,ETI,0.8000000000000002
44,20,527.142857142857,94,20240523,94-CF 20240523.xlsx,std,f,b,ETI,0.8000000000000002
44,30,629.925925925926,94,20240523,94-CF 20240523.xlsx,std,f,b,ETI,0.8000000000000002
44,40,697.74074074074,94,20240523,94-CF 20240523.xlsx,std,f,b,ETI,0.8000000000000002
44,50,769.923076923076,94,20240523,94-CF 20240523.xlsx,std,f,b,ETI,0.8000000000000002
44,60,792.307692307692,94,20240523,94-CF 20240523.xlsx,std,f,b,ETI,0.8000000000000002
45,0,312.190476190476,94,20240523,94-CF 20240523.xlsx,std,g,a,ETI,2
45,10,384.523809523809,94,20240523,94-CF 20240523.xlsx,std,g,a,ETI,2
45,20,473.142857142857,94,20240523,94-CF 20240523.xlsx,std,g,a,ETI,2
45,30,542.619047619047,94,20240523,94-CF 20240523.xlsx,std,g,a,ETI,2
45,40,600.666666666666,94,20240523,94-CF 20240523.xlsx,std,g,a,ETI,2
45,50,648.857142857142,94,20240523,94-CF 20240523.xlsx,std,g,a,ETI,2
45,60,681.095238095238,94,20240523,94-CF 20240523.xlsx,std,g,a,ETI,2
46,0,295.285714285714,94,20240523,94-CF 20240523.xlsx,std,g,b,ETI,2
46,10,367.896551724137,94,20240523,94-CF 20240523.xlsx,std,g,b,ETI,2
46,20,470.892857142857,94,20240523,94-CF 20240523.xlsx,std,g,b,ETI,2
46,30,542.892857142857,94,20240523,94-CF 20240523.xlsx,std,g,b,ETI,2
46,40,626.629629629629,94,20240523,94-CF 20240523.xlsx,std,g,b,ETI,2
46,50,673.111111111111,94,20240523,94-CF 20240523.xlsx,std,g,b,ETI,2
46,60,707.037037037037,94,20240523,94-CF 20240523.xlsx,std,g,b,ETI,2
47,0,415.333333333333,94,20240523,94-CF 20240523.xlsx,std,h,a,ETI,5
47,10,542.333333333333,94,20240523,94-CF 20240523.xlsx,std,h,a,ETI,5
47,20,603.787878787878,94,20240523,94-CF 20240523.xlsx,std,h,a,ETI,5
47,30,736.58064516129,94,20240523,94-CF 20240523.xlsx,std,h,a,ETI,5
47,40,812.354838709677,94,20240523,94-CF 20240523.xlsx,std,h,a,ETI,5
47,50,847.290322580645,94,20240523,94-CF 20240523.xlsx,std,h,a,ETI,5
47,60,882.16129032258,94,20240523,94-CF 20240523.xlsx,std,h,a,ETI,5
48,0,348.117647058823,94,20240523,94-CF 20240523.xlsx,std,h,b,ETI,5
48,10,412.78947368421,94,20240523,94-CF 20240523.xlsx,std,h,b,ETI,5
48,20,497.631578947368,94,20240523,94-CF 20240523.xlsx,std,h,b,ETI,5
48,30,535.8,94,20240523,94-CF 20240523.xlsx,std,h,b,ETI,5
48,40,585.05,94,20240523,94-CF 20240523.xlsx,std,h,b,ETI,5
48,50,733.176470588235,94,20240523,94-CF 20240523.xlsx,std,h,b,ETI,5
48,60,757.882352941176,94,20240523,94-CF 20240523.xlsx,std,h,b,ETI,5
49,0,299.705882352941,94,20240523,94-CF 20240523.xlsx,std,a,a,VTI,0.008192000000000003
49,10,313.484848484848,94,20240523,94-CF 20240523.xlsx,std,a,a,VTI,0.008192000000000003
49,20,334.272727272727,94,20240523,94-CF 20240523.xlsx,std,a,a,VTI,0.008192000000000003
49,30,361.705882352941,94,20240523,94-CF 20240523.xlsx,std,a,a,VTI,0.008192000000000003
49,40,402.470588235294,94,20240523,94-CF 20240523.xlsx,std,a,a,VTI,0.008192000000000003
49,50,446.969696969697,94,20240523,94-CF 20240523.xlsx,std,a,a,VTI,0.008192000000000003
49,60,468.911764705882,94,20240523,94-CF 20240523.xlsx,std,a,a,VTI,0.008192000000000003
50,0,362.416666666666,94,20240523,94-CF 20240523.xlsx,std,a,b,VTI,0.008192000000000003
50,10,378.375,94,20240523,94-CF 20240523.xlsx,std,a,b,VTI,0.008192000000000003
50,20,434.652173913043,94,20240523,94-CF 20240523.xlsx,std,a,b,VTI,0.008192000000000003
50,30,463.791666666666,94,20240523,94-CF 20240523.xlsx,std,a,b,VTI,0.008192000000000003
50,40,517.25,94,20240523,94-CF 20240523.xlsx,std,a,b,VTI,0.008192000000000003
50,50,555.625,94,20240523,94-CF 20240523.xlsx,std,a,b,VTI,0.008192000000000003
50,60,590.083333333333,94,20240523,94-CF 20240523.xlsx,std,a,b,VTI,0.008192000000000003
51,0,308.1,94,20240523,94-CF 20240523.xlsx,std,b,a,VTI,0.02048000000000001
51,10,311.95,94,20240523,94-CF 20240523.xlsx,std,b,a,VTI,0.02048000000000001
51,20,332.35,94,20240523,94-CF 20240523.xlsx,std,b,a,VTI,0.02048000000000001
51,30,360.95238095238,94,20240523,94-CF 20240523.xlsx,std,b,a,VTI,0.02048000000000001
51,40,431.5,94,20240523,94-CF 20240523.xlsx,std,b,a,VTI,0.02048000000000001
51,50,453.95238095238,94,20240523,94-CF 20240523.xlsx,std,b,a,VTI,0.02048000000000001
51,60,511.8,94,20240523,94-CF 20240523.xlsx,std,b,a,VTI,0.02048000000000001
52,0,317.733333333333,94,20240523,94-CF 20240523.xlsx,std,b,b,VTI,0.02048000000000001
52,10,334.133333333333,94,20240523,94-CF 20240523.xlsx,std,b,b,VTI,0.02048000000000001
52,20,380.4,94,20240523,94-CF 20240523.xlsx,std,b,b,VTI,0.02048000000000001
52,30,424,94,20240523,94-CF 20240523.xlsx,std,b,b,VTI,0.02048000000000001
52,40,449.176470588235,94,20240523,94-CF 20240523.xlsx,std,b,b,VTI,0.02048000000000001
52,50,482.823529411764,94,20240523,94-CF 20240523.xlsx,std,b,b,VTI,0.02048000000000001
52,60,542.375,94,20240523,94-CF 20240523.xlsx,std,b,b,VTI,0.02048000000000001
53,0,367.8,94,20240523,94-CF 20240523.xlsx,std,c,a,VTI,0.05120000000000001
53,10,379.733333333333,94,20240523,94-CF 20240523.xlsx,std,c,a,VTI,0.05120000000000001
53,20,459.6,94,20240523,94-CF 20240523.xlsx,std,c,a,VTI,0.05120000000000001
53,30,525.0625,94,20240523,94-CF 20240523.xlsx,std,c,a,VTI,0.05120000000000001
53,40,596.625,94,20240523,94-CF 20240523.xlsx,std,c,a,VTI,0.05120000000000001
53,50,614.588235294117,94,20240523,94-CF 20240523.xlsx,std,c,a,VTI,0.05120000000000001
53,60,679.875,94,20240523,94-CF 20240523.xlsx,std,c,a,VTI,0.05120000000000001
54,0,407.038461538461,94,20240523,94-CF 20240523.xlsx,std,c,b,VTI,0.05120000000000001
54,10,426.92,94,20240523,94-CF 20240523.xlsx,std,c,b,VTI,0.05120000000000001
54,20,492.88,94,20240523,94-CF 20240523.xlsx,std,c,b,VTI,0.05120000000000001
54,30,607.166666666666,94,20240523,94-CF 20240523.xlsx,std,c,b,VTI,0.05120000000000001
54,40,686.75,94,20240523,94-CF 20240523.xlsx,std,c,b,VTI,0.05120000000000001
54,50,745.666666666666,94,20240523,94-CF 20240523.xlsx,std,c,b,VTI,0.05120000000000001
54,60,776.291666666666,94,20240523,94-CF 20240523.xlsx,std,c,b,VTI,0.05120000000000001
55,0,292.041666666666,94,20240523,94-CF 20240523.xlsx,std,d,a,VTI,0.12800000000000003
55,10,313.44,94,20240523,94-CF 20240523.xlsx,std,d,a,VTI,0.12800000000000003
55,20,392.84,94,20240523,94-CF 20240523.xlsx,std,d,a,VTI,0.12800000000000003
55,30,455.52,94,20240523,94-CF 20240523.xlsx,std,d,a,VTI,0.12800000000000003
55,40,486.76923076923,94,20240523,94-CF 20240523.xlsx,std,d,a,VTI,0.12800000000000003
55,50,536.16,94,20240523,94-CF 20240523.xlsx,std,d,a,VTI,0.12800000000000003
55,60,550.538461538461,94,20240523,94-CF 20240523.xlsx,std,d,a,VTI,0.12800000000000003
56,0,332.954545454545,94,20240523,94-CF 20240523.xlsx,std,d,b,VTI,0.12800000000000003
56,10,368.90909090909,94,20240523,94-CF 20240523.xlsx,std,d,b,VTI,0.12800000000000003
56,20,436.125,94,20240523,94-CF 20240523.xlsx,std,d,b,VTI,0.12800000000000003
56,30,511.583333333333,94,20240523,94-CF 20240523.xlsx,std,d,b,VTI,0.12800000000000003
56,40,567.708333333333,94,20240523,94-CF 20240523.xlsx,std,d,b,VTI,0.12800000000000003
56,50,602.791666666666,94,20240523,94-CF 20240523.xlsx,std,d,b,VTI,0.12800000000000003
56,60,612.375,94,20240523,94-CF 20240523.xlsx,std,d,b,VTI,0.12800000000000003
57,0,368.85,94,20240523,94-CF 20240523.xlsx,std,e,a,VTI,0.32000000000000006
57,10,411,94,20240523,94-CF 20240523.xlsx,std,e,a,VTI,0.32000000000000006
57,20,511.428571428571,94,20240523,94-CF 20240523.xlsx,std,e,a,VTI,0.32000000000000006
57,30,615.7,94,20240523,94-CF 20240523.xlsx,std,e,a,VTI,0.32000000000000006
57,40,621.5,94,20240523,94-CF 20240523.xlsx,std,e,a,VTI,0.32000000000000006
57,50,705.380952380952,94,20240523,94-CF 20240523.xlsx,std,e,a,VTI,0.32000000000000006
57,60,737.142857142857,94,20240523,94-CF 20240523.xlsx,std,e,a,VTI,0.32000000000000006
58,0,301.482758620689,94,20240523,94-CF 20240523.xlsx,std,e,b,VTI,0.32000000000000006
58,10,362.310344827586,94,20240523,94-CF 20240523.xlsx,std,e,b,VTI,0.32000000000000006
58,20,467.448275862068,94,20240523,94-CF 20240523.xlsx,std,e,b,VTI,0.32000000000000006
58,30,535.172413793103,94,20240523,94-CF 20240523.xlsx,std,e,b,VTI,0.32000000000000006
58,40,613.964285714285,94,20240523,94-CF 20240523.xlsx,std,e,b,VTI,0.32000000000000006
58,50,660.285714285714,94,20240523,94-CF 20240523.xlsx,std,e,b,VTI,0.32000000000000006
58,60,688.464285714285,94,20240523,94-CF 20240523.xlsx,std,e,b,VTI,0.32000000000000006
59,0,355.3,94,20240523,94-CF 20240523.xlsx,std,f,a,VTI,0.8000000000000002
59,10,439.904761904761,94,20240523,94-CF 20240523.xlsx,std,f,a,VTI,0.8000000000000002
59,20,556.35,94,20240523,94-CF 20240523.xlsx,std,f,a,VTI,0.8000000000000002
59,30,630.25,94,20240523,94-CF 20240523.xlsx,std,f,a,VTI,0.8000000000000002
59,40,660.333333333333,94,20240523,94-CF 20240523.xlsx,std,f,a,VTI,0.8000000000000002
59,50,706.428571428571,94,20240523,94-CF 20240523.xlsx,std,f,a,VTI,0.8000000000000002
59,60,711.90909090909,94,20240523,94-CF 20240523.xlsx,std,f,a,VTI,0.8000000000000002
60,0,307,94,20240523,94-CF 20240523.xlsx,std,f,b,VTI,0.8000000000000002
60,10,388.37037037037,94,20240523,94-CF 20240523.xlsx,std,f,b,VTI,0.8000000000000002
60,20,477.518518518518,94,20240523,94-CF 20240523.xlsx,std,f,b,VTI,0.8000000000000002
60,30,566.653846153846,94,20240523,94-CF 20240523.xlsx,std,f,b,VTI,0.8000000000000002
60,40,583.821428571428,94,20240523,94-CF 20240523.xlsx,std,f,b,VTI,0.8000000000000002
60,50,627.392857142857,94,20240523,94-CF 20240523.xlsx,std,f,b,VTI,0.8000000000000002
60,60,658.892857142857,94,20240523,94-CF 20240523.xlsx,std,f,b,VTI,0.8000000000000002
61,0,374.071428571428,94,20240523,94-CF 20240523.xlsx,std,g,a,VTI,2
61,10,468,94,20240523,94-CF 20240523.xlsx,std,g,a,VTI,2
61,20,569.965517241379,94,20240523,94-CF 20240523.xlsx,std,g,a,VTI,2
61,30,649.793103448275,94,20240523,94-CF 20240523.xlsx,std,g,a,VTI,2
61,40,718.862068965517,94,20240523,94-CF 20240523.xlsx,std,g,a,VTI,2
61,50,770.51724137931,94,20240523,94-CF 20240523.xlsx,std,g,a,VTI,2
61,60,807.896551724137,94,20240523,94-CF 20240523.xlsx,std,g,a,VTI,2
62,0,335.2,94,20240523,94-CF 20240523.xlsx,std,g,b,VTI,2
62,10,442.333333333333,94,20240523,94-CF 20240523.xlsx,std,g,b,VTI,2
62,20,525.806451612903,94,20240523,94-CF 20240523.xlsx,std,g,b,VTI,2
62,30,600.741935483871,94,20240523,94-CF 20240523.xlsx,std,g,b,VTI,2
62,40,680.166666666666,94,20240523,94-CF 20240523.xlsx,std,g,b,VTI,2
62,50,728.266666666666,94,20240523,94-CF 20240523.xlsx,std,g,b,VTI,2
62,60,741.133333333333,94,20240523,94-CF 20240523.xlsx,std,g,b,VTI,2
63,0,280.6,94,20240523,94-CF 20240523.xlsx,std,h,a,VTI,5
63,10,364.8,94,20240523,94-CF 20240523.xlsx,std,h,a,VTI,5
63,20,444.733333333333,94,20240523,94-CF 20240523.xlsx,std,h,a,VTI,5
63,30,509.466666666666,94,20240523,94-CF 20240523.xlsx,std,h,a,VTI,5
63,40,566.4,94,20240523,94-CF 20240523.xlsx,std,h,a,VTI,5
63,50,613.2,94,20240523,94-CF 20240523.xlsx,std,h,a,VTI,5
63,60,648.533333333333,94,20240523,94-CF 20240523.xlsx,std,h,a,VTI,5
64,0,279.458333333333,94,20240523,94-CF 20240523.xlsx,std,h,b,VTI,5
64,10,348.16,94,20240523,94-CF 20240523.xlsx,std,h,b,VTI,5
64,20,421.64,94,20240523,94-CF 20240523.xlsx,std,h,b,VTI,5
64,30,501.291666666666,94,20240523,94-CF 20240523.xlsx,std,h,b,VTI,5
64,40,547.166666666666,94,20240523,94-CF 20240523.xlsx,std,h,b,VTI,5
64,50,552.96,94,20240523,94-CF 20240523.xlsx,std,h,b,VTI,5
64,60,552.24,94,20240523,94-CF 20240523.xlsx,std,h,b,VTI,5
73,0,303.235294117647,94,20240523,94-CF 20240523.xlsx,std,h,a,FskOnly,5
73,10,303.294117647058,94,20240523,94-CF 20240523.xlsx,std,h,a,FskOnly,5
73,20,302.235294117647,94,20240523,94-CF 20240523.xlsx,std,h,a,FskOnly,5
73,30,299.941176470588,94,20240523,94-CF 20240523.xlsx,std,h,a,FskOnly,5
73,40,317.1875,94,20240523,94-CF 20240523.xlsx,std,h,a,FskOnly,5
73,50,307.9375,94,20240523,94-CF 20240523.xlsx,std,h,a,FskOnly,5
73,60,307.875,94,20240523,94-CF 20240523.xlsx,std,h,a,FskOnly,5
74,0,264.625,94,20240523,94-CF 20240523.xlsx,std,h,b,FskOnly,5
74,10,272.043478260869,94,20240523,94-CF 20240523.xlsx,std,h,b,FskOnly,5
74,20,270.739130434782,94,20240523,94-CF 20240523.xlsx,std,h,b,FskOnly,5
74,30,267.91304347826,94,20240523,94-CF 20240523.xlsx,std,h,b,FskOnly,5
74,40,263.347826086956,94,20240523,94-CF 20240523.xlsx,std,h,b,FskOnly,5
74,50,260.95652173913,94,20240523,94-CF 20240523.xlsx,std,h,b,FskOnly,5
74,60,260.869565217391,94,20240523,94-CF 20240523.xlsx,std,h,b,FskOnly,5
75,0,307.8,94,20240523,94-CF 20240523.xlsx,std,f,a,FskOnly,0.8000000000000002
75,10,291.375,94,20240523,94-CF 20240523.xlsx,std,f,a,FskOnly,0.8000000000000002
75,20,324.785714285714,94,20240523,94-CF 20240523.xlsx,std,f,a,FskOnly,0.8000000000000002
75,30,322.642857142857,94,20240523,94-CF 20240523.xlsx,std,f,a,FskOnly,0.8000000000000002
75,40,322.142857142857,94,20240523,94-CF 20240523.xlsx,std,f,a,FskOnly,0.8000000000000002
75,50,298.2,94,20240523,94-CF 20240523.xlsx,std,f,a,FskOnly,0.8000000000000002
75,60,299.133333333333,94,20240523,94-CF 20240523.xlsx,std,f,a,FskOnly,0.8000000000000002
76,0,299.739130434782,94,20240523,94-CF 20240523.xlsx,std,f,b,FskOnly,0.8000000000000002
76,10,284.75,94,20240523,94-CF 20240523.xlsx,std,f,b,FskOnly,0.8000000000000002
76,20,285.708333333333,94,20240523,94-CF 20240523.xlsx,std,f,b,FskOnly,0.8000000000000002
76,30,294.869565217391,94,20240523,94-CF 20240523.xlsx,std,f,b,FskOnly,0.8000000000000002
76,40,293.739130434782,94,20240523,94-CF 20240523.xlsx,std,f,b,FskOnly,0.8000000000000002
76,50,292.043478260869,94,20240523,94-CF 20240523.xlsx,std,f,b,FskOnly,0.8000000000000002
76,60,291.95652173913,94,20240523,94-CF 20240523.xlsx,std,f,b,FskOnly,0.8000000000000002
77,0,281.444444444444,94,20240523,94-CF 20240523.xlsx,std,d,a,FskOnly,0.12800000000000003
77,10,297.529411764705,94,20240523,94-CF 20240523.xlsx,std,d,a,FskOnly,0.12800000000000003
77,20,284.055555555555,94,20240523,94-CF 20240523.xlsx,std,d,a,FskOnly,0.12800000000000003
77,30,315.75,94,20240523,94-CF 20240523.xlsx,std,d,a,FskOnly,0.12800000000000003
77,40,318.125,94,20240523,94-CF 20240523.xlsx,std,d,a,FskOnly,0.12800000000000003
77,50,305.058823529411,94,20240523,94-CF 20240523.xlsx,std,d,a,FskOnly,0.12800000000000003
77,60,307.294117647058,94,20240523,94-CF 20240523.xlsx,std,d,a,FskOnly,0.12800000000000003
78,0,265.222222222222,94,20240523,94-CF 20240523.xlsx,std,d,b,FskOnly,0.12800000000000003
78,10,262.277777777777,94,20240523,94-CF 20240523.xlsx,std,d,b,FskOnly,0.12800000000000003
78,20,267.166666666666,94,20240523,94-CF 20240523.xlsx,std,d,b,FskOnly,0.12800000000000003
78,30,265.833333333333,94,20240523,94-CF 20240523.xlsx,std,d,b,FskOnly,0.12800000000000003
78,40,268.333333333333,94,20240523,94-CF 20240523.xlsx,std,d,b,FskOnly,0.12800000000000003
78,50,267.944444444444,94,20240523,94-CF 20240523.xlsx,std,d,b,FskOnly,0.12800000000000003
78,60,270.833333333333,94,20240523,94-CF 20240523.xlsx,std,d,b,FskOnly,0.12800000000000003
79,0,263.045454545454,94,20240523,94-CF 20240523.xlsx,std,b,a,FskOnly,0.02048000000000001
79,10,266.5,94,20240523,94-CF 20240523.xlsx,std,b,a,FskOnly,0.02048000000000001
79,20,274.727272727272,94,20240523,94-CF 20240523.xlsx,std,b,a,FskOnly,0.02048000000000001
79,30,277.045454545454,94,20240523,94-CF 20240523.xlsx,std,b,a,FskOnly,0.02048000000000001
79,40,281.227272727272,94,20240523,94-CF 20240523.xlsx,std,b,a,FskOnly,0.02048000000000001
79,50,283.545454545454,94,20240523,94-CF 20240523.xlsx,std,b,a,FskOnly,0.02048000000000001
79,60,286.363636363636,94,20240523,94-CF 20240523.xlsx,std,b,a,FskOnly,0.02048000000000001
80,0,284.272727272727,94,20240523,94-CF 20240523.xlsx,std,b,b,FskOnly,0.02048000000000001
80,10,293.181818181818,94,20240523,94-CF 20240523.xlsx,std,b,b,FskOnly,0.02048000000000001
80,20,301.727272727272,94,20240523,94-CF 20240523.xlsx,std,b,b,FskOnly,0.02048000000000001
80,30,306.636363636363,94,20240523,94-CF 20240523.xlsx,std,b,b,FskOnly,0.02048000000000001
80,40,310.090909090909,94,20240523,94-CF 20240523.xlsx,std,b,b,FskOnly,0.02048000000000001
80,50,310.727272727272,94,20240523,94-CF 20240523.xlsx,std,b,b,FskOnly,0.02048000000000001
80,60,313.545454545454,94,20240523,94-CF 20240523.xlsx,std,b,b,FskOnly,0.02048000000000001
33,0,452.347826086956,94,20240618,94-CF 20240618.xlsx,std,a,a,ETI,0.008192000000000003
33,10,486.047619047619,94,20240618,94-CF 20240618.xlsx,std,a,a,ETI,0.008192000000000003
33,20,489.545454545454,94,20240618,94-CF 20240618.xlsx,std,a,a,ETI,0.008192000000000003
33,30,555.333333333333,94,20240618,94-CF 20240618.xlsx,std,a,a,ETI,0.008192000000000003
33,40,549.090909090909,94,20240618,94-CF 20240618.xlsx,std,a,a,ETI,0.008192000000000003
33,50,631.047619047619,94,20240618,94-CF 20240618.xlsx,std,a,a,ETI,0.008192000000000003
33,60,651.590909090909,94,20240618,94-CF 20240618.xlsx,std,a,a,ETI,0.008192000000000003
34,0,465.347826086956,94,20240618,94-CF 20240618.xlsx,std,a,b,ETI,0.008192000000000003
34,10,463.304347826086,94,20240618,94-CF 20240618.xlsx,std,a,b,ETI,0.008192000000000003
34,20,477.608695652173,94,20240618,94-CF 20240618.xlsx,std,a,b,ETI,0.008192000000000003
34,30,505.91304347826,94,20240618,94-CF 20240618.xlsx,std,a,b,ETI,0.008192000000000003
34,40,545.95652173913,94,20240618,94-CF 20240618.xlsx,std,a,b,ETI,0.008192000000000003
34,50,592.739130434782,94,20240618,94-CF 20240618.xlsx,std,a,b,ETI,0.008192000000000003
34,60,641.695652173913,94,20240618,94-CF 20240618.xlsx,std,a,b,ETI,0.008192000000000003
35,0,633.428571428571,94,20240618,94-CF 20240618.xlsx,std,b,a,ETI,0.02048000000000001
35,10,632.571428571428,94,20240618,94-CF 20240618.xlsx,std,b,a,ETI,0.02048000000000001
35,20,656,94,20240618,94-CF 20240618.xlsx,std,b,a,ETI,0.02048000000000001
35,30,703.285714285714,94,20240618,94-CF 20240618.xlsx,std,b,a,ETI,0.02048000000000001
35,40,778.071428571428,94,20240618,94-CF 20240618.xlsx,std,b,a,ETI,0.02048000000000001
35,50,860.785714285714,94,20240618,94-CF 20240618.xlsx,std,b,a,ETI,0.02048000000000001
35,60,930.357142857142,94,20240618,94-CF 20240618.xlsx,std,b,a,ETI,0.02048000000000001
36,0,897.538461538461,94,20240618,94-CF 20240618.xlsx,std,b,b,ETI,0.02048000000000001
36,10,958.666666666666,94,20240618,94-CF 20240618.xlsx,std,b,b,ETI,0.02048000000000001
36,20,839.571428571428,94,20240618,94-CF 20240618.xlsx,std,b,b,ETI,0.02048000000000001
36,30,1043.33333333333,94,20240618,94-CF 20240618.xlsx,std,b,b,ETI,0.02048000000000001
36,40,986.571428571428,94,20240618,94-CF 20240618.xlsx,std,b,b,ETI,0.02048000000000001
36,50,1006.73333333333,94,20240618,94-CF 20240618.xlsx,std,b,b,ETI,0.02048000000000001
36,60,1037.33333333333,94,20240618,94-CF 20240618.xlsx,std,b,b,ETI,0.02048000000000001
37,0,620.529411764705,94,20240618,94-CF 20240618.xlsx,std,c,a,ETI,0.05120000000000001
37,10,605.647058823529,94,20240618,94-CF 20240618.xlsx,std,c,a,ETI,0.05120000000000001
37,20,634.058823529411,94,20240618,94-CF 20240618.xlsx,std,c,a,ETI,0.05120000000000001
37,30,687.823529411764,94,20240618,94-CF 20240618.xlsx,std,c,a,ETI,0.05120000000000001
37,40,756.176470588235,94,20240618,94-CF 20240618.xlsx,std,c,a,ETI,0.05120000000000001
37,50,765.111111111111,94,20240618,94-CF 20240618.xlsx,std,c,a,ETI,0.05120000000000001
37,60,798.722222222222,94,20240618,94-CF 20240618.xlsx,std,c,a,ETI,0.05120000000000001
38,0,625.210526315789,94,20240618,94-CF 20240618.xlsx,std,c,b,ETI,0.05120000000000001
38,10,650.888888888888,94,20240618,94-CF 20240618.xlsx,std,c,b,ETI,0.05120000000000001
38,20,666.157894736842,94,20240618,94-CF 20240618.xlsx,std,c,b,ETI,0.05120000000000001
38,30,802.277777777777,94,20240618,94-CF 20240618.xlsx,std,c,b,ETI,0.05120000000000001
38,40,819.65,94,20240618,94-CF 20240618.xlsx,std,c,b,ETI,0.05120000000000001
38,50,927.315789473684,94,20240618,94-CF 20240618.xlsx,std,c,b,ETI,0.05120000000000001
38,60,910.8,94,20240618,94-CF 20240618.xlsx,std,c,b,ETI,0.05120000000000001
39,0,509.6,94,20240618,94-CF 20240618.xlsx,std,d,a,ETI,0.12800000000000003
39,10,514.3,94,20240618,94-CF 20240618.xlsx,std,d,a,ETI,0.12800000000000003
39,20,562.761904761904,94,20240618,94-CF 20240618.xlsx,std,d,a,ETI,0.12800000000000003
39,30,663.285714285714,94,20240618,94-CF 20240618.xlsx,std,d,a,ETI,0.12800000000000003
39,40,782.15,94,20240618,94-CF 20240618.xlsx,std,d,a,ETI,0.12800000000000003
39,50,790.727272727272,94,20240618,94-CF 20240618.xlsx,std,d,a,ETI,0.12800000000000003
39,60,865.190476190476,94,20240618,94-CF 20240618.xlsx,std,d,a,ETI,0.12800000000000003
40,0,612.142857142857,94,20240618,94-CF 20240618.xlsx,std,d,b,ETI,0.12800000000000003
40,10,604.75,94,20240618,94-CF 20240618.xlsx,std,d,b,ETI,0.12800000000000003
40,20,615.433333333333,94,20240618,94-CF 20240618.xlsx,std,d,b,ETI,0.12800000000000003
40,30,686.1,94,20240618,94-CF 20240618.xlsx,std,d,b,ETI,0.12800000000000003
40,40,774.655172413793,94,20240618,94-CF 20240618.xlsx,std,d,b,ETI,0.12800000000000003
40,50,858.321428571428,94,20240618,94-CF 20240618.xlsx,std,d,b,ETI,0.12800000000000003
40,60,888.107142857142,94,20240618,94-CF 20240618.xlsx,std,d,b,ETI,0.12800000000000003
41,0,584.5,94,20240618,94-CF 20240618.xlsx,std,e,a,ETI,0.32000000000000006
41,10,612.68,94,20240618,94-CF 20240618.xlsx,std,e,a,ETI,0.32000000000000006
41,20,677.115384615384,94,20240618,94-CF 20240618.xlsx,std,e,a,ETI,0.32000000000000006
41,30,784.2,94,20240618,94-CF 20240618.xlsx,std,e,a,ETI,0.32000000000000006
41,40,851.64,94,20240618,94-CF 20240618.xlsx,std,e,a,ETI,0.32000000000000006
41,50,902.32,94,20240618,94-CF 20240618.xlsx,std,e,a,ETI,0.32000000000000006
41,60,916.56,94,20240618,94-CF 20240618.xlsx,std,e,a,ETI,0.32000000000000006
42,0,485.047619047619,94,20240618,94-CF 20240618.xlsx,std,e,b,ETI,0.32000000000000006
42,10,530.051282051282,94,20240618,94-CF 20240618.xlsx,std,e,b,ETI,0.32000000000000006
42,20,612.333333333333,94,20240618,94-CF 20240618.xlsx,std,e,b,ETI,0.32000000000000006
42,30,710.820512820512,94,20240618,94-CF 20240618.xlsx,std,e,b,ETI,0.32000000000000006
42,40,804.394736842105,94,20240618,94-CF 20240618.xlsx,std,e,b,ETI,0.32000000000000006
42,50,885.405405405405,94,20240618,94-CF 20240618.xlsx,std,e,b,ETI,0.32000000000000006
42,60,885.526315789473,94,20240618,94-CF 20240618.xlsx,std,e,b,ETI,0.32000000000000006
43,0,623.37037037037,94,20240618,94-CF 20240618.xlsx,std,f,a,ETI,0.8000000000000002
43,10,717.692307692307,94,20240618,94-CF 20240618.xlsx,std,f,a,ETI,0.8000000000000002
43,20,827.37037037037,94,20240618,94-CF 20240618.xlsx,std,f,a,ETI,0.8000000000000002
43,30,899.928571428571,94,20240618,94-CF 20240618.xlsx,std,f,a,ETI,0.8000000000000002
43,40,982.75,94,20240618,94-CF 20240618.xlsx,std,f,a,ETI,0.8000000000000002
43,50,999.448275862069,94,20240618,94-CF 20240618.xlsx,std,f,a,ETI,0.8000000000000002
43,60,1029.55172413793,94,20240618,94-CF 20240618.xlsx,std,f,a,ETI,0.8000000000000002
44,0,449.696969696969,94,20240618,94-CF 20240618.xlsx,std,f,b,ETI,0.8000000000000002
44,10,511.46875,94,20240618,94-CF 20240618.xlsx,std,f,b,ETI,0.8000000000000002
44,20,586.029411764705,94,20240618,94-CF 20240618.xlsx,std,f,b,ETI,0.8000000000000002
44,30,669.647058823529,94,20240618,94-CF 20240618.xlsx,std,f,b,ETI,0.8000000000000002
44,40,738.764705882352,94,20240618,94-CF 20240618.xlsx,std,f,b,ETI,0.8000000000000002
44,50,793.294117647058,94,20240618,94-CF 20240618.xlsx,std,f,b,ETI,0.8000000000000002
44,60,827.147058823529,94,20240618,94-CF 20240618.xlsx,std,f,b,ETI,0.8000000000000002
45,0,353.454545454545,94,20240618,94-CF 20240618.xlsx,std,g,a,ETI,2
45,10,408.47619047619,94,20240618,94-CF 20240618.xlsx,std,g,a,ETI,2
45,20,461.090909090909,94,20240618,94-CF 20240618.xlsx,std,g,a,ETI,2
45,30,516.681818181818,94,20240618,94-CF 20240618.xlsx,std,g,a,ETI,2
45,40,588.571428571428,94,20240618,94-CF 20240618.xlsx,std,g,a,ETI,2
45,50,621.333333333333,94,20240618,94-CF 20240618.xlsx,std,g,a,ETI,2
45,60,600.5,94,20240618,94-CF 20240618.xlsx,std,g,a,ETI,2
46,0,584.482758620689,94,20240618,94-CF 20240618.xlsx,std,g,b,ETI,2
46,10,635.482758620689,94,20240618,94-CF 20240618.xlsx,std,g,b,ETI,2
46,20,721.6,94,20240618,94-CF 20240618.xlsx,std,g,b,ETI,2
46,30,868.035714285714,94,20240618,94-CF 20240618.xlsx,std,g,b,ETI,2
46,40,921.655172413793,94,20240618,94-CF 20240618.xlsx,std,g,b,ETI,2
46,50,971.206896551724,94,20240618,94-CF 20240618.xlsx,std,g,b,ETI,2
46,60,976.266666666666,94,20240618,94-CF 20240618.xlsx,std,g,b,ETI,2
47,0,707.384615384615,94,20240618,94-CF 20240618.xlsx,std,h,a,ETI,5
47,10,793.259259259259,94,20240618,94-CF 20240618.xlsx,std,h,a,ETI,5
47,20,1025.76,94,20240618,94-CF 20240618.xlsx,std,h,a,ETI,5
47,30,960.5,94,20240618,94-CF 20240618.xlsx,std,h,a,ETI,5
47,40,1080.75862068965,94,20240618,94-CF 20240618.xlsx,std,h,a,ETI,5
47,50,1149.68965517241,94,20240618,94-CF 20240618.xlsx,std,h,a,ETI,5
47,60,1085.54838709677,94,20240618,94-CF 20240618.xlsx,std,h,a,ETI,5
48,0,566.136363636363,94,20240618,94-CF 20240618.xlsx,std,h,b,ETI,5
48,10,635.043478260869,94,20240618,94-CF 20240618.xlsx,std,h,b,ETI,5
48,20,750.043478260869,94,20240618,94-CF 20240618.xlsx,std,h,b,ETI,5
48,30,843.086956521739,94,20240618,94-CF 20240618.xlsx,std,h,b,ETI,5
48,40,919.391304347826,94,20240618,94-CF 20240618.xlsx,std,h,b,ETI,5
48,50,930.916666666666,94,20240618,94-CF 20240618.xlsx,std,h,b,ETI,5
48,60,950.416666666666,94,20240618,94-CF 20240618.xlsx,std,h,b,ETI,5
49,0,691.346153846153,94,20240618,94-CF 20240618.xlsx,std,a,a,VTI,0.008192000000000003
49,10,663.481481481481,94,20240618,94-CF 20240618.xlsx,std,a,a,VTI,0.008192000000000003
49,20,724.615384615384,94,20240618,94-CF 20240618.xlsx,std,a,a,VTI,0.008192000000000003
49,30,785.26923076923,94,20240618,94-CF 20240618.xlsx,std,a,a,VTI,0.008192000000000003
49,40,845.730769230769,94,20240618,94-CF 20240618.xlsx,std,a,a,VTI,0.008192000000000003
49,50,931.24,94,20240618,94-CF 20240618.xlsx,std,a,a,VTI,0.008192000000000003
49,60,1107.13636363636,94,20240618,94-CF 20240618.xlsx,std,a,a,VTI,0.008192000000000003
50,0,478.5,94,20240618,94-CF 20240618.xlsx,std,a,b,VTI,0.008192000000000003
50,10,454.733333333333,94,20240618,94-CF 20240618.xlsx,std,a,b,VTI,0.008192000000000003
50,20,494.551724137931,94,20240618,94-CF 20240618.xlsx,std,a,b,VTI,0.008192000000000003
50,30,556.785714285714,94,20240618,94-CF 20240618.xlsx,std,a,b,VTI,0.008192000000000003
50,40,616.607142857142,94,20240618,94-CF 20240618.xlsx,std,a,b,VTI,0.008192000000000003
50,50,661.678571428571,94,20240618,94-CF 20240618.xlsx,std,a,b,VTI,0.008192000000000003
50,60,692.535714285714,94,20240618,94-CF 20240618.xlsx,std,a,b,VTI,0.008192000000000003
51,0,457.285714285714,94,20240618,94-CF 20240618.xlsx,std,b,a,VTI,0.02048000000000001
51,10,466.714285714285,94,20240618,94-CF 20240618.xlsx,std,b,a,VTI,0.02048000000000001
51,20,509.742857142857,94,20240618,94-CF 20240618.xlsx,std,b,a,VTI,0.02048000000000001
51,30,542.783783783783,94,20240618,94-CF 20240618.xlsx,std,b,a,VTI,0.02048000000000001
51,40,664.941176470588,94,20240618,94-CF 20240618.xlsx,std,b,a,VTI,0.02048000000000001
51,50,761.242424242424,94,20240618,94-CF 20240618.xlsx,std,b,a,VTI,0.02048000000000001
51,60,751.228571428571,94,20240618,94-CF 20240618.xlsx,std,b,a,VTI,0.02048000000000001
52,0,498.25,94,20240618,94-CF 20240618.xlsx,std,b,b,VTI,0.02048000000000001
52,10,525.210526315789,94,20240618,94-CF 20240618.xlsx,std,b,b,VTI,0.02048000000000001
52,20,538.75,94,20240618,94-CF 20240618.xlsx,std,b,b,VTI,0.02048000000000001
52,30,595.5,94,20240618,94-CF 20240618.xlsx,std,b,b,VTI,0.02048000000000001
52,40,673.4,94,20240618,94-CF 20240618.xlsx,std,b,b,VTI,0.02048000000000001
52,50,727.3,94,20240618,94-CF 20240618.xlsx,std,b,b,VTI,0.02048000000000001
52,60,763.65,94,20240618,94-CF 20240618.xlsx,std,b,b,VTI,0.02048000000000001
53,0,721.533333333333,94,20240618,94-CF 20240618.xlsx,std,c,a,VTI,0.05120000000000001
53,10,754.6,94,20240618,94-CF 20240618.xlsx,std,c,a,VTI,0.05120000000000001
53,20,830.6,94,20240618,94-CF 20240618.xlsx,std,c,a,VTI,0.05120000000000001
53,30,901,94,20240618,94-CF 20240618.xlsx,std,c,a,VTI,0.05120000000000001
53,40,1028.93333333333,94,20240618,94-CF 20240618.xlsx,std,c,a,VTI,0.05120000000000001
53,50,1108.93333333333,94,20240618,94-CF 20240618.xlsx,std,c,a,VTI,0.05120000000000001
53,60,1087.8064516129,94,20240618,94-CF 20240618.xlsx,std,c,a,VTI,0.05120000000000001
54,0,484.774193548387,94,20240618,94-CF 20240618.xlsx,std,c,b,VTI,0.05120000000000001
54,10,494.866666666666,94,20240618,94-CF 20240618.xlsx,std,c,b,VTI,0.05120000000000001
54,20,545.931034482758,94,20240618,94-CF 20240618.xlsx,std,c,b,VTI,0.05120000000000001
54,30,586.5,94,20240618,94-CF 20240618.xlsx,std,c,b,VTI,0.05120000000000001
54,40,651.7,94,20240618,94-CF 20240618.xlsx,std,c,b,VTI,0.05120000000000001
54,50,737.464285714285,94,20240618,94-CF 20240618.xlsx,std,c,b,VTI,0.05120000000000001
54,60,661.71875,94,20240618,94-CF 20240618.xlsx,std,c,b,VTI,0.05120000000000001
55,0,572.173913043478,94,20240618,94-CF 20240618.xlsx,std,d,a,VTI,0.12800000000000003
55,10,569.347826086956,94,20240618,94-CF 20240618.xlsx,std,d,a,VTI,0.12800000000000003
55,20,630.130434782608,94,20240618,94-CF 20240618.xlsx,std,d,a,VTI,0.12800000000000003
55,30,733.95652173913,94,20240618,94-CF 20240618.xlsx,std,d,a,VTI,0.12800000000000003
55,40,813.304347826087,94,20240618,94-CF 20240618.xlsx,std,d,a,VTI,0.12800000000000003
55,50,870.086956521739,94,20240618,94-CF 20240618.xlsx,std,d,a,VTI,0.12800000000000003
55,60,902.608695652173,94,20240618,94-CF 20240618.xlsx,std,d,a,VTI,0.12800000000000003
56,0,578.275862068965,94,20240618,94-CF 20240618.xlsx,std,d,b,VTI,0.12800000000000003
56,10,670.24,94,20240618,94-CF 20240618.xlsx,std,d,b,VTI,0.12800000000000003
56,20,804.25,94,20240618,94-CF 20240618.xlsx,std,d,b,VTI,0.12800000000000003
56,30,907.72,94,20240618,94-CF 20240618.xlsx,std,d,b,VTI,0.12800000000000003
56,40,1065.33333333333,94,20240618,94-CF 20240618.xlsx,std,d,b,VTI,0.12800000000000003
56,50,1147.25,94,20240618,94-CF 20240618.xlsx,std,d,b,VTI,0.12800000000000003
56,60,1146.92,94,20240618,94-CF 20240618.xlsx,std,d,b,VTI,0.12800000000000003
57,0,493.25,94,20240618,94-CF 20240618.xlsx,std,e,a,VTI,0.32000000000000006
57,10,529.677419354838,94,20240618,94-CF 20240618.xlsx,std,e,a,VTI,0.32000000000000006
57,20,645.533333333333,94,20240618,94-CF 20240618.xlsx,std,e,a,VTI,0.32000000000000006
57,30,715,94,20240618,94-CF 20240618.xlsx,std,e,a,VTI,0.32000000000000006
57,40,794.344827586206,94,20240618,94-CF 20240618.xlsx,std,e,a,VTI,0.32000000000000006
57,50,874.821428571428,94,20240618,94-CF 20240618.xlsx,std,e,a,VTI,0.32000000000000006
57,60,867.724137931034,94,20240618,94-CF 20240618.xlsx,std,e,a,VTI,0.32000000000000006
58,0,469.633333333333,94,20240618,94-CF 20240618.xlsx,std,e,b,VTI,0.32000000000000006
58,10,483.3,94,20240618,94-CF 20240618.xlsx,std,e,b,VTI,0.32000000000000006
58,20,577.066666666666,94,20240618,94-CF 20240618.xlsx,std,e,b,VTI,0.32000000000000006
58,30,698.620689655172,94,20240618,94-CF 20240618.xlsx,std,e,b,VTI,0.32000000000000006
58,40,816.357142857142,94,20240618,94-CF 20240618.xlsx,std,e,b,VTI,0.32000000000000006
58,50,884.571428571428,94,20240618,94-CF 20240618.xlsx,std,e,b,VTI,0.32000000000000006
58,60,907.586206896551,94,20240618,94-CF 20240618.xlsx,std,e,b,VTI,0.32000000000000006
59,0,540.708333333333,94,20240618,94-CF 20240618.xlsx,std,f,a,VTI,0.8000000000000002
59,10,633.91304347826,94,20240618,94-CF 20240618.xlsx,std,f,a,VTI,0.8000000000000002
59,20,654.32,94,20240618,94-CF 20240618.xlsx,std,f,a,VTI,0.8000000000000002
59,30,734.695652173913,94,20240618,94-CF 20240618.xlsx,std,f,a,VTI,0.8000000000000002
59,40,849,94,20240618,94-CF 20240618.xlsx,std,f,a,VTI,0.8000000000000002
59,50,908.478260869565,94,20240618,94-CF 20240618.xlsx,std,f,a,VTI,0.8000000000000002
59,60,938.954545454545,94,20240618,94-CF 20240618.xlsx,std,f,a,VTI,0.8000000000000002
60,0,530.371428571428,94,20240618,94-CF 20240618.xlsx,std,f,b,VTI,0.8000000000000002
60,10,561.222222222222,94,20240618,94-CF 20240618.xlsx,std,f,b,VTI,0.8000000000000002
60,20,694.205882352941,94,20240618,94-CF 20240618.xlsx,std,f,b,VTI,0.8000000000000002
60,30,773.235294117647,94,20240618,94-CF 20240618.xlsx,std,f,b,VTI,0.8000000000000002
60,40,843.176470588235,94,20240618,94-CF 20240618.xlsx,std,f,b,VTI,0.8000000000000002
60,50,862.428571428571,94,20240618,94-CF 20240618.xlsx,std,f,b,VTI,0.8000000000000002
60,60,848.342857142857,94,20240618,94-CF 20240618.xlsx,std,f,b,VTI,0.8000000000000002
61,0,647.6,94,20240618,94-CF 20240618.xlsx,std,g,a,VTI,2
61,10,769.931034482758,94,20240618,94-CF 20240618.xlsx,std,g,a,VTI,2
61,20,838.25,94,20240618,94-CF 20240618.xlsx,std,g,a,VTI,2
61,30,966.870967741935,94,20240618,94-CF 20240618.xlsx,std,g,a,VTI,2
61,40,1095.06666666666,94,20240618,94-CF 20240618.xlsx,std,g,a,VTI,2
61,50,1201.41379310344,94,20240618,94-CF 20240618.xlsx,std,g,a,VTI,2
61,60,1183.1,94,20240618,94-CF 20240618.xlsx,std,g,a,VTI,2
62,0,460.969696969697,94,20240618,94-CF 20240618.xlsx,std,g,b,VTI,2
62,10,555.15625,94,20240618,94-CF 20240618.xlsx,std,g,b,VTI,2
62,20,619.705882352941,94,20240618,94-CF 20240618.xlsx,std,g,b,VTI,2
62,30,759,94,20240618,94-CF 20240618.xlsx,std,g,b,VTI,2
62,40,780.818181818181,94,20240618,94-CF 20240618.xlsx,std,g,b,VTI,2
62,50,800.911764705882,94,20240618,94-CF 20240618.xlsx,std,g,b,VTI,2
62,60,841.030303030303,94,20240618,94-CF 20240618.xlsx,std,g,b,VTI,2
63,0,596.121212121212,94,20240618,94-CF 20240618.xlsx,std,h,a,VTI,5
63,10,699.757575757575,94,20240618,94-CF 20240618.xlsx,std,h,a,VTI,5
63,20,821.90909090909,94,20240618,94-CF 20240618.xlsx,std,h,a,VTI,5
63,30,917.060606060606,94,20240618,94-CF 20240618.xlsx,std,h,a,VTI,5
63,40,1001.24242424242,94,20240618,94-CF 20240618.xlsx,std,h,a,VTI,5
63,50,1023.55882352941,94,20240618,94-CF 20240618.xlsx,std,h,a,VTI,5
63,60,1038.70588235294,94,20240618,94-CF 20240618.xlsx,std,h,a,VTI,5
64,0,447.923076923076,94,20240618,94-CF 20240618.xlsx,std,h,b,VTI,5
64,10,544.423076923076,94,20240618,94-CF 20240618.xlsx,std,h,b,VTI,5
64,20,590.357142857142,94,20240618,94-CF 20240618.xlsx,std,h,b,VTI,5
64,30,684.629629629629,94,20240618,94-CF 20240618.xlsx,std,h,b,VTI,5
64,40,687.137931034482,94,20240618,94-CF 20240618.xlsx,std,h,b,VTI,5
64,50,760.962962962962,94,20240618,94-CF 20240618.xlsx,std,h,b,VTI,5
64,60,775.962962962962,94,20240618,94-CF 20240618.xlsx,std,h,b,VTI,5
73,0,432.318181818181,94,20240618,94-CF 20240618.xlsx,std,h,a,FskOnly,5
73,10,427.090909090909,94,20240618,94-CF 20240618.xlsx,std,h,a,FskOnly,5
73,20,423.272727272727,94,20240618,94-CF 20240618.xlsx,std,h,a,FskOnly,5
73,30,419.136363636363,94,20240618,94-CF 20240618.xlsx,std,h,a,FskOnly,5
73,40,409.090909090909,94,20240618,94-CF 20240618.xlsx,std,h,a,FskOnly,5
73,50,404.772727272727,94,20240618,94-CF 20240618.xlsx,std,h,a,FskOnly,5
73,60,401.590909090909,94,20240618,94-CF 20240618.xlsx,std,h,a,FskOnly,5
74,0,552.625,94,20240618,94-CF 20240618.xlsx,std,h,b,FskOnly,5
74,10,522.791666666666,94,20240618,94-CF 20240618.xlsx,std,h,b,FskOnly,5
74,20,511.125,94,20240618,94-CF 20240618.xlsx,std,h,b,FskOnly,5
74,30,504.041666666666,94,20240618,94-CF 20240618.xlsx,std,h,b,FskOnly,5
74,40,497.291666666666,94,20240618,94-CF 20240618.xlsx,std,h,b,FskOnly,5
74,50,487.791666666666,94,20240618,94-CF 20240618.xlsx,std,h,b,FskOnly,5
74,60,485.541666666666,94,20240618,94-CF 20240618.xlsx,std,h,b,FskOnly,5
75,0,381.538461538461,94,20240618,94-CF 20240618.xlsx,std,f,a,FskOnly,0.8000000000000002
75,10,368.230769230769,94,20240618,94-CF 20240618.xlsx,std,f,a,FskOnly,0.8000000000000002
75,20,362.961538461538,94,20240618,94-CF 20240618.xlsx,std,f,a,FskOnly,0.8000000000000002
75,30,344.37037037037,94,20240618,94-CF 20240618.xlsx,std,f,a,FskOnly,0.8000000000000002
75,40,350.5,94,20240618,94-CF 20240618.xlsx,std,f,a,FskOnly,0.8000000000000002
75,50,350.26923076923,94,20240618,94-CF 20240618.xlsx,std,f,a,FskOnly,0.8000000000000002
75,60,328.035714285714,94,20240618,94-CF 20240618.xlsx,std,f,a,FskOnly,0.8000000000000002
76,0,442.941176470588,94,20240618,94-CF 20240618.xlsx,std,f,b,FskOnly,0.8000000000000002
76,10,431.823529411764,94,20240618,94-CF 20240618.xlsx,std,f,b,FskOnly,0.8000000000000002
76,20,426.117647058823,94,20240618,94-CF 20240618.xlsx,std,f,b,FskOnly,0.8000000000000002
76,30,419.647058823529,94,20240618,94-CF 20240618.xlsx,std,f,b,FskOnly,0.8000000000000002
76,40,415.588235294117,94,20240618,94-CF 20240618.xlsx,std,f,b,FskOnly,0.8000000000000002
76,50,386.833333333333,94,20240618,94-CF 20240618.xlsx,std,f,b,FskOnly,0.8000000000000002
76,60,409.588235294117,94,20240618,94-CF 20240618.xlsx,std,f,b,FskOnly,0.8000000000000002
77,0,560.40909090909,94,20240618,94-CF 20240618.xlsx,std,d,a,FskOnly,0.12800000000000003
77,10,557.488372093023,94,20240618,94-CF 20240618.xlsx,std,d,a,FskOnly,0.12800000000000003
77,20,582.292682926829,94,20240618,94-CF 20240618.xlsx,std,d,a,FskOnly,0.12800000000000003
77,30,555.186046511627,94,20240618,94-CF 20240618.xlsx,std,d,a,FskOnly,0.12800000000000003
77,40,569.214285714285,94,20240618,94-CF 20240618.xlsx,std,d,a,FskOnly,0.12800000000000003
77,50,541.590909090909,94,20240618,94-CF 20240618.xlsx,std,d,a,FskOnly,0.12800000000000003
77,60,574.142857142857,94,20240618,94-CF 20240618.xlsx,std,d,a,FskOnly,0.12800000000000003
78,0,435.060606060606,94,20240618,94-CF 20240618.xlsx,std,d,b,FskOnly,0.12800000000000003
78,10,400.285714285714,94,20240618,94-CF 20240618.xlsx,std,d,b,FskOnly,0.12800000000000003
78,20,399.171428571428,94,20240618,94-CF 20240618.xlsx,std,d,b,FskOnly,0.12800000000000003
78,30,409.676470588235,94,20240618,94-CF 20240618.xlsx,std,d,b,FskOnly,0.12800000000000003
78,40,411.794117647058,94,20240618,94-CF 20240618.xlsx,std,d,b,FskOnly,0.12800000000000003
78,50,412.5,94,20240618,94-CF 20240618.xlsx,std,d,b,FskOnly,0.12800000000000003
78,60,411.588235294117,94,20240618,94-CF 20240618.xlsx,std,d,b,FskOnly,0.12800000000000003
79,0,554.692307692307,94,20240618,94-CF 20240618.xlsx,std,b,a,FskOnly,0.02048000000000001
79,10,554.807692307692,94,20240618,94-CF 20240618.xlsx,std,b,a,FskOnly,0.02048000000000001
79,20,593.36,94,20240618,94-CF 20240618.xlsx,std,b,a,FskOnly,0.02048000000000001
79,30,589.846153846153,94,20240618,94-CF 20240618.xlsx,std,b,a,FskOnly,0.02048000000000001
79,40,622.36,94,20240618,94-CF 20240618.xlsx,std,b,a,FskOnly,0.02048000000000001
79,50,610.307692307692,94,20240618,94-CF 20240618.xlsx,std,b,a,FskOnly,0.02048000000000001
79,60,616.576923076923,94,20240618,94-CF 20240618.xlsx,std,b,a,FskOnly,0.02048000000000001
80,0,430.925925925925,94,20240618,94-CF 20240618.xlsx,std,b,b,FskOnly,0.02048000000000001
80,10,444.76923076923,94,20240618,94-CF 20240618.xlsx,std,b,b,FskOnly,0.02048000000000001
80,20,469.88,94,20240618,94-CF 20240618.xlsx,std,b,b,FskOnly,0.02048000000000001
80,30,479.16,94,20240618,94-CF 20240618.xlsx,std,b,b,FskOnly,0.02048000000000001
80,40,507.25,94,20240618,94-CF 20240618.xlsx,std,b,b,FskOnly,0.02048000000000001
80,50,513.916666666666,94,20240618,94-CF 20240618.xlsx,std,b,b,FskOnly,0.02048000000000001
80,60,515.208333333333,94,20240618,94-CF 20240618.xlsx,std,b,b,FskOnly,0.02048000000000001
1,0,289.904761904761,96,20240510,96-CF 20240510.xlsx,std,1,a,ETI,0.008192000000000003
1,10,296.619047619047,96,20240510,96-CF 20240510.xlsx,std,1,a,ETI,0.008192000000000003
1,20,333.2,96,20240510,96-CF 20240510.xlsx,std,1,a,ETI,0.008192000000000003
1,30,346.047619047619,96,20240510,96-CF 20240510.xlsx,std,1,a,ETI,0.008192000000000003
1,40,369.761904761904,96,20240510,96-CF 20240510.xlsx,std,1,a,ETI,0.008192000000000003
1,50,385.571428571428,96,20240510,96-CF 20240510.xlsx,std,1,a,ETI,0.008192000000000003
1,60,395.095238095238,96,20240510,96-CF 20240510.xlsx,std,1,a,ETI,0.008192000000000003
2,0,291.791666666666,96,20240510,96-CF 20240510.xlsx,std,1,b,ETI,0.008192000000000003
2,10,315.818181818181,96,20240510,96-CF 20240510.xlsx,std,1,b,ETI,0.008192000000000003
2,20,323.782608695652,96,20240510,96-CF 20240510.xlsx,std,1,b,ETI,0.008192000000000003
2,30,358.181818181818,96,20240510,96-CF 20240510.xlsx,std,1,b,ETI,0.008192000000000003
2,40,385.545454545454,96,20240510,96-CF 20240510.xlsx,std,1,b,ETI,0.008192000000000003
2,50,403.181818181818,96,20240510,96-CF 20240510.xlsx,std,1,b,ETI,0.008192000000000003
2,60,418.954545454545,96,20240510,96-CF 20240510.xlsx,std,1,b,ETI,0.008192000000000003
3,0,277.421052631578,96,20240510,96-CF 20240510.xlsx,std,2,a,ETI,0.02048000000000001
3,10,288.842105263157,96,20240510,96-CF 20240510.xlsx,std,2,a,ETI,0.02048000000000001
3,20,307.3,96,20240510,96-CF 20240510.xlsx,std,2,a,ETI,0.02048000000000001
3,30,330.2,96,20240510,96-CF 20240510.xlsx,std,2,a,ETI,0.02048000000000001
3,40,389.555555555555,96,20240510,96-CF 20240510.xlsx,std,2,a,ETI,0.02048000000000001
3,50,390.052631578947,96,20240510,96-CF 20240510.xlsx,std,2,a,ETI,0.02048000000000001
3,60,404.473684210526,96,20240510,96-CF 20240510.xlsx,std,2,a,ETI,0.02048000000000001
4,0,396.043478260869,96,20240510,96-CF 20240510.xlsx,std,2,b,ETI,0.02048000000000001
4,10,424.434782608695,96,20240510,96-CF 20240510.xlsx,std,2,b,ETI,0.02048000000000001
4,20,472.695652173913,96,20240510,96-CF 20240510.xlsx,std,2,b,ETI,0.02048000000000001
4,30,525.869565217391,96,20240510,96-CF 20240510.xlsx,std,2,b,ETI,0.02048000000000001
4,40,605.090909090909,96,20240510,96-CF 20240510.xlsx,std,2,b,ETI,0.02048000000000001
4,50,601.173913043478,96,20240510,96-CF 20240510.xlsx,std,2,b,ETI,0.02048000000000001
4,60,579.478260869565,96,20240510,96-CF 20240510.xlsx,std,2,b,ETI,0.02048000000000001
5,0,290.958333333333,96,20240510,96-CF 20240510.xlsx,std,3,a,ETI,0.05120000000000001
5,10,297.75,96,20240510,96-CF 20240510.xlsx,std,3,a,ETI,0.05120000000000001
5,20,353.217391304347,96,20240510,96-CF 20240510.xlsx,std,3,a,ETI,0.05120000000000001
5,30,409.173913043478,96,20240510,96-CF 20240510.xlsx,std,3,a,ETI,0.05120000000000001
5,40,437.291666666666,96,20240510,96-CF 20240510.xlsx,std,3,a,ETI,0.05120000000000001
5,50,460.041666666666,96,20240510,96-CF 20240510.xlsx,std,3,a,ETI,0.05120000000000001
5,60,471.217391304347,96,20240510,96-CF 20240510.xlsx,std,3,a,ETI,0.05120000000000001
6,0,321.857142857142,96,20240510,96-CF 20240510.xlsx,std,3,b,ETI,0.05120000000000001
6,10,317.433333333333,96,20240510,96-CF 20240510.xlsx,std,3,b,ETI,0.05120000000000001
6,20,368.833333333333,96,20240510,96-CF 20240510.xlsx,std,3,b,ETI,0.05120000000000001
6,30,439.827586206896,96,20240510,96-CF 20240510.xlsx,std,3,b,ETI,0.05120000000000001
6,40,488.103448275862,96,20240510,96-CF 20240510.xlsx,std,3,b,ETI,0.05120000000000001
6,50,533.107142857142,96,20240510,96-CF 20240510.xlsx,std,3,b,ETI,0.05120000000000001
6,60,505.896551724137,96,20240510,96-CF 20240510.xlsx,std,3,b,ETI,0.05120000000000001
7,0,334.696969696969,96,20240510,96-CF 20240510.xlsx,std,4,a,ETI,0.12800000000000003
7,10,349.363636363636,96,20240510,96-CF 20240510.xlsx,std,4,a,ETI,0.12800000000000003
7,20,392.166666666666,96,20240510,96-CF 20240510.xlsx,std,4,a,ETI,0.12800000000000003
7,30,467.971428571428,96,20240510,96-CF 20240510.xlsx,std,4,a,ETI,0.12800000000000003
7,40,516.857142857142,96,20240510,96-CF 20240510.xlsx,std,4,a,ETI,0.12800000000000003
7,50,542.371428571428,96,20240510,96-CF 20240510.xlsx,std,4,a,ETI,0.12800000000000003
7,60,560.142857142857,96,20240510,96-CF 20240510.xlsx,std,4,a,ETI,0.12800000000000003
8,0,257.684210526315,96,20240510,96-CF 20240510.xlsx,std,4,b,ETI,0.12800000000000003
8,10,273.307692307692,96,20240510,96-CF 20240510.xlsx,std,4,b,ETI,0.12800000000000003
8,20,315.731707317073,96,20240510,96-CF 20240510.xlsx,std,4,b,ETI,0.12800000000000003
8,30,353.095238095238,96,20240510,96-CF 20240510.xlsx,std,4,b,ETI,0.12800000000000003
8,40,406.65,96,20240510,96-CF 20240510.xlsx,std,4,b,ETI,0.12800000000000003
8,50,404.547619047619,96,20240510,96-CF 20240510.xlsx,std,4,b,ETI,0.12800000000000003
8,60,411.275,96,20240510,96-CF 20240510.xlsx,std,4,b,ETI,0.12800000000000003
9,0,351.26923076923,96,20240510,96-CF 20240510.xlsx,std,5,a,ETI,0.32000000000000006
9,10,400.458333333333,96,20240510,96-CF 20240510.xlsx,std,5,a,ETI,0.32000000000000006
9,20,491.625,96,20240510,96-CF 20240510.xlsx,std,5,a,ETI,0.32000000000000006
9,30,544.48,96,20240510,96-CF 20240510.xlsx,std,5,a,ETI,0.32000000000000006
9,40,582.653846153846,96,20240510,96-CF 20240510.xlsx,std,5,a,ETI,0.32000000000000006
9,50,618,96,20240510,96-CF 20240510.xlsx,std,5,a,ETI,0.32000000000000006
9,60,634.153846153846,96,20240510,96-CF 20240510.xlsx,std,5,a,ETI,0.32000000000000006
10,0,367.433333333333,96,20240510,96-CF 20240510.xlsx,std,5,b,ETI,0.32000000000000006
10,10,400.90625,96,20240510,96-CF 20240510.xlsx,std,5,b,ETI,0.32000000000000006
10,20,484.696969696969,96,20240510,96-CF 20240510.xlsx,std,5,b,ETI,0.32000000000000006
10,30,565.818181818181,96,20240510,96-CF 20240510.xlsx,std,5,b,ETI,0.32000000000000006
10,40,630.878787878787,96,20240510,96-CF 20240510.xlsx,std,5,b,ETI,0.32000000000000006
10,50,696,96,20240510,96-CF 20240510.xlsx,std,5,b,ETI,0.32000000000000006
10,60,693.34375,96,20240510,96-CF 20240510.xlsx,std,5,b,ETI,0.32000000000000006
11,0,284.242424242424,96,20240510,96-CF 20240510.xlsx,std,6,a,ETI,0.8000000000000002
11,10,341.424242424242,96,20240510,96-CF 20240510.xlsx,std,6,a,ETI,0.8000000000000002
11,20,426.15625,96,20240510,96-CF 20240510.xlsx,std,6,a,ETI,0.8000000000000002
11,30,490.066666666666,96,20240510,96-CF 20240510.xlsx,std,6,a,ETI,0.8000000000000002
11,40,524.419354838709,96,20240510,96-CF 20240510.xlsx,std,6,a,ETI,0.8000000000000002
11,50,546.774193548387,96,20240510,96-CF 20240510.xlsx,std,6,a,ETI,0.8000000000000002
11,60,512.290322580645,96,20240510,96-CF 20240510.xlsx,std,6,a,ETI,0.8000000000000002
12,0,332.8,96,20240510,96-CF 20240510.xlsx,std,6,b,ETI,0.8000000000000002
12,10,379.4,96,20240510,96-CF 20240510.xlsx,std,6,b,ETI,0.8000000000000002
12,20,438.8,96,20240510,96-CF 20240510.xlsx,std,6,b,ETI,0.8000000000000002
12,30,470.333333333333,96,20240510,96-CF 20240510.xlsx,std,6,b,ETI,0.8000000000000002
12,40,513.47619047619,96,20240510,96-CF 20240510.xlsx,std,6,b,ETI,0.8000000000000002
12,50,510.227272727272,96,20240510,96-CF 20240510.xlsx,std,6,b,ETI,0.8000000000000002
12,60,540.952380952381,96,20240510,96-CF 20240510.xlsx,std,6,b,ETI,0.8000000000000002
13,0,270.03448275862,96,20240510,96-CF 20240510.xlsx,std,7,a,ETI,2
13,10,318.533333333333,96,20240510,96-CF 20240510.xlsx,std,7,a,ETI,2
13,20,389.8,96,20240510,96-CF 20240510.xlsx,std,7,a,ETI,2
13,30,444.733333333333,96,20240510,96-CF 20240510.xlsx,std,7,a,ETI,2
13,40,486.6,96,20240510,96-CF 20240510.xlsx,std,7,a,ETI,2
13,50,509.433333333333,96,20240510,96-CF 20240510.xlsx,std,7,a,ETI,2
13,60,506.633333333333,96,20240510,96-CF 20240510.xlsx,std,7,a,ETI,2
14,0,233.8,96,20240510,96-CF 20240510.xlsx,std,7,b,ETI,2
14,10,276,96,20240510,96-CF 20240510.xlsx,std,7,b,ETI,2
14,20,297,96,20240510,96-CF 20240510.xlsx,std,7,b,ETI,2
14,30,342.842105263157,96,20240510,96-CF 20240510.xlsx,std,7,b,ETI,2
14,40,377.736842105263,96,20240510,96-CF 20240510.xlsx,std,7,b,ETI,2
14,50,394.947368421052,96,20240510,96-CF 20240510.xlsx,std,7,b,ETI,2
14,60,415.5,96,20240510,96-CF 20240510.xlsx,std,7,b,ETI,2
15,0,303.84,96,20240510,96-CF 20240510.xlsx,std,8,a,ETI,5
15,10,365.461538461538,96,20240510,96-CF 20240510.xlsx,std,8,a,ETI,5
15,20,435.307692307692,96,20240510,96-CF 20240510.xlsx,std,8,a,ETI,5
15,30,479.074074074074,96,20240510,96-CF 20240510.xlsx,std,8,a,ETI,5
15,40,543.846153846153,96,20240510,96-CF 20240510.xlsx,std,8,a,ETI,5
15,50,547.222222222222,96,20240510,96-CF 20240510.xlsx,std,8,a,ETI,5
15,60,565.153846153846,96,20240510,96-CF 20240510.xlsx,std,8,a,ETI,5
16,0,278.875,96,20240510,96-CF 20240510.xlsx,std,8,b,ETI,5
16,10,359.375,96,20240510,96-CF 20240510.xlsx,std,8,b,ETI,5
16,20,443.516129032258,96,20240510,96-CF 20240510.xlsx,std,8,b,ETI,5
16,30,503.903225806451,96,20240510,96-CF 20240510.xlsx,std,8,b,ETI,5
16,40,511.545454545454,96,20240510,96-CF 20240510.xlsx,std,8,b,ETI,5
16,50,552.741935483871,96,20240510,96-CF 20240510.xlsx,std,8,b,ETI,5
16,60,463.457142857142,96,20240510,96-CF 20240510.xlsx,std,8,b,ETI,5
17,0,320.894736842105,96,20240510,96-CF 20240510.xlsx,std,1,a,VTI,0.008192000000000003
17,10,322.263157894736,96,20240510,96-CF 20240510.xlsx,std,1,a,VTI,0.008192000000000003
17,20,363.777777777777,96,20240510,96-CF 20240510.xlsx,std,1,a,VTI,0.008192000000000003
17,30,374.947368421052,96,20240510,96-CF 20240510.xlsx,std,1,a,VTI,0.008192000000000003
17,40,412.578947368421,96,20240510,96-CF 20240510.xlsx,std,1,a,VTI,0.008192000000000003
17,50,451.894736842105,96,20240510,96-CF 20240510.xlsx,std,1,a,VTI,0.008192000000000003
17,60,490,96,20240510,96-CF 20240510.xlsx,std,1,a,VTI,0.008192000000000003
18,0,308.757575757575,96,20240510,96-CF 20240510.xlsx,std,1,b,VTI,0.008192000000000003
18,10,307.147058823529,96,20240510,96-CF 20240510.xlsx,std,1,b,VTI,0.008192000000000003
18,20,323.628571428571,96,20240510,96-CF 20240510.xlsx,std,1,b,VTI,0.008192000000000003
18,30,346.083333333333,96,20240510,96-CF 20240510.xlsx,std,1,b,VTI,0.008192000000000003
18,40,377.222222222222,96,20240510,96-CF 20240510.xlsx,std,1,b,VTI,0.008192000000000003
18,50,420.657142857142,96,20240510,96-CF 20240510.xlsx,std,1,b,VTI,0.008192000000000003
18,60,448.2,96,20240510,96-CF 20240510.xlsx,std,1,b,VTI,0.008192000000000003
19,0,359.8,96,20240510,96-CF 20240510.xlsx,std,2,a,VTI,0.02048000000000001
19,10,373.133333333333,96,20240510,96-CF 20240510.xlsx,std,2,a,VTI,0.02048000000000001
19,20,417.133333333333,96,20240510,96-CF 20240510.xlsx,std,2,a,VTI,0.02048000000000001
19,30,471.6,96,20240510,96-CF 20240510.xlsx,std,2,a,VTI,0.02048000000000001
19,40,498.875,96,20240510,96-CF 20240510.xlsx,std,2,a,VTI,0.02048000000000001
19,50,583.066666666666,96,20240510,96-CF 20240510.xlsx,std,2,a,VTI,0.02048000000000001
19,60,605.933333333333,96,20240510,96-CF 20240510.xlsx,std,2,a,VTI,0.02048000000000001
20,0,377.933333333333,96,20240510,96-CF 20240510.xlsx,std,2,b,VTI,0.02048000000000001
20,10,351.575757575757,96,20240510,96-CF 20240510.xlsx,std,2,b,VTI,0.02048000000000001
20,20,415.741935483871,96,20240510,96-CF 20240510.xlsx,std,2,b,VTI,0.02048000000000001
20,30,458.03125,96,20240510,96-CF 20240510.xlsx,std,2,b,VTI,0.02048000000000001
20,40,501.878787878787,96,20240510,96-CF 20240510.xlsx,std,2,b,VTI,0.02048000000000001
20,50,556.84375,96,20240510,96-CF 20240510.xlsx,std,2,b,VTI,0.02048000000000001
20,60,607.225806451612,96,20240510,96-CF 20240510.xlsx,std,2,b,VTI,0.02048000000000001
21,0,255.615384615384,96,20240510,96-CF 20240510.xlsx,std,3,a,VTI,0.05120000000000001
21,10,274.653846153846,96,20240510,96-CF 20240510.xlsx,std,3,a,VTI,0.05120000000000001
21,20,307,96,20240510,96-CF 20240510.xlsx,std,3,a,VTI,0.05120000000000001
21,30,354.892857142857,96,20240510,96-CF 20240510.xlsx,std,3,a,VTI,0.05120000000000001
21,40,375.344827586206,96,20240510,96-CF 20240510.xlsx,std,3,a,VTI,0.05120000000000001
21,50,402,96,20240510,96-CF 20240510.xlsx,std,3,a,VTI,0.05120000000000001
21,60,385.724137931034,96,20240510,96-CF 20240510.xlsx,std,3,a,VTI,0.05120000000000001
22,0,262.277777777777,96,20240510,96-CF 20240510.xlsx,std,3,b,VTI,0.05120000000000001
22,10,273.5,96,20240510,96-CF 20240510.xlsx,std,3,b,VTI,0.05120000000000001
22,20,309.526315789473,96,20240510,96-CF 20240510.xlsx,std,3,b,VTI,0.05120000000000001
22,30,365.315789473684,96,20240510,96-CF 20240510.xlsx,std,3,b,VTI,0.05120000000000001
22,40,410.421052631578,96,20240510,96-CF 20240510.xlsx,std,3,b,VTI,0.05120000000000001
22,50,440.842105263157,96,20240510,96-CF 20240510.xlsx,std,3,b,VTI,0.05120000000000001
22,60,468.777777777777,96,20240510,96-CF 20240510.xlsx,std,3,b,VTI,0.05120000000000001
23,0,274,96,20240510,96-CF 20240510.xlsx,std,4,a,VTI,0.12800000000000003
23,10,293.807692307692,96,20240510,96-CF 20240510.xlsx,std,4,a,VTI,0.12800000000000003
23,20,370.68,96,20240510,96-CF 20240510.xlsx,std,4,a,VTI,0.12800000000000003
23,30,415.461538461538,96,20240510,96-CF 20240510.xlsx,std,4,a,VTI,0.12800000000000003
23,40,430.178571428571,96,20240510,96-CF 20240510.xlsx,std,4,a,VTI,0.12800000000000003
23,50,472.333333333333,96,20240510,96-CF 20240510.xlsx,std,4,a,VTI,0.12800000000000003
23,60,485.259259259259,96,20240510,96-CF 20240510.xlsx,std,4,a,VTI,0.12800000000000003
24,0,292.473684210526,96,20240510,96-CF 20240510.xlsx,std,4,b,VTI,0.12800000000000003
24,10,331.820512820512,96,20240510,96-CF 20240510.xlsx,std,4,b,VTI,0.12800000000000003
24,20,405.384615384615,96,20240510,96-CF 20240510.xlsx,std,4,b,VTI,0.12800000000000003
24,30,439.809523809523,96,20240510,96-CF 20240510.xlsx,std,4,b,VTI,0.12800000000000003
24,40,495.682926829268,96,20240510,96-CF 20240510.xlsx,std,4,b,VTI,0.12800000000000003
24,50,512.951219512195,96,20240510,96-CF 20240510.xlsx,std,4,b,VTI,0.12800000000000003
24,60,503.690476190476,96,20240510,96-CF 20240510.xlsx,std,4,b,VTI,0.12800000000000003
25,0,320.774193548387,96,20240510,96-CF 20240510.xlsx,std,5,a,VTI,0.32000000000000006
25,10,335.272727272727,96,20240510,96-CF 20240510.xlsx,std,5,a,VTI,0.32000000000000006
25,20,419.125,96,20240510,96-CF 20240510.xlsx,std,5,a,VTI,0.32000000000000006
25,30,466.818181818181,96,20240510,96-CF 20240510.xlsx,std,5,a,VTI,0.32000000000000006
25,40,531.59375,96,20240510,96-CF 20240510.xlsx,std,5,a,VTI,0.32000000000000006
25,50,561.28125,96,20240510,96-CF 20240510.xlsx,std,5,a,VTI,0.32000000000000006
25,60,562.25,96,20240510,96-CF 20240510.xlsx,std,5,a,VTI,0.32000000000000006
26,0,370.214285714285,96,20240510,96-CF 20240510.xlsx,std,5,b,VTI,0.32000000000000006
26,10,400.233333333333,96,20240510,96-CF 20240510.xlsx,std,5,b,VTI,0.32000000000000006
26,20,496.133333333333,96,20240510,96-CF 20240510.xlsx,std,5,b,VTI,0.32000000000000006
26,30,571.4,96,20240510,96-CF 20240510.xlsx,std,5,b,VTI,0.32000000000000006
26,40,671.571428571428,96,20240510,96-CF 20240510.xlsx,std,5,b,VTI,0.32000000000000006
26,50,703.214285714285,96,20240510,96-CF 20240510.xlsx,std,5,b,VTI,0.32000000000000006
26,60,683.068965517241,96,20240510,96-CF 20240510.xlsx,std,5,b,VTI,0.32000000000000006
27,0,259.428571428571,96,20240510,96-CF 20240510.xlsx,std,6,a,VTI,0.8000000000000002
27,10,316.571428571428,96,20240510,96-CF 20240510.xlsx,std,6,a,VTI,0.8000000000000002
27,20,383.571428571428,96,20240510,96-CF 20240510.xlsx,std,6,a,VTI,0.8000000000000002
27,30,436.571428571428,96,20240510,96-CF 20240510.xlsx,std,6,a,VTI,0.8000000000000002
27,40,479.071428571428,96,20240510,96-CF 20240510.xlsx,std,6,a,VTI,0.8000000000000002
27,50,502,96,20240510,96-CF 20240510.xlsx,std,6,a,VTI,0.8000000000000002
27,60,509.785714285714,96,20240510,96-CF 20240510.xlsx,std,6,a,VTI,0.8000000000000002
28,0,347.4,96,20240510,96-CF 20240510.xlsx,std,6,b,VTI,0.8000000000000002
28,10,434.8,96,20240510,96-CF 20240510.xlsx,std,6,b,VTI,0.8000000000000002
28,20,522.9,96,20240510,96-CF 20240510.xlsx,std,6,b,VTI,0.8000000000000002
28,30,590.1,96,20240510,96-CF 20240510.xlsx,std,6,b,VTI,0.8000000000000002
28,40,637.3,96,20240510,96-CF 20240510.xlsx,std,6,b,VTI,0.8000000000000002
28,50,713,96,20240510,96-CF 20240510.xlsx,std,6,b,VTI,0.8000000000000002
28,60,644.65,96,20240510,96-CF 20240510.xlsx,std,6,b,VTI,0.8000000000000002
29,0,282.75,96,20240510,96-CF 20240510.xlsx,std,7,a,VTI,2
29,10,342,96,20240510,96-CF 20240510.xlsx,std,7,a,VTI,2
29,20,398.35294117647,96,20240510,96-CF 20240510.xlsx,std,7,a,VTI,2
29,30,447,96,20240510,96-CF 20240510.xlsx,std,7,a,VTI,2
29,40,476.411764705882,96,20240510,96-CF 20240510.xlsx,std,7,a,VTI,2
29,50,483.411764705882,96,20240510,96-CF 20240510.xlsx,std,7,a,VTI,2
29,60,488.470588235294,96,20240510,96-CF 20240510.xlsx,std,7,a,VTI,2
30,0,302.24,96,20240510,96-CF 20240510.xlsx,std,7,b,VTI,2
30,10,373.76,96,20240510,96-CF 20240510.xlsx,std,7,b,VTI,2
30,20,443.692307692307,96,20240510,96-CF 20240510.xlsx,std,7,b,VTI,2
30,30,549.416666666666,96,20240510,96-CF 20240510.xlsx,std,7,b,VTI,2
30,40,606.583333333333,96,20240510,96-CF 20240510.xlsx,std,7,b,VTI,2
30,50,637.833333333333,96,20240510,96-CF 20240510.xlsx,std,7,b,VTI,2
30,60,632.5,96,20240510,96-CF 20240510.xlsx,std,7,b,VTI,2
31,0,335.434782608695,96,20240510,96-CF 20240510.xlsx,std,8,a,VTI,5
31,10,418.318181818181,96,20240510,96-CF 20240510.xlsx,std,8,a,VTI,5
31,20,470.173913043478,96,20240510,96-CF 20240510.xlsx,std,8,a,VTI,5
31,30,550.181818181818,96,20240510,96-CF 20240510.xlsx,std,8,a,VTI,5
31,40,572.95652173913,96,20240510,96-CF 20240510.xlsx,std,8,a,VTI,5
31,50,611.217391304347,96,20240510,96-CF 20240510.xlsx,std,8,a,VTI,5
31,60,621.478260869565,96,20240510,96-CF 20240510.xlsx,std,8,a,VTI,5
32,0,290.285714285714,96,20240510,96-CF 20240510.xlsx,std,8,b,VTI,5
32,10,354.107142857142,96,20240510,96-CF 20240510.xlsx,std,8,b,VTI,5
32,20,422.107142857142,96,20240510,96-CF 20240510.xlsx,std,8,b,VTI,5
32,30,476.035714285714,96,20240510,96-CF 20240510.xlsx,std,8,b,VTI,5
32,40,512.214285714285,96,20240510,96-CF 20240510.xlsx,std,8,b,VTI,5
32,50,546.851851851851,96,20240510,96-CF 20240510.xlsx,std,8,b,VTI,5
32,60,510.892857142857,96,20240510,96-CF 20240510.xlsx,std,8,b,VTI,5
65,0,265.25,96,20240510,96-CF 20240510.xlsx,std,2,a,FskOnly,0.02048000000000001
65,10,262.3125,96,20240510,96-CF 20240510.xlsx,std,2,a,FskOnly,0.02048000000000001
65,20,272,96,20240510,96-CF 20240510.xlsx,std,2,a,FskOnly,0.02048000000000001
65,30,271.466666666666,96,20240510,96-CF 20240510.xlsx,std,2,a,FskOnly,0.02048000000000001
65,40,269.266666666666,96,20240510,96-CF 20240510.xlsx,std,2,a,FskOnly,0.02048000000000001
65,50,267.333333333333,96,20240510,96-CF 20240510.xlsx,std,2,a,FskOnly,0.02048000000000001
65,60,264.2,96,20240510,96-CF 20240510.xlsx,std,2,a,FskOnly,0.02048000000000001
66,0,282.266666666666,96,20240510,96-CF 20240510.xlsx,std,2,b,FskOnly,0.02048000000000001
66,10,279.9,96,20240510,96-CF 20240510.xlsx,std,2,b,FskOnly,0.02048000000000001
66,20,296.214285714285,96,20240510,96-CF 20240510.xlsx,std,2,b,FskOnly,0.02048000000000001
66,30,293.821428571428,96,20240510,96-CF 20240510.xlsx,std,2,b,FskOnly,0.02048000000000001
66,40,291.678571428571,96,20240510,96-CF 20240510.xlsx,std,2,b,FskOnly,0.02048000000000001
66,50,288.357142857142,96,20240510,96-CF 20240510.xlsx,std,2,b,FskOnly,0.02048000000000001
66,60,287.178571428571,96,20240510,96-CF 20240510.xlsx,std,2,b,FskOnly,0.02048000000000001
67,0,321.423076923076,96,20240510,96-CF 20240510.xlsx,std,4,a,FskOnly,0.12800000000000003
67,10,319.807692307692,96,20240510,96-CF 20240510.xlsx,std,4,a,FskOnly,0.12800000000000003
67,20,317.923076923076,96,20240510,96-CF 20240510.xlsx,std,4,a,FskOnly,0.12800000000000003
67,30,303.851851851851,96,20240510,96-CF 20240510.xlsx,std,4,a,FskOnly,0.12800000000000003
67,40,323.04,96,20240510,96-CF 20240510.xlsx,std,4,a,FskOnly,0.12800000000000003
67,50,324.08,96,20240510,96-CF 20240510.xlsx,std,4,a,FskOnly,0.12800000000000003
67,60,311.192307692307,96,20240510,96-CF 20240510.xlsx,std,4,a,FskOnly,0.12800000000000003
68,0,261.47619047619,96,20240510,96-CF 20240510.xlsx,std,4,b,FskOnly,0.12800000000000003
68,10,261.571428571428,96,20240510,96-CF 20240510.xlsx,std,4,b,FskOnly,0.12800000000000003
68,20,260.666666666666,96,20240510,96-CF 20240510.xlsx,std,4,b,FskOnly,0.12800000000000003
68,30,259.380952380952,96,20240510,96-CF 20240510.xlsx,std,4,b,FskOnly,0.12800000000000003
68,40,259.095238095238,96,20240510,96-CF 20240510.xlsx,std,4,b,FskOnly,0.12800000000000003
68,50,255.857142857142,96,20240510,96-CF 20240510.xlsx,std,4,b,FskOnly,0.12800000000000003
68,60,257,96,20240510,96-CF 20240510.xlsx,std,4,b,FskOnly,0.12800000000000003
69,0,284.735294117647,96,20240510,96-CF 20240510.xlsx,std,6,a,FskOnly,0.8000000000000002
69,10,284.147058823529,96,20240510,96-CF 20240510.xlsx,std,6,a,FskOnly,0.8000000000000002
69,20,285.411764705882,96,20240510,96-CF 20240510.xlsx,std,6,a,FskOnly,0.8000000000000002
69,30,287.85294117647,96,20240510,96-CF 20240510.xlsx,std,6,a,FskOnly,0.8000000000000002
69,40,285.235294117647,96,20240510,96-CF 20240510.xlsx,std,6,a,FskOnly,0.8000000000000002
69,50,288.5,96,20240510,96-CF 20240510.xlsx,std,6,a,FskOnly,0.8000000000000002
69,60,287.941176470588,96,20240510,96-CF 20240510.xlsx,std,6,a,FskOnly,0.8000000000000002
70,0,342.263157894736,96,20240510,96-CF 20240510.xlsx,std,6,b,FskOnly,0.8000000000000002
70,10,338.473684210526,96,20240510,96-CF 20240510.xlsx,std,6,b,FskOnly,0.8000000000000002
70,20,338.78947368421,96,20240510,96-CF 20240510.xlsx,std,6,b,FskOnly,0.8000000000000002
70,30,337.578947368421,96,20240510,96-CF 20240510.xlsx,std,6,b,FskOnly,0.8000000000000002
70,40,335.368421052631,96,20240510,96-CF 20240510.xlsx,std,6,b,FskOnly,0.8000000000000002
70,50,335.78947368421,96,20240510,96-CF 20240510.xlsx,std,6,b,FskOnly,0.8000000000000002
70,60,336.631578947368,96,20240510,96-CF 20240510.xlsx,std,6,b,FskOnly,0.8000000000000002
71,0,310.814814814814,96,20240510,96-CF 20240510.xlsx,std,8,a,FskOnly,5
71,10,309.851851851851,96,20240510,96-CF 20240510.xlsx,std,8,a,FskOnly,5
71,20,304.892857142857,96,20240510,96-CF 20240510.xlsx,std,8,a,FskOnly,5
71,30,313.148148148148,96,20240510,96-CF 20240510.xlsx,std,8,a,FskOnly,5
71,40,334.16,96,20240510,96-CF 20240510.xlsx,std,8,a,FskOnly,5
71,50,337.28,96,20240510,96-CF 20240510.xlsx,std,8,a,FskOnly,5
71,60,339.68,96,20240510,96-CF 20240510.xlsx,std,8,a,FskOnly,5
72,0,287.038461538461,96,20240510,96-CF 20240510.xlsx,std,8,b,FskOnly,5
72,10,284.538461538461,96,20240510,96-CF 20240510.xlsx,std,8,b,FskOnly,5
72,20,288.423076923076,96,20240510,96-CF 20240510.xlsx,std,8,b,FskOnly,5
72,30,288.846153846153,96,20240510,96-CF 20240510.xlsx,std,8,b,FskOnly,5
72,40,287.846153846153,96,20240510,96-CF 20240510.xlsx,std,8,b,FskOnly,5
72,50,288.653846153846,96,20240510,96-CF 20240510.xlsx,std,8,b,FskOnly,5
72,60,289.692307692307,96,20240510,96-CF 20240510.xlsx,std,8,b,FskOnly,5
1,0,235.7,96,20240517,96-CF 20240517.xlsx,std,1,a,ETI,0.008192000000000003
1,10,246,96,20240517,96-CF 20240517.xlsx,std,1,a,ETI,0.008192000000000003
1,20,256.741935483871,96,20240517,96-CF 20240517.xlsx,std,1,a,ETI,0.008192000000000003
1,30,279.741935483871,96,20240517,96-CF 20240517.xlsx,std,1,a,ETI,0.008192000000000003
1,40,303.258064516129,96,20240517,96-CF 20240517.xlsx,std,1,a,ETI,0.008192000000000003
1,50,314.6875,96,20240517,96-CF 20240517.xlsx,std,1,a,ETI,0.008192000000000003
1,60,326.1875,96,20240517,96-CF 20240517.xlsx,std,1,a,ETI,0.008192000000000003
2,0,275.833333333333,96,20240517,96-CF 20240517.xlsx,std,1,b,ETI,0.008192000000000003
2,10,275.72,96,20240517,96-CF 20240517.xlsx,std,1,b,ETI,0.008192000000000003
2,20,302.52,96,20240517,96-CF 20240517.xlsx,std,1,b,ETI,0.008192000000000003
2,30,343.875,96,20240517,96-CF 20240517.xlsx,std,1,b,ETI,0.008192000000000003
2,40,348.115384615384,96,20240517,96-CF 20240517.xlsx,std,1,b,ETI,0.008192000000000003
2,50,388.64,96,20240517,96-CF 20240517.xlsx,std,1,b,ETI,0.008192000000000003
2,60,397.6,96,20240517,96-CF 20240517.xlsx,std,1,b,ETI,0.008192000000000003
3,0,328.454545454545,96,20240517,96-CF 20240517.xlsx,std,2,a,ETI,0.02048000000000001
3,10,332.869565217391,96,20240517,96-CF 20240517.xlsx,std,2,a,ETI,0.02048000000000001
3,20,372.304347826086,96,20240517,96-CF 20240517.xlsx,std,2,a,ETI,0.02048000000000001
3,30,407.708333333333,96,20240517,96-CF 20240517.xlsx,std,2,a,ETI,0.02048000000000001
3,40,434.64,96,20240517,96-CF 20240517.xlsx,std,2,a,ETI,0.02048000000000001
3,50,474.583333333333,96,20240517,96-CF 20240517.xlsx,std,2,a,ETI,0.02048000000000001
3,60,494.833333333333,96,20240517,96-CF 20240517.xlsx,std,2,a,ETI,0.02048000000000001
4,0,272.869565217391,96,20240517,96-CF 20240517.xlsx,std,2,b,ETI,0.02048000000000001
4,10,288.863636363636,96,20240517,96-CF 20240517.xlsx,std,2,b,ETI,0.02048000000000001
4,20,305.565217391304,96,20240517,96-CF 20240517.xlsx,std,2,b,ETI,0.02048000000000001
4,30,344.545454545454,96,20240517,96-CF 20240517.xlsx,std,2,b,ETI,0.02048000000000001
4,40,381.954545454545,96,20240517,96-CF 20240517.xlsx,std,2,b,ETI,0.02048000000000001
4,50,418.954545454545,96,20240517,96-CF 20240517.xlsx,std,2,b,ETI,0.02048000000000001
4,60,442.181818181818,96,20240517,96-CF 20240517.xlsx,std,2,b,ETI,0.02048000000000001
5,0,257.157894736842,96,20240517,96-CF 20240517.xlsx,std,3,a,ETI,0.05120000000000001
5,10,268.631578947368,96,20240517,96-CF 20240517.xlsx,std,3,a,ETI,0.05120000000000001
5,20,290.65,96,20240517,96-CF 20240517.xlsx,std,3,a,ETI,0.05120000000000001
5,30,357.210526315789,96,20240517,96-CF 20240517.xlsx,std,3,a,ETI,0.05120000000000001
5,40,367.619047619047,96,20240517,96-CF 20240517.xlsx,std,3,a,ETI,0.05120000000000001
5,50,418.35,96,20240517,96-CF 20240517.xlsx,std,3,a,ETI,0.05120000000000001
5,60,415.95238095238,96,20240517,96-CF 20240517.xlsx,std,3,a,ETI,0.05120000000000001
6,0,293.157894736842,96,20240517,96-CF 20240517.xlsx,std,3,b,ETI,0.05120000000000001
6,10,318.555555555555,96,20240517,96-CF 20240517.xlsx,std,3,b,ETI,0.05120000000000001
6,20,342.894736842105,96,20240517,96-CF 20240517.xlsx,std,3,b,ETI,0.05120000000000001
6,30,389.736842105263,96,20240517,96-CF 20240517.xlsx,std,3,b,ETI,0.05120000000000001
6,40,439.473684210526,96,20240517,96-CF 20240517.xlsx,std,3,b,ETI,0.05120000000000001
6,50,489.894736842105,96,20240517,96-CF 20240517.xlsx,std,3,b,ETI,0.05120000000000001
6,60,528.947368421052,96,20240517,96-CF 20240517.xlsx,std,3,b,ETI,0.05120000000000001
7,0,256.6,96,20240517,96-CF 20240517.xlsx,std,4,a,ETI,0.12800000000000003
7,10,287.05,96,20240517,96-CF 20240517.xlsx,std,4,a,ETI,0.12800000000000003
7,20,345.2,96,20240517,96-CF 20240517.xlsx,std,4,a,ETI,0.12800000000000003
7,30,400.65,96,20240517,96-CF 20240517.xlsx,std,4,a,ETI,0.12800000000000003
7,40,438.473684210526,96,20240517,96-CF 20240517.xlsx,std,4,a,ETI,0.12800000000000003
7,50,481.052631578947,96,20240517,96-CF 20240517.xlsx,std,4,a,ETI,0.12800000000000003
7,60,507.894736842105,96,20240517,96-CF 20240517.xlsx,std,4,a,ETI,0.12800000000000003
8,0,299.7,96,20240517,96-CF 20240517.xlsx,std,4,b,ETI,0.12800000000000003
8,10,335.1,96,20240517,96-CF 20240517.xlsx,std,4,b,ETI,0.12800000000000003
8,20,402.9,96,20240517,96-CF 20240517.xlsx,std,4,b,ETI,0.12800000000000003
8,30,468.7,96,20240517,96-CF 20240517.xlsx,std,4,b,ETI,0.12800000000000003
8,40,493.761904761904,96,20240517,96-CF 20240517.xlsx,std,4,b,ETI,0.12800000000000003
8,50,538.142857142857,96,20240517,96-CF 20240517.xlsx,std,4,b,ETI,0.12800000000000003
8,60,529.857142857142,96,20240517,96-CF 20240517.xlsx,std,4,b,ETI,0.12800000000000003
9,0,264.578947368421,96,20240517,96-CF 20240517.xlsx,std,5,a,ETI,0.32000000000000006
9,10,323.210526315789,96,20240517,96-CF 20240517.xlsx,std,5,a,ETI,0.32000000000000006
9,20,394.526315789473,96,20240517,96-CF 20240517.xlsx,std,5,a,ETI,0.32000000000000006
9,30,441.85,96,20240517,96-CF 20240517.xlsx,std,5,a,ETI,0.32000000000000006
9,40,470.380952380952,96,20240517,96-CF 20240517.xlsx,std,5,a,ETI,0.32000000000000006
9,50,499.047619047619,96,20240517,96-CF 20240517.xlsx,std,5,a,ETI,0.32000000000000006
9,60,513.619047619047,96,20240517,96-CF 20240517.xlsx,std,5,a,ETI,0.32000000000000006
10,0,244.5,96,20240517,96-CF 20240517.xlsx,std,5,b,ETI,0.32000000000000006
10,10,296.739130434782,96,20240517,96-CF 20240517.xlsx,std,5,b,ETI,0.32000000000000006
10,20,374.217391304347,96,20240517,96-CF 20240517.xlsx,std,5,b,ETI,0.32000000000000006
10,30,443.521739130434,96,20240517,96-CF 20240517.xlsx,std,5,b,ETI,0.32000000000000006
10,40,496.608695652173,96,20240517,96-CF 20240517.xlsx,std,5,b,ETI,0.32000000000000006
10,50,537.826086956521,96,20240517,96-CF 20240517.xlsx,std,5,b,ETI,0.32000000000000006
10,60,554.478260869565,96,20240517,96-CF 20240517.xlsx,std,5,b,ETI,0.32000000000000006
11,0,247.666666666666,96,20240517,96-CF 20240517.xlsx,std,6,a,ETI,0.8000000000000002
11,10,314.75,96,20240517,96-CF 20240517.xlsx,std,6,a,ETI,0.8000000000000002
11,20,401.333333333333,96,20240517,96-CF 20240517.xlsx,std,6,a,ETI,0.8000000000000002
11,30,468.083333333333,96,20240517,96-CF 20240517.xlsx,std,6,a,ETI,0.8000000000000002
11,40,524.25,96,20240517,96-CF 20240517.xlsx,std,6,a,ETI,0.8000000000000002
11,50,528.153846153846,96,20240517,96-CF 20240517.xlsx,std,6,a,ETI,0.8000000000000002
11,60,531.923076923076,96,20240517,96-CF 20240517.xlsx,std,6,a,ETI,0.8000000000000002
12,0,271.533333333333,96,20240517,96-CF 20240517.xlsx,std,6,b,ETI,0.8000000000000002
12,10,325.6,96,20240517,96-CF 20240517.xlsx,std,6,b,ETI,0.8000000000000002
12,20,401.266666666666,96,20240517,96-CF 20240517.xlsx,std,6,b,ETI,0.8000000000000002
12,30,470.066666666666,96,20240517,96-CF 20240517.xlsx,std,6,b,ETI,0.8000000000000002
12,40,527.466666666666,96,20240517,96-CF 20240517.xlsx,std,6,b,ETI,0.8000000000000002
12,50,576.066666666666,96,20240517,96-CF 20240517.xlsx,std,6,b,ETI,0.8000000000000002
12,60,613.466666666666,96,20240517,96-CF 20240517.xlsx,std,6,b,ETI,0.8000000000000002
13,0,228.387096774193,96,20240517,96-CF 20240517.xlsx,std,7,a,ETI,2
13,10,262.65625,96,20240517,96-CF 20240517.xlsx,std,7,a,ETI,2
13,20,313.78125,96,20240517,96-CF 20240517.xlsx,std,7,a,ETI,2
13,30,363.322580645161,96,20240517,96-CF 20240517.xlsx,std,7,a,ETI,2
13,40,399.064516129032,96,20240517,96-CF 20240517.xlsx,std,7,a,ETI,2
13,50,418.548387096774,96,20240517,96-CF 20240517.xlsx,std,7,a,ETI,2
13,60,413.3125,96,20240517,96-CF 20240517.xlsx,std,7,a,ETI,2
14,0,299.076923076923,96,20240517,96-CF 20240517.xlsx,std,7,b,ETI,2
14,10,370.692307692307,96,20240517,96-CF 20240517.xlsx,std,7,b,ETI,2
14,20,459.153846153846,96,20240517,96-CF 20240517.xlsx,std,7,b,ETI,2
14,30,556.56,96,20240517,96-CF 20240517.xlsx,std,7,b,ETI,2
14,40,626.2,96,20240517,96-CF 20240517.xlsx,std,7,b,ETI,2
14,50,653.26923076923,96,20240517,96-CF 20240517.xlsx,std,7,b,ETI,2
14,60,675.846153846153,96,20240517,96-CF 20240517.xlsx,std,7,b,ETI,2
15,0,355.526315789473,96,20240517,96-CF 20240517.xlsx,std,8,a,ETI,5
15,10,429.684210526315,96,20240517,96-CF 20240517.xlsx,std,8,a,ETI,5
15,20,518.947368421052,96,20240517,96-CF 20240517.xlsx,std,8,a,ETI,5
15,30,593.578947368421,96,20240517,96-CF 20240517.xlsx,std,8,a,ETI,5
15,40,658.105263157894,96,20240517,96-CF 20240517.xlsx,std,8,a,ETI,5
15,50,703.473684210526,96,20240517,96-CF 20240517.xlsx,std,8,a,ETI,5
15,60,709.052631578947,96,20240517,96-CF 20240517.xlsx,std,8,a,ETI,5
16,0,317,96,20240517,96-CF 20240517.xlsx,std,8,b,ETI,5
16,10,393.935483870967,96,20240517,96-CF 20240517.xlsx,std,8,b,ETI,5
16,20,458.151515151515,96,20240517,96-CF 20240517.xlsx,std,8,b,ETI,5
16,30,566.290322580645,96,20240517,96-CF 20240517.xlsx,std,8,b,ETI,5
16,40,595.8125,96,20240517,96-CF 20240517.xlsx,std,8,b,ETI,5
16,50,613.151515151515,96,20240517,96-CF 20240517.xlsx,std,8,b,ETI,5
16,60,657.16129032258,96,20240517,96-CF 20240517.xlsx,std,8,b,ETI,5
17,0,270.935483870967,96,20240517,96-CF 20240517.xlsx,std,1,a,VTI,0.008192000000000003
17,10,263.363636363636,96,20240517,96-CF 20240517.xlsx,std,1,a,VTI,0.008192000000000003
17,20,295.375,96,20240517,96-CF 20240517.xlsx,std,1,a,VTI,0.008192000000000003
17,30,295.647058823529,96,20240517,96-CF 20240517.xlsx,std,1,a,VTI,0.008192000000000003
17,40,367.4,96,20240517,96-CF 20240517.xlsx,std,1,a,VTI,0.008192000000000003
17,50,417.785714285714,96,20240517,96-CF 20240517.xlsx,std,1,a,VTI,0.008192000000000003
17,60,434.793103448275,96,20240517,96-CF 20240517.xlsx,std,1,a,VTI,0.008192000000000003
18,0,266.454545454545,96,20240517,96-CF 20240517.xlsx,std,1,b,VTI,0.008192000000000003
18,10,278.21875,96,20240517,96-CF 20240517.xlsx,std,1,b,VTI,0.008192000000000003
18,20,299.53125,96,20240517,96-CF 20240517.xlsx,std,1,b,VTI,0.008192000000000003
18,30,316.151515151515,96,20240517,96-CF 20240517.xlsx,std,1,b,VTI,0.008192000000000003
18,40,336.970588235294,96,20240517,96-CF 20240517.xlsx,std,1,b,VTI,0.008192000000000003
18,50,377.818181818181,96,20240517,96-CF 20240517.xlsx,std,1,b,VTI,0.008192000000000003
18,60,374.771428571428,96,20240517,96-CF 20240517.xlsx,std,1,b,VTI,0.008192000000000003
19,0,265.46875,96,20240517,96-CF 20240517.xlsx,std,2,a,VTI,0.02048000000000001
19,10,273.612903225806,96,20240517,96-CF 20240517.xlsx,std,2,a,VTI,0.02048000000000001
19,20,276.636363636363,96,20240517,96-CF 20240517.xlsx,std,2,a,VTI,0.02048000000000001
19,30,331.066666666666,96,20240517,96-CF 20240517.xlsx,std,2,a,VTI,0.02048000000000001
19,40,360.483870967741,96,20240517,96-CF 20240517.xlsx,std,2,a,VTI,0.02048000000000001
19,50,382.90909090909,96,20240517,96-CF 20240517.xlsx,std,2,a,VTI,0.02048000000000001
19,60,444.387096774193,96,20240517,96-CF 20240517.xlsx,std,2,a,VTI,0.02048000000000001
20,0,311,96,20240517,96-CF 20240517.xlsx,std,2,b,VTI,0.02048000000000001
20,10,313.333333333333,96,20240517,96-CF 20240517.xlsx,std,2,b,VTI,0.02048000000000001
20,20,331.444444444444,96,20240517,96-CF 20240517.xlsx,std,2,b,VTI,0.02048000000000001
20,30,353.947368421052,96,20240517,96-CF 20240517.xlsx,std,2,b,VTI,0.02048000000000001
20,40,439.764705882352,96,20240517,96-CF 20240517.xlsx,std,2,b,VTI,0.02048000000000001
20,50,481.588235294117,96,20240517,96-CF 20240517.xlsx,std,2,b,VTI,0.02048000000000001
20,60,494.777777777777,96,20240517,96-CF 20240517.xlsx,std,2,b,VTI,0.02048000000000001
21,0,261.806451612903,96,20240517,96-CF 20240517.xlsx,std,3,a,VTI,0.05120000000000001
21,10,281.275862068965,96,20240517,96-CF 20240517.xlsx,std,3,a,VTI,0.05120000000000001
21,20,311.896551724137,96,20240517,96-CF 20240517.xlsx,std,3,a,VTI,0.05120000000000001
21,30,360.6,96,20240517,96-CF 20240517.xlsx,std,3,a,VTI,0.05120000000000001
21,40,408.548387096774,96,20240517,96-CF 20240517.xlsx,std,3,a,VTI,0.05120000000000001
21,50,438.625,96,20240517,96-CF 20240517.xlsx,std,3,a,VTI,0.05120000000000001
21,60,469.59375,96,20240517,96-CF 20240517.xlsx,std,3,a,VTI,0.05120000000000001
22,0,276.888888888888,96,20240517,96-CF 20240517.xlsx,std,3,b,VTI,0.05120000000000001
22,10,286.814814814814,96,20240517,96-CF 20240517.xlsx,std,3,b,VTI,0.05120000000000001
22,20,317.851851851851,96,20240517,96-CF 20240517.xlsx,std,3,b,VTI,0.05120000000000001
22,30,378.346153846153,96,20240517,96-CF 20240517.xlsx,std,3,b,VTI,0.05120000000000001
22,40,438.461538461538,96,20240517,96-CF 20240517.xlsx,std,3,b,VTI,0.05120000000000001
22,50,489.846153846153,96,20240517,96-CF 20240517.xlsx,std,3,b,VTI,0.05120000000000001
22,60,498.615384615384,96,20240517,96-CF 20240517.xlsx,std,3,b,VTI,0.05120000000000001
23,0,287.636363636363,96,20240517,96-CF 20240517.xlsx,std,4,a,VTI,0.12800000000000003
23,10,307.652173913043,96,20240517,96-CF 20240517.xlsx,std,4,a,VTI,0.12800000000000003
23,20,385.478260869565,96,20240517,96-CF 20240517.xlsx,std,4,a,VTI,0.12800000000000003
23,30,474.045454545454,96,20240517,96-CF 20240517.xlsx,std,4,a,VTI,0.12800000000000003
23,40,507.608695652173,96,20240517,96-CF 20240517.xlsx,std,4,a,VTI,0.12800000000000003
23,50,534.608695652173,96,20240517,96-CF 20240517.xlsx,std,4,a,VTI,0.12800000000000003
23,60,569.5,96,20240517,96-CF 20240517.xlsx,std,4,a,VTI,0.12800000000000003
24,0,227.842105263157,96,20240517,96-CF 20240517.xlsx,std,4,b,VTI,0.12800000000000003
24,10,242.736842105263,96,20240517,96-CF 20240517.xlsx,std,4,b,VTI,0.12800000000000003
24,20,290.526315789473,96,20240517,96-CF 20240517.xlsx,std,4,b,VTI,0.12800000000000003
24,30,339.157894736842,96,20240517,96-CF 20240517.xlsx,std,4,b,VTI,0.12800000000000003
24,40,383.210526315789,96,20240517,96-CF 20240517.xlsx,std,4,b,VTI,0.12800000000000003
24,50,405.526315789473,96,20240517,96-CF 20240517.xlsx,std,4,b,VTI,0.12800000000000003
24,60,412.842105263157,96,20240517,96-CF 20240517.xlsx,std,4,b,VTI,0.12800000000000003
25,0,274.117647058823,96,20240517,96-CF 20240517.xlsx,std,5,a,VTI,0.32000000000000006
25,10,334.529411764705,96,20240517,96-CF 20240517.xlsx,std,5,a,VTI,0.32000000000000006
25,20,397.705882352941,96,20240517,96-CF 20240517.xlsx,std,5,a,VTI,0.32000000000000006
25,30,451.235294117647,96,20240517,96-CF 20240517.xlsx,std,5,a,VTI,0.32000000000000006
25,40,493.294117647058,96,20240517,96-CF 20240517.xlsx,std,5,a,VTI,0.32000000000000006
25,50,506.529411764705,96,20240517,96-CF 20240517.xlsx,std,5,a,VTI,0.32000000000000006
25,60,528.705882352941,96,20240517,96-CF 20240517.xlsx,std,5,a,VTI,0.32000000000000006
26,0,380.571428571428,96,20240517,96-CF 20240517.xlsx,std,5,b,VTI,0.32000000000000006
26,10,441.466666666666,96,20240517,96-CF 20240517.xlsx,std,5,b,VTI,0.32000000000000006
26,20,520.6875,96,20240517,96-CF 20240517.xlsx,std,5,b,VTI,0.32000000000000006
26,30,609,96,20240517,96-CF 20240517.xlsx,std,5,b,VTI,0.32000000000000006
26,40,724.933333333333,96,20240517,96-CF 20240517.xlsx,std,5,b,VTI,0.32000000000000006
26,50,752.733333333333,96,20240517,96-CF 20240517.xlsx,std,5,b,VTI,0.32000000000000006
26,60,778.4,96,20240517,96-CF 20240517.xlsx,std,5,b,VTI,0.32000000000000006
27,0,368.25,96,20240517,96-CF 20240517.xlsx,std,6,a,VTI,0.8000000000000002
27,10,438,96,20240517,96-CF 20240517.xlsx,std,6,a,VTI,0.8000000000000002
27,20,497.136363636363,96,20240517,96-CF 20240517.xlsx,std,6,a,VTI,0.8000000000000002
27,30,573.727272727272,96,20240517,96-CF 20240517.xlsx,std,6,a,VTI,0.8000000000000002
27,40,665.428571428571,96,20240517,96-CF 20240517.xlsx,std,6,a,VTI,0.8000000000000002
27,50,669.863636363636,96,20240517,96-CF 20240517.xlsx,std,6,a,VTI,0.8000000000000002
27,60,710.238095238095,96,20240517,96-CF 20240517.xlsx,std,6,a,VTI,0.8000000000000002
28,0,387.555555555555,96,20240517,96-CF 20240517.xlsx,std,6,b,VTI,0.8000000000000002
28,10,450.333333333333,96,20240517,96-CF 20240517.xlsx,std,6,b,VTI,0.8000000000000002
28,20,539.777777777777,96,20240517,96-CF 20240517.xlsx,std,6,b,VTI,0.8000000000000002
28,30,610.833333333333,96,20240517,96-CF 20240517.xlsx,std,6,b,VTI,0.8000000000000002
28,40,672.777777777777,96,20240517,96-CF 20240517.xlsx,std,6,b,VTI,0.8000000000000002
28,50,725.722222222222,96,20240517,96-CF 20240517.xlsx,std,6,b,VTI,0.8000000000000002
28,60,698.526315789473,96,20240517,96-CF 20240517.xlsx,std,6,b,VTI,0.8000000000000002
29,0,267.074074074074,96,20240517,96-CF 20240517.xlsx,std,7,a,VTI,2
29,10,312.296296296296,96,20240517,96-CF 20240517.xlsx,std,7,a,VTI,2
29,20,377.214285714285,96,20240517,96-CF 20240517.xlsx,std,7,a,VTI,2
29,30,430.827586206896,96,20240517,96-CF 20240517.xlsx,std,7,a,VTI,2
29,40,520.74074074074,96,20240517,96-CF 20240517.xlsx,std,7,a,VTI,2
29,50,610.68,96,20240517,96-CF 20240517.xlsx,std,7,a,VTI,2
29,60,630.48,96,20240517,96-CF 20240517.xlsx,std,7,a,VTI,2
30,0,262.363636363636,96,20240517,96-CF 20240517.xlsx,std,7,b,VTI,2
30,10,328.045454545454,96,20240517,96-CF 20240517.xlsx,std,7,b,VTI,2
30,20,415.90909090909,96,20240517,96-CF 20240517.xlsx,std,7,b,VTI,2
30,30,469.565217391304,96,20240517,96-CF 20240517.xlsx,std,7,b,VTI,2
30,40,529.652173913043,96,20240517,96-CF 20240517.xlsx,std,7,b,VTI,2
30,50,573.260869565217,96,20240517,96-CF 20240517.xlsx,std,7,b,VTI,2
30,60,593.434782608695,96,20240517,96-CF 20240517.xlsx,std,7,b,VTI,2
31,0,343.518518518518,96,20240517,96-CF 20240517.xlsx,std,8,a,VTI,5
31,10,419.296296296296,96,20240517,96-CF 20240517.xlsx,std,8,a,VTI,5
31,20,485.892857142857,96,20240517,96-CF 20240517.xlsx,std,8,a,VTI,5
31,30,555.785714285714,96,20240517,96-CF 20240517.xlsx,std,8,a,VTI,5
31,40,610.714285714285,96,20240517,96-CF 20240517.xlsx,std,8,a,VTI,5
31,50,652.357142857142,96,20240517,96-CF 20240517.xlsx,std,8,a,VTI,5
31,60,676.035714285714,96,20240517,96-CF 20240517.xlsx,std,8,a,VTI,5
32,0,335.904761904761,96,20240517,96-CF 20240517.xlsx,std,8,b,VTI,5
32,10,412.136363636363,96,20240517,96-CF 20240517.xlsx,std,8,b,VTI,5
32,20,505.227272727272,96,20240517,96-CF 20240517.xlsx,std,8,b,VTI,5
32,30,586.045454545454,96,20240517,96-CF 20240517.xlsx,std,8,b,VTI,5
32,40,676.523809523809,96,20240517,96-CF 20240517.xlsx,std,8,b,VTI,5
32,50,716.428571428571,96,20240517,96-CF 20240517.xlsx,std,8,b,VTI,5
32,60,734.523809523809,96,20240517,96-CF 20240517.xlsx,std,8,b,VTI,5
65,0,217.761904761904,96,20240517,96-CF 20240517.xlsx,std,2,a,FskOnly,0.02048000000000001
65,10,218.666666666666,96,20240517,96-CF 20240517.xlsx,std,2,a,FskOnly,0.02048000000000001
65,20,225.9,96,20240517,96-CF 20240517.xlsx,std,2,a,FskOnly,0.02048000000000001
65,30,224.4,96,20240517,96-CF 20240517.xlsx,std,2,a,FskOnly,0.02048000000000001
65,40,223.15,96,20240517,96-CF 20240517.xlsx,std,2,a,FskOnly,0.02048000000000001
65,50,222.4,96,20240517,96-CF 20240517.xlsx,std,2,a,FskOnly,0.02048000000000001
65,60,220.1,96,20240517,96-CF 20240517.xlsx,std,2,a,FskOnly,0.02048000000000001
66,0,263.176470588235,96,20240517,96-CF 20240517.xlsx,std,2,b,FskOnly,0.02048000000000001
66,10,282.8125,96,20240517,96-CF 20240517.xlsx,std,2,b,FskOnly,0.02048000000000001
66,20,267.117647058823,96,20240517,96-CF 20240517.xlsx,std,2,b,FskOnly,0.02048000000000001
66,30,265.823529411764,96,20240517,96-CF 20240517.xlsx,std,2,b,FskOnly,0.02048000000000001
66,40,264.941176470588,96,20240517,96-CF 20240517.xlsx,std,2,b,FskOnly,0.02048000000000001
66,50,263.705882352941,96,20240517,96-CF 20240517.xlsx,std,2,b,FskOnly,0.02048000000000001
66,60,261.647058823529,96,20240517,96-CF 20240517.xlsx,std,2,b,FskOnly,0.02048000000000001
67,0,219.714285714285,96,20240517,96-CF 20240517.xlsx,std,4,a,FskOnly,0.12800000000000003
67,10,220.857142857142,96,20240517,96-CF 20240517.xlsx,std,4,a,FskOnly,0.12800000000000003
67,20,207.066666666666,96,20240517,96-CF 20240517.xlsx,std,4,a,FskOnly,0.12800000000000003
67,30,218.928571428571,96,20240517,96-CF 20240517.xlsx,std,4,a,FskOnly,0.12800000000000003
67,40,218.571428571428,96,20240517,96-CF 20240517.xlsx,std,4,a,FskOnly,0.12800000000000003
67,50,203.933333333333,96,20240517,96-CF 20240517.xlsx,std,4,a,FskOnly,0.12800000000000003
67,60,202.666666666666,96,20240517,96-CF 20240517.xlsx,std,4,a,FskOnly,0.12800000000000003
68,0,291.833333333333,96,20240517,96-CF 20240517.xlsx,std,4,b,FskOnly,0.12800000000000003
68,10,306.086956521739,96,20240517,96-CF 20240517.xlsx,std,4,b,FskOnly,0.12800000000000003
68,20,293.5,96,20240517,96-CF 20240517.xlsx,std,4,b,FskOnly,0.12800000000000003
68,30,293.916666666666,96,20240517,96-CF 20240517.xlsx,std,4,b,FskOnly,0.12800000000000003
68,40,305.695652173913,96,20240517,96-CF 20240517.xlsx,std,4,b,FskOnly,0.12800000000000003
68,50,304.95652173913,96,20240517,96-CF 20240517.xlsx,std,4,b,FskOnly,0.12800000000000003
68,60,304.304347826086,96,20240517,96-CF 20240517.xlsx,std,4,b,FskOnly,0.12800000000000003
69,0,296.76923076923,96,20240517,96-CF 20240517.xlsx,std,6,a,FskOnly,0.8000000000000002
69,10,298.230769230769,96,20240517,96-CF 20240517.xlsx,std,6,a,FskOnly,0.8000000000000002
69,20,298.846153846153,96,20240517,96-CF 20240517.xlsx,std,6,a,FskOnly,0.8000000000000002
69,30,299.153846153846,96,20240517,96-CF 20240517.xlsx,std,6,a,FskOnly,0.8000000000000002
69,40,300.846153846153,96,20240517,96-CF 20240517.xlsx,std,6,a,FskOnly,0.8000000000000002
69,50,300,96,20240517,96-CF 20240517.xlsx,std,6,a,FskOnly,0.8000000000000002
69,60,303.384615384615,96,20240517,96-CF 20240517.xlsx,std,6,a,FskOnly,0.8000000000000002
70,0,283,96,20240517,96-CF 20240517.xlsx,std,6,b,FskOnly,0.8000000000000002
70,10,271.478260869565,96,20240517,96-CF 20240517.xlsx,std,6,b,FskOnly,0.8000000000000002
70,20,284.636363636363,96,20240517,96-CF 20240517.xlsx,std,6,b,FskOnly,0.8000000000000002
70,30,287.227272727272,96,20240517,96-CF 20240517.xlsx,std,6,b,FskOnly,0.8000000000000002
70,40,288.863636363636,96,20240517,96-CF 20240517.xlsx,std,6,b,FskOnly,0.8000000000000002
70,50,288.636363636363,96,20240517,96-CF 20240517.xlsx,std,6,b,FskOnly,0.8000000000000002
70,60,289.227272727272,96,20240517,96-CF 20240517.xlsx,std,6,b,FskOnly,0.8000000000000002
71,0,360.454545454545,96,20240517,96-CF 20240517.xlsx,std,8,a,FskOnly,5
71,10,363.818181818181,96,20240517,96-CF 20240517.xlsx,std,8,a,FskOnly,5
71,20,338.583333333333,96,20240517,96-CF 20240517.xlsx,std,8,a,FskOnly,5
71,30,349.416666666666,96,20240517,96-CF 20240517.xlsx,std,8,a,FskOnly,5
71,40,354.166666666666,96,20240517,96-CF 20240517.xlsx,std,8,a,FskOnly,5
71,50,359.083333333333,96,20240517,96-CF 20240517.xlsx,std,8,a,FskOnly,5
71,60,354.333333333333,96,20240517,96-CF 20240517.xlsx,std,8,a,FskOnly,5
72,0,277.12,96,20240517,96-CF 20240517.xlsx,std,8,b,FskOnly,5
72,10,293,96,20240517,96-CF 20240517.xlsx,std,8,b,FskOnly,5
72,20,300.25,96,20240517,96-CF 20240517.xlsx,std,8,b,FskOnly,5
72,30,305.291666666666,96,20240517,96-CF 20240517.xlsx,std,8,b,FskOnly,5
72,40,307.666666666666,96,20240517,96-CF 20240517.xlsx,std,8,b,FskOnly,5
72,50,309.291666666666,96,20240517,96-CF 20240517.xlsx,std,8,b,FskOnly,5
72,60,311.666666666666,96,20240517,96-CF 20240517.xlsx,std,8,b,FskOnly,5
1,0,328.432432432432,96,20240620,96-CF 20240620.xlsx,std,1,a,ETI,0.008192000000000003
1,10,334.189189189189,96,20240620,96-CF 20240620.xlsx,std,1,a,ETI,0.008192000000000003
1,20,342.589743589743,96,20240620,96-CF 20240620.xlsx,std,1,a,ETI,0.008192000000000003
1,30,362.6,96,20240620,96-CF 20240620.xlsx,std,1,a,ETI,0.008192000000000003
1,40,395.35,96,20240620,96-CF 20240620.xlsx,std,1,a,ETI,0.008192000000000003
1,50,420.425,96,20240620,96-CF 20240620.xlsx,std,1,a,ETI,0.008192000000000003
1,60,439.925,96,20240620,96-CF 20240620.xlsx,std,1,a,ETI,0.008192000000000003
2,0,545.103448275862,96,20240620,96-CF 20240620.xlsx,std,1,b,ETI,0.008192000000000003
2,10,523.666666666666,96,20240620,96-CF 20240620.xlsx,std,1,b,ETI,0.008192000000000003
2,20,534.433333333333,96,20240620,96-CF 20240620.xlsx,std,1,b,ETI,0.008192000000000003
2,30,558.666666666666,96,20240620,96-CF 20240620.xlsx,std,1,b,ETI,0.008192000000000003
2,40,568.903225806451,96,20240620,96-CF 20240620.xlsx,std,1,b,ETI,0.008192000000000003
2,50,585.8125,96,20240620,96-CF 20240620.xlsx,std,1,b,ETI,0.008192000000000003
2,60,583.794117647058,96,20240620,96-CF 20240620.xlsx,std,1,b,ETI,0.008192000000000003
3,0,349.25,96,20240620,96-CF 20240620.xlsx,std,2,a,ETI,0.02048000000000001
3,10,351.214285714285,96,20240620,96-CF 20240620.xlsx,std,2,a,ETI,0.02048000000000001
3,20,382.428571428571,96,20240620,96-CF 20240620.xlsx,std,2,a,ETI,0.02048000000000001
3,30,412.133333333333,96,20240620,96-CF 20240620.xlsx,std,2,a,ETI,0.02048000000000001
3,40,460.548387096774,96,20240620,96-CF 20240620.xlsx,std,2,a,ETI,0.02048000000000001
3,50,531.233333333333,96,20240620,96-CF 20240620.xlsx,std,2,a,ETI,0.02048000000000001
3,60,592.535714285714,96,20240620,96-CF 20240620.xlsx,std,2,a,ETI,0.02048000000000001
4,0,432.592592592592,96,20240620,96-CF 20240620.xlsx,std,2,b,ETI,0.02048000000000001
4,10,433.76923076923,96,20240620,96-CF 20240620.xlsx,std,2,b,ETI,0.02048000000000001
4,20,439.259259259259,96,20240620,96-CF 20240620.xlsx,std,2,b,ETI,0.02048000000000001
4,30,477.814814814814,96,20240620,96-CF 20240620.xlsx,std,2,b,ETI,0.02048000000000001
4,40,527.148148148148,96,20240620,96-CF 20240620.xlsx,std,2,b,ETI,0.02048000000000001
4,50,567.346153846153,96,20240620,96-CF 20240620.xlsx,std,2,b,ETI,0.02048000000000001
4,60,593.923076923076,96,20240620,96-CF 20240620.xlsx,std,2,b,ETI,0.02048000000000001
5,0,379.9,96,20240620,96-CF 20240620.xlsx,std,3,a,ETI,0.05120000000000001
5,10,370.322580645161,96,20240620,96-CF 20240620.xlsx,std,3,a,ETI,0.05120000000000001
5,20,420.133333333333,96,20240620,96-CF 20240620.xlsx,std,3,a,ETI,0.05120000000000001
5,30,473.935483870967,96,20240620,96-CF 20240620.xlsx,std,3,a,ETI,0.05120000000000001
5,40,526.3125,96,20240620,96-CF 20240620.xlsx,std,3,a,ETI,0.05120000000000001
5,50,575.322580645161,96,20240620,96-CF 20240620.xlsx,std,3,a,ETI,0.05120000000000001
5,60,613.766666666666,96,20240620,96-CF 20240620.xlsx,std,3,a,ETI,0.05120000000000001
6,0,338.1875,96,20240620,96-CF 20240620.xlsx,std,3,b,ETI,0.05120000000000001
6,10,341.25,96,20240620,96-CF 20240620.xlsx,std,3,b,ETI,0.05120000000000001
6,20,366.09375,96,20240620,96-CF 20240620.xlsx,std,3,b,ETI,0.05120000000000001
6,30,418.757575757575,96,20240620,96-CF 20240620.xlsx,std,3,b,ETI,0.05120000000000001
6,40,478.272727272727,96,20240620,96-CF 20240620.xlsx,std,3,b,ETI,0.05120000000000001
6,50,529.121212121212,96,20240620,96-CF 20240620.xlsx,std,3,b,ETI,0.05120000000000001
6,60,545.666666666666,96,20240620,96-CF 20240620.xlsx,std,3,b,ETI,0.05120000000000001
7,0,420.971428571428,96,20240620,96-CF 20240620.xlsx,std,4,a,ETI,0.12800000000000003
7,10,430.685714285714,96,20240620,96-CF 20240620.xlsx,std,4,a,ETI,0.12800000000000003
7,20,481.305555555555,96,20240620,96-CF 20240620.xlsx,std,4,a,ETI,0.12800000000000003
7,30,561.416666666666,96,20240620,96-CF 20240620.xlsx,std,4,a,ETI,0.12800000000000003
7,40,664.205882352941,96,20240620,96-CF 20240620.xlsx,std,4,a,ETI,0.12800000000000003
7,50,712.647058823529,96,20240620,96-CF 20240620.xlsx,std,4,a,ETI,0.12800000000000003
7,60,715.771428571428,96,20240620,96-CF 20240620.xlsx,std,4,a,ETI,0.12800000000000003
8,0,312,96,20240620,96-CF 20240620.xlsx,std,4,b,ETI,0.12800000000000003
8,10,315.225806451612,96,20240620,96-CF 20240620.xlsx,std,4,b,ETI,0.12800000000000003
8,20,360.40625,96,20240620,96-CF 20240620.xlsx,std,4,b,ETI,0.12800000000000003
8,30,431.4375,96,20240620,96-CF 20240620.xlsx,std,4,b,ETI,0.12800000000000003
8,40,475.121212121212,96,20240620,96-CF 20240620.xlsx,std,4,b,ETI,0.12800000000000003
8,50,503.647058823529,96,20240620,96-CF 20240620.xlsx,std,4,b,ETI,0.12800000000000003
8,60,521.029411764705,96,20240620,96-CF 20240620.xlsx,std,4,b,ETI,0.12800000000000003
9,0,329.482758620689,96,20240620,96-CF 20240620.xlsx,std,5,a,ETI,0.32000000000000006
9,10,371.333333333333,96,20240620,96-CF 20240620.xlsx,std,5,a,ETI,0.32000000000000006
9,20,436.09375,96,20240620,96-CF 20240620.xlsx,std,5,a,ETI,0.32000000000000006
9,30,506.84375,96,20240620,96-CF 20240620.xlsx,std,5,a,ETI,0.32000000000000006
9,40,574.838709677419,96,20240620,96-CF 20240620.xlsx,std,5,a,ETI,0.32000000000000006
9,50,640.448275862069,96,20240620,96-CF 20240620.xlsx,std,5,a,ETI,0.32000000000000006
9,60,655.413793103448,96,20240620,96-CF 20240620.xlsx,std,5,a,ETI,0.32000000000000006
10,0,377.95,96,20240620,96-CF 20240620.xlsx,std,5,b,ETI,0.32000000000000006
10,10,464.6,96,20240620,96-CF 20240620.xlsx,std,5,b,ETI,0.32000000000000006
10,20,619.8,96,20240620,96-CF 20240620.xlsx,std,5,b,ETI,0.32000000000000006
10,30,705.6,96,20240620,96-CF 20240620.xlsx,std,5,b,ETI,0.32000000000000006
10,40,797.647058823529,96,20240620,96-CF 20240620.xlsx,std,5,b,ETI,0.32000000000000006
10,50,836.970588235294,96,20240620,96-CF 20240620.xlsx,std,5,b,ETI,0.32000000000000006
10,60,824.314285714285,96,20240620,96-CF 20240620.xlsx,std,5,b,ETI,0.32000000000000006
11,0,423.5,96,20240620,96-CF 20240620.xlsx,std,6,a,ETI,0.8000000000000002
11,10,518,96,20240620,96-CF 20240620.xlsx,std,6,a,ETI,0.8000000000000002
11,20,732.875,96,20240620,96-CF 20240620.xlsx,std,6,a,ETI,0.8000000000000002
11,30,858.322580645161,96,20240620,96-CF 20240620.xlsx,std,6,a,ETI,0.8000000000000002
11,40,939.967741935483,96,20240620,96-CF 20240620.xlsx,std,6,a,ETI,0.8000000000000002
11,50,1097.14285714285,96,20240620,96-CF 20240620.xlsx,std,6,a,ETI,0.8000000000000002
11,60,1110.39285714285,96,20240620,96-CF 20240620.xlsx,std,6,a,ETI,0.8000000000000002
12,0,316.428571428571,96,20240620,96-CF 20240620.xlsx,std,6,b,ETI,0.8000000000000002
12,10,361.878048780487,96,20240620,96-CF 20240620.xlsx,std,6,b,ETI,0.8000000000000002
12,20,442.292682926829,96,20240620,96-CF 20240620.xlsx,std,6,b,ETI,0.8000000000000002
12,30,512.780487804878,96,20240620,96-CF 20240620.xlsx,std,6,b,ETI,0.8000000000000002
12,40,590.425,96,20240620,96-CF 20240620.xlsx,std,6,b,ETI,0.8000000000000002
12,50,709.5,96,20240620,96-CF 20240620.xlsx,std,6,b,ETI,0.8000000000000002
12,60,733.583333333333,96,20240620,96-CF 20240620.xlsx,std,6,b,ETI,0.8000000000000002
13,0,361.780487804878,96,20240620,96-CF 20240620.xlsx,std,7,a,ETI,2
13,10,443.142857142857,96,20240620,96-CF 20240620.xlsx,std,7,a,ETI,2
13,20,598.842105263157,96,20240620,96-CF 20240620.xlsx,std,7,a,ETI,2
13,30,716.611111111111,96,20240620,96-CF 20240620.xlsx,std,7,a,ETI,2
13,40,704.6,96,20240620,96-CF 20240620.xlsx,std,7,a,ETI,2
13,50,763.923076923076,96,20240620,96-CF 20240620.xlsx,std,7,a,ETI,2
13,60,757.435897435897,96,20240620,96-CF 20240620.xlsx,std,7,a,ETI,2
14,0,412.76923076923,96,20240620,96-CF 20240620.xlsx,std,7,b,ETI,2
14,10,461.761904761904,96,20240620,96-CF 20240620.xlsx,std,7,b,ETI,2
14,20,636.945945945945,96,20240620,96-CF 20240620.xlsx,std,7,b,ETI,2
14,30,726.216216216216,96,20240620,96-CF 20240620.xlsx,std,7,b,ETI,2
14,40,796.459459459459,96,20240620,96-CF 20240620.xlsx,std,7,b,ETI,2
14,50,865.194444444444,96,20240620,96-CF 20240620.xlsx,std,7,b,ETI,2
14,60,945.235294117647,96,20240620,96-CF 20240620.xlsx,std,7,b,ETI,2
15,0,306.965517241379,96,20240620,96-CF 20240620.xlsx,std,8,a,ETI,5
15,10,380.935483870967,96,20240620,96-CF 20240620.xlsx,std,8,a,ETI,5
15,20,448.09375,96,20240620,96-CF 20240620.xlsx,std,8,a,ETI,5
15,30,499.393939393939,96,20240620,96-CF 20240620.xlsx,std,8,a,ETI,5
15,40,510.057142857142,96,20240620,96-CF 20240620.xlsx,std,8,a,ETI,5
15,50,549.029411764705,96,20240620,96-CF 20240620.xlsx,std,8,a,ETI,5
15,60,567.147058823529,96,20240620,96-CF 20240620.xlsx,std,8,a,ETI,5
16,0,328.3,96,20240620,96-CF 20240620.xlsx,std,8,b,ETI,5
16,10,413.16129032258,96,20240620,96-CF 20240620.xlsx,std,8,b,ETI,5
16,20,537.172413793103,96,20240620,96-CF 20240620.xlsx,std,8,b,ETI,5
16,30,613.586206896551,96,20240620,96-CF 20240620.xlsx,std,8,b,ETI,5
16,40,680.206896551724,96,20240620,96-CF 20240620.xlsx,std,8,b,ETI,5
16,50,802.653846153846,96,20240620,96-CF 20240620.xlsx,std,8,b,ETI,5
16,60,809.692307692307,96,20240620,96-CF 20240620.xlsx,std,8,b,ETI,5
17,0,355.2,96,20240620,96-CF 20240620.xlsx,std,1,a,VTI,0.008192000000000003
17,10,353.064516129032,96,20240620,96-CF 20240620.xlsx,std,1,a,VTI,0.008192000000000003
17,20,397.935483870967,96,20240620,96-CF 20240620.xlsx,std,1,a,VTI,0.008192000000000003
17,30,457.806451612903,96,20240620,96-CF 20240620.xlsx,std,1,a,VTI,0.008192000000000003
17,40,488.545454545454,96,20240620,96-CF 20240620.xlsx,std,1,a,VTI,0.008192000000000003
17,50,574.741935483871,96,20240620,96-CF 20240620.xlsx,std,1,a,VTI,0.008192000000000003
17,60,614.033333333333,96,20240620,96-CF 20240620.xlsx,std,1,a,VTI,0.008192000000000003
18,0,410.171428571428,96,20240620,96-CF 20240620.xlsx,std,1,b,VTI,0.008192000000000003
18,10,423,96,20240620,96-CF 20240620.xlsx,std,1,b,VTI,0.008192000000000003
18,20,435.441176470588,96,20240620,96-CF 20240620.xlsx,std,1,b,VTI,0.008192000000000003
18,30,459.085714285714,96,20240620,96-CF 20240620.xlsx,std,1,b,VTI,0.008192000000000003
18,40,508.2,96,20240620,96-CF 20240620.xlsx,std,1,b,VTI,0.008192000000000003
18,50,548.805555555555,96,20240620,96-CF 20240620.xlsx,std,1,b,VTI,0.008192000000000003
18,60,599.75,96,20240620,96-CF 20240620.xlsx,std,1,b,VTI,0.008192000000000003
19,0,403.7,96,20240620,96-CF 20240620.xlsx,std,2,a,VTI,0.02048000000000001
19,10,392.59375,96,20240620,96-CF 20240620.xlsx,std,2,a,VTI,0.02048000000000001
19,20,411.848484848484,96,20240620,96-CF 20240620.xlsx,std,2,a,VTI,0.02048000000000001
19,30,459.60606060606,96,20240620,96-CF 20240620.xlsx,std,2,a,VTI,0.02048000000000001
19,40,502.151515151515,96,20240620,96-CF 20240620.xlsx,std,2,a,VTI,0.02048000000000001
19,50,537.818181818181,96,20240620,96-CF 20240620.xlsx,std,2,a,VTI,0.02048000000000001
19,60,555.484848484848,96,20240620,96-CF 20240620.xlsx,std,2,a,VTI,0.02048000000000001
20,0,278.384615384615,96,20240620,96-CF 20240620.xlsx,std,2,b,VTI,0.02048000000000001
20,10,276.435897435897,96,20240620,96-CF 20240620.xlsx,std,2,b,VTI,0.02048000000000001
20,20,301.631578947368,96,20240620,96-CF 20240620.xlsx,std,2,b,VTI,0.02048000000000001
20,30,342,96,20240620,96-CF 20240620.xlsx,std,2,b,VTI,0.02048000000000001
20,40,424.054054054054,96,20240620,96-CF 20240620.xlsx,std,2,b,VTI,0.02048000000000001
20,50,460.947368421052,96,20240620,96-CF 20240620.xlsx,std,2,b,VTI,0.02048000000000001
20,60,466.743589743589,96,20240620,96-CF 20240620.xlsx,std,2,b,VTI,0.02048000000000001
21,0,378.631578947368,96,20240620,96-CF 20240620.xlsx,std,3,a,VTI,0.05120000000000001
21,10,378.842105263157,96,20240620,96-CF 20240620.xlsx,std,3,a,VTI,0.05120000000000001
21,20,421.394736842105,96,20240620,96-CF 20240620.xlsx,std,3,a,VTI,0.05120000000000001
21,30,468.95,96,20240620,96-CF 20240620.xlsx,std,3,a,VTI,0.05120000000000001
21,40,544.102564102564,96,20240620,96-CF 20240620.xlsx,std,3,a,VTI,0.05120000000000001
21,50,611.210526315789,96,20240620,96-CF 20240620.xlsx,std,3,a,VTI,0.05120000000000001
21,60,623.230769230769,96,20240620,96-CF 20240620.xlsx,std,3,a,VTI,0.05120000000000001
22,0,382.85,96,20240620,96-CF 20240620.xlsx,std,3,b,VTI,0.05120000000000001
22,10,415.315789473684,96,20240620,96-CF 20240620.xlsx,std,3,b,VTI,0.05120000000000001
22,20,510.305555555555,96,20240620,96-CF 20240620.xlsx,std,3,b,VTI,0.05120000000000001
22,30,620.828571428571,96,20240620,96-CF 20240620.xlsx,std,3,b,VTI,0.05120000000000001
22,40,653.918918918919,96,20240620,96-CF 20240620.xlsx,std,3,b,VTI,0.05120000000000001
22,50,701.783783783783,96,20240620,96-CF 20240620.xlsx,std,3,b,VTI,0.05120000000000001
22,60,735.571428571428,96,20240620,96-CF 20240620.xlsx,std,3,b,VTI,0.05120000000000001
23,0,330.764705882352,96,20240620,96-CF 20240620.xlsx,std,4,a,VTI,0.12800000000000003
23,10,337.361111111111,96,20240620,96-CF 20240620.xlsx,std,4,a,VTI,0.12800000000000003
23,20,390.525,96,20240620,96-CF 20240620.xlsx,std,4,a,VTI,0.12800000000000003
23,30,455.1,96,20240620,96-CF 20240620.xlsx,std,4,a,VTI,0.12800000000000003
23,40,503.5,96,20240620,96-CF 20240620.xlsx,std,4,a,VTI,0.12800000000000003
23,50,538.5,96,20240620,96-CF 20240620.xlsx,std,4,a,VTI,0.12800000000000003
23,60,562.657894736842,96,20240620,96-CF 20240620.xlsx,std,4,a,VTI,0.12800000000000003
24,0,316.142857142857,96,20240620,96-CF 20240620.xlsx,std,4,b,VTI,0.12800000000000003
24,10,345.813953488372,96,20240620,96-CF 20240620.xlsx,std,4,b,VTI,0.12800000000000003
24,20,407.333333333333,96,20240620,96-CF 20240620.xlsx,std,4,b,VTI,0.12800000000000003
24,30,468.155555555555,96,20240620,96-CF 20240620.xlsx,std,4,b,VTI,0.12800000000000003
24,40,503.181818181818,96,20240620,96-CF 20240620.xlsx,std,4,b,VTI,0.12800000000000003
24,50,533.255813953488,96,20240620,96-CF 20240620.xlsx,std,4,b,VTI,0.12800000000000003
24,60,526.133333333333,96,20240620,96-CF 20240620.xlsx,std,4,b,VTI,0.12800000000000003
25,0,364.34375,96,20240620,96-CF 20240620.xlsx,std,5,a,VTI,0.32000000000000006
25,10,443.25,96,20240620,96-CF 20240620.xlsx,std,5,a,VTI,0.32000000000000006
25,20,536.8125,96,20240620,96-CF 20240620.xlsx,std,5,a,VTI,0.32000000000000006
25,30,609.40625,96,20240620,96-CF 20240620.xlsx,std,5,a,VTI,0.32000000000000006
25,40,672.875,96,20240620,96-CF 20240620.xlsx,std,5,a,VTI,0.32000000000000006
25,50,694.757575757575,96,20240620,96-CF 20240620.xlsx,std,5,a,VTI,0.32000000000000006
25,60,720.84375,96,20240620,96-CF 20240620.xlsx,std,5,a,VTI,0.32000000000000006
26,0,419.666666666666,96,20240620,96-CF 20240620.xlsx,std,5,b,VTI,0.32000000000000006
26,10,465.255813953488,96,20240620,96-CF 20240620.xlsx,std,5,b,VTI,0.32000000000000006
26,20,589.658536585365,96,20240620,96-CF 20240620.xlsx,std,5,b,VTI,0.32000000000000006
26,30,677,96,20240620,96-CF 20240620.xlsx,std,5,b,VTI,0.32000000000000006
26,40,712.418604651162,96,20240620,96-CF 20240620.xlsx,std,5,b,VTI,0.32000000000000006
26,50,745.418604651162,96,20240620,96-CF 20240620.xlsx,std,5,b,VTI,0.32000000000000006
26,60,741.232558139534,96,20240620,96-CF 20240620.xlsx,std,5,b,VTI,0.32000000000000006
27,0,291.421052631578,96,20240620,96-CF 20240620.xlsx,std,6,a,VTI,0.8000000000000002
27,10,369.45,96,20240620,96-CF 20240620.xlsx,std,6,a,VTI,0.8000000000000002
27,20,435.6,96,20240620,96-CF 20240620.xlsx,std,6,a,VTI,0.8000000000000002
27,30,493.05,96,20240620,96-CF 20240620.xlsx,std,6,a,VTI,0.8000000000000002
27,40,514.428571428571,96,20240620,96-CF 20240620.xlsx,std,6,a,VTI,0.8000000000000002
27,50,510.40909090909,96,20240620,96-CF 20240620.xlsx,std,6,a,VTI,0.8000000000000002
27,60,516.545454545454,96,20240620,96-CF 20240620.xlsx,std,6,a,VTI,0.8000000000000002
28,0,366.375,96,20240620,96-CF 20240620.xlsx,std,6,b,VTI,0.8000000000000002
28,10,439.8,96,20240620,96-CF 20240620.xlsx,std,6,b,VTI,0.8000000000000002
28,20,551.575757575757,96,20240620,96-CF 20240620.xlsx,std,6,b,VTI,0.8000000000000002
28,30,641.875,96,20240620,96-CF 20240620.xlsx,std,6,b,VTI,0.8000000000000002
28,40,666.470588235294,96,20240620,96-CF 20240620.xlsx,std,6,b,VTI,0.8000000000000002
28,50,691.323529411764,96,20240620,96-CF 20240620.xlsx,std,6,b,VTI,0.8000000000000002
28,60,701.117647058823,96,20240620,96-CF 20240620.xlsx,std,6,b,VTI,0.8000000000000002
29,0,336.290322580645,96,20240620,96-CF 20240620.xlsx,std,7,a,VTI,2
29,10,428.8125,96,20240620,96-CF 20240620.xlsx,std,7,a,VTI,2
29,20,480.147058823529,96,20240620,96-CF 20240620.xlsx,std,7,a,VTI,2
29,30,561.939393939394,96,20240620,96-CF 20240620.xlsx,std,7,a,VTI,2
29,40,641.71875,96,20240620,96-CF 20240620.xlsx,std,7,a,VTI,2
29,50,685.5625,96,20240620,96-CF 20240620.xlsx,std,7,a,VTI,2
29,60,687.696969696969,96,20240620,96-CF 20240620.xlsx,std,7,a,VTI,2
30,0,309.594594594594,96,20240620,96-CF 20240620.xlsx,std,7,b,VTI,2
30,10,375.973684210526,96,20240620,96-CF 20240620.xlsx,std,7,b,VTI,2
30,20,480.675675675675,96,20240620,96-CF 20240620.xlsx,std,7,b,VTI,2
30,30,562.555555555555,96,20240620,96-CF 20240620.xlsx,std,7,b,VTI,2
30,40,622.111111111111,96,20240620,96-CF 20240620.xlsx,std,7,b,VTI,2
30,50,651.189189189189,96,20240620,96-CF 20240620.xlsx,std,7,b,VTI,2
30,60,660.054054054054,96,20240620,96-CF 20240620.xlsx,std,7,b,VTI,2
31,0,357.236842105263,96,20240620,96-CF 20240620.xlsx,std,8,a,VTI,5
31,10,400.571428571428,96,20240620,96-CF 20240620.xlsx,std,8,a,VTI,5
31,20,458.404761904761,96,20240620,96-CF 20240620.xlsx,std,8,a,VTI,5
31,30,536.65,96,20240620,96-CF 20240620.xlsx,std,8,a,VTI,5
31,40,615.210526315789,96,20240620,96-CF 20240620.xlsx,std,8,a,VTI,5
31,50,630.794871794871,96,20240620,96-CF 20240620.xlsx,std,8,a,VTI,5
31,60,648.447368421052,96,20240620,96-CF 20240620.xlsx,std,8,a,VTI,5
32,0,383.192307692307,96,20240620,96-CF 20240620.xlsx,std,8,b,VTI,5
32,10,475.333333333333,96,20240620,96-CF 20240620.xlsx,std,8,b,VTI,5
32,20,571.037037037037,96,20240620,96-CF 20240620.xlsx,std,8,b,VTI,5
32,30,703.44,96,20240620,96-CF 20240620.xlsx,std,8,b,VTI,5
32,40,717,96,20240620,96-CF 20240620.xlsx,std,8,b,VTI,5
32,50,765.222222222222,96,20240620,96-CF 20240620.xlsx,std,8,b,VTI,5
32,60,809.307692307692,96,20240620,96-CF 20240620.xlsx,std,8,b,VTI,5
65,0,306.8,96,20240620,96-CF 20240620.xlsx,std,2,a,FskOnly,0.02048000000000001
65,10,317.041666666666,96,20240620,96-CF 20240620.xlsx,std,2,a,FskOnly,0.02048000000000001
65,20,307.72,96,20240620,96-CF 20240620.xlsx,std,2,a,FskOnly,0.02048000000000001
65,30,305.56,96,20240620,96-CF 20240620.xlsx,std,2,a,FskOnly,0.02048000000000001
65,40,290.653846153846,96,20240620,96-CF 20240620.xlsx,std,2,a,FskOnly,0.02048000000000001
65,50,311.291666666666,96,20240620,96-CF 20240620.xlsx,std,2,a,FskOnly,0.02048000000000001
65,60,309.75,96,20240620,96-CF 20240620.xlsx,std,2,a,FskOnly,0.02048000000000001
66,0,360.962962962963,96,20240620,96-CF 20240620.xlsx,std,2,b,FskOnly,0.02048000000000001
66,10,362.074074074074,96,20240620,96-CF 20240620.xlsx,std,2,b,FskOnly,0.02048000000000001
66,20,360.037037037037,96,20240620,96-CF 20240620.xlsx,std,2,b,FskOnly,0.02048000000000001
66,30,357.777777777777,96,20240620,96-CF 20240620.xlsx,std,2,b,FskOnly,0.02048000000000001
66,40,355.666666666666,96,20240620,96-CF 20240620.xlsx,std,2,b,FskOnly,0.02048000000000001
66,50,353.962962962963,96,20240620,96-CF 20240620.xlsx,std,2,b,FskOnly,0.02048000000000001
66,60,352.74074074074,96,20240620,96-CF 20240620.xlsx,std,2,b,FskOnly,0.02048000000000001
67,0,405.739130434782,96,20240620,96-CF 20240620.xlsx,std,4,a,FskOnly,0.12800000000000003
67,10,407.086956521739,96,20240620,96-CF 20240620.xlsx,std,4,a,FskOnly,0.12800000000000003
67,20,404.478260869565,96,20240620,96-CF 20240620.xlsx,std,4,a,FskOnly,0.12800000000000003
67,30,417.90909090909,96,20240620,96-CF 20240620.xlsx,std,4,a,FskOnly,0.12800000000000003
67,40,401.782608695652,96,20240620,96-CF 20240620.xlsx,std,4,a,FskOnly,0.12800000000000003
67,50,411.772727272727,96,20240620,96-CF 20240620.xlsx,std,4,a,FskOnly,0.12800000000000003
67,60,410.227272727272,96,20240620,96-CF 20240620.xlsx,std,4,a,FskOnly,0.12800000000000003
68,0,366.391304347826,96,20240620,96-CF 20240620.xlsx,std,4,b,FskOnly,0.12800000000000003
68,10,337.68,96,20240620,96-CF 20240620.xlsx,std,4,b,FskOnly,0.12800000000000003
68,20,350.375,96,20240620,96-CF 20240620.xlsx,std,4,b,FskOnly,0.12800000000000003
68,30,349.291666666666,96,20240620,96-CF 20240620.xlsx,std,4,b,FskOnly,0.12800000000000003
68,40,362.434782608695,96,20240620,96-CF 20240620.xlsx,std,4,b,FskOnly,0.12800000000000003
68,50,359.652173913043,96,20240620,96-CF 20240620.xlsx,std,4,b,FskOnly,0.12800000000000003
68,60,356.347826086956,96,20240620,96-CF 20240620.xlsx,std,4,b,FskOnly,0.12800000000000003
69,0,388.947368421052,96,20240620,96-CF 20240620.xlsx,std,6,a,FskOnly,0.8000000000000002
69,10,387.973684210526,96,20240620,96-CF 20240620.xlsx,std,6,a,FskOnly,0.8000000000000002
69,20,389.526315789473,96,20240620,96-CF 20240620.xlsx,std,6,a,FskOnly,0.8000000000000002
69,30,391.973684210526,96,20240620,96-CF 20240620.xlsx,std,6,a,FskOnly,0.8000000000000002
69,40,390.815789473684,96,20240620,96-CF 20240620.xlsx,std,6,a,FskOnly,0.8000000000000002
69,50,389,96,20240620,96-CF 20240620.xlsx,std,6,a,FskOnly,0.8000000000000002
69,60,391.28947368421,96,20240620,96-CF 20240620.xlsx,std,6,a,FskOnly,0.8000000000000002
70,0,347.5,96,20240620,96-CF 20240620.xlsx,std,6,b,FskOnly,0.8000000000000002
70,10,356.185185185185,96,20240620,96-CF 20240620.xlsx,std,6,b,FskOnly,0.8000000000000002
70,20,357.185185185185,96,20240620,96-CF 20240620.xlsx,std,6,b,FskOnly,0.8000000000000002
70,30,359.222222222222,96,20240620,96-CF 20240620.xlsx,std,6,b,FskOnly,0.8000000000000002
70,40,360.592592592592,96,20240620,96-CF 20240620.xlsx,std,6,b,FskOnly,0.8000000000000002
70,50,360.481481481481,96,20240620,96-CF 20240620.xlsx,std,6,b,FskOnly,0.8000000000000002
70,60,366.888888888888,96,20240620,96-CF 20240620.xlsx,std,6,b,FskOnly,0.8000000000000002
71,0,313,96,20240620,96-CF 20240620.xlsx,std,8,a,FskOnly,5
71,10,337.576923076923,96,20240620,96-CF 20240620.xlsx,std,8,a,FskOnly,5
71,20,359.076923076923,96,20240620,96-CF 20240620.xlsx,std,8,a,FskOnly,5
71,30,372.653846153846,96,20240620,96-CF 20240620.xlsx,std,8,a,FskOnly,5
71,40,360.892857142857,96,20240620,96-CF 20240620.xlsx,std,8,a,FskOnly,5
71,50,359.827586206896,96,20240620,96-CF 20240620.xlsx,std,8,a,FskOnly,5
71,60,381.035714285714,96,20240620,96-CF 20240620.xlsx,std,8,a,FskOnly,5
72,0,414.15625,96,20240620,96-CF 20240620.xlsx,std,8,b,FskOnly,5
72,10,413.666666666666,96,20240620,96-CF 20240620.xlsx,std,8,b,FskOnly,5
72,20,434.545454545454,96,20240620,96-CF 20240620.xlsx,std,8,b,FskOnly,5
72,30,442.818181818181,96,20240620,96-CF 20240620.xlsx,std,8,b,FskOnly,5
72,40,450.363636363636,96,20240620,96-CF 20240620.xlsx,std,8,b,FskOnly,5
72,50,472.8125,96,20240620,96-CF 20240620.xlsx,std,8,b,FskOnly,5
72,60,449.823529411764,96,20240620,96-CF 20240620.xlsx,std,8,b,FskOnly,5
