gse,organ,summary_organs,organoid_in_summary,label_consistent,label_unambiguous,summary
GSE278954,Liver,Kidney - Cortex;Liver,True,True,False,"Kinesin family member 12 (KIF12) has been implicated in liver disease requiring transplantation in pediatric patients. Single cell RNA-sequencing shows KIF12 expression selectively in biliary cells in healthy human liver. Here, we generated a human KIF12-disease model by introducing a homozygous KIF12 p.Arg219* mutation in induced pluripotent stem cells. These cells were differentiated into 2D cholangiocyte-like cells (iCCs) and 3D biliary organoids. Pioneering single-molecule fluorescence microscopy in live iCCs, we observed wild-type KIF12 co-localizing with microtubules, consistent with prediction of being a microtubule associated motor protein. KIF12 deficiency causes perinuclear clustering of mitochondria and lysosomes, along with aberrant cilia localization. These defects were rescued by viral delivery of wild-type KIF12. Collectively, these findings uncovered a mechanistic link between KIF12 dysfunction, mitochondria, lysosomes, and cilia mispositioning, and biliary pathology. Our study expands the knowledge of kinesins beyond neuronal function and provides a foundation for development of targeted genetic therapies for kinesinopathies."
GSE347768,Colon - Transverse,Lung;Pancreas,True,False,False,"Most solid tumors resist immunotherapy. Immune engagers redirect lymphocytes against cancer, but poor tumor access, immunosuppression and systemic toxicity constrain efficacy. We developed live immune modulating engagers (LIME): non-pathogenic, tumor-tropic Escherichia coli displaying tandem single chain variable fragments targeting a tumor antigen and an activating T or NK receptor. LIME bridged effector and tumor cells, reprogrammed effector transcription, and enhanced cytotoxicity across cancer cell lines and patient-derived organoids. In mice, LIME selectively accumulated in tumors, outperformed tarlatamab in small cell lung cancer, and induced durable lymphoma immunity. In pancreatic cancer, a RAS(ON) inhibitor enhanced LIME-driven T cell infiltration and tumor reactive antibodies, revealing an adaptive myeloid PD-L1 program overcome by PD-L1 blockade. Modular across antigens and effectors and compatible with targeted therapies, LIME enables programmable, tumor-restricted immunotherapy."
GSE343459,Skin - Sun Exposed (Lower leg),Skin - Sun Exposed (Lower leg),True,True,True,The goal of this study was to determine what IFNAR1-dependent transcriptomic changes occur in skin organoid fibroblasts
GSE329052,Colon - Transverse,Colon - Transverse,True,True,True,"Despite decades of intensive research, colorectal cancer (CRC) remains a leading cause of cancer-related mortality. Although the canonical EGFR/KRAS/MAPK pathway plays a central role in CRC tumorigenesis, and KRAS/BRAF mutations define only a subset of tumors, the fate of KRAS wild-type CRC cells surviving MEK inhibition remains poorly understood. Using patient-derived organoids (PDOs) and tissue samples, we detected heterogeneous MAPK pathway activity and found that MEK inhibition induces sustained growth arrest that persists after drug withdrawal and even in the presence of EGF. This low-proliferative state was accompanied by a transcriptional shift towards a stem cell–like program characterized by high Wnt pathway activity, without evidence of increased senescence and without elevated expression of genes associated with high-plasticity tumor cell state. Importantly, we proved that Wnt hyperactivation recapitulates the effects of MEK inhibition in surviving KRAS wild-type PDOs, suggesting a functional link between MEK inhibition and Wnt-driven reprogramming. Whereas repeated MEK inhibitor treatment had no additional effect, surviving Wnt-high organoids displayed increased sensitivity to alternative drugs, including HSP90 and BCLxL inhibitors. In parallel, we found that extracellular matrix composition can modulate treatment response, and the accumulation of collagen-I significantly reduces PDO survival under MEK inhibition, whilst fibroblasts did not alter short-term effects in co-cultures. Collectively, these findings show that MEK inhibition in KRAS wild-type CRC induces long-term growth arrest with Wnt hyperactivation, rendering cells unresponsive to repeated MEK inhibition while exposing therapeutic and context-dependent vulnerabilities, providing a rationale for sequential treatment strategies."
GSE346894,Pancreas,Pancreas,False,True,True,"Pancreatic ductal adenocarcinoma (PDAC), the most common subtype of pancreatic cancer, is a deadly disease with a complex tumor microenvironment (TME). How chemotherapy alters the TME, and whether these changes drive chemoresistance, is poorly understood. We examined matched pre- and post-treatment tissue specimens and found near-universal enrichment of axonal guidance genes in cancer-associated fibroblasts (CAFs) after treatment. These CAFs were enriched near sites of perineural invasion, coinciding with regions of increased tumor cell proliferation, and were enriched in tumor areas distant from nerves after chemotherapy. Metastatic recurrence lesions had the highest prevalence of these CAFs versus primary tumors and untreated metastases. These CAFs showed elevated non-canonical Wnt mediators and axonal guidance genes, which complemented matching cognate binding partners in tumor epithelial cells, suggesting a role in tumor-stroma crosstalk.  Additionally, in vitro studies revealed enrichment of axonal guidance genes in patient-derived CAF lines upon exposure to chemotherapy or tumor cells.  Altogether, our findings implicate fibroblast-derived axonal-guidance genes in promoting PDAC invasion and point to a promising target for this disease."
GSE341690,Brain - Cortex,Brain - Cortex,True,True,True,"Tuberous Sclerosis Complex (TSC) is a neurodevelopmental disorder defined by cortical tubers, which are focal malformations of cortical development containing dysplastic cells with hyperactive mTORC1 signaling. A critical barrier to developing therapeutic approaches for TSC is a lack of understanding of the developmental origins and molecular profile of tuber cells. To address this, we established genetically mosaic cortical organoid models that recapitulate a somatic “second-hit” mutation, which is proposed to drive tuber cell formation. We find that loss of TSC2 cell-autonomously promotes the differentiation of astrocytes, which are hypertrophic and have an expression profile consistent with reactive astrocytes in neurodegenerative disorders. Using multiplexed immunofluorescence in TSC patient tubers, we identify a cell population with hyperactive mTORC1 signaling that mirrors the reactive astrocyte signature in organoids. Our results demonstrate that reactive astrogliosis is an early, primary feature of TSC, nominating astrocytes as potential therapeutic targets for TSC and related mTORopathies."
GSE331309,Colon - Transverse,Colon - Transverse,True,True,True,"This bulk RNA-seq experiment was designed to investigate the contribution of necroptotic signalling to the inflammatory transcriptional response of human intestinal epithelial cells. Patient-derived human intestinal organoids from four independent donors were differentiated into colonocyte-enriched organoids and engineered to overexpress BCL2, thereby limiting apoptosis-associated cell death. Organoids were then exposed to IFNγ and TNF to model an inflammatory cytokine environment relevant to intestinal inflammation, in the presence or absence of pharmacological inhibitors targeting necroptotic signalling. Transcriptomic profiling was performed to determine how inhibition of necroptosis-associated pathways alters epithelial inflammatory responses under conditions where apoptosis is blocked. This dataset enables comparison of cytokine-induced gene expression programs across donor-derived organoids and inhibitor-treated conditions, providing insight into the role of necroptotic signalling in shaping epithelial responses to IFNγ/TNF-driven inflammation."
GSE330696,Colon - Transverse,Colon - Transverse,True,True,True,"Human intestinal epithelial organoids derived from non-IBD patients were used to investigate transcriptional responses associated with inflammatory cytokine-induced epithelial cell death. Organoids were stimulated with IFNγ and TNF to model inflammatory injury observed in IBD. Bulk RNA sequencing was performed to characterise cytokine-driven gene expression programs associated with inducible nitric oxide synthase (iNOS) activation, epithelial stress responses, mitochondrial apoptosis, and inflammatory signalling pathways. Comparative transcriptomic analyses identified inflammatory and cell death-associated gene signatures induced by IFNγ/TNF treatment and revealed molecular pathways linked to epithelial injury in human intestinal organoids. These data provide a resource for understanding how inflammatory cytokines regulate epithelial cell death and transcriptional remodelling in the intestinal epithelium during IBD-associated inflammation."
GSE335920,Brain - Cortex,Brain - Cortex,True,True,True,"Acetaminophen (APAP) is the most widely used analgesic during pregnancy, yet its effects on prenatal human brain development remain incompletely understood. Epidemiological studies have reported inconsistent associations between prenatal APAP exposure and later neurodevelopmental outcomes, underscoring the need for mechanistic evaluation in human-relevant developmental models. Here, we examined how APAP influences early cortical development using induced pluripotent stem cell-derived cortical organoids (COs) generated from six independent lines. Organoids were exposed to physiologically relevant APAP concentrations (25, 50, and 100 μM) for 5 days beginning at day 21 of differentiation, corresponding to late first-trimester cortical development. We assessed organoid growth, apoptosis, differentiation, synaptic maturation, transcriptomic profiles using bulk and single-nucleus RNA sequencing (snRNA-seq), and functional network activity using multielectrode array recordings up to 4 months. APAP exposure did not significantly affect organoid size, cytoarchitecture, or viability. Neuronal and progenitor cell proportions, as well as synaptic puncta density, were not significantly unchanged. Bulk RNA-seq revealed subtle transcriptional changes only at the highest dose (16 differentially expressed genes at 100 μM), enriched for neurodevelopmental pathways. In contrast, snRNA-seq at 3 months revealed no changes in cell type composition or gene expression. Consistent with these findings, electrophysiological measures including firing rate, burst frequency, and network synchrony, were  indistinguishable from controls. Together, these results indicate that exposure to therapeutic APAP concentrations during a critical window of early cortical development produces minimal molecular perturbations without detectable changes or effects within the sensitivity of our assay. This study provides mechanistic evidence indicating that, in this human organoid model, recommended APAP exposure is not associated with detectable disruptions in pathways implicated in brain development."
GSE313206,Brain - Cortex,Brain - Cortex,True,True,True,"Neuronal differentiation relies on tightly regulated transcriptional programs driven by morphogens, yet the role of physiologically derived metabolites in development remains poorly understood. Here, we investigated the effect of the ketone body β-hydroxybutyrate on dopaminergic differentiation using midbrain organoids derived from human embryonic stem cells. Treatment with 1 mM β-hydroxybutyrate for 16 days significantly increased the number of TH⁺ dopaminergic neurons. Transcriptomic analysis by RNA-seq at days 8 and 16 revealed the enrichment of neuronal and dopamine-associated genes, while CUT&RUN profiling of H3K27ac uncovered widespread epigenomic remodeling at neural and dopaminergic regulatory regions. Motif and clustering analyses identified stage-specific enhancer groups, including a day 16-enriched cluster containing validated GeneHancer elements with predicted LMX1B and FOXA2 binding sites. Integration of predicting transcriptional factor binding motifs, and RNAseq data and enrichment H3K27ac enabled the construction of gene regulatory networks using our custom web platform, Enhancer Network Explorer. Together, our results demonstrate that β-hydroxybutyrate reshapes the epigenomic landscape to promote dopaminergic differentiation, suggesting that ketone bodies plays a  role in human brain development."
GSE303837,Lung,Liver;Lung,True,True,False,"Suppressor transfer RNAs (sup-tRNAs) can rescue disease-causing nonsense mutations by promoting readthrough of premature termination codons (PTCs). Their clinical translation is limited by suboptimal activity and inefficient in vivo delivery. In this work, we combined site-specific chemical modification of sup-tRNAs with cargo-tailored pulmonary lipid nanoparticle (LNP) engineering to overcome these barriers. Incorporation of N1-methyladenosine in sup-tRNAs improved PTC readthrough, enhanced tRNA aminoacylation, prolonged functional persistence, and reduced innate immune activation. High-throughput ionizable lipid screening and formulation optimization identified a sup-tRNA–tailored LNP that efficiently delivered chemically modified sup-tRNAs to the lung. This approach restored cystic fibrosis transmembrane conductance regulator (CFTR) expression and function in bronchial epithelial cells, mouse models, and patient-derived organoids. Thus, LNP-delivered, chemically engineered sup-tRNAs represent a potential therapeutic platform for treating nonsense mutations."
GSE338895,Colon - Transverse,Colon - Transverse,True,True,True,"Intestinal stem cells (ISCs) mediate the continuous renewal of the epithelium during homeostasis and recovery from injury. To investigate the molecular impact of inflammation on human ISCs and the role of JAK/STAT signaling, we established an organoid model derived from individuals with pouchitis, a form of inflammatory bowel disease that develops in an organ generated from ileal pouch-anal anastomosis (IPAA) surgery. Compared with non-inflamed specimens, pouchitis organoids exhibited increased apoptosis and secretory lineage differentiation that were stable after multiple passages, mirroring findings in primary pouch tissue. Chromatin accessibility and histone modification profiling of ISCs revealed inflammation-driven epigenetic remodeling, particularly involving AP-1 transcription factors like c-Jun and excessive STAT1 activity. Loss of c-Jun disrupted ISC viability and enhanced secretory cell differentiation in non-inflamed organoids, while therapies targeting JAK/STAT reversed these ISC defects and chromatin changes in pouchitis organoids. These results associate inflammation with epigenetic changes in human ISCs, suggesting that immune-mediated injury has lasting effects on the pouch epithelium that can potentially be reversed through JAK/STAT therapies."
GSE305512,Brain - Cortex,,False,False,False,We have employed bulk-RNA sequencing approach using 10x Genomics RNA-seq to study hPCOs.
GSE305319,Brain - Cortex,,False,False,False,We have employed bulk-RNA sequencing approach using 10x Genomics RNA-seq to study hPCOs.
GSE301846,Liver,Liver,True,True,True,"Human liver tissue engineering holds promise for transplantation but faces challenges replicating liver complexity. In the present study, we created bioengineered liver tissues (BLTs) utilizing three different cell types; human intrahepatic cholangiocyte organoids (ICOs), hepatic stellate cells (HSCs), and mesenchymal stromal cells (MSCs). Co-culturing with HSCs and MSCs accelerated growthand spontaneous fusion resulted in complex liver-like tissue structures. In a dynamic suspension culture, BLTs had a more compact morphology and higher expression of hepatic markers, including ALB, CYP3A4, and MRP2. We further showed that animal-derived Matrigel can be replaced by a synthetic polyisocyanide (PIC)-based hydrogel for BLTs. Importantly, PIC-based hydrogel further promoted the maturation of BLTs assessed by parameters as intracellular protein levels, morphological analysis, and metabolic activity. Transcriptomic analyses revealed mechanisms underlying tissue formation and function. To conclude, our strategy  yields functional liver tissues  suitable for disease modelling, drug screening, and toxicity tests, and form an important basis for future development of larger liver tissues for in vivo transplantation."
GSE304208,Lung,Lung,True,True,True,"Lung tissue from fetal and neonatal lung samples is tough to obtain, and capturing cells from a living patient with evolving or established disease is very challenging.  We hypothesized that airway organoids derived from BAL samples from intubated preterm neonates with established BPD will recapitulate the epithelial heterogeneity seen in human airways and can be used for studying injury and therapy responses in vitro. BPD patient BAL-derived airway organoids exhibited cellular heterogeneity consistent with that observed in the human airway. BAL sample-derived airway organoids from patients with established BPD contain basal cell progenitors and a spectrum of differentiated epithelial subtypes, including secretory, ciliated, PNECs, and hillock cells. Hyperoxia exposure and treatment with dexamethasone caused significant cellular transcriptional changes and highlighted biological pathways, both known and novel. Sex as a biological variable modulates the response of the BAL-derived airway organoid to hyperoxia exposure and treatment with dexamethasone. We also validated our findings in an independent dataset from human BPD lung samples. BAL-derived human lung organoids represent a cutting-edge model that bridges a critical gap in BPD research. They combine the advantages of being patient-specific and capturing developmental lung biology, with the experimental flexibility of an in vitro system."
GSE304206,Lung,Lung,True,True,True,"Lung tissue from fetal and neonatal lung samples is tough to obtain, and capturing cells from a living patient with evolving or established disease is very challenging.  We hypothesized that airway organoids derived from BAL samples from intubated preterm neonates with established BPD will recapitulate the epithelial heterogeneity seen in human airways and can be used for studying injury and therapy responses in vitro. BPD patient BAL-derived airway organoids exhibited cellular heterogeneity consistent with that observed in the human airway. BAL sample-derived airway organoids from patients with established BPD contain basal cell progenitors and a spectrum of differentiated epithelial subtypes, including secretory, ciliated, PNECs, and hillock cells. Hyperoxia exposure and treatment with dexamethasone caused significant cellular transcriptional changes and highlighted biological pathways, both known and novel. Sex as a biological variable modulates the response of the BAL-derived airway organoid to hyperoxia exposure and treatment with dexamethasone. We also validated our findings in an independent dataset from human BPD lung samples. BAL-derived human lung organoids represent a cutting-edge model that bridges a critical gap in BPD research. They combine the advantages of being patient-specific and capturing developmental lung biology, with the experimental flexibility of an in vitro system."
GSE304203,Lung,Lung,True,True,True,"Lung tissue from fetal and neonatal lung samples is tough to obtain, and capturing cells from a living patient with evolving or established disease is very challenging.  We hypothesized that airway organoids derived from BAL samples from intubated preterm neonates with established BPD will recapitulate the epithelial heterogeneity seen in human airways and can be used for studying injury and therapy responses in vitro. BPD patient BAL-derived airway organoids exhibited cellular heterogeneity consistent with that observed in the human airway. BAL sample-derived airway organoids from patients with established BPD contain basal cell progenitors and a spectrum of differentiated epithelial subtypes, including secretory, ciliated, PNECs, and hillock cells. Hyperoxia exposure and treatment with dexamethasone caused significant cellular transcriptional changes and highlighted biological pathways, both known and novel. Sex as a biological variable modulates the response of the BAL-derived airway organoid to hyperoxia exposure and treatment with dexamethasone. We also validated our findings in an independent dataset from human BPD lung samples. BAL-derived human lung organoids represent a cutting-edge model that bridges a critical gap in BPD research. They combine the advantages of being patient-specific and capturing developmental lung biology, with the experimental flexibility of an in vitro system."
GSE304202,Lung,Lung,True,True,True,"Lung tissue from fetal and neonatal lung samples is tough to obtain, and capturing cells from a living patient with evolving or established disease is very challenging.  We hypothesized that airway organoids derived from BAL samples from intubated preterm neonates with established BPD will recapitulate the epithelial heterogeneity seen in human airways and can be used for studying injury and therapy responses in vitro. BPD patient BAL-derived airway organoids exhibited cellular heterogeneity consistent with that observed in the human airway. BAL sample-derived airway organoids from patients with established BPD contain basal cell progenitors and a spectrum of differentiated epithelial subtypes, including secretory, ciliated, PNECs, and hillock cells. Hyperoxia exposure and treatment with dexamethasone caused significant cellular transcriptional changes and highlighted biological pathways, both known and novel. Sex as a biological variable modulates the response of the BAL-derived airway organoid to hyperoxia exposure and treatment with dexamethasone. We also validated our findings in an independent dataset from human BPD lung samples. BAL-derived human lung organoids represent a cutting-edge model that bridges a critical gap in BPD research. They combine the advantages of being patient-specific and capturing developmental lung biology, with the experimental flexibility of an in vitro system."
GSE277920,Kidney - Cortex,Kidney - Cortex,True,True,True,"Kidney organoid model can better simulate the development process, thereby providing an optimal platform for elucidating the mechanisms underlying human kidney development. In this study, we systematically characterized the chromatin availability dynamics and transcriptional regulation during the induction of human embryonic stem cells (hESCs) into kidney organoids (E-iKOs) for the first time.  We demonstrated that HNF1B is essential for nephrogenesis, as its deficiency results in absence of tubule structures. Furthermore, DOT1L, a histone H3K79 methyltransferase, is activated during E-iKOs induction and is predominantly responsible for opening pivotal loci and promotes the mesenchymal to epithelial transition (MET) required for kidney epithelial differentiation. Collectively, our study provides valuable resources and insights into the mechanistic study of human kidney development in vitro at the chromatin remodeling level."
GSE316654,Colon - Transverse,Colon - Transverse,False,True,True,"Malnutrition is a major global health challenge that increases intestinal permeability and susceptibility to sepsis, yet the mechanisms driving barrier dysfunction remain poorly defined. We aimed to identify how the gut microbiome and microbiota-derived metabolites regulate intestinal barrier integrity during malnutrition. We used a low-protein, low-fat diet (LPLFD) to induce malnutrition in specific pathogen-free (SPF) and germ-free (GF) mice. Colonic permeability and mucus thickness were quantified. Metabolomics identified microbiota-derived metabolites altered by malnutrition. Human colonoids were used to test mechanistic effects of candidate metabolites. Barrier restoration was evaluated following colonic administration of isovalerate or oral supplementation with its precursor amino acid, leucine. LPLFD-induced malnutrition increased colonic permeability and reduced mucus thickness in male, but not female, SPF mice. These defects were absent in malnourished GF mice, indicating a microbiota-dependent and sexually dimorphic mechanism of barrier disruption. Metabolomic analysis revealed reduced colonic levels of branched-chain fatty acids (BCFAs) in malnourished mice. Supplementation of human colonoids with the BCFA isovalerate improved barrier function and altered expression of genes associated with epithelial junctional complexes. Restoring isovalerate levels, either directly via colonic administration or indirectly through oral leucine supplementation, partially rescued barrier defects in malnourished male mice. These findings identify BCFAs, particularly isovalerate, as essential microbiota-derived regulators of intestinal barrier integrity during malnutrition. This work reveals a sex-specific, microbiota-dependent pathway of barrier dysfunction and highlights microbial metabolites as promising therapeutic targets for mitigating sepsis risk in undernourished populations."
GSE336415,Colon - Transverse,Colon - Transverse;Liver,True,True,False,"Actinomycin D pulse-chase RNA sequencing (ActD-seq) was used to measure ZFP36L2-dependent mRNA decay rates in two patient-derived colorectal cancer (CRC) liver metastasis organoid lines (MSK107Li and OKG146Li). Organoids expressing a doxycycline-inducible short hairpin RNA targeting ZFP36L2 (shZFP36L2) or a non-targeting control (shCtrl) were cultured for 5 days with 2 μg/mL doxycycline, then treated with or without 5 μg/mL Actinomycin D (ActD) for 5 hours to block de novo transcription. Total RNA was extracted using the RNeasy Mini Kit (Qiagen), and strand-specific mRNA libraries were prepared using the TruSeq Stranded mRNA Kit and sequenced on the Illumina NovaSeq 6000 (PE100). Decay rates were quantified by comparing transcript abundance between ActD-treated and untreated conditions within each knockdown condition; ZFP36L2-dependent decay was calculated as the differential decay rate between shZFP36L2 and shCtrl. ZFP36L2 knockdown significantly stabilized stress-associated transcripts, consistent with ZFP36L2 promoting post-transcriptional decay of AU-rich stress-response mRNAs."
GSE335053,Stomach,Stomach,False,True,True,"Background and Aims: Fibroblasts are increasingly recognized as active drivers of early gastric carcinogenesis, yet the specific fibroblast-derived factors that promote the transition from metaplasia to dysplasia remain unknown. We have recently found that coculture of metaplasia or cancer-derived fibroblasts with gastroids dominated by spasmolytic polypeptide-expressing metaplasia (SPEM) lineages leads to a decrease of metaplastic markers and a concomitant upregulation of dysplasia markers. We have now identified the matricellular protein Spondin-2 (SPON2) as a key fibroblast-secreted mediator of this transition. Methods: Single-cells RNAsequencing of patient-derived fibroblast populations and proteomic profiling of conditioned media were used to identify fibroblast-secreted factors. Spatial transcriptomics was used to evaluate localization of SPON2+ fibroblasts in human gastric tissue. Knockdown of SPON2 in cancer-derived fibroblasts was performed in coculture with SPEM lineage gastroids, and recombinant SPON2 treatment was applied to metaplastic gastroids. Results: Single-cell RNAsequencing and proteomic profiling revealed SPON2 as the most upregulated and selectively secreted protein in metaplasia- and cancer-derived fibroblasts compared to normal fibroblasts. Spatial transcriptomics demonstrated PDGFRA/SPON2 co-expressing fibroblasts localized adjacent to metaplastic glands in human gastric tissue. Knockdown of SPON2 in cancer-derived fibroblasts abrogated induction of dysplastic promotion in cocultured SPEM lineage gastroids, while preserving metaplastic markers. Conversely, recombinant SPON2 treatment promoted down-regulation of metaplastic markers and upregulation of dysplasia-associated proteins in metaplastic gastroids. Conclusions: These findings identify fibroblast-derived SPON2 as a potent secreted factor driving the metaplasia-to-dysplasia transition in gastric epithelium. Therefore, SPON2 represents the first fibroblast-derived secreted factor that can promote preneoplastic progression."
GSE323363,Pancreas,Pancreas,True,True,True,"Pancreatic neuroendocrine tumors (PanNETs) frequently exhibit loss or reduced expression of the tumor suppressor MEN1, a key regulator of tumor progression and DNA damage response (DDR). However, the upstream mechanisms driving MEN1 silencing remain unclear. Here, a pooled epigenetic CRISPR–Cas9 screen identified the NAD⁺-dependent deacetylase SIRT7 as a critical suppressor of MEN1 expression. Mechanistically, SIRT7 interacts with DNMT1 and promotes catalytic activity–dependent recruitment of DNMT1 to the MEN1 promoter, leading to promoter hypermethylation and transcriptional repression. Clinically, SIRT7 is overexpressed in PanNET tissues and inversely correlates with MEN1 levels and patient prognosis. Genetic or pharmacologic inhibition of SIRT7 restored MEN1 expression, reduced MRN complex abundance, and impaired double-strand break repair. Graded MEN1 re-expression demonstrated a quantitative relationship between MEN1 levels, DNA repair efficiency, and radiosensitivity. Functionally, SIRT7 inhibition enhanced radiation-induced DNA damage and apoptosis in a partially MEN1-dependent manner and significantly suppressed tumor growth in patient-derived organoids and multiple independent xenograft models. Collectively, these findings define a catalytic activity–dependent SIRT7–DNMT1–MEN1 epigenetic axis that modulates DDR and radiosensitivity, supporting SIRT7 targeting as a strategy to improve radiotherapy efficacy in PanNETs."
GSE311632,Colon - Transverse,Colon - Transverse,False,True,True,"Mechanical forces are known to influence the progression of cancer, however, the impact of naturally occurring physical forces remains less well understood. With the advent of organ-on-chip (OOC) technology, preclinical models can now incorporate human-relevant physiological forces and allow for more precise investigation of their effects.  In this study, we explore how the peristaltic motions of the gut influence the early metastatic spread of colorectal cancer (CRC).  Specifically, we use a CRC OOC model consisting of tumor epithelial and endothelial channels separated by a porous membrane to investigate, through live cell imaging and ‘omics-based approaches, how peristaltic compressions enhance the invasiveness of colorectal cancer cells. scRNA-seq analysis revealed that invaded tumor cells exhibited significantly higher expression of mechanosensitive genes compared to non-invaded cells. Among the enriched genes was the mechanosensitive calcium ion channel, PIEZO1.  Knockdown of PIEZO1 disrupted YAP1-mediated mechanotransduction and reduced invasive capability. In contrast, exposure to peristaltic contractions enhanced invasiveness.  Analysis of publicly available datasets confirmed that elevated tumor mechanosensitive gene expression is associated with poorer clinical outcomes.  These findings reveal how physiological mechanical forces drive the invasive behavior of mechanosensitive CRC tumors."
GSE292601,Colon - Transverse,,True,False,False,"Precision oncology research typically utilizes patient-derived tumor organoids (PDTO) to predict clinical outcomes, but such efforts are often not directed towards identification of molecular factors underlying differential responses to therapy. Here, we performed bulk RNA-sequencing on treatment-naive PDTOs and combined gene expression data with in vitro drug response data to identify transcriptomic features and programs associated with low chemosensitivity."
GSE314639,Liver,Liver,True,True,True,"This study aimed to create functional and scalable tissue from hiPSC-derived liver organoids (hiPSC-LOs) by establishing an oxygenation system utilizing a decellularized liver (DL), which retains the parenchymal and vascular extracellular matrix to support cell adhesion and medium perfusion. An oxygenation system for hiPSC-LO-engrafted DLs (hiPSC-LT) was established using perfusion of oxygen-enriched medium containing artificial red blood cells. Perfusion with oxygenated medium containing artificial red blood cells suppressed cell death and promoted hepatic function of hiPSC-LTs by mimicking the physiological oxygen concentration found in the fetal liver. The oxygenation system using DLs and artificial red blood cells effectively supported the generation of transplantable, functional hiPSC-LT."
GSE314657,Brain - Cortex,Brain - Cortex;Colon - Transverse;Kidney - Cortex,True,True,False,"The strong size increase of the human neocortex is supported by a neural stem cell population, the basal radial glial (bRG) cells. Using live imaging of human fetal tissue and cortical organoids, we identify two translocation mechanisms for bRG cell colonization of the human neocortex. On top of an actomyosin-dependent movement called mitotic somal translocation (MST), we identify a microtubule dependent motion occurring during interphase, that we call interphasic somal translocation (IST). We show that IST is driven by the dynein motor and its activator LIS1, that are recruited to the nuclear envelope by the LINC complex, while MST is controlled by the mitotic cell rounding pathway. 85% of bRG cell translocation is due to IST, for a total movement of 0,67 mm per month of gestation. Our work identifies how bRG cells colonize the human fetal cortex and further shows that IST and MST also occur in bRG-related glioblastoma cells."
GSE335562,Prostate,Prostate,True,True,True,"Treatment-induced neuroendocrine prostate cancer (t-NEPC) is the major form of re-sistance to androgen receptor signaling inhibitors (ARSI) in advanced prostate cancer, characterized by extremely pronounced invasiveness and lineage plasticity. Through in-depth analysis of clinical cohorts, we found that glutamate ionotropic receptor kainate (GRIK) family members, specifically GRIK2 and GRIK5, are highly expressed in neural lineage plastic prostate cancer cells, NEPC patient derived xenografts, and NEPC patient samples. Their expression positively correlates with neuroendocrine markers and inversely correlates with androgen receptor (AR) activity. Additionally, functional analyses indicated that AR has a direct transcriptional inhibitory effect on GRIK2 and GRIK5, and the absence of AR signaling leads to the upregulation of GRIK2 and GRIK5. Further RNA sequence analysis exhibited that GRIK5 silencing repro-grams the cellular transcriptome, resulting in significant downregulation of AR sig-naling and fatty acid metabolism, while simultaneously activating immune and in-flammatory responses in enzalutamide resistant prostate cancer cells. In both cell line and NEPC organoid models, loss of GRIK5 impairs proliferation and clonogenic for-mation. Notably, GRIK5 also contributes to enzalutamide resistance. Pharmacological evaluation revealed that Pan-GRIK antagonists exhibit anti-tumor activity, although the required relatively high concentrations suggest that more potent therapeutic strategies should be developed. Collectively, this study established GRIK family mem-bers play critical roles in enzalutamide resistance and NEPC progression, highlighting GRIK signaling as a potential therapeutic target for overcoming lineage plasticity in prostate cancer."
GSE310948,Prostate,Prostate,True,True,True,"Transcriptional addiction to the androgen receptor (AR) underlies metastatic castration-resistant prostate cancer (mCRPC), where AR maintains oncogenic enhancer programs through dynamic, domain-specific interactions with the lysine acetyltransferase p300 and associated cofactors. Here, we describe a mechanistically distinct therapeutic modality, Domain-ALTeration Chimeras (DALTACs), designed to rewire endogenous protein complexes by enforcing non-native domain–domain interactions rather than degrading or inhibiting individual components. Our first-in-class molecule, AR–p300 DALTAC-1, induces a synthetic proximity between the AR ligand-binding domain and the p300 bromodomain, thereby misconfiguring the native AR–p300 interface and locking the complex into a non-productive, transcriptionally inert state. DALTAC-1 triggers a profound “super-inhibitory” effect, suppressing AR-driven transcription and proliferation more potently than combined AR and p300 inhibition. Mechanistically, DALTAC-1 reprograms the substrate specificity of p300, extinguishing the enhancer-associated histone mark H2B N-terminal acetylation (H2BNTac) while inducing neomorphic acetylation of AR and SRC2/3, culminating in collapse of the AR neo-enhanceosome. Chromatin profiling revealed widespread redistribution of AR and p300 toward canonical palindromic AREs, coupled with attenuation of ERG/BRD4 recruitment and a near-complete loss of histone H2BNTac acetylation and RNA polymerase II loading at oncogenic AR/ERG neo-enhancers. Strikingly, DALTAC-1 exhibits exquisite lineage selectivity, displaying potent activity in AR-positive prostate cancer cells and patient-derived organoids while sparing AR-negative or non-prostate lineages. In multiple in vivo models, including castration-resistant and patient-derived xenograft tumors, DALTAC-1 induces deep and durable tumor regressions with favorable tolerability. Together, these findings establish DALTACs as a universally applicable strategy to rewire disease-defining protein complexes by altering their domain topology, expanding the conceptual and therapeutic landscape of induced proximity agents. The precision and lineage-selective action of DALTAC-1 highlight its strong translational potential for treating AR-driven prostate cancer."
GSE331395,Brain - Cortex,Brain - Cortex,True,True,True,"Aging is the primary risk factor for Parkinson’s disease (PD), and astrocyte senescence, or astrosenescence, has emerged as a potential mechanism through which aging may progressively impair glial homeostatic neuronal support and render the brain more vulnerable to neurodegeneration. Yet human experimental models that specifically recapitulate astrosenescence within a PD-relevant genetic background are lacking. Here, we applied passage-induced replicative exhaustion to human iPSC-derived neuroepithelial stem cells (NESCs) from healthy donors and LRRK2 G2019S PD patients to establish an in vitro midbrain aging model. Extended passaging induced senescence-associated changes in NESCs, including reduced proliferative capacity, apoptosis resistance, reduction in telomerase activity, and sustained DNA damage response (DDR) activation, while preserving ventral midbrain identity and differentiation potential. Astrocytes derived from aged progenitors recapitulated multiple senescence hallmarks, including increase in SA-β-gal activity, nuclear lamina disruption, persistent DDR activation, and alteration in mitochondrial homeostasis. In human midbrain organoids (hMOs), passage-induced aging was associated with astrocyte-specific DDR activation, widespread lipidomic remodeling, and a selective reduction of dopaminergic neuron content in LRRK2 G2019S organoids compared to healthy donor-derived organoids. Multi-modal analysis of NESCs, astrocytes, and hMOs further revealed that the LRRK2 G2019S genetic background not only shifts baseline cellular states toward an aged-like profile but actively reshapes aging trajectories in a cell-type- and feature-dependent manner. Together, this work establishes a human iPSC-based midbrain model recapitulating key features of cellular senescence in both healthy and LRRK2 G2019S contexts and provides an in vitro platform to investigate the contribution of astrosenescence to PD-related neurodegeneration."
GSE334500,Heart - Left Ventricle,Heart - Left Ventricle;Kidney - Cortex,True,True,False,"Bulk 3'-barcoded RNA-sequencing (Drop-seq-style digital gene expression) of human iPSC-derived cardiac and retinal organoids treated for 24 h at 5 uM with psychotropic drugs (aripiprazole, loxapine, sertraline, quetiapine, xanomeline) versus a No_drug reference, each crossed with neurotransmitter / co-treatment conditions (adrenaline, dopamine, histamine, retinoic acid, serotonin) plus vehicle/chemical controls. Generated for the ToxiPred study to test predicted tissue-resolved drug liability and recover lipid/sterol pathway mechanisms."
GSE312713,Liver,Liver,True,True,True,"Cholangiocarcinoma (CCA) is an adenocarcinoma of the hepatobiliary system showing an alarming rise in incidence and mortality with unsatisfactory treatment options. Claudin-1 (CLDN1) is a transmembrane protein expressed in tight junctions and exposed on the cell surface in liver fibrosis and cancer. Using single cell RNA-sequencing (scRNA-Seq) and spatial transcriptomics of CCA patient tissues, we show that CLDN1 expression is highly upregulated in cancer cells and is associated with stemness and cell fate. Gain-of-function studies in CCA orthotopic in vivo mouse models showed decreased survival and enhanced tumor growth, unraveling a functional role of CLDN1 as an oncogenic driver. Targeting exposed CLDN1 using highly specific CLDN1 monoclonal antibodies (mAbs) robustly inhibited tumor growth across CCA CDX and PDX mouse models and patient-derived CCA organoids including tumors with medium or low CLDN1 expression. Moreover, antibody treatment markedly inhibited tumor cell migration, invasion, and extrahepatic metastasis. Mechanistically, targeting exposed CLDN1 on CCA tumors inhibited Notch1, and Hippo-YAP signaling, resulting in decreased cancer cell stemness, EMT and extracellular matrix remodeling. In conclusion, these results uncover CLDN1 as a previously undiscovered CCA driver and therapeutic target, paving the way for the clinical development of CLDN1 mAbs to improve the dismal outcome of patients with advanced CCA."
GSE312711,Liver,Liver,True,True,True,"Cholangiocarcinoma (CCA) is an adenocarcinoma of the hepatobiliary system showing an alarming rise in incidence and mortality with unsatisfactory treatment options. Claudin-1 (CLDN1) is a transmembrane protein expressed in tight junctions and exposed on the cell surface in liver fibrosis and cancer. Using single cell RNA-sequencing (scRNA-Seq) and spatial transcriptomics of CCA patient tissues, we show that CLDN1 expression is highly upregulated in cancer cells and is associated with stemness and cell fate. Gain-of-function studies in CCA orthotopic in vivo mouse models showed decreased survival and enhanced tumor growth, unraveling a functional role of CLDN1 as an oncogenic driver. Targeting exposed CLDN1 using highly specific CLDN1 monoclonal antibodies (mAbs) robustly inhibited tumor growth across CCA CDX and PDX mouse models and patient-derived CCA organoids including tumors with medium or low CLDN1 expression. Moreover, antibody treatment markedly inhibited tumor cell migration, invasion, and extrahepatic metastasis. Mechanistically, targeting exposed CLDN1 on CCA tumors inhibited Notch1 and Hippo-YAP signaling, resulting in decreased cancer cell stemness, EMT and extracellular matrix remodeling. In conclusion, these results uncover CLDN1 as a previously undiscovered CCA driver and therapeutic target, paving the way for the clinical development of CLDN1 mAbs to improve the dismal outcome of patients with advanced CCA."
GSE312708,Liver,Liver,True,True,True,"Cholangiocarcinoma (CCA) is an adenocarcinoma of the hepatobiliary system showing an alarming rise in incidence and mortality with unsatisfactory treatment options. Claudin-1 (CLDN1) is a transmembrane protein expressed in tight junctions and exposed on the cell surface in liver fibrosis and cancer. Using single cell RNA-sequencing (scRNA-Seq) and spatial transcriptomics of CCA patient tissues, we show that CLDN1 expression is highly upregulated in cancer cells and is associated with stemness and cell fate. Gain-of-function studies in CCA orthotopic in vivo mouse models showed decreased survival and enhanced tumor growth, unraveling a functional role of CLDN1 as an oncogenic driver. Targeting exposed CLDN1 using highly specific CLDN1 monoclonal antibodies (mAbs) robustly inhibited tumor growth across CCA CDX and PDX mouse models and patient-derived CCA organoids including tumors with medium or low CLDN1 expression. Moreover, antibody treatment markedly inhibited tumor cell migration, invasion, and extrahepatic metastasis. Mechanistically, targeting exposed CLDN1 on CCA tumors inhibited Notch1  and Hippo-YAP signaling, resulting in decreased cancer cell stemness, EMT and extracellular matrix remodeling. In conclusion, these results uncover CLDN1 as a previously undiscovered CCA driver and therapeutic target, paving the way for the clinical development of CLDN1 mAbs to improve the dismal outcome of patients with advanced CCA."
GSE298420,Liver,Liver,True,True,True,"Cholangiocarcinoma (CCA) is an adenocarcinoma of the hepatobiliary system showing an alarming rise in incidence and mortality with unsatisfactory treatment options. Claudin-1 (CLDN1) is a transmembrane protein expressed in tight junctions and exposed on the cell surface in liver fibrosis and cancer. Using single cell RNA-sequencing (scRNA-Seq) and spatial transcriptomics of CCA patient tissues, we show that CLDN1 expression is highly upregulated in cancer cells and is associated with stemness and cell fate. Gain-of-function studies in CCA orthotopic in vivo mouse models showed decreased survival and enhanced tumor growth, unraveling a functional role of CLDN1 as an oncogenic driver. Targeting exposed CLDN1 using highly specific CLDN1 monoclonal antibodies (mAbs) robustly inhibited tumor growth across CCA CDX and PDX mouse models and patient-derived CCA organoids including tumors with medium or low CLDN1 expression. Moreover, antibody treatment markedly inhibited tumor cell migration, invasion, and extrahepatic metastasis. Mechanistically, targeting exposed CLDN1 on CCA tumors inhibited Notch1, FAK/SRC, and Hippo-YAP signaling, resulting in decreased cancer cell stemness, EMT and extracellular matrix remodeling. In conclusion, these results uncover CLDN1 as a previously undiscovered CCA driver and therapeutic target, paving the way for the clinical development of CLDN1 mAbs to improve the dismal outcome of patients with advanced CCA."
GSE298419,Liver,Liver,True,True,True,"Cholangiocarcinoma (CCA) is an adenocarcinoma of the hepatobiliary system showing an alarming rise in incidence and mortality with unsatisfactory treatment options. Claudin-1 (CLDN1) is a transmembrane protein expressed in tight junctions and exposed on the cell surface in liver fibrosis and cancer. Using single cell RNA-sequencing (scRNA-Seq) and spatial transcriptomics of CCA patient tissues, we show that CLDN1 expression is highly upregulated in cancer cells and is associated with stemness and cell fate. Gain-of-function studies in CCA orthotopic in vivo mouse models showed decreased survival and enhanced tumor growth, unraveling a functional role of CLDN1 as an oncogenic driver. Targeting exposed CLDN1 using highly specific CLDN1 monoclonal antibodies (mAbs) robustly inhibited tumor growth across CCA CDX and PDX mouse models and patient-derived CCA organoids including tumors with medium or low CLDN1 expression. Moreover, antibody treatment markedly inhibited tumor cell migration, invasion, and extrahepatic metastasis. Mechanistically, targeting exposed CLDN1 on CCA tumors inhibited Notch1, FAK/SRC, and Hippo-YAP signaling, resulting in decreased cancer cell stemness, EMT and extracellular matrix remodeling. In conclusion, these results uncover CLDN1 as a previously undiscovered CCA driver and therapeutic target, paving the way for the clinical development of CLDN1 mAbs to improve the dismal outcome of patients with advanced CCA."
GSE261999,Liver,Liver,True,True,True,"Cholangiocarcinoma (CCA) is an adenocarcinoma of the hepatobiliary system showing an alarming rise in incidence and mortality with unsatisfactory treatment options. Claudin-1 (CLDN1) is a transmembrane protein expressed in tight junctions and exposed on the cell surface in liver fibrosis and cancer. Using single cell RNA-sequencing (scRNA-Seq) and spatial transcriptomics of CCA patient tissues, we show that CLDN1 expression is highly upregulated in cancer cells and is associated with stemness and cell fate. Gain-of-function studies in CCA orthotopic in vivo mouse models showed decreased survival and enhanced tumor growth, unraveling a functional role of CLDN1 as an oncogenic driver. Targeting exposed CLDN1 using highly specific CLDN1 monoclonal antibodies (mAbs) robustly inhibited tumor growth across CCA CDX and PDX mouse models and patient-derived CCA organoids including tumors with medium or low CLDN1 expression. Moreover, antibody treatment markedly inhibited tumor cell migration, invasion, and extrahepatic metastasis. Mechanistically, targeting exposed CLDN1 on CCA tumors inhibited Notch1, FAK/SRC, and Hippo-YAP signaling, resulting in decreased cancer cell stemness, EMT and extracellular matrix remodeling. In conclusion, these results uncover CLDN1 as a previously undiscovered CCA driver and therapeutic target, paving the way for the clinical development of CLDN1 mAbs to improve the dismal outcome of patients with advanced CCA."
GSE261998,Liver,Liver,True,True,True,"Cholangiocarcinoma (CCA) is an adenocarcinoma of the hepatobiliary system showing an alarming rise in incidence and mortality with unsatisfactory treatment options. Claudin-1 (CLDN1) is a transmembrane protein expressed in tight junctions and exposed on the cell surface in liver fibrosis and cancer. Using single cell RNA-sequencing (scRNA-Seq) and spatial transcriptomics of CCA patient tissues, we show that CLDN1 expression is highly upregulated in cancer cells and is associated with stemness and cell fate. Gain-of-function studies in CCA orthotopic in vivo mouse models showed decreased survival and enhanced tumor growth, unraveling a functional role of CLDN1 as an oncogenic driver. Targeting exposed CLDN1 using highly specific CLDN1 monoclonal antibodies (mAbs) robustly inhibited tumor growth across CCA CDX and PDX mouse models and patient-derived CCA organoids including tumors with medium or low CLDN1 expression. Moreover, antibody treatment markedly inhibited tumor cell migration, invasion, and extrahepatic metastasis. Mechanistically, targeting exposed CLDN1 on CCA tumors inhibited Notch1, FAK/SRC, and Hippo-YAP signaling, resulting in decreased cancer cell stemness, EMT and extracellular matrix remodeling. In conclusion, these results uncover CLDN1 as a previously undiscovered CCA driver and therapeutic target, paving the way for the clinical development of CLDN1 mAbs to improve the dismal outcome of patients with advanced CCA."
GSE298933,Brain - Cortex,Brain - Cortex,True,True,True,"The choroid plexus-cerebrospinal fluid (ChP-CSF) barrier regulates a microenvironment supporting neural stem cell growth, strongly affected by hypoxia through ChP function. From human induced pluripotent stem cells (hiPSCs), here we established and validated in vitro ChP organoid secreting CSF-like fluid (iCSF) and exposed them to low oxygen atmosphere for 24h. Transcriptomic indicated major data on morphological and functional alterations in the ChP cells and shotgun proteomics revealed significant changes in proteins involved in energy metabolism and mitochondrial function. We found that H2AZ and ITM2B, involved in neurogenesis and neurite growth, were the key proteins downregulated in hypoxic iCSF and ChP organoids, respectively. Positive correlation analysis between hypoxia-induced mRNA expression of the neuronal progenitor biomarkers SOX2 and PAX6. Mature neuron MAP2 and H2AZ also confirmed impairment of neurogenesis. The results from this study suggest that ChP-CSF barrier opens new opportunities to characterize hypoxic brain pathophysiology and discover novel biomarkers."
GSE248031,Pancreas,,False,False,False,"Transcriptional profiles of two PDAC cell lines (CF_PAC1 and PANC1) are highly divergent. Knocking down IGF2BP3 resulted in significant transcriptional divergence at 24H, 48H and 72H compared to control, most strikingly in the PANC1 cell line. The dominant affect of knockdown was widespread reduction in expression levels  of genes functionally enriched for Proliferation, TNFA signalling and Apoptosis. This highlights IGF2BP3 in these cell lines to be acting as a positve regulator of gene programs broadly associated with progression through the cell cycle and identifies many candidate IGF2BP3-linked genes.  A high confidence, consistent motif of genes identified as IGF2BP3-regulated in both cell lines  included the genes SLC22A18, GET3 and CCNG1."
GSE330358,Prostate,Prostate,True,True,True,"INTRODUCTION: CDK4-selective inhibitors are emerging as promising anti-cancer agents. Relative to dual CDK4/6 inhibitors, CDK4-selective inhibitors have potential to retain efficacy while improving tolerability. However, the therapeutic value and mechanistic consequences of selectively targeting CDK4 in prostate cancer remain undefined. Here, we investigated the therapeutic potential of CDK4 inhibitors AU2-94 and atirmociclib across diverse prostate cancer models. METHODS: Anti-proliferative activity was assessed in a panel of prostate cancer cell lines spanning AR-driven hormone-sensitive and AR-independent castration-resistant states, including therapy-resistant models. Efficacy was further evaluated in organoids from patient-derived xenografts and xenograft mouse models. Biochemical and molecular analyses were performed to define CDK4 selectivity, RB pathway engagement, transcriptional consequences, and downstream effects on cell cycle and resistance-associated programs. AU2-94 was also tested in combination with standard-of-care therapies (enzalutamide, docetaxel) and the PI3K inhibitor alpelisib. RESULTS: AU2-94 exhibited greater selectivity for CDK4 compared to atirmociclib. AU2-94 supressed proliferation across prostate cancer models irrespective of AR status and retained activity in aggressive and therapy-resistant settings. In RB-proficient models, AU2-94 reduced RB phosphorylation, attenuated E2F1-dependent transcriptional outputs, activated AR signalling, and decreased expression of proliferation-associated factors such as c-Myc and FOXM1. In vivo, AU2-94 significantly inhibited tumour growth in both AR-driven (LNCaP) and AR-independent (PC3) xenografts and suppressed RB pathway signalling in tumour tissue. Moreover, AU2-94 enhanced anti-tumour responses in combination with enzalutamide, docetaxel, or alpelisib, demonstrating additive or synergistic effects associated with reinforced cell-cycle blockade and suppression of resistance-associated signalling. CONCLUSION: These findings establish selective CDK4 inhibition as a therapeutically active and mechanistically rational strategy in prostate cancer, and support AU2-94 as a candidate for further preclinical and clinical development, including in combination regimens for advanced and therapy-resistant disease."
GSE319208,Colon - Transverse,Colon - Transverse,True,True,True,"Resistance to neoadjuvant chemoradiotherapy in rectal cancer diminishes survival benefits, potentially due to dysregulated lipid metabolism, though the mechanisms are unclear. Using the MSigDB database and GSE68204 cohort, we identified lipid metabolism genes linked to radiotherapy resistance. We developed resistant cell lines and xenograft models, and through multi-algorithm analysis (SVM-RFE, RF, LASSO), pinpointed key genes. Molecular mechanisms were explored via Western blotting, co-immunoprecipitation, molecular docking, and functional assays, validated in patient-derived organoids. Our study found that radiotherapy-resistant rectal cancer shows a lipid accumulation phenotype, with an inverse relationship between lipid droplet deposition and radiosensitivity in resistant cell models. The multi-algorithm screening identified GDPD5 as a key regulator. Silencing GDPD5 reduced lipid accumulation and increased radiosensitivity. Mechanistically, GDPD5 competes with CD55, disrupting its interaction with EGFR and promoting EGFR nuclear translocation, which suppresses p53 and leads to lipid buildup and radiotherapy resistance in tumors. Clinical samples showed high GDPD5 and low CD55 levels correlate with EGFR nuclear localization. Patient-derived organoids with high GDPD5 also showed increased radiotherapy resistance. Our findings indicate that GDPD5 facilitates EGFR nuclear translocation by binding to CD55, suppressing p53, and causing lipid accumulation and radiotherapy resistance in tumors. Targeting the GDPD5-CD55-EGFR interaction may enhance radiosensitivity."
GSE309917,Colon - Transverse,Colon - Transverse,True,True,True,"Background & Aims: Tuft cells are relatively rare specialized chemosensory cells present in the intestinal epithelium. In mice, the intestinal tuft cell population expands in response to parasitic infection and stimulates the anti-parasitic immune response via cytokine signaling. However, elucidating the role of human intestinal tuft cells in homeostasis and disease remains has remained difficult due to their rarity in vivo and the lack of in vitro models. Methods: We genetically engineered human intestinal organoids (HIOs) to express POU2F3, a transcription factor that drives tuft cell specification, and created an HIO that is approximately 40% tuft cell composition. Results: Human tuft cells generated in vitro express known tuft cell-specific transcripts (AVIL, TRPM5, ALOX5, PLCG2) as well as exhibit characteristics in vivo tuft morphology. Organoids with tuft cells exhibit transcriptional signatures that suggest WNT signaling and the presence of non-motile cilium. The tuft cells were infectable with human rotavirus, which has recently been shown to be a new target of rotavirus infection in the intestine. Conclusions: The expression of POU2F3 in HIOs results in a novel model system for functional studies of human intestinal tuft cells."
GSE290744,Lung,Esophagus - Mucosa;Lung,True,True,False,"Lung squamous cell carcinoma (LUSC) is basal-like subtype of lung cancer with limited treatment options. While prior studies have identified tumor-propagating cell states in squamous tumors, the broader landscape of intra-tumoral heterogeneity within LUSC remains poorly understood. Here, we employ Sox2-driven mouse models, organoid cultures, and single-cell transcriptomic analyses to uncover previously unrecognized levels of cell fate diversity within LUSC. Specifically, we identify a KRT13+ hillock-like population of slower-dividing tumor cells characterized by immunomodulatory gene expression signatures. The tumor hillock-like state is conserved across multiple animal models and is present in the majority of human LUSCs as well as head and neck and esophageal squamous tumors. Our findings shed light on the cellular origins of lung hillock-like states: normal club cells give rise to tumors with luminal hillock-like populations, while basal-like tumor-propagating cells transition into basal hillock-like states, resembling homeostatic cellular responses to lung injury. Mechanistically, we identify KLF4 as a key transcriptional regulator of the hillock-like state, both necessary and sufficient to induce KRT13 expression. Together, these results provide new molecular insights into cell fate plasticity that underlies intra-tumoral heterogeneity in LUSC, offering potential avenues for new therapeutic strategies."
GSE276230,Liver,Liver,True,True,True,"Biliary atresia (BA) is a poorly understood cholangiopathy, presenting with progressive extra-hepatic bile duct obstruction in newborns. Using extra-hepatic cholangiocyte organoids originating both from BA patients and normal ducts from patients undergoing liver transplant for metabolic conditions, we aimed to determine the morphological differences between the organoids, compare their transcriptomics profiling and functionally assess differences between the organoids."
GSE289072,Colon - Transverse,Colon - Transverse,True,True,True,RNA-seq analysis (proinflammatory cocktail vs. control) of total RNA isolated from patient-derived colon organoids established from an ulcerative colitis patient. The analysis aimed at characterizing the epithelial gene expression changes post proinflammatory stimulation. ***Please note that raw data is not provided as Norwegian law does not allow public access to human sequences raw data
GSE331048,Prostate,Prostate,True,True,True,"The TMPRSS2:ERG gene fusion, present in approximately 50% of prostate cancers in patients of European ancestry, drives oncogenesis through aberrant overexpression of the ERG transcription factor. Despite its role as a truncal oncogenic driver, ERG has long been considered undruggable due to the absence of enzymatic activity and an apparent lack of ligandable pockets. Here, we demonstrate continued dependency on ERG in metastatic prostate cancer and identify a druggable pocket within its structured N-terminal Pointed (PNT) domain. Using an inducible shRNA system in TMPRSS2:ERG-positive VCaP cells, we show that ERG depletion causes profound growth inhibition in vitro and in vivo. To therapeutically exploit this vulnerability, we conducted a domain-focused differential scanning fluorimetry screen targeting the ERG PNT domain, followed by structure–activity relationship optimization. This approach yielded PBITE-1 (PNT-Binding Inhibitor of the Transcription factor ERG), a lead small molecule that selectively binds the ERG PNT domain in biochemical assays. NMR chemical-shift perturbation mapping and molecular docking revealed that PBITE-1 engages a discrete, solvent-exposed surface comprising two α-helices and an adjacent flexible loop, thereby defining a coherent ligand-binding pocket within the PNT domain. In cellular models, PBITE-1 directly engaged ERG, selectively inhibited proliferation and invasion, and induced apoptosis in ERG-driven prostate and hematologic malignancies. PBITE-1 also potently suppressed growth of ERG-positive prostate organoids derived from genetically engineered mouse models, as well as patient-derived human prostate cancer organoids. Furthermore, PBITE-1 treatment significantly induced tumor cell apoptosis in vivo in VCaP xenograft models. These findings establish the ERG PNT domain as ligandable and provide the first preclinical evidence that ERG is directly targetable by small molecules, enabling future development of ERG-directed inhibitors and targeted protein degraders."
GSE312700,Lung,Lung,True,True,True,"Innate defences of the respiratory epithelium are the first barrier against incoming respiratory viruses. To understand the contribution of both basal (tonic) and induced interferon (IFN) to antiviral defences in a physiologically relevant system, we established air-liquid interface (ALI) cultures of primary human bronchial epithelium (HBE) and small airway epithelium (HSE). Via an organoid intermediate stage, the limited healthy donor material was expanded while preserving stemness and subsequently differentiated. We here perform bulk RNA-seq to characterize the transcriptomes and cellular diversity of our ALI cultures."
GSE303838,Brain - Cortex,Brain - Cortex,True,True,True,"Rett syndrome arises from loss-of-function mutations in the X-linked chromatin regulator MECP2, yet the earliest molecular derailments in human development remain poorly defined. Using isogenic hESC models carrying three patient-derived MECP2 mutations, we followed the transcriptome from pluripotency through neuro-ectoderm, neural stem, and neural progenitor stages and into four-month cerebral organoids. Stage dominated transcriptional variance, but mutants shared a secondary program enriched for synaptic-membrane and extracellular-matrix genes. Single-cell profiling revealed a naïve-like, hyper-proliferative state marked by up-regulation of ZFP42 at ESC stage. Strikingly, EMX1, a cortical radial-glia determinant, was consistently suppressed from the earliest stage onward, and cerebral organoids subsequently generated fewer excitatory neurons in favour of inhibitory and glial lineages. These data chart a continuous developmental trajectory for MECP2-mutant human cells and nominate ZFP42 and EMX1 dysregulation as tractable entry points for dissecting Rett pathogenesis."
GSE320151,Colon - Transverse,Colon - Transverse,False,True,True,"Primary human intestinal epithelial cells (IECs) require microenvironments that reproduce various in vivo cues to maintain survival, differentiation, and function in vitro. In this study, we investigated how intestinal stem cell (ISC)-derived monolayers respond to biomimetic substrates and shear stress using 3D-printed hydrogels based on bioactive decellularized and methacrylated small intestinal submucosa (dSIS-MA) integrated into a custom millifluidic system. Extensive bulk RNA sequencing experiments revealed that, compared with Matrigel-coated tissue culture plastic, dSIS-MA hydrogels supported survival- and differentiation-related signaling, stabilized gene expression over time, and promoted absorptive lineage maturation while reducing crypt-associated signatures. By applying dynamic culture conditions to the hydrogel system, IECs underwent transcriptional remodeling, characterized by activation of metabolic and immune pathways. Longitudinal analysis further indicated that shear stress enhanced metabolic pathway–associated gene expression and promoted differentiation toward absorptive lineages. These findings establish dSIS-MA hydrogels with controlled fluid flow as a biomimetic in vitro model that supports survival, maturation of human IECs and enables transcriptional adaptation to defined biochemical and mechanical cues, supporting future applications in disease modelling, drug testing, and regenerative medicine."
GSE316631,Pancreas,Pancreas,True,True,True,"Pancreatic ductal adenocarcinoma (PDAC) exhibits profound molecular heterogeneity and poor prognosis, necessitating novel tailored therapies. The basal and classical subtypes - driven by glycolysis versus lipid metabolism - have distinct prognostic implications. We mapped PDAC molecular subtype heterogeneity, capturing spatially-resolved gene expression signatures and generating a comprehensive high-resolution dataset of 42,035 spatial spots. Subtype assignments were validated via multiplex immunofluorescence and quantitative analyses in patient-derived organoids. Our analysis resolved cancer cell signatures, deconvoluted intra-tumoral heterogeneity, and delineated a classical-to-basal trajectory. We identified metabolically ‘hot’, high-grade tumor niches characterized by concurrent enrichment of glycolysis and lipogenesis across both subtypes, nominating them as subtype-agnostic therapeutic targets. Preclinical models demonstrated that despite the basal subtype’s glycolysis dependence, both classical and basal tumors are susceptible to glycolysis inhibition. This work challenges the dogma of subtype-specific therapeutic silos and demonstrates highly adaptable energetic niches as reservoirs to drive tumor progression."
GSE309669,Pancreas,Pancreas,True,True,True,"Pancreatic ductal adenocarcinoma (PDAC) exhibits profound molecular heterogeneity and poor prognosis, necessitating novel tailored therapies. The basal and classical subtypes - driven by glycolysis versus lipid metabolism - have distinct prognostic implications. We mapped PDAC molecular subtype heterogeneity, capturing spatially-resolved gene expression signatures and generating a comprehensive high-resolution dataset of 42,035 spatial spots. Subtype assignments were validated via multiplex immunofluorescence and quantitative analyses in patient-derived organoids. Our analysis resolved cancer cell signatures, deconvoluted intra-tumoral heterogeneity, and delineated a classical-to-basal trajectory. We identified metabolically ‘hot’, high-grade tumor niches characterized by concurrent enrichment of glycolysis and lipogenesis across both subtypes, nominating them as subtype-agnostic therapeutic targets. Preclinical models demonstrated that despite the basal subtype’s glycolysis dependence, both classical and basal tumors are susceptible to glycolysis inhibition. This work challenges the dogma of subtype-specific therapeutic silos and demonstrates highly adaptable energetic niches as reservoirs to drive tumor progression."
GSE319859,Brain - Cortex,Brain - Cortex,True,True,True,"CREB-binding protein (CBP/CREBBP) is a histone acetyltransferase essential for human development. Mutations in CBP are associated with Menke–Hennekam syndrome (MKHK), a neurodevelopmental disorder. To examine the impact of a disease-associated mutation, we performed RNA sequencing on cerebral organoids derived from isogenic wild-type and CBP R1868 mutant human induced pluripotent stem cells (iPSCs) at Day6, Day12, Day18 and Day30 of differentiation. This time-course RNA-seq data captures gene expression programs during early neurodevelopment and reveals how the CBP R1868W mutation influences transcriptional states in human cerebral organoids."
GSE278562,Kidney - Cortex,Kidney - Cortex,True,True,True,"Acute kidney injury (AKI) is a common clinical disorder linked to high rates of illness and death. Ischemia is a leading cause of AKI, which can result in chronic kidney disease (CKD) through a maladaptive repair process characterised by failed epithelial regeneration, inflammation, and metabolic dysregulation. No targeted therapies exist to prevent AKI from progressing to CKD, and insight into ischemic AKI and maladaptive repair in humans remains limited. In this study, we report that human kidney organoids recapitulate select molecular and metabolic signatures of AKI and maladaptive repair in response to hypoxic injury. Transcriptional, proteomic, and metabolomic profiling revealed signatures of tubular injury, cell death, cell cycle arrest and altered metabolism in kidney organoids cultured in hypoxic conditions. After a recovery period in normoxic conditions, hypoxic injured organoids had increased signatures associated with maladaptive repair like the TNF signalling pathways and S100A8/9. Single cell RNA sequencing localised AKI and maladaptive repair markers such as GDF15, MMP7, ICAM1, TGFB1, SPP1, C3 and CCN1 to injured proximal and distal tubules. Metabolic phenotypes linked to CKD were also evident including dysregulated glycolysis and gluconeogenesis, amino acid, bicarbonate and lipid metabolism, and elevated ceramide levels. In addition, by developing a kidney organoid-macrophage co-culture model, we showed a significant activation of macrophages in response to hypoxia, marked by a shift towards an inflammatory state. In summary, our multi-omic analysis provides compelling evidence for the use of kidney organoids as a model of human ischemic AKI and maladaptive repair, highlighting new and conserved biomarkers and mechanisms, and opportunities for drug screening."
GSE269571,Heart - Left Ventricle,Heart - Left Ventricle,True,True,True,"The human heart is a vital organ under intense investigation for the hope to improve health and longevity. Recent advances to generate cardiac organoids (cardioids) provide unprecedented opportunities to cardiac research. However, achieving stable chambered cardioids structures remains a challenge, thus limiting its application in disease modeling and drug screening. In this study, we address this challenge by orchestrating cardiac signaling pathways, including synergistic modulation of FGF and Wnt signaling via the HAND1 transcription factor. We have successfully demonstrated the formation of stable chambered cardioids structured with endocardium, myocardium, and epicardium, mimicking early cardiac development with well-organized structural components. Furthermore, we demonstrate the feasibility to leverage this platform for drug toxicity screening. Our findings provide a system to understand human heart development and generate models for cardiac tissue engineering and regenerative medicine."
GSE229907,Colon - Transverse,Colon - Transverse,False,True,True,"In this study, we compare the transcriptional patterns of tHIOs derived from a control stem cell line with those derived from a patient with Diarrhea-9. We also compare the transcriptional patterns of enteroids derived from control patient biopsies and from the biopsies of patients with Diarrhea-9"
GSE319878,Colon - Transverse,Colon - Transverse,True,True,True,"Importance: Neighborhood socioeconomic status has been associated with increased colorectal cancer (CRC) risk, particularly among different racial groups, yet the biological mechanisms underlying this association remain unclear. Objective: To investigate whether neighborhood deprivation, as assessed by Neighborhood Deprivation Index (NDI), is associated with differential gene expression in normal colorectal biopsies; to explore molecular links to CRC risk and to identify potential chemoprevention targets. Design: A cross-sectional study involving transcriptomic analysis of normal colorectal tissues and meta-analysis of gene expression data between African Americans (AA) and European Americans (EA), and an experimental study exposing colon organoids derived from healthy colon biopsies to metformin. Setting: Participants were enrolled in the Cleveland Colon Screening and Risk Factors Study (2012-2018) in metropolitan Cleveland, Ohio. Organoids were derived from colon biopsies of patients undergoing colonoscopy in Charlottesville, Virginia. Participants: Normal colorectal biopsies from AA (n = 34) and EA (n = 23) adults undergoing colonoscopy were analyzed. Colon organoids were derived from AA (n = 4) and EA (n = 6) individuals. RNA-seq data was generated from each participant. Main Outcome(s) and Measures: Differentially expressed genes (DEGs) associated with NDI in normal colorectal biopsies and overlap with DEGs identified in CRC tumor tissues; and association of metformin on NDI-associated, CRC risk gene expression. Results: A total of 237 DEGs were found to be commonly associated with NDI across individual-matched biopsy triplets (right and left colon, and rectum) in both racial groups. Cellular metabolism pathways were amongst the most significantly enriched within identified DEGs. Of the 237 NDI associated DEGs, 82 overlapped with CRC tumor DEGs from a publicly available dataset (TCGA-COADREAD; P=2.21×10⁻⁵; OR=1.83), and nine were prioritized as therapeutic targets, including MYC overexpression (BH=2.48E-12). Metformin exposure in colon organoids also altered the expression of 28 of these genes, with ~79% showing opposite direction, including reduced MYC expression (BH=0.095). Conclusion and Relevance: NDI is associated with CRC-related transcriptional differences. These findings suggest potential molecular mechanisms linking neighborhood deprivation to CRC risk. The observed reversal of gene expression by metformin suggests a potential role for metformin in reducing CRC risk in high NDI-populations, who face greater than average risk of developing CRC."
GSE319169,Colon - Transverse,Colon - Transverse;Skin - Sun Exposed (Lower leg),True,True,False,"To investigate the epithelial development of colon organoids cultured on Transwell plates, gene expression analysis was conducted at various stages of differentiation. The effects of multiple growth factors, including epidermal growth factor (EGF), transforming growth factor-alpha (TGFα), keratinocyte growth factor (KGF, also known as FGF10), and trefoil factor 3 (TFF3), as well as cytokines such as interleukin-2 (IL-2) and interleukin-10 (IL-10), on epithelial development were also evaluated."
GSE288724,Colon - Transverse,Colon - Transverse,True,True,True,"Here we aimed to define the effects of a three-day, 24-hour repeated dose exposure of metformin (90um) of colon epithelial cell gene expression through RNA-seq and network analysis (WGCNA) of 10 colon organoid lines derived from healthy individuals."
GSE299913,Brain - Cortex,Brain - Cortex,True,True,True,"Synucleinopathies, including Parkinson’s disease, are characterized by α-synuclein (SNCA) aggregation and progressive neurodegeneration, yet the early molecular events linking SNCA gene dosage to disrupted proteostasis remain poorly understood. Here, we used human midbrain organoids derived from induced pluripotent stem cells (iPSC) carrying an SNCA triplication (SNCA Trip) and the isogenic corrected line (SNCA Isog) to dissect early pathogenic mechanisms in a 3D human model of synucleinopathy. We combined immunohistochemistry, immunoblotting, tandem mass tag proteomics, bulk RNA sequencing, and ribosome profiling to systematically characterize molecular alterations in SNCA Trip organoids at day 50 (D50) and day 100 (D100) of maturation. SNCA Trip organoids exhibited increased α-synuclein accumulation, neuromelanin deposition, and activation of mTORC1 (p-rpS6), ERK1/2, AKT and p-eIF2α signalling pathways by D100. Proteomic and transcriptomic analyses revealed upregulation of cytoskeletal, synaptic, and axonal development pathways, alongside significant downregulation of extracellular matrix (ECM) components and upregulation of perineuronal net (PNN) genes. Ribosome profiling showed minimal global translational changes but uncovered selective translational buffering of neuronal and ECM-associated transcripts. Confocal imaging confirmed progressive disorganization of pericellular and interstitial ECM structures around neurons in SNCA Trip organoids. Our findings demonstrate that SNCA triplication induces early proteostatic disruption and extracellular matrix remodelling prior to neurodegeneration and suggest that altered gene expression and ECM homeostasis may contribute to disease initiation and progression. Targeting these early aberrant mechanisms may offer new therapeutic opportunities for synucleinopathies, such as Parkinson’s Disease."
GSE325553,Uterus,Ovary;Uterus,True,True,False,"Endometrial stromal decidualization is a hormone-regulated process essential for establishing uterine receptivity and supporting embryo implantation. Three-dimensional (3D) endometrial organoid systems provide a physiologically relevant platform to study this process; however, how different stimulatory conditions influence decidualization responses in 3D culture remains incompletely characterized. In this study, we generated 3D human endometrial stromal organoids and subjected them to four experimental conditions: vehicle control, cyclic adenosine monophosphate (cAMP) stimulation, combined estrogen–progesterone–cAMP (EPC) treatment, and co-culture with in vitro–grown follicles derived from mouse ovary. Organoids were cultured for 6 days under each condition, followed by bulk RNA sequencing. Principal component analysis (PCA) revealed clear separation between control and stimulated groups, with cAMP, EPC, and follicle co-culture conditions showing distinct but partially overlapping transcriptional profiles. Differential gene expression analysis identified both shared and condition-specific transcriptional changes across the four treatments. Pathway-level analysis using gene set variation analysis (GSVA) further demonstrated common decidualization-associated biological processes alongside stimulus-specific functional responses. This dataset provides a comprehensive resource for investigating how distinct biochemical and paracrine stimuli regulate decidualization in 3D endometrial organoid systems. It enables comparative analysis of canonical cAMP-driven responses, hormone-mediated signaling, and follicle-derived paracrine effects on endometrial stromal decidualization."
GSE322610,Liver,Liver,True,True,True,"To analyze the transcriptional changes of unfrozen and cryopreserved liver organoids in cryovials and cryobags using the established CRYSTL cryopreservation protocol, we found that the transcription fidelity was well preserved after cryopreservation."
GSE304936,Kidney - Cortex,Kidney - Cortex,True,True,True,"To examine the co-development of vasculature and renal epithelial tissue, we employed a human pluripotent stem cell-derived kidney organoid system. We found that cooperative signaling through the glucocorticoid receptor and mineralocorticoid receptor via hydrocortisone enabled rich endothelial cell differentiation and vessel formation. Bulk RNA sequencing analysis revealed that hydrocortisone perturbs an angiogenic transcriptional program early in development and promotes instead a pro-endothelial survival transcriptional program, with upregulation of angiopoietin 1 at both the mRNA and protein level. Additionally, we saw that hydrocortisone does not seem to significantly affect gene expression of canonical nephrogenic genes compared to our controls, suggesting its effect is largely restricted to endothelial cell differentiation. Our results show that kidney organoids offer a unique platform to study developmental signals that drive endothelial cell differentiation and vessel formation."
GSE282444,Colon - Transverse,Colon - Transverse,True,True,True,"The pathogenesis of Inflammatory Bowel Disease (IBD) is a multifactorial process characterized by inflammation and damage to the intestinal barrier, which is made up of intestinal epithelial cells (IECs). Since IBD is a remitting and relapsing disease, we postulated that epigenetic memory exists in IECs following an inflammatory encounter. The objective of this study was to uncover the mechanisms of a retained altered IEC epigenetic landscape in the context of IBD. We have generated adult stem cell organoids (containing all epithelial cell lineages) from patients with Ulcerative Colitis (UC); two organoid lines per patient were propagated: 1) from a site of active inflammation and from the same patient, and 2) a never inflamed region. We performed Assay for Transposase-Accessible Chromatin using sequencing (ATAC-seq) and bulk RNA-seq on each organoid line. Established bioinformatic pipelines were used to determine significantly different chromatin accessibility and differentially expressed genes. Functional significance of the open chromatin regions was assessed by pathway and motif analysis. Treatment with TNF-alpha (10 and 100ng/ml) for 24 hours on the organoids was performed to determine re-activation of pro-inflammatory genes. This study shows for the first time that epithelial cells derived from organoids of IBD patients retain an epigenetic memory of the prior inflammatory state."
GSE306080,Lung,Colon - Transverse;Lung,False,True,False,"Rationale: Emerging research highlights cellular abnormalities in Chronic Obstructive Pulmonary Disease (COPD), focusing on alveolar type 2 (AT2) cells, which are key to lung tissue repair and normal cellular differentiation. Lipofibroblasts (LipoFBs), stromal fibroblasts containing lipid droplets, are closely associated with AT2 cells and support their function. Objectives: We present a comprehensive investigation into the therapeutic potential of extracellular vesicles (EVs) derived from LipoFBs (LipoFB-EVs) in COPD treatment. Methods: LipoFBs were induced from lung fibroblasts using Metformin or Rosiglitazone in vitro, and their EVs were isolated via ultracentrifugation for analysis. Main Results: They effectively mitigate key COPD pathologies such as cellular senescence and inflammatory responses in lung epithelial cells. This is achieved by reducing reactive oxygen species (ROS) levels and modulating DNA damage response pathways. Moreover, LipoFB-EVs demonstrate anti-fibrotic properties by inhibiting TGF-β-induced myofibroblast differentiation, surpassing conventional anti-fibrotic drugs. They also aid in restoring impaired AT2 stem cells, which are crucial for lung homeostasis, by enhancing their viability, colony-forming ability, and proliferation. Furthermore, we identify the presence of L-type amino acid transporter 1 (LAT1) within LipoFB-EVs, which mediates amino acid uptake, particularly leucine transport, and contributes to the restoration of AT2 cell dysfunction. Importantly, the administration of LipoFB-EVs in murine models of COPD resulted in significant improvements in airway inflammation, remodeling, obstruction, cellular senescence, and alveolar emphysema induced by both short- and long-term CS exposure. Conclusions: Our findings highlight the therapeutic potential of LipoFB-EVs as a novel regenerative therapy for COPD, offering promising avenues for future clinical interventions"
GSE302756,Kidney - Cortex,Kidney - Cortex,True,True,True,"In the pursuit of pathophysiological models for assessing renal drug response, the development of kidney organoids derived from human pluripotent stem cells represents a significant step forward. However, recapitulating aging/senescence-associated pathophysiology remains challenging. Here, we present an innovative approach to generate epithelial-like structures known as “tubuloid” using primary human renal proximal tubular epithelial cells (hRPTECs) cultured from human resected kidneys, as a refined alternative. We evaluated the efficacy of tubuloids using cisplatin treatment. Tubuloids showed highly differentiated structures. Exposure to cisplatin increased γH2AX, Kidney Injury Molecule-1 (KIM-1) and Cleaved Caspase-3, markers for DNA damage response, epithelial damage and apoptosis respectively. Repeated cisplatin administration resulted in upregulation of the senescence markers. Additionally, increased secretion of inflammatory cytokines, indicating the induction of a senescence-associated secretory phenotype (SASP) were induced Supernatant collected from cisplatin-treated tubuloids induced myofibroblast activation, indicating the onset of renal fibrosis. We successfully established a tubuloid-based model of cisplatin-induced kidney injury using hRPTECs. Tubuloids can replicate cellular senescence, SASP, and fibrosis, which can recapitulate the phenotypes of chronic kidney disease (CKD). Furthermore, tubuloids provide a novel platform for studying the response of renal epithelial cells to toxins and therapeutics and offer innovative strategy for drug screening in a human-based fashion. In this study, we also performed bulk RNA sequencing on the tubuloids generated using established protocol to verify their cellular composition."
GSE292624,Brain - Cortex,Brain - Cortex,True,True,True,"Microelectrode arrays (MEAs) are increasingly used to profile the development of synchronised network activity in neural organoids, yet no organoid study has investigated the consistency of electrophysiological development across multiple cell lines. Here, we used dissociated neural organoids derived from six cell lines on MEAs to characterise functional synapse development using multiple parameters across time. The dissociated organoids had increasing functional connectivity and network activity over time across all cell lines and plasticity in response to synaptic-like stimulation. Like the organoids they were derived from, dissociated organoid cultures contained a diverse mixture of cell types, including neurons and glia. Variability in activity parameters was associated with differences in cell type composition and regional identity, which in turn were affected by donor cell line and batch effects. Cell type composition and regional identity in dissociated organoid cultures grown on MEAs was investigated using bulk RNA-seq."
GSE316426,Pancreas,Pancreas,True,True,True,"MYC amplification contributes to poor survival and outcome in pancreatic ductal adenocarcinoma (PDAC). Here we show that in PDAC cell lines with amplified MYC, MondoA is required for viability, facilitating proliferation while suppressing apoptosis in vitro and in vivo. Transcriptional and genomic profiling demonstrates that loss of MondoA leads to altered expression of direct MondoA targets as well as MYC target genes and is accompanied by shifts in genomic occupancy of MYC, MNT, and the MondoA paralog ChREBP.  This altered genomic binding by MYC network members is associated with transcriptional perturbation of multiple metabolic and stress pathways, as well as global changes in N6-methyladenosine modification (m6A) of mRNA. MondoA inhibition disrupts coordination between MYC network members and the integrated stress response (ISR) resulting in decreased translation of ATF4 mRNA, discordant target gene regulation of shared targets of MYC and ATF4, and ultimately, apoptosis. Re-establishing ATF4 protein expression rescues the diminished viability due to loss of MondoA expression or activity, providing direct evidence of a link between deregulated MYC and the transcriptional machinery of the ISR. Lastly, we find that small-molecule inhibition of MondoA is lethal in a subset of PDAC cell lines, including patient-derived organoids, suggesting that the ability to target MYC via chemical inhibition of MondoA transcriptional activity may have broad efficacy."
GSE298876,Breast - Mammary Tissue,Breast - Mammary Tissue,True,True,True,"Cellular plasticity in mammary epithelial cells enables dynamic cell state changes essential for normal developmental but can be hijacked by breast cancer cells to drive tumor progression. However, the molecular factors that maintain cellular plasticity through the regulation of a hybrid cell state (epithelial/mesenchymal) are not fully defined. As LMO2 has been previously shown to regulate metastasis, here we determined  the role of LMO2 in the normal mammary epithelial cells . Using lineage tracing and knockout mouse models we find that Lmo2 lineage-traced cells persist long-term in the mammary gland, both in the luminal and basal layer but have limited proliferative potential. Lmo2 loss does not impact mammary gland development, but acute deletion decreases in vivo reconstitution. Moreover, LMO2 knockdown in mouse and human mammary epithelial cells (MECs) reduces organoid formation. We find that LMO2 maintains a hybrid cell state and LMO2 knockdown promotes mesenchymal differentiation. Transcriptional profiling of LMO2 knockdown cells reveals significant enrichment in the epithelial-mesenchymal transition (EMT) pathway and upregulation of MCAM, a negative regulator of regenerative capacity in the mammary gland . Altogether, we show that LMO2 plays a role in maintaining cellular plasticity in normal mammary epithelial cells, adding insight into the normal differentiation programs hijacked by cancer cells to drive tumor progression."
GSE307568,Uterus,Uterus,True,True,True,"We established a biobank of 85 patient-derived organoids (PDOs) generated from 44 individuals, encompassing a broad range of endometrial cancer (EC) subtypes, including a majority of high-grade endometrial cancer (HGEC) PDOs from African American patients. From these same patients, we isolated autologous immune cells, enabling the creation of PDO–immune cell co-cultures that reflect each patient’s unique characteristics without evoking allogeneic immune responses. To dissect the roles of antigen presentation pathways and evaluate proof-of-principle immunotherapeutic interventions, we performed bulk RNA sequencing, flow cytometry, and live-cell imaging."
GSE286416,Heart - Left Ventricle,Heart - Left Ventricle,False,True,True,"Tyrosine kinase inhibitors (TKIs) have transformed cancer therapy but are associated with significant cardiovascular risks, including hypertension and heart failure. Here, we demonstrate that endothelial dysfunction driven by impaired mechanotransduction underlies TKI-induced hypertension and long-term cardiac dysfunction."
GSE263840,Heart - Left Ventricle,Heart - Left Ventricle,True,True,True,"The use of antibody based immune-checkpoint inhibitors (ICIs) have been highly successful in clinical treatment of several cancers. Despite the compelling efficacy of these drugs with their high binding affinity, there is incomplete understanding of non-target interactions in vivo. In this regard, ICIs are also known to cause immune-related adverse events (iRAEs) arising from infiltration of immune cells in tissues such as the heart. Due to the frequency of ICI treatments, extended half-life and the late onset of cardiac events, concerns have been raised regarding potential direct interactions of ICIs with major cellular cell types of the heart. The direct effects of these drugs in patients are limited due to rare incidence, and difficulty in obtaining patient heart biopsies in the pre- or post-symptomatic phase. Therefore, in order to study both functional and molecular changes in vitro, here we utilized a human induced pluripotent stem cell-derived cardiomyocytes (iPSC-CMs) and multicellular cardiac organoids (COs)."
GSE299477,Colon - Transverse,Colon - Transverse,False,True,True,"Background: The Inflammatory Bowel Disease (IBD) ulcerative colitis (UC) is characterized by colonic mucosal inflammation and barrier dysfunction. We hypothesize that UC causes persistent defects in mucosal homeostasis, evident even in the absence of active inflammation, contributing to disease chronicity.   Methods: To test this, we grew patient biopsy-derived sigmoid colonoids into air-liquid interface (ALI) monolayers, characterizing them through microscopy, proteomics, bulk RNAseq, and their susceptibility to UC patient-isolated Escherichia coli pathobiont p19A.   Results: Non-IBD ALI monolayers formed uniform crypt-like structures and a thick mucus layer containing all epithelial-derived proteins previously identified in human colonic mucus. In contrast, ALI monolayers from UC patients displayed a range of impairments, classified as a mild phenotype with distorted architecture and a thinner, more permeable mucus layer to a severe phenotype with defects in cellular differentiation and an inability to produce a mucus layer. Transcriptome analysis identified activated pathways associated with extracellular matrix formation and cell signaling, including numerous cancer-associated genes in UC ALI monolayers, which also proved significantly more susceptible to E. coli p19A.   Conclusions: Taken together, the culturing of patient biopsies into ALI colonoid monolayers provides a powerful model to assess human colonic mucosal development, healing, homeostasis, and mucus barrier function, revealing that UC-derived colonoid monolayers display a range of developmental and functional defects that persist in the absence of inflammation.  "
GSE303090,Liver,Liver,True,True,True,"Metabolic dysfunction-associated steatotic liver disease (MASLD), the most prevalent chronic liver disorder worldwide, exhibits complex pathogenesis and lacks effective targeted therapeutics. Existing animal models are limited by prolonged induction periods and interspecies discrepancies, while conventional monolayer hepatocyte cultures fail to recapitulate disease pathology due to inadequate polarization and functional immaturity. To overcome these constraints, this study established an in vitro MASLD model using human-derived mature polarized hepatocyte organoids (P-hep-orgs). P-hep-orgs were generated through directed differentiation of human embryonic stem cells (hESCs), with their structural and functional maturity validated by sequential expression analysis of stage-specific markers (OCT4, SOX17, ALB) and polarized localization of tight junction protein ZO-1 and multidrug resistance protein MDR1. Subsequent treatment with 450 μM free fatty acids (FFAs) induced key pathological features including lipid accumulation, oxidative stress, and disruption of polarized architecture. Dynamic disease progression was modeled through time-dependent interventions: short-term exposure (1-2 days) elicited early-stage phenotypes (e.g., extensive lipid droplet deposition, elevated triglycerides and supernatant glucose, increased reactive oxygen species, upregulation of pro-apoptotic genes), whereas prolonged treatment (≥10 days) recapitulated advanced manifestations (cholesterol accumulation, enhanced apoptosis, loss of polarization, and ductular reaction). Transcriptomic profiling demonstrated high similarity between this model and metabolic dysfunction-associated steatohepatitis (MASH) patient livers, revealing conserved mechanisms of glucolipid metabolic dysregulation, inflammation, and fibrotic pathway activation. Pharmacological validation confirmed that vitamin E, ursodeoxycholic acid, and empagliflozin significantly ameliorated lipid deposition, suppressed ROS generation, and restored albumin secretion. The model enables disease induction and drug evaluation within two weeks, substantially shortening the timeline compared to animal models, while its human origin eliminates species-specific drug response biases. This P-heporg-based MASLD platform provides an efficient and physiologically relevant foundation for investigating disease mechanisms and accelerating anti-MASLD drug discovery. Future integration of non-parenchymal cells will further enhance microenvironmental fidelity."
GSE317332,Colon - Transverse,Colon - Transverse,True,True,True,"Human intestinal organoids (hIOs) are powerful models of development and disease, yet reliance on ill-defined murine basement membrane extracts limits reproducibility, mechanistic interrogation of extracellular matrix (ECM) cues, and translational relevance. Here, we establish a fully defined, animal product-free workflow for generating human induced pluripotent stem cell (iPSC)-derived hIOs, combining recombinantly produced human protein substrates for early 2D differentiation with synthetic polyethylene glycol (PEG) hydrogels for 3D culture. This platform decouples biochemical and mechanical matrix cues, enabling independent control of ligand presentation and stiffness while robustly supporting hIO growth and intestinal epithelial patterning. Transcriptomic analyses showed that epithelial cells from PEG-cultured hIOs align closely with human duodenal epithelium and are comparable to Matrigel-grown controls, while exhibiting subtle shifts in markers associated with epithelial maturation. Systemic modulation of PEG stiffness revealed that epithelial cells retain sensitivity to mechanical cues in 3D culture, whereas mesenchymal transcriptional programs were more strongly influenced by matrix composition and integrin-mediated adhesion than by stiffness alone. PEG-cultured hIOs also remained responsive to inflammatory stimulation. Together, this work establishes a defined and mechanically tunable organoid culture platform that decouples biochemical and mechanical matrix cues, providing a versatile framework for organoid mechanobiology across tissue engineering and disease modeling applications."
GSE316780,Liver,Liver,True,True,True,"Oropouche virus (OROV) is a neglected, re-emerging arbovirus that typically causes self-limiting febrile illness but can also result in severe complications. Currently, there are no approved vaccines or treatments for OROV infection. We integrated clinical data from OROV-infected patients with human liver-derived organoid models to investigate the virus's impact on the liver and evaluate repurposed antivirals. Patient blood tests show elevated liver enzymes, suggesting OROV-associated hepatic dysfunction. OROV isolates productively infect liver organoids and induce severe cellular damage. Transcriptomic profiling reveals strong virus-host interactions, including activation of interferon-stimulated genes and cell death pathways. Pharmacological inhibition of the interferon pathway enhances OROV replication, whereas treatment with therapeutic interferon-α suppresses the infection. Molnupiravir, a clinically approved antiviral targeting viral RNA-dependent RNA polymerase, markedly inhibits OROV replication and mitigates virus-induced cytopathology. Combining molnupiravir with interferon-α resulted in synergistic antiviral activity, indicating the complementarity of virus-targeted and host-directed strategies."
GSE302327,Colon - Transverse,Colon - Transverse,True,True,True,"The intestinal epithelium maintains tissue homeostasis through a dynamic balance of stem cell proliferation and differentiation along the crypt-villus axis. This process is spatially regulated, where intestinal stem cells in crypts proliferate and progenitor cells differentiate as they migrate toward the villus tips. An oxygen gradient is present along the crypt-villi structure setting the villi into a low-oxygen environment (physiological hypoxia) and the crypts into normoxia. Hence, during this differentiation and migration process, intestinal epithelial cells encounter distinct oxygen microenvironments throughout their life span. Inflammatory bowel diseases and other chronic inflammatory conditions disrupt this homeostatic balance and alter local oxygen dynamics, leading to dysregulated tissue repair and regeneration. To investigate how oxygen availability influences intestinal stem cell fate, we cultured patient-derived human ileum organoids under normoxic (20% oxygen) or hypoxic (1% oxygen) conditions. Under hypoxia, organoid growth was reduced and expression of the stem cell marker OLFM4 was decreased. Bulk and single-cell RNA sequencing revealed that hypoxia suppressed Wnt signaling pathways and reduced stem cell activity. Importantly, pharmacological stabilization of HIF-1α under normoxic conditions recapitulated the hypoxia-induced loss of stemness, demonstrating that HIF-1α is a key mediator of oxygen-dependent stem cell regulation. These findings establish that physiological hypoxia in the intestinal epithelium directly regulates stem cell fate through HIF-1α stabilization, providing mechanistic insight into how oxygen availability controls intestinal homeostasis."
GSE310408,Colon - Transverse,Colon - Transverse,True,True,True,"In this study, we examined how 5-fluorouracil (5-FU) treatment modulates transcriptional programs in human intestinal organoids cultured in Matrigel or collagen matrices. By comparing Matrigel-embedded and collagen-embedded organoids under control and 5-FU–treated conditions, we identified ECM-dependent and treatment-specific gene expression changes associated with cellular stress responses, epithelial regeneration, and matrix-driven phenotypic differences."
GSE315569,Colon - Transverse,Colon - Transverse;Kidney - Cortex;Liver,True,True,False,"Colorectal cancer (CRC) remains one of the most devastating malignancies worldwide. 5-Fluorouracil (5-FU) is a widely used therapeutic agent in CRC treatment. Here, we report a PTK-7–targeted, MOF-based nanodrug (AFZC) comprising Sgc8 aptamer, 5-FU, and Cu-doped ZIF-8. AFZC was synthesized via stepwise loading and surface functionalization and rigorously characterized by SEM/TEM. Targeting specificity was confirmed in PTK-7–positive colorectal cancer cells: Cy5-Sgc8 showed strong internalization in CRC cells but negligible uptake in normal epithelial cells. Functionally, AFZC suppressed proliferation and lowered 5-FU IC₅₀ across multiple CRC lines, with enhanced apoptosis versus 5-FU alone. Patient-derived organoids demonstrated greater growth inhibition with AFZC than with 5-FU. Transcriptomic profiling of AFZC-treated CRC cells highlighted pro-apoptotic remodeling with upregulation of NECTIN4 and NCF2, and concordant increases by Western blot alongside caspase cleavage. In vivo, AFZC achieved superior tumor control over 5-FU or ZIF-8 in CRC xenografts and a PDX model. No toxicity was found in histopathology of major organs or in liver/renal function markers at the treatment dosage. Collectively, AFZC couples selective PTK-7 targeting, catalytic activity, and sustained drug release to potentiate 5-FU efficacy with a favorable toxicity profile, supporting its translational promise in CRC."
GSE285905,Colon - Transverse,Colon - Transverse,True,True,True,"Aspartame has been widely used as a sweetener in foods and beverages since the 1980s. In this study, we aimed to assess the effect of aspartame on gut epithelial cell biology, inflammation, and the epithelial barrier. Aspartame shows cytotoxic effects and epithelial barrier damage as well as proinflammatory cytokine release in gastrointestinal epithelial cells, organoids and organ-on-a-chips at concentrations corresponding to daily used doses in food products. Cellular cytotoxicity was observed in as low as 1.25 mg/ml doses. RNA sequencing analysis revealed that aspartame significantly altered the transcriptome in gut-on-a-chip models, showing upregulation of pathways such as unfolded protein response, activated pro-apoptotic and inflammatory, and downregulation of DNA repair and replication mechanisms pathways. Aspartame exposure upregulated proinflammatory genes, particularly in the TNF signalling pathway, and induced multiple chemokine responses. It activated the NF-κB pathway via oxidative stress, promoting inflammation on NF-κB reporter monocyte cells and causing gut epithelial cell death. Aspartame affected genes involved in tight and adherens junctions, disrupting gut epithelial barrier integrity in a dose-dependent manner in gut-on-a-chip models. Additionally, aspartame suppressed key DNA repair and replication genes involved in double-strand break repair, mismatch repair, and DNA replication. Overall, our findings indicate that at commonly consumed levels, aspartame induces cellular stress, inflammation, and epithelial barrier damage in gastrointestinal epithelial cells. These findings underscore the biological relevance of our results and raise concerns that daily dietary intake of aspartame may pose previously underappreciated risks to gut health."
GSE303677,Colon - Transverse,,False,False,False,"We performed RNA-seq to compare the epithelial transcriptomic response to GII.3 HuNoV infection to gamma-irradiated inactivated HuNoV (gGII.3) and media controls in parental HIE lines (J2 and J4) and genetically modified HIOs (J2STAT1-KO and J4FUT2-KI), which support enhanced viral replication due to STAT1 knockout and FUT2 knock-in, respectively.  HIEs were harvested and analyzed at 24 hours post-infection/treatment.  NCBI grant: Grant ID: U19 AI144297 Consortium name: Texas Medical Center Genomic Center for Infectious Diseases (TMC GCID) URL: https://gcid.research.bcm.edu/"
GSE310492,Colon - Transverse,Colon - Transverse,True,True,True,"Defining how normal epithelial cells adapt to microenvironmental perturbations may reveal molecular vulnerabilities obscured later in carcinogenesis. Although the colon is susceptible to hypoxic injury and hypoxia is common in colorectal cancer (CRC), the insight into how non-neoplastic colon epithelium responds to hypoxia is lacking. To discover these mechanisms, human colon organoids (colonoids) were subjected to sustained hypoxia in vitro with characterization of consequent phenotypes and transcriptional changes. Hypoxia tolerance in human colonoids resulted in robust downregulation of alcohol dehydrogenase 1C (ADH1C), previously associated with poor prognosis and metabolic reprogramming in CRC. In normal crypts, ADH1C transcripts localized to transit amplifying (TA) and progenitor epithelial cells, and colon epithelial ADH1C downregulation was validated in archival tissue from patients with acute ischemic colitis, a form of hypoxic injury. Hypoxia induced PHGDH (the first and rate-limiting step in the serine synthesis pathway, SSP) in colonoids in an ADH1C-dependent manner, and the SSP contributed to neutralization of hypoxia-induced reactive oxygen species (ROS) in colonoids. Hypoxia-induced ADH1C downregulation was also associated with reduced TA cell signatures and increased expression of regeneration-associated stem cell marker FGFBP1. Finally, ADH1C-low CRC showed significant enrichment for hypoxia-associated colon epithelial signatures. Taken together, these results establish ADH1C as a mediator of colon epithelial hypoxia responses, metabolic reprogramming, and epithelial identity with relevance to human CRC."
GSE230046,Liver,Liver,True,True,True,"To investigate the functional difference between different cell lineages in highly hematopoietic fetal liver organoids (hFLOs) from induced pluripotent stem cell, we FACS-sorted cell lineages from hFLOs and compared them to conventional iPSC-monocellular or primary cell controls by bulk RNA-sequencing."
GSE284761,Colon - Transverse,Colon - Transverse,True,True,True,"People living with HIV (PLWH) experience chronic intestinal barrier dysfunction (gut leakage), which persists despite viral suppression by antiretroviral therapy (ART) and contributes to chronic inflammation and its comorbidities. The mechanisms underlying this phenomenon remain unclear and are likely multifactorial. We hypothesize that living with HIV compromises the intestinal barrier’s resilience to injurious agents, increasing susceptibility to leakage upon exposure to common exogenous or endogenous disruptors, such as alcohol or pro-inflammatory cytokines, respectively. Using 3D intestinal organoids (colonoids and enteroids) derived from PLWH on ART and HIV-negative controls, we assessed the impact of alcohol and inflammatory cytokines on barrier integrity. Organoids from PLWH exhibited reduced resilience to disruption compared to controls, correlating with alterations in pathways critical to epithelial integrity, including epithelial-mesenchymal transition, DNA repair, and oxidative stress-related pathways. These findings reveal a novel mechanism underlying intestinal dysfunction in PLWH and highlight potential molecular targets to mitigate these complications."
GSE284755,Colon - Transverse,Colon - Transverse,True,True,True,"People living with HIV (PLWH) experience chronic intestinal barrier dysfunction (gut leakage), which persists despite viral suppression by antiretroviral therapy (ART) and contributes to chronic inflammation and its comorbidities. The mechanisms underlying this phenomenon remain unclear and are likely multifactorial. We hypothesize that living with HIV compromises the intestinal barrier’s resilience to injurious agents, increasing susceptibility to leakage upon exposure to common exogenous or endogenous disruptors, such as alcohol or pro-inflammatory cytokines, respectively. Using 3D intestinal organoids (colonoids and enteroids) derived from PLWH on ART and HIV-negative controls, we assessed the impact of alcohol and inflammatory cytokines on barrier integrity. Organoids from PLWH exhibited reduced resilience to disruption compared to controls, correlating with alterations in pathways critical to epithelial integrity, including epithelial-mesenchymal transition, DNA repair, and oxidative stress-related pathways. These findings reveal a novel mechanism underlying intestinal dysfunction in PLWH and highlight potential molecular targets to mitigate these complications."
GSE309755,Brain - Cortex,Brain - Cortex,True,True,True,"This study aims to characterize transcriptomic responses to Simplified 5 Ion GCR Simulation  (simGCRsim) in human brain organoids derived from hiPSCs. Two independent RNA-seq experiments were conducted. The first set compared male- and female-derived organoids to evaluate sex-specific transcriptional responses to GCR. The second set assessed organoids derived from i) male hiPSCs expressing optogenetically-controlled FGFR (opto-FGFR) or mock constructs to explore FGFR signaling as a potential countermeasure and ii) one female hiPSC line (SC2131), with or without GCR exposure. Together, these datasets provide insight into both intrinsic sex differences and FGFR-dependent protective mechanisms in human neural tissues in the context of space radiation exposure."
GSE288008,Kidney - Cortex,Kidney - Cortex,True,True,True,"Von Hippel-Lindau (VHL) disease is a rare hereditary cancer syndrome caused by germline pathogenic variants in the VHL gene. Affected individuals develop multiple primary tumours in several organs, but the determinant of their life expectancy is clear cell renal cell carcinoma (ccRCC). The current standard of care is based on arbitrary decisions. Due to the lack of biological or molecular markers assisting clinical decision-making, patients undergo multiple surgical interventions with an incremental risk of complications and morbidity. The most important clinical need in those individuals is to overcome intra/intertumoral heterogeneity in VHL-associated ccRCC to allow tailored decisions and treatments. Therefore, we set up a methodology aiming at creating the first integrated map of intra- and inter-tumour heterogeneity in VHL-associated ccRCC by overlaying imaging, histology, multiplex immunohistochemistry, and multi-omics data from multi-region tumour biopsies. This, combined with the establishment of patient derived organoids cultures, can provide innovative tools to guide clinical management."
GSE311760,Colon - Transverse,Colon - Transverse,True,True,True,"Paneth cell metaplasia (PCM) is a phenomenon in which Paneth cells, typically found in the small intestine, appear in the colonic epithelium of patients with ulcerative colitis (UC). Our study demonstrates that the PCM occurrence correlates with disease duration and active inflammation. Furthermore, we reveal that the inflammation-induced cytokine IL-22 suppresses Notch signaling, thereby promoting PCM formation in the colonic epithelium while simultaneously inducing REG3A expression in metaplastic niches. In vitro, we show that Reg3a directly enhances cell proliferation and promotes wound healing using mouse colonic organoids. In vivo, Reg3aΔIEC mice in both acute and chronic DSS-induced colitis models exhibit delayed wound healing. Additionally, studies conducted with patient-derived human colonic organoids revealed that REG3A administration stimulates cell proliferation and accelerates wound healing. These findings underscore a novel protective role of PCM-mediated REG3A in the colonic epithelium of patients with UC."
GSE306057,Prostate,Prostate,True,True,True,"Prostate cancer (PCa) often progresses to castration-resistant PCa (CRPC), where docetaxel (DTX) resistance is a major challenge. We investigated the role of the m6A demethylase ALKBH5 in this resistance. ALKBH5 expression was significantly reduced in CRPC clinical samples. Functionally, overexpressing ALKBH5 inhibited PCa cell proliferation and migration, while its knockdown enhanced these effects and increased DTX resistance. Conversely, restoring ALKBH5 or knocking down the m6A reader IGF2BP2 reversed resistance. Multi-omics analysis identified CLSPN, a DNA replication stress regulator, as a key downstream target. Mechanistically, ALKBH5-mediated m6A demethylation reduces CLSPN mRNA stability in an IGF2BP2-dependent manner. Low ALKBH5, therefore, stabilizes CLSPN via IGF2BP2, promoting resistance. These findings, validated in clinical samples and organoid models, demonstrate that the ALKBH5-IGF2BP2 axis modulates DTX resistance in mCRPC through m6A-dependent regulation of CLSPN. Targeting this pathway represents a promising therapeutic strategy to overcome DTX resistance."
GSE274325,Colon - Transverse,,True,False,False,"We have previously shown that IKKa coordinates the activation of several oncogenic and therapy-resistant pathways, including ATM/DDR, BRD4, and JAK/STAT3, independently of canonical NF-kB signaling. Here, we found that IKKa suppression, either genetically or pharmacologically, led to stabilization of ZO-1 protein and increased CLDN2 expression, resulting in altered tight junction distribution. IKKa KO cells showed a shift in their migratory mode towards collective migration, which is associated with superior metastatic capacity in vivo. Analysis of single-cell (sc)RNA-seq data from a mouse model of CRC revealed an accumulation of the tight junction signature, including ZO-1 and CLND2, in the metastatic populations. scRNA-seq analysis of patient-derived organoid (PDO5)  identified three distinct epithelial cell clusters (C2, C4 and C8) that show a significant enrichment for the metastasis-specific EpiHR signature and the tight junction signature. In particular, C2 and C8 display unique genetic signatures that are significantly upregulated in IKKa KO cells and enriched in the PDO5 IKKa KO-derived metastases. Analysis of human paraffin-embedded CRC specimens led to the identification of vascular tumor infiltrates with ZO-1 and CLDN2-positive cluster-like or glandular phenotypes. The concomitant presence of low CHUCK (IKKa)  and high TJP1 (ZO-1) RNA levels is sufficient to predict poor prognosis in CRC patients. These results suggest that the presence of collectively migrating cancer cells in the vascular infiltrates, characterized by high levels of tight junction proteins, could be standardized as a prognostic tool to predict metastasis. We anticipate the use of drugs targeting tight junction elements for metastasis prevention."
GSE310845,Colon - Transverse,Colon - Transverse,True,True,True,"Intestinal epithelial stem cells (SCs) and their transit-amplifying (TA) progeny are critical for mucosal repair and regeneration. However, their behaviour under chronic inflammatory conditions, such as those observed in Inflammatory Bowel Disease (IBD), remains incompletely understood. We investigated the impact of chronic inflammation on intestinal stem/progenitor cells by integrating bulk RNA sequencing from the largest IBD biopsy cohort to date with single-cell transcriptomic analysis and experimental assays using patient-derived intestinal organoids. Active inflammation was associated with a reduction in canonical LGR5⁺ intestinal stem cells and a concurrent expansion of OLFM4⁺ populations, consistent with an inflammation-induced epithelial repair program. Notably, SC/TA cells from both inflamed and non-inflamed IBD tissues exhibited persistent transcriptional changes that were distinct from those in healthy controls. Single-cell analysis identified transcriptionally heterogeneous SC/TA subpopulations, including a previously uncharacterized inflammation-associated cluster enriched in immune signalling pathways. Pseudotime trajectory analysis demonstrated a shift in differentiation toward deep crypt secretory (Paneth-like) cell lineages under inflammatory conditions. Chronic intestinal inflammation reshapes the epithelial stem/progenitor cell compartment, promoting altered differentiation and the emergence of immune-responsive epithelial states. These findings highlight the plasticity of the human intestinal epithelium in IBD and point to new avenues for therapeutic strategies aimed at maintaining epithelial integrity during chronic inflammation."
GSE309795,Heart - Left Ventricle,Heart - Left Ventricle,True,True,True,"Tyrosine kinase inhibitors (TKIs) have improved cancer outcomes but are limited by cardiovascular toxicity, most notably hypertension and heart failure. The underlying mechanisms remain poorly understood, hindering the development of protective strategies. Here, we investigated the role of endothelial mechanotransduction in mediating vascular and cardiac injury caused by the VEGFR-targeting TKI sunitinib. Using patient-specific induced pluripotent stem cell-derived endothelial cells (iPSC-ECs) and a mouse model of TKI-induced hypertension, we identified downregulation of PIEZO1, a mechanically activated ion channel, as a central driver of endothelial dysfunction. Restoring PIEZO1 expression, either pharmacologically with Yoda1, a selective agonist, or through inducible overexpression in iPSC-ECs, reversed sunitinib-induced endothelial dysfunction and mitigated its hypertensive effects, providing both mechanistic and genetic validation of PIEZO1’s protective role against vascular toxicity. In mice, Yoda1 co-treatment prevented the long-term cardiac dysfunction observed following sunitinib exposure, and normalized elevations in circulating cardiac stress biomarkers. Single-nuclei multiomic profiling of mouse hearts revealed that sunitinib exposure activated chromatin remodeling and fibrogenic programs, which were reversed with PIEZO1 activation. Human engineered cardiac organoids further demonstrated that sunitinib impaired cardiomyocyte function only in the presence of endothelial cells, confirming a role for disrupted endothelial-cardiomyocyte crosstalk in TKI cardiotoxicity. Together, these findings identify endothelial PIEZO1 as a critical mediator of TKI-induced hypertension and cardiac dysfunction and highlight PIEZO1 activation as a potential therapeutic strategy for protecting cardiovascular health during cancer therapy."
GSE300073,Colon - Transverse,Colon - Transverse,True,True,True,"Gastrointestinal (GI) dysfunction, characterized by severe diarrhea and dehydration, is a central contributor to morbidity and mortality in filovirus disease in patients, yet the role of the epithelium in this clinical outcome remains poorly defined. Here, we employ induced pluripotent stem cell (iPSC)-derived human intestinal (HIOs) and colonic organoids (HCOs) to model Ebola virus (EBOV) and Marburg virus (MARV) infection. These organoids are permissive to filovirus infection and support viral replication. Bulk RNA sequencing revealed distinct intestinal and colonic epithelial responses, including apical and junctional disruption and a delayed virus-specific induction of interferon-stimulated genes. Moreover, infection impaired adenylate cyclase signaling and CFTR-mediated ion transport, providing mechanistic insight into virus- induced secretory diarrhea. This platform recapitulates key features of human GI pathology in filoviral disease and serves as a powerful system to dissect host-pathogen interactions and identify therapeutic targets."
GSE298600,Colon - Transverse,Colon - Transverse,True,True,True,"Gastrointestinal (GI) dysfunction, characterized by severe diarrhea and dehydration, is a central contributor to morbidity and mortality in filovirus disease in patients, yet the role of the epithelium in this clinical outcome remains poorly defined. Here, we employ induced pluripotent stem cell (iPSC)-derived human intestinal (HIOs) and colonic organoids (HCOs) to model Ebola virus (EBOV) and Marburg virus (MARV) infection. These organoids are permissive to filovirus infection and support viral replication. Bulk RNA sequencing revealed distinct intestinal and colonic epithelial responses, including apical and junctional disruption and a delayed virus-specific induction of interferon-stimulated genes. Moreover, infection impaired adenylate cyclase signaling and CFTR-mediated ion transport, providing mechanistic insight into virus- induced secretory diarrhea. This platform recapitulates key features of human GI pathology in filoviral disease and serves as a powerful system to dissect host-pathogen interactions and identify therapeutic targets."
GSE291524,Colon - Transverse,Colon - Transverse,False,True,True,"We have previously shown that non-curative chemotherapy imposes fetal conversion and high metastatic capacity to cancer cells. Analysis of public colorectal cancer datasets confirms the existence of a fetal signature consisting of 28 upregulated and 8 downregulated genes that stratify patients with worse prognosis. We have analyzed a metacohort generated by the integration of several colorectal cancer datasets and performed qPCR analysis of paraffin-embedded and plasma samples from our in-house cohort of colorectal cancer tumors. We uncovered a core fetal signature, which we have called ColoStem, composed of 5 genes upregulated and 3 genes downregulated that display prognosis value in a multivariate analysis. We also define EpiColostem as a purer epithelial signature with comparable prognosis value as ColoStem. By qPCR analysis of RNA extracted from paraffin-embedded tissues, we demonstrated the actual possibility of using ColoStem and EpiColoStem to refine the prognostication of CRC patients with a simple an affordable method. Initial analysis of plasma samples indicates that both signatures could be adapted for its use in liquid biopsy. Our results reveal ColoStem and EpiColoStem tests as valuable tools for the identification of fetal-type CRC tumors thus refining patient prognosis."
GSE306909,Colon - Transverse,Colon - Transverse,True,True,True,"This study investigates the resistance mechanisms to pan-KRAS inhibitors in colorectal cancer (CRC). We established a panel of patient-derived organoids (PDOs) and cell lines with differential sensitivity to pan-KRAS inhibitors. Integrated epigenomic (ChIP-seq for H3K27ac and H3K4me3) and transcriptomic (RNA-seq) profiling revealed that enhancer remodeling drives compensatory activation of the mevalonate (MVA) pathway in resistant models. The MVA pathway upregulation facilitates KRAS membrane trafficking via protein farnesylation, thereby sustaining ERK activation and conferring resistance to KRAS inhibitors. Pharmacological inhibition of the MVA pathway using statins restores therapeutic sensitivity and enhances efficacy of KRAS inhibitors in cellular, PDO, and PDX models."
GSE287262,Lung,Lung;Skin - Sun Exposed (Lower leg),True,True,False,"Patients with mpox may present with a skin rash and mild respiratory symptoms, including sore throat and cough. The genome of the mpox virus (MPXV) has been detected in throat swab specimens from some mpox patients, indicating potential involvement of the respiratory tract. In this study, we used lung organoids to investigate the effects of MPXV infection on the respiratory system by evaluating the viral replication and the infection-mediated host response. MPXV infection resulted in the accumulation of high levels of viral genomes within the cells. H&E staining showed almost no histological differences between MPXV-infected lung organoids and uninfected lung organoids. In addition, RNA-seq analysis revealed that MPXV infection did not significantly alter the gene expression levels of various lung markers. MPXV infection did not change the production of proinflammatory cytokines, including interleukin-1 beta (IL-1β), interleukin-6 (IL-6), tumor necrosis factor-alpha (TNF-α), and interferon-beta (IFN-β). These findings suggest that MPXV can replicate in lung organoids without significantly affecting their cellular function."
GSE280918,Breast - Mammary Tissue,Breast - Mammary Tissue,True,True,True,"Sustained proliferation and aberrant cellular plasticity are the hallmarks of breast premalignancy, yet the mechanisms driving this process remain unclear. Using CRISPR knockout screens, we systematically characterized the regulators of cellular fitness in the normal mammary epithelium. We found that loss of RNA methyltransferase METTL3 initiates mammary epithelial proliferation and reprograms gene expression, which depends on its catalytic activity. Single-cell analysis in normal breast organoids revealed that METTL3 ablation causes disruption of the mammary cellular hierarchy through increased aberrant luminal differentiation. Mechanically, METTL3 loss reduces the RNA m6A modification of transcribed transposable elements leading to their increased expression and upregulating interferon-STAT signaling. This inflammatory response leads to the crosstalk between STAT and GATA3 transcription factors, resulting in transcriptional activation of luminal genes in the mammary epithelium. These findings identify a cell-intrinsic epigenetic loop contributing to mammary epithelial plasticity and highlight a potential role of METTL3-dependent m6A modification during neoplastic transformation."
GSE217044,Colon - Transverse,Colon - Transverse,True,True,True,"Background and aims: Wnt2b is an intestinal canonical Wnt which was previously thought to be fully redundant with other intestinal Wnts. Humans with Wnt2b deficiency have severe phenotypes, however, highlighting the critical importance of Wnt2b. We sought to understand why Wnt2b is critical for intestinal health. Methods: We investigated the intestinal health Wnt2b knock out (KO) mice at baseline. We also assessed the impacts of inflammatory challenge to the small intestine with anti-CD3e antibody and to the colon with dextran sodium sulfate (DSS) administration. In addition, we generated human intestinal organoids (HIOs) and enteroids from Wnt2b deficient patients for transcriptional and histologic analyses. Results: Wnt2b-/- mice were healthy and had normal small intestinal and colonic histology at baseline but decreased intestinal stem cells. Small intestinal response to anti-CD3e was similar to controls. The colons of Wnt2b KO mice were severely affected by DSS compared to controls, and this was due to impaired proliferative responses of stem cells during the early stages of injury. In contrast, HIOs generated from Wnt2b-deficient patients showed a developmental phenotype with abnormal epithelial organization and enriched mesenchymal signature and enteroids showed restricted growth. Conclusion: Wnt2b deficiency in mice more severely impacts the colon than the small intestine and is linked to impaired proliferative capacity. In human Wnt2b deficiency the epithelium is severely disorganized from the early stages of intestinal lineage specification in addition to having diminished intestinal stem cells and proliferation."
GSE248844,Prostate,Prostate,True,True,True,"Neuroendocrine prostate cancer (NEPC) is a lethal subtype of castration-resistant prostate cancer (CRPC). The molecular mechanisms underlying the progression of CRPC toward NEPC remain incompletely understood and effective treatments remain to be discovered. Herein, we report that loss of the nuclear receptor ERRγ promotes neuroendocrine differentiation in a Pten-deficient mouse model of prostate adenocarcinoma. These findings were recapitulated in advanced cellular and xenograft models of human prostate cancer (PCa). Critically, we show that ERRγ gain-of-function can reverse instilled NEPC features accompanied by suppression of growth and oncogenic metabolic reprogramming. Activation of a neuroendocrine transcriptional program enabled by ERRγ deficiency unveiled a targetable vulnerability exploited by combined pharmacological inhibition of EZH2 and RET kinase that effectively inhibited the growth of ERRγ-deficient tumor organoids and cells. Collectively, our findings demonstrate that ERRγ downregulation facilitates PCa adeno-to-neuroendocrine transformation and offer potential therapeutic strategies to prevent/treat the development of poor outcome NEPC."
GSE297090,Colon - Transverse,Colon - Transverse,True,True,True,"Radiation exposure causes damage to tissues with high numbers of rapidly dividing cells such as the intestine. Mouse models have been widely used to understand the effects of radiation injury, repair following exposure, and to develop and test potential therapies for radiation-induced damage. However, although the mouse intestine shares physiological and molecular similarities with human intestine, translation and validation of findings in mouse radiation models to the human intestine have been limited by the lack of models. The development of ex vivo human intestinal organoids provides a new model in which the effects of radiation on the human intestinal epithelium can be examined and compared to in vivo animal models. Using human small intestinal jejunal organoids, multi-omic profiles were analyzed using bioinformatic pipelines to explore the response to a dose of proton and photon radiation exposure which may be encountered during a radiotherapy treatment or over time in high background radiation environments. Transcriptional signatures following radiation exposure were indicative of reprogramming of cells to a more primitive state that has been associated with regeneration and repair. Integrative analyses of transcriptomic and metabolomic datasets revealed enrichment of amino acid synthesis and metabolism pathways. Human intestinal organoids can complement and validate findings from traditional animal models and are emerging as a powerful tool to study responses to radiation exposure."
GSE285503,Colon - Transverse,Colon - Transverse,True,True,True,"Fibrotic colorectal cancers (CRC) are characterized by immune exclusion driven by activated stroma, particularly by cancer-associated fibroblasts (CAFs). We identified that the matricellular protein thrombospondin-2 (THBS2) is highly expressed in the stroma of fibrotic CRCs. We performed orthotopic implantation of CMS4-like mouse tumor organoid (MTO) into WT and Thbs2 KO mice. Tumors developed in Thbs2 KO mice were considerably smaller and exhibited increased CD8 T cell infiltration and higher numbers of apoptotic tumor cells compared with WT mice. This study aims to elucidate the interaction between fibrotic CRCs and CAFs by comparing the phenotypic characteristics of bulk tumor tissues and their corresponding CAFs."
GSE216198,Esophagus - Mucosa,Esophagus - Mucosa,True,True,True,"Inactivation of the tumor suppressor genes TP53 and CDKN2A occurs early during GEJ tumorigenesis. However, due to a paucity of GEJ-specific disease models, cancer-promoting consequences of TP53 and CDKN2A inactivation at the GEJ have been incompletely characterized. Here we report the development of the first wild-type primary human GEJ organoid model, as well as a CRISPR-edited transformed GEJ organoid model. CRISPR/Cas9 engineering to inactivate TP53 and CDKN2A (TP53/CDKN2A KO) in GEJ organoids induced morphologic dysplasia as well as pro-neoplastic features in vitro and tumor formation in vivo. Notably, lipidomic profiling identified several Platelet-Activating Factors (PTAFs) among the most upregulated lipids in CRISPR-edited organoids; and importantly, PT AF/PT AFR abrogation by siRNA knockdown or a pharmacologic inhibitor (WEB2086) significantly blocked proliferation and other pro-neoplastic features of TP53/CDKN2A KO GEJ organoids in vitro and tumor formation in vivo. In addition, murine xenografts derived from Eso26, an established esophageal adenocarcinoma (EAC) cell line, were suppressed by WEB2086. Mechanistically, TP53/CDKN2A dual inactivation disrupted both the transcriptome and the DNA methylome, likely mediated by key transcription factors, particularly Forkhead Box M1 (FOXM1). Importantly, FOXM1 activated PTAFR transcription by binding to the PTAFR promoter, further amplifying the PTAF-PTAFR pathway. In summary, we established a robust model system for investigating early GEJ neoplastic events, identified crucial metabolic and epigenomic changes occurring during GEJ model tumorigenesis, and discovered a potential cancer-therapeutic strategy, while providing insights into pro-neoplastic mechanisms associated with TP53/CDKN2A inactivation in early GEJ neoplasia."
GSE294532,Prostate,Prostate,True,True,True,"The high intra-patient heterogeneity in multifocal primary prostate cancer (PCa) has curtailed the efficacy of current treatment options. By employing twin biopsies from multiple lesions with matched Patient-derived organoids (PDO) models, the PCa molecular heterogeneity was investigated. We utilized genomics, transcriptomics and machine learning (ML) approaches to elucidate and predict the underlying mechanisms of pharmacological heterogeneity. Our data indicate a vulnerability of primary PCa organoids for small molecule inhibitors targeting receptor tyrosine kinases (MET, ALK, SRC). By exploring gene expression data from matched parental tissue in an unsupervised manner, we identified two distinct clusters of samples. Interestingly, the PDO drug responses were significantly different between the two clusters for 4/11 compounds tested. We developed a transcriptomics-based, cluster prediction model, which can accurately stratify samples into the two clusters. Notably, our prediction model is based on tissue profiles; therefore, it can be utilized to rapidly evaluate new cases and suggest promising drug candidates, even when PDO derivation is not feasible. Taken together, we propose a novel flexible stratified oncology approach that can swiftly and accurately highlight promising drug vulnerabilities of PCa patients."
GSE286890,Breast - Mammary Tissue,Breast - Mammary Tissue;Liver,True,True,False,"Estrogen Receptor alpha (ERα)-positive, HER2-negative breast cancers are less aggressive than other subtypes and generally show good patient clinical outcome because they are likely to respond to endocrine therapies. Unfortunately, therapy-resistant metastases may develop and start an inexorable downhill course. ESR1 mutations leading to ligand-independent ERa activation and resistance to endocrine therapy are prevalent in 20 - 55% of patients with ER+ metastatic breast cancer. Here, we found that glucocorticoid receptor (GR) activation  by dexamethasone in ESR1 mutant metastases-bearing mice decreases liver metastases, enhances chemotherapy responsiveness, and prolongs survival. Transcriptomic profiling and proteomics profiling revealed that GR activation not only downregulates estrogen reponse signature but also induces dramatic loss of ER itself, therefore uncovering an estrogen receptor silencing action of GR. ChIP-Seq analysis revealed that prolonged Dex treatment almost completely abrogates ER chromatin binding and that GR binds a subset of ER-related genes including ESR1 itself. This was accompanied by loss of H3K27 acetylation and enhancer acetylation, hence inhibiting transcription. Finally, we found that GR activation in patient-derived organoids reduces the number of ER+ cancer cells and ERα abundance, and predicts good outcome in patients with ER+ breast cancer, using publicly available data. These data imply that administration of synthetic glucocorticoids reduces ER+ cell proliferation, inhibits metastatic ability, enhances chemotherapy efficacy and hence can be beneficial for patients with ER+ metastatic breast cancer, particularly the treatment of refractory ESR1 mutant metastases."
GSE186249,Liver,Liver,True,True,True,Primary hepatoblast organoids (HBOs) are grown and passaged in medium that contains both Wnt3a and R-spondin conditioned media (HBO complete medium). It is hypothesised that these molecules that are part of the WNT signalling pathway may be contributing to the HBOs self-renewal properties.
GSE309532,Colon - Transverse,Colon - Transverse,True,True,True,"Colorectal cancer (CRC) ranks second in cancer-related mortality worldwide, with clinical intractability and chemoresistance representing significant challenges driven by cancer stem cells (CSCs). Wnt/β-catenin signaling is a lynchpin of CSC self-renewal, but targetable upstream drivers remain elusive. Using bioinformatics we identified the proteoglycan SPOCK1 as a Wnt-associated CSC target. Critically, high SPOCK1 expression predicted poor patient prognosis and reduced progression-free survival following first-line chemotherapy. In vitro assays demonstrated that SPOCK1 levels modulated Wnt/β-catenin activity. SPOCK1 silencing inhibited β-catenin nuclear translocation and TCF/LEF-mediated transcription, which concurrently suppressed CRC proliferation and stemness. Conversely, SPOCK1 overexpression promoted β-catenin nuclear translocation and TCF/LEF-mediated transcription, which enhanced CRC proliferation and stemness. This SPOCK1-driven pro-tumorigenic effect was significantly reversed by the β-catenin/TCF/LEF inhibitor iCRT3, demonstrating SPOCK1’s dependence on Wnt transcriptional activation. The functional role was validated in vivo using a SPOCK1-overexpressing xenograft model and ex vivo using patient-derived organoids (PDOs), both confirming increased growth and β-catenin nuclear localization. Furthermore, data-independent acquisition (DIA) mass spectrometry of SPOCK1-overexpressing tumors revealed pro-tumorigenic signaling including c-Myc activity, oxidative phosphorylation, epithelial-mesenchymal transition. Notably, SPOCK1 drove remodeling of the tumor microenvironment, characterized by desmoplasia and fibrosis. Overall, our findings establish a SPOCK1/Wnt/β-catenin axis as a novel mechanism driving CRC tumorigenesis and stemness, positioning it as a promising therapeutic target to overcome Wnt-mediated progression and resistance."
GSE292512,Pancreas,Pancreas,True,True,True,"Pancreatic ductal adenocarcinoma (PDAC) occurs as a complex, multifaceted event driven by the interplay of tumor permissive genetic mutations, nature of cellular origin and microenvironmental stress. In this study, we present a novel model to screen previously underappreciated tumor suppressor genes in human pancreatic acinar-derived PDAC and probe their implications under nutrient deprived environmental context. Primary human pancreatic acinar 3D organoids were engineered to harbor triple PDAC driver mutations—KRAS G12V, TP53 inactivation, and CDKN2A deletion (designated as KPT organoids). Using a pooled CRISPR knockout library targeting 199 potential tumor suppressors curated from recurrent mutations in clinical PDAC samples, we performed in vivo and in vitro screening with KPT cells and revealed significant enrichment of a list of candidate tumor suppressors, with NF2 emerging as the top target. Functional validation confirmed that loss of NF2 promotes the transition of PDAC from a non-invasive to an invasive state, potentially through extracellular matrix (ECM) modulation. Additionally, we found that the fibroblast heterogeneity in these organoids-derived tumors correlates with the cancer progression, suggesting the important roles of cancer-stroma communications in tumor evolution. Strikingly, NF2 inactivation was found to enhance PDAC cell fitness under nutrient starvation, a condition reflective of the harsh tumor microenvironment. This adaptation not only reinforces the oncogenic state but also confers therapeutical resistance. These findings establish NF2 as a critical tumor suppressor in PDAC and uncover its role in mediating nutrient adaptation and drug resistance. Importantly, this study provides new insights into drug resistance mechanisms and potential therapeutic targets in PDAC."
GSE288179,Colon - Transverse,Colon - Transverse,True,True,True,"Objective: Inflammatory bowel disease (IBD) is secondary to an abnormal immune response to the microbiota. There is evidence of impaired stem cell signatures in IBD contributing to impaired epithelial repair. We therefore aimed to study the role of the microbiome in the intestinal stem cell population in paediatric IBD cases, a group without confounding treatments or comorbidities, by directly studying the interaction between patient-isolated bacteria and the epithelium. Design: We established a unique biobank with matched intestinal organoids and cultured mucosally adherent bacteria from 36 paediatric patients. To determine the bacterial effect on host epithelial cells, closely related bacterial isolates from control and IBD patients were selected for microinjection into their corresponding organoid line. Results: Whilst no differences were observed between control and IBD-derived organoids following injury, transcriptional profiling revealed differential gene expression between uninjured control and IBD- derived organoids. Furthermore, following microinjection of an isolate originating from a control patient, there was upregulation of inflammatory signalling pathways, whereas this was not observed with a closely related isolate originating from an IBD patient. Conclusion: This demonstrates the feasibility of isolating bacteria and generating organoids from the same biopsy tissue, to explore personalised host-microbe interactions. The microinjections show the individual nature of responses, with closely related bacteria inducing very different epithelial responses, with downstream implications for immune response. This highlights the importance of understanding host-microbe interactions in a strain and site-specific manner, and developing techniques for personalised microbiome-based therapeutics."
GSE308083,Colon - Transverse,Colon - Transverse,True,True,True,"Colorectal cancer progression involves dysregulated signaling pathways such as Hippo-YAP, but upstream regulators remain poorly defined. Here we demonstrate that oxysterol-binding protein-like 3 (OSBPL3) modulates Hippo-YAP signaling to drive tumor aggressiveness. Analysis of clinical specimens and experimental models showed that elevated OSBPL3 levels in colorectal cancer tissues correlate with shortened patient survival. Depleting OSBPL3 impaired cancer cell proliferation and invasion through cell cycle arrest, while its overexpression accelerated tumor growth. Mechanistic studies revealed that OSBPL3 binds 14-3-3 proteins to promote YAP1 nuclear translocation, activating downstream oncogenic pathways. Notably, tumors with high OSBPL3 expression exhibited resistance to MEK inhibitors, but this resistance was overcome by YAP1 suppression or combined YAP/MEK inhibition in patient-derived organoids. These results establish OSBPL3 as a critical Hippo-YAP pathway regulator and propose targeting OSBPL3-mediated signaling as a therapeutic strategy for colorectal cancers with Hippo pathway alterations"
GSE306982,Colon - Transverse,Colon - Transverse;Liver;Pancreas,True,True,False,"Obesity is an epidemic with myriad health effects, but little is understood regarding individual obese phenotypes and how they may respond to therapy. Epigenetic changes associated with obesity have been detected in blood, liver, pancreas, and adipose tissues. Previous work has found that dietary glucose hyperabsorption occurs in some obese subjects, but detailed transcriptional or epigenomic features of the intestine associated with this phenotype are unknown. This study evaluated differentially expressed genes and relative chromatin accessibility in intestinal organoids to characterize the obese hyperabsorptive phenotype. Methods: Intestinal organoids established from donors classified as lean, obese, or obese hyperabsorptive by body mass index and glucose transport assays were analyzed by RNA-seq, ATAC-seq, and transcription factor footprinting to characterize transcriptional and/or epigenomic features of each phenotype. Organoids from additional lean and obese hyperabsorptive donors were analyzed for specific transcripts by quantitative PCR to validate the predictive value of biomarkers associated with the hyperabsorptive phenotype. Results: Transcriptomic analysis indicated that obese hyperabsorptive subjects have significantly upregulated dietary nutrient absorption proteins and downregulated type I interferon targets. Chromatin accessibility and transcription factor footprinting suggested that enhanced binding of HNF4G promotes the obese hyperabsorption phenotype. Quantitative PCR assessment in a larger subject cohort suggested that intestinal epithelial expression of CUBN, GIP, and SLC2A5 have high correlation with hyperabsorption. Conclusions: The obese hyperabsorption phenotype is characterized by transcriptional changes that support increased nutrient uptake and appear to be driven by differentially accessible chromatin. These observations support obesogenic imprinting on intestinal stem cells (ISCs), the cell population from which organoid cultures are derived and sustained, such that absorptive, metabolic, and innate immune perturbations persist ex vivo in a controlled tissue culture environment. Recognizing that intestinal phenotypes in obesity may differ provides new perspective in considering therapeutic targets and options to manage the disease."
GSE266030,Brain - Cortex,Brain - Cortex;Heart - Left Ventricle,True,True,False,"Background/objectives: Deletions and duplications of the distal 1q21.1 region are associated with syndromic forms of autism (MIM612474, 612475). Variable phenotypes have been reported, including congenital heart defects, autism, schizophrenia, head circumference and height defects. Methods: To elucidate which gene(s) are responsible for the 1q21.1 duplication/deletion- associated phenotypes, we performed gene manipulation in zebrafish and mice. We deciphered the function of candidate driver(s) by multi-omics approaches on human iPSC- derived neural progenitor cells (NPC) and cerebral organoids (CO). Results: We modeled duplication of the 1q21.1 region by overexpressing the 8 genes in the region in zebrafish. We found that only overexpression of CHD1L led to macrocephaly and increased larval body length. Conversely, deletion of the CHD1L zebrafish ortholog resulted in microcephaly and decreased larval body length. These mirror phenotypes are also observed when Chd1l expression is modulated in a mammalian model, notably with a variation in the number of mature Tbr1-positive neurons in the mouse embryo. NPCs derived from control and CHD1L Knock-out isogenic hiPSCs were subjected to transcriptomic and chromatin accessibility analyses. These approaches revealed that CHD1L regulates the expression levels and accessibility of genes involved in neuronal differentiation and synaptogenesis, including autism susceptibility genes such as UNC5D and DPP6. Strikingly, absence of CHD1L shifts the cellular identity from forebrain to retinal fate in CO. Finally, pathogenic missense and truncating variants of CHD1L were found in individuals with autism and/or height defects. Conclusion: CHD1L is a major contributor of the 1q21.1 duplication/deletion-associated microcephaly and growth defects. CHD1L dosage is required during human brain regionalization."
GSE214340,Brain - Cortex,Brain - Cortex,True,True,True,"To elucidate the role of S6K1 in human brain development, we performed next-generation sequencing-based genomweide analysis of S6K1 knockout (KO) human embryonic stem cells (ESCs) and brain organoids. Development/differentiation-related genes were highly enriched in DEGs of S6K1 KO hESCs compared to WT hESCs. Single cell transcriptomic analysis showed unusual retinal cell development in S6K1-depleted brain organoids, thereby reducing neural populations. Furthermore, we generated brain organoids containing both WT and S6K1 KO cells and then isolated them after completing differentiation to compare the feature of each portion grown in mixed condition. ATAC sequencing analysis of each portion in mixed brain organoids displayed no significant differences in retinal cell marker gene transcriptomes between WT and S6K1 KO portions, while chromatin accessibility of neural-specific genes were lower in S6K1 KO portion than WT. Collectively, this study revealed that S6K1 plays dual role in human brain development; suppression of retinal lineage specification and production of mature neurons through non-cell autonomous and cell autonomous action, respectively."
GSE284019,Colon - Transverse,Colon - Transverse;Liver,True,True,False,"Colorectal cancer (CRC) remains a leading cause of cancer-related morbidity and mortality globally, with 30-40% of cases developing metastasis, primarily to the liver (CRLM). While immunotherapy has shown promise for the treatment of CRC, CRLM patients still experience limited therapeutic benefits potentially due to an immunosuppressive tumor microenvironment (TME). Therefore, it is urgently needed to elucidate the key-players that drives CRLM and potentiates immunotherapeutic resistance. In this study, we started from establishing a liver-metastatic subline of LoVo cells through continuous passaging in vivo, allowing the screening of RNA expression profiles associated with CRLM. Combining spatial-transcriptomic sequencing and single-cell analysis, we demonstrated a significant upregulation of SPP1 (secreted phosphoprotein 1) expression and secretion in CRLM, and potentiated its contribution to immunotherapeutic resistance. By applying patient-derived xenograft/organoid models and various syngeneic culturing systems, we discovered that SPP1 manipulates the production of CXCL12 by cancer-associated fibroblasts (CAFs) through activating the β-catenin/HIF-1α-related transcription, thus drives a feedback loop for cancer development, shapes an immunosuppressive landscape and contributes to primary/acquired resistance against immunotherapy. Our study underscores the potential of targeting SPP1 and CAFs as a strategy to overcome immunotherapeutic resistance in CRC, especially for CRLM. By providing robust preclinical evidence, we advocate for further investigation into SPP1 as a biomarker and a druggable target for precision cancer treatment. This research contributes critical insights into the intricate interactions within the TME and offers promising avenues for enhancing therapeutic outcomes in CRC patients facing liver metastasis."
GSE266551,Stomach,Stomach,True,True,True,"To study Aqp5 functions in human gastric cancer organoids, we generated Aqp5 FLIP-Puro organoids allowing for inducible loss of Aqp5 expression upon Cre gesicle administration. We analysed transcriptomes of these organoids at various timepoints following loss of Aqp5 to elucidate potential functions of Aqp5 in this system."
GSE276170,Colon - Transverse,Colon - Transverse,True,True,True,"Colon epithelial organoid lines were developed from pediatric patients with endoscopically active ulcerative colitis, inactive ulcerative colitis, and those without endoscopic or histologic evidence of colon inflammation (non-IBD controls). From each organoid line, RNA was processed from undifferentiated organoids (spheroids) and parallel organoids differentiated for 3 days (colonoids). Paired-end sequencing of poly-A enriched RNA libraries was carried out on the Illumina NovaSeq PE150 platform and the reads were aligned to the human reference hg38 genome. To determine differentially expressed genes, transcripts with Log2FC ≥ ±1, FDR P ≤ 0.1 were considered statistically significant."
GSE282649,Liver,Liver,True,True,True,"To investigate the interaction between hepatocytes and hepatic stellate cells in iHSOs, we established contact co-culture organoids using iPSC-derived HSCs and hepatocytes; termed iPSC-derived hepatocyte-stellate cell surround organoids (iHSOs). Sorting based on fluorescent labeling (GFP/tdTomato) of the iPSCs used in iHSOs allowed analysis of each cell type. A comprehensive RNA-seq analysis was conducted."
GSE307124,Brain - Cortex,Brain - Cortex,True,True,True,"Microglia are cells essential for many aspects of brain development, homeostasis, and neuroinflammation that originate from the yolk sac during embryogenesis and migrate to the developing brain. Considering their developmental origin, many brain organoid models would naturally lack them and require a co-culture. We developed a microglia-integrated brain organoid model (immune-competent brain microphysiological system: µbMPS) using hiPSC-derived neural and microglia progenitors aggregated in U-bottom 96-well plates, enabling controlled and reproducible incorporation of microglia progenitors. We demonstrated that microglia integrated, matured, and survived long-term in the neural environment without costly exogenous microglia-specific growth factors and cytokines. We maintained microglia for over nine weeks, demonstrating functional activity, phagocytosis, and neuroinflammatory responses. µbMPS exhibited enhanced neuronal activity and maturity, offering a scalable, reproducible model for neurodevelopment, disease modeling, and neurotoxicology research."
GSE300013,Kidney - Cortex,Kidney - Cortex,True,True,True,"Pluripotent stem cell–derived kidney organoids (PSC-KOs) have been put forward as a preferred culture system in which to study human kidney development and disease. In contrast, the development of human fetal kidney tissue–derived organoids (hFKOs) that could serve as a benchmark for PSC-KOs has not advanced very far. Herein, utilizing a chemically defined serum-free medium, we established a long-term culture protocol for hFKOs that self-organize into polarized renal epithelium and faithfully recapitulate nephrogenic and ureteric bud cell lineages. Bulk transcriptomics, single-cell RNA sequencing, and pseudotime analysis along with immunostaining revealed diverse populations among hFKOs, with a preserved differentiation axis mostly at higher levels and to a greater extent than for PSC-KOs. Accordingly, compared to PSC-KOs, hFKOs were significantly enriched for the NOTCH signaling pathway genes, allowing single-cell analysis of changes following NOTCH inhibition. We observed a preferential increase of mature distal tubules at the expense of early proximal tubules and defined a new adaptive prominin 1–expressing (PROM1+, or CD133+) cell state that escapes NOTCH inhibition to generate proximal and distal tubules. Overall, the concomitant understanding of developmental processes using hFKOs is a key development for the fields of kidney stem cell biology and regenerative medicine."
GSE305958,Liver,Liver,True,True,True,"Cholangiocarcinoma (CCA) remains a lethal malignancy with limited therapeutic options. Through genome-wide CRISPR-Cas9 screening, we identified the ATPase valosin-containing protein (VCP) as a critical dependency in CCA. Compound screens revealed that the VCP inhibitor CB-5339 potently suppresses CCA proliferation in a panel of patient derived organoids by inducing cellular senescence. It is known that senescent cells persist and this can contribute to therapy resistance. To address this, we combined CB-5339 with senolytic agents (ABT-263 and conatumumab), which selectively eliminate senescent CCA cells, achieving enhanced tumor suppression in vitro and in vivo. Clinical analysis showed that VCP overexpression in CCA patients correlates with poor prognosis. Our study unveils a “one-two punch” strategy, targeting VCP-mediated senescence followed by senolytic clearance, offering a promising therapeutic approach for CCA."
GSE212099,Liver,Liver,True,True,True,"We combined human induced pluripotent stem cells (hiPSCs) and 3D printing to mass-produced liver Disse space-like organoids in microspheres hydrogels (DOs). After 5 days of co-culture, the cells within the microspheres were aggregated and developed into liver organoids, composed of iPSC-derived hepatocytes, endothelial cells, and hepatic stellate cells (LX2). These organoids mirrored the hepatotoxicity of polystyrene microplastics (PS-MPs), TBBPA, and complexes MPTA with healthy and patient-derived organoids."
GSE305923,Liver,Liver,True,True,True,"Using human liver progenitor cell cultures, we showed that WNT3A and RSPO1 co-treatment could effectively regulate hepatic cell fate and uncovered their potential functional crosstalk with the PPARα signaling pathway. We also observed that dual ligands loaded on a single exosome (exoWNT3A/RSPO1) hyperactivated the WNT signaling and promoted efficient hepatic organoid growth compared to the small molecule inhibitor CHIR99021. After exoWNT3A/RSPO1 administration, we confirmed the efficient delivery and robust activation of WNT signaling in the mouse liver. Importantly, exoWNT3A/RSPO1 could accelerate liver repair and regeneration under various conditions, including acute and chronic injuries and aging-associated phenotypes."
GSE301725,Brain - Cortex,Brain - Cortex,True,True,True,"Brain Microphysiological Systems including neural organoids derived from human induced pluripotent stem cells offer a unique lens to study the intricate workings of the human brain. This paper investigates the foundational elements of learning and memory in neural organoids, by quantifying immediate early gene expression in response to chemical modulation, input-specific short- and long-term synaptic plasticity, neuronal network dynamics, connectivity, and criticality to demonstrate the utility of these organoids in basic science research. Neural organoids showed synapse formation, glutamatergic and GABAergic receptor expression, immediate early gene expression basally and evoked, functional connectivity, criticality, and synaptic plasticity in response to theta-burst stimulation. In addition, pharmacological interventions on GABAergic and glutamatergic receptors, and input-specific theta-burst stimulation further shed light on the capacity of neural organoids to mirror synaptic modulation, short- and long-term potentiation and depression, demonstrating their potential as tools for studying neurophysiological and neurological processes and informing therapeutic strategies for diseases."
GSE300839,Breast - Mammary Tissue,Breast - Mammary Tissue,True,True,True,"Obesity is predicted to become the largest modifiable risk factor for breast cancer in postmenopausal women, yet the mechanisms underlying this association are unclear. We identified a novel protective mechanism for lean adipocytes to suppress breast cancer by secreting the oxylipin 9S-HODE, which induces ferroptosis in breast cancer cells while sparing normal breast epithelial cells. Consequently, the inhibition of ferroptosis accelerates breast cancer in lean, but not obese, mice. Obese adipocytes fail to secrete 9S-HODE, suggesting that the loss of 9S-HODE significantly contributes to the acceleration of breast cancer in obesity. Further, 9S-HODE supplementation into tumors in obese mice is sufficient to reduce tumor burden and additionally can inhibit the growth of patient-derived breast cancer organoids, underscoring its potential as a therapeutic agent."
GSE236379,Kidney - Cortex,Kidney - Cortex,True,True,True,"Chronic kidney disease (CKD) affects over half of all adults over 70 and 13% of the global population. The development of renal fibrosis is strongly correlated with loss of kidney function during CKD and involves cellular injury, excessive production of extracellular matrix proteins and inflammation. Current treatments focus on controlling blood pressure, controlling diabetes, and steroid therapies; however, we have no treatments to suppress renal fibrosis. Because hypoxia plays a key role in the development and progression of CKD, we have developed a new model of induced pluripotent stem cell-derived kidney organoids to study in vitro the development of fibrosis in a human model."
GSE304110,Colon - Transverse,Colon - Transverse,True,True,True,"Background: Colorectal cancer (CRC) remains the second leading cause of cancer mortality in the U.S., with significant racial and ethnic disparities in incidence, survival, and mortality rates. The rising incidence of early-onset CRC and the frequent presentation at advanced stages of CRC among the Hispanics makes this an important ethnic group to study. A deeper understanding of the complex interplay between molecular, genetic, and environmental factors is critical for developing targeted therapies to reduce the prevalence in specific racial and ethnic groups, such as Hispanics. This study explores the role of stress-survival pathway (SSP) genes in early-onset and late-stage CRC, primarily focusing on disparities between Hispanics and Non-Hispanic Whites (NHWs). Additionally, this study investigates the role of MCM10, in contributing to CRC disparities among the Hispanic populations with an emphasis of early-onset and late-stage CRC Hispanics. Methods: One of our previous studies had identified some SSP protein coding genes associated with CRC. The expressions of these genes were validated in CRC cell lines, cDNA arrays, tissue microarrays, and tissue samples using qRT-PCR, and immunohistochemistry. The transcript-level expressions of differentially expressed SSP genes were further evaluated in Hispanic and NHWs tumor tissues, including early onset and late-stage cohorts. Additionally, we performed cellular physiological and functional assays to explore the role of MCM10 in tumor progression, before and after siRNA mediated knockdown. High-throughput transcriptomic and proteomic analyses were performed to reveal the underlying molecular mechanism.  Results: We observed differential expressions of twelve SSP genes in CRC cell lines, at the transcript level; that of ten genes in early and late stages using cDNA arrays, and nine genes at the protein levels using tissue microarrays and immunohistochemistry. Hispanic CRC samples showed differential expression of all nine SSP genes compared to NHWs, in early-onset, and late-stage CRC, with all genes being upregulated other than CDK4 and PRDX4 in late-stage CRC and CDK4 in early-onset CRC. Our functional study demonstrated that MCM10 knockdown in CRC cell lines significantly reduced cell proliferation, growth, invasion and migration by inducing cell cycle arrest, apoptosis and reactive oxygen species pathways. The integrative RNA-sequencing and proteomics study reported that the novel gene PPFI1A could be associated with MCM10 mediated cancer progression. The role of MCM10 and PPFI1A in cancer progression has been validated using a Hispanic CRC patient derived organoid. Conclusion: This study highlights the role of SSP genes, particularly MCM10, in colorectal cancer progression and its potential as a biomarker and therapeutic target to address Hispanic CRC disparities."
GSE303741,Uterus,Uterus,True,True,True,"Decidualization of human endometrial stromal cells (hESCs), a critical process for embryo implantation and successful pregnancy, begins during the secretory phase of the menstrual cycle. We evaluated 25 established in vitro decidualization markers in hESCs using in vivo single-cell transcriptomic data. Most markers, including PRL and IGFBP1, did not reliably distinguish between proliferative and secretory phase hESCs, nor between decidualized and non-decidualized hESCs. Only 8 genes (STAT3, CEBPB, WNT4, IL-15, TIMP3, HAND2, FOXO1 and MMP19) showed differential expression between the menstrual phase and decidualization status in vivo. We hypothesized that the difference between in vitro and in vivo marker expression might result from the absence of endometrial glands in the in vitro decidualization model. While endometrial glands are known to secrete factors critical for uterine receptivity, their specific role in decidualization is not well understood. To investigate this, we examined the influence of the glandular secretome on ESC decidualization using an in vitro co-culture model of human endometrial organoids (hEOs) and hESCs. Decidualization was induced in hESCs, and the effects of hEO co-culture or exposure to hEO secretome were assessed by morphological analysis, molecular marker expression, and transcriptomic profiling. Unexpectedly, both hEO co-culture and exposure to the hEO secretome significantly reduce the up-regulation of canonical decidualization markers and the mesenchymal-epithelial transition typically induced during hESC decidualization. Transcriptomic analysis further revealed downregulation of decidualization regulators, CEBPA and EDN1, in ESCs exposed to the hEO secretome compared to decidualized controls. These findings were corroborated in an estradiol-stimulated mouse model, where increased endometrial gland formation correlated with reduced decidualization and lower expression of CEBPA and EDN1. Collectively, our results reveal a previously unrecognized homeostatic role for the endometrial gland secretome in regulating ESC decidualization. These insights highlight the limitations of current in vitro decidualization models and underscore the importance of glandular-stromal interactions in endometrial function and reproductive health."
GSE265851,Lung,Lung,True,True,True,"LAM is a rare disease which causes lung cysts and respiratory failure. TSC2 deficient ‘LAM cells’ with dysregulated mTOR signalling form nodules with fibroblasts causing lung injury. We examined if mTOR dysregulation could induce senescence and impair responses to lung injury. Senescence markers p21 and p16 were increased in LAM lungs and co-localised with alveolar type 2 cells. The SenMayo senescence gene panel was upregulated in LAM alveolar type 2 cells with senescence supressed by mTOR inhibition in patients. LAM cell / fibroblast spheroid cultures induced senescence markers in alveolar type 2 cell organoids, altered their growth and delayed epithelial scratch wound repair. Upstream regulator analysis predicted alveolar type 2 cell IL6 receptor activation. IL6 was produced by LAM cells, was overexpressed in LAM serum and related to lung function, induced p16 and p21 in alveolar type 2 cells and inhibited epithelial wound resolution. Wound repair in the presence of TSC2 null but not TSC2 addback LAM cell / fibroblast spheroids was enhanced by the IL6 receptor antagonist Tocilizumab. Our findings show TSC2 loss induces senescence and IL6 production which are associated with impaired lung repair. Targeting IL6 signalling in parallel with mTOR inhibition, may reduce lung damage in LAM."
GSE246793,Breast - Mammary Tissue,Breast - Mammary Tissue,True,True,True,"While ERα+ breast cancer treatment is considered effective, resistance to endocrine therapy is common. Since in therapy-resistance tumors, ERα is still the main driver, alternative therapeutic strategies are needed to disrupt ERα transcriptional activity. In this work, we describe TRIM24 as a key player of the ERα transcriptional complex. TRIM24 interacts with ERα and other well-known ERα-cofactors to facilitate ERα chromatin interactions, and allows for maintenance of active histone marks including H3K23ac and H3K27ac. Consequently, genetic perturbation of TRIM24 abrogates ERα-driven transcriptional programs and reduces tumor cell proliferation capacity. Using a recently-developed PROTAC targeting TRIM24, ERα-driven transcriptional output and growth was blocked, effectively treating not only endocrine-responsive cell lines, but also drug resistant derivates thereof as well as cell line models bearing activating ESR1 point mutations. Finally, using human tumor-derived organoid models, we could show efficacy of TRIM24 PROTAC in the endocrine responsive and resistant setting, with no response in ERα-negative organoids. Overall, our study positions TRIM24 as a central component for integrity and activity of the ERα transcriptional complex, with PROTAC-mediated perturbation of TRIM24 as promising therapeutic avenue in the treatment of primary and endocrine resistance breast cancer."
GSE288661,Colon - Transverse,Colon - Transverse,True,True,True,"We elucidate mechanisms underlying loca non-pituitary GH (npGH) action in the non-tumorous colon tissue microenvironment. We demonstrate autocrine npGH action in normal human colon cells (hNCC) infected with lentivirus-expressing hGH (lentiGH), as well as paracrine npGH action in hNCC co-cultured with lentiGH hNCC and in intact human 3-dimensional intestinal organoids co-cultured with organoids infected with lentiGH. Enriched gene ontology and pathway analysis of intact organoids exposed to paracrine npGH identified distorted extracellular matrix (ECM) and focal adhesion pathways concurrent with altered expression of ECM and cytoskeletal proteins. Significant phosphoprotein changes associated with cytoskeleton and cell migration pathway occurred in GH-exposed hNCC. Paracrine npGH triggers these changes by activating epithelial-mesenchymal transition, as shown by suppression of E-cadherin and induction of Twist2 in cellular models, as well as in the colon of nude mice inoculated with GH-secreting xenografts. These changes are consistent with observed increased migration of hNCC overexpressing lentiGH, or in those co-cultured with GH-secreting hNCC or with GH-secreting normal colon fibroblasts. Furthermore, whole exome sequencing detected increased structural variation in intact organoids co-cultured with lentiGH-infected organoids, likely as a consequence of GH-mediated suppressed DNA damage repair, thereby favoring cell transformation."
GSE281080,Kidney - Cortex,Kidney - Cortex,True,True,True,"Kidney organoids serve as an invaluable platform for modeling hereditary renal diseases and developing therapeutic interventions. While various kidney organoid differentiation protocols have been developed, the protocol introduced by Morizane et al. was among the first to generate kidney organoids from induced pluripotent stem cells (iPSCs). By using a modified version of this protocol, we successfully generated kidney organoids in 21 days. Most studies on kidney organoids focus on early stages, typically between days 21 and 29, leaving the gene expression dynamics during prolonged culture less explored. In this study, we cultured healthy iPSC-derived kidney organoids for 22, 32, and 42 days and performed bulk RNA sequencing to investigate gene expression regulation during organoid culture. We also developed X-linked Alport syndrome (XLAS) organoid models carrying deep-intronic variants (severe and moderate models) to develop Antisense oligonucleotide (ASO) therapeutic approaches. Kidney organoids contain over 15 distinct cell types, making them a complex model for studying cell-type-specific maturation. By comparing organoids at early (day 22), mid (day 32), and late (day 42) time points, we observed significant changes in gene expression, particularly in genes related to the extracellular matrix, alongside the downregulation of podocyte-specific genes. Notably, we confirmed the upregulation of podocyte-specific collagen IV genes (COL4A3 and COL4A4), which are critical for forming the glomerular basement membrane (GBM). Overall, these findings underscore the importance of maintaining organoids in culture for at least 15 days beyond the last day of differentiation (day 21) to ensure the development of a more mature GBM, essential for BM disease modeling such as Alport syndrome."
GSE287183,Prostate,Prostate,False,True,True,Epigenetic de-repression of drivers of neuroendocrine prostate cancer
GSE298576,Liver,Liver,True,True,True,"Adult primary human hepatocytes (PHHs) are the gold standard in ex vivo toxicological studies and possess the clinical potential to treat patients with liver disease as advanced therapy medicinal products (ATMPs). However, the utility of this valuable cell type has been limited by short-term functionality and limited expansion potential in vitro. While notable advances have been made in the long-term maintenance of primary hepatocytes, there has been limited success in driving the efficient generation and expansion of adult PHH-derived organoids which recapitulate both liver tissue architecture and function, hampering in vitro studies and regenerative medicine applications. Here we describe the mass generation and long-term expansion of hepatocyte organoids with functionally interconnected hepatic and biliary-like structures from adult primary human hepatocytes. Hepatocyte organoids retain the expression of lineage and functional markers, closely resembling PHH, while also acquiring the expression of regeneration, fetal and biliary markers. Organoids perform key hepatocyte functions while proliferating and can be matured to enhance their functionality. As a proof-of-principle, we demonstrate that hepatocyte organoids can recapitulate hallmarks of cholestasis and steatosis in vitro. Moreover, we show that hepatocytes can be transfected, transduced and gene edited in 3D prior to organoid generation, facilitating a wide range of applications. Our novel hepatocyte organoid system bridges the gap between short-term functionality of primary human hepatocytes and the need for scalable, long-term organoid models of the adult liver, offering immense potential for drug testing, disease modeling, and advanced therapeutic applications."
GSE271315,Kidney - Cortex,Kidney - Cortex,True,True,True,"Pluripotent stem cell–derived kidney organoids (PSC-KOs) have been put forward as a preferred culture system in which to study human kidney development and disease. In contrast, the development of human fetal kidney tissue–derived organoids (hFKOs) that could serve as a benchmark for PSC-KOs has not advanced very far. Herein, utilizing a chemically defined serum-free medium, we established a long-term culture protocol for hFKOs that self-organize into polarized renal epithelium and faithfully recapitulate nephrogenic and ureteric bud cell lineages. Bulk transcriptomics, single-cell RNA sequencing, and pseudotime analysis along with immunostaining revealed diverse populations among hFKOs, with a preserved differentiation axis mostly at higher levels and to a greater extent than for PSC-KOs. Accordingly, compared to PSC-KOs, hFKOs were significantly enriched for the NOTCH signaling pathway genes, allowing single-cell analysis of changes following NOTCH inhibition. We observed a preferential increase of mature distal tubules at the expense of early proximal tubules and defined a new adaptive prominin 1–expressing (PROM1+, or CD133+) cell state that escapes NOTCH inhibition to generate proximal and distal tubules. Overall, the concomitant understanding of developmental processes using hFKOs is a key development for the fields of kidney stem cell biology and regenerative medicine."
GSE208684,Colon - Transverse,Colon - Transverse,True,True,True,"Inflammatory bowel disease (IBD) patients are generally at an increased risk for viral diseases. Viral infections of tissue affected by chronic IBD are insufficiently understood, especially in the context of flare-ups; while some studies have confidently shown aggravation of symptoms in large cohorts, others found no association. Although not considered at an increased risk of Coronavirus Disease 2019 (COVID-19), IBD patients suffer more frequent gastrointestinal symptoms during COVID-19 and a worse outcome has been associated with certain IBD medications and disease activity. For this reason, we generated intestinal epithelial organoids from ileum with Crohn’s disease (CD) and colon with ulcerative colitis (UC) together with healthy controls. Each group included five to six patients. Using RNA sequencing we showed that IBD organoids were not more susceptible to infection. The highest viral load two days after infection was in healthy ileum and is correlated to the expression of SARS-CoV-2 entry receptor ACE2 and proteases CTSL/B. Pathway analyses determined an apparently weaker defense reaction in CD organoids to SARS-CoV-2 which could simply be due to the lower viral load compared to the healthy group. In contrast to CD, there was an activation of viral defense in infected UC colon, especially interferon signaling, resembling highly infected healthy ileum. This was not seen in healthy colon and was unexpected since UC and healthy colon did not differ in viral load. In uninfected IBD organoids compared to healthy, there was an already stronger basal expression of genes implicated in viral defense, for example, of viral sensors OAS1 and OASL in CD and interferon regulatory transcription factor IRF7 in UC. Some were further influenced by SARS-CoV-2 infection with notable differences between CD and UC.  To conclude, infection with SARS-CoV-2 did not lead to higher viral numbers in IBD organoids providing reassurance for patients in remission. Still, we observed a more pronounced epithelial defense reaction to the virus in UC colon, prompting further investigations on whether this could be the reason for stronger gastrointestinal symptoms of COVID-19 seen in IBD patients or if it could lead to a consequent IBD flare."
GSE274584,Lung,,True,False,False,"An established mechanism contributing to Immune Checkpoint Inhibitor (ICI) therapy failure is tumor evasion of T-cell responses via downregulation of human leukocyte antigen (HLA). Conversely, the effector function of Natural Killer (NK) cells is enhanced in the absence of HLA expression, making NK-based cellular therapies an attractive option for tumors that are resistant to ICIs. We investigated the preclinical efficacy of using selective isolation of NK cells and harvesting of NKEVs in NSCLC. Single-cell RNAseq (scRNAseq) was used to examine the cellular landscape in PBMCs and tumor tissue. NK cells were isolated from PBMCs, expanded in vitro, and NK-derived EVs (NKEV) were collected and the EV RNA and protein cargo was characterized using proteomics and transcriptomics. The functional capabilities of patient derived NKEVs were assayed with 3-dimensional organoid-like structures derived from patient tumor cells.  This work described the cellular landscape in NSCLC circulating and tumor infiltrating immune cells. Additionally, it demonstrated that NKEVs can be successfully harvested from patient derived, expanded NK cells, and highlighted their anti-tumor properties in combination with standard-of-care therapies."
GSE271749,Breast - Mammary Tissue,Breast - Mammary Tissue,True,True,True,"Triple negative breast cancer (TNBC) is an aggressive subtype of breast cancer. Most TNBCs are initially sensitive to DNA damaging chemotherapy, a substantial fraction acquire resistance to treatments and progress to advanced stages associated with poor prognosis. We identify the spliceosome U2 small nuclear ribonucleoprotein (snRNP) complex as a modulator of chemotherapy efficacy in TNBC. Transient treatment with U2snRNP inhibitors induced a persistent DNA damage in TNBC cells and patient-derived organoids (PDOs), regardless of their homologous recombination proficiency. Transcriptome analyses revealed that U2snRNP inhibition causes a pervasive deregulation of genes involved in the DNA damage response (DDR), which relied on their genomic structure characterized by a high number of small exons. Importantly, a pulse of splicing inhibition was sufficient to elicit long-lasting repression of DDR proteins and to enhance the cytotoxic effect of platinum-based drugs and poly ADP-ribose polymerase inhibitors (PARPi) in multiple TNBC models. These findings identify the U2snRNP as an actionable target that can be exploited to enhance chemotherapy efficacy in TNBCs."
GSE269871,Skin - Sun Exposed (Lower leg),Skin - Sun Exposed (Lower leg),False,True,True,"Specialized secretory cells, including keratinocytes in the last viable layers of mammalian epidermis, utilize lysosome-related organelles (LROs) to exocytose distinct cargoes vital for tissue function. Here, we demonstrate that the Flower isoform, hFWE4, a putative Ca2+ channel that permits endocytic retrieval of presynaptic vesicles and lytic granules, also resides on epidermal lamellar bodies (LBs), an LRO that extrudes a proteinaceous lipid-rich matrix to finalize the epidermal barrier. We show that hFWE4-positive LBs associate with a distinct ensemble of LRO trafficking mediators and that, in a process required for maturation of the epidermal barrier, hFWE4 elevates cytosolic Ca2+ to facilitate the apically polarized exocytosis of LBs. Finally, supporting a critical role for hFWE4-dependent trafficking in establishing the epidermal barrier, we demonstrate that this process is dysregulated in genetic diseases of cornification that are driven by impairments in keratinocyte Ca2+ handling. Our results provide new insight into the biogenesis and trafficking of epidermal LBs and more broadly suggest that hFWE4 is a core component of LRO trafficking machinery that endows Ca2+ dependency to distinct stages of the transport process depending on the cell of origin."
GSE296672,Kidney - Cortex,Brain - Cortex;Kidney - Cortex,True,True,False,"Mitotic spindle orientation is crucial for cell fate determination and tissue organization. Although the intracellular machinery governing spindle orientation is well characterized, whether and how secreted factors, such as morphogens, regulate this process remains poorly understood. This study investigated the role of Hedgehog (HH) signaling in modulating mitotic spindle orientation in neural progenitor cells and in induced pluripotent stem cells (iPSCs). Time-lapse microscopy of cerebral organoids and iPSCs revealed that HH signaling increases the angle of the mitotic spindle relative to the apical surface, prolongs mitosis, and enhances spindle rotation. Mechanistically, HH signaling reduces both the number and the length of astral microtubules, key regulators of spindle orientation. This reduction correlates with increased spindle angle in iPSCs. Furthermore, we show that canonical HH signaling, involving GLI-dependent transcriptional regulation, contributes to these effects. RNA sequencing and gene set enrichment analysis (GSEA) revealed that HH signaling upregulates genes associated with microtubule depolymerization, suggesting a transcriptional mechanism by which HH signaling influences astral microtubule dynamics and, consequently, mitotic spindle orientation. These findings highlight a novel link between a morphogen, transcriptional regulation, and the control of mitotic spindle orientation, with implications for development and tissue homeostasis."
GSE280257,Stomach,Stomach,True,True,True,"Investigating gene-drug interactions is critical for advancing personalized medicine by revealing how genetic variations shape individual responses to medications. To achieve this goal, it is essential to develop a robust human functional genomics system that can accurately recapitulate normal physiology and disease while effectively accounting for the complexity and heterogeneity among individuals. We explored this potential in primary 3D human gastric organoids by implementing a wide range of large-scale CRISPR-based genetic screens, including CRISPR knockout, CRISPR interference (CRISPRi), CRISPR activation (CRISPRa), and single-cell CRISPR screens. Our cisplatin sensitization screens targeting 1,952 DNA-binding proteins identified numerous known genes associated with DNA repair pathways, along with previously unrecognized cisplatin sensitization loci. Individual validation of top hits further confirmed the robustness of the screening results. Furthermore, using multiplexed single-cell CRISPR screens to simultaneously extract individual sgRNAs and single-cell transcriptomes, we uncovered a convergence within DNA repair pathways in cisplatin-treated organoids compared to cisplatin-naïve organoids. These methods distinguished high-dimensional synergistic effects between sgRNAs and drug perturbations by leveraging each cell's gene expression profiles, improving the resolution to link genotypes with drug response phenotypes in organoids. Finally, we identified TAF6L as a novel cisplatin sensitization gene. Mechanistically, TAF6L is crucial for the proliferation of cell recovery following cisplatin-induced DNA damage response. In summary, diverse CRISPR-based functional genomics platforms can be successfully applied to human organoids, revealing new gene-drug interactions with implications for human disease."
GSE289912,Brain - Cortex,Brain - Cortex,True,True,True,"Apolipoprotein E4 (APOE4) is the leading genetic risk factor for Alzheimer’s disease. While most studies examine the role of APOE4 in aging, APOE4 causes persistent changes in brain structure as early as infancy and is associated with altered functional connectivity that extends beyond adolescence. Here, we used human induced pluripotent stem cell (iPSC) derived cortical and ganglionic eminence organoids (COs and GEOs) to examine APOE4’s influence during cortical development of excitatory and inhibitory neurons. We show that APOE4 reduced cortical neurons and increased glia by promoting gliogenic transcriptional programs. In contrast, increased proliferation and differentiation of GABAergic progenitors resulted in early and persistent increases in GABAergic neurons. Multi-electrode array recordings in assembloids revealed that APOE4 disrupted neural network function resulting in heightened excitability and synchronicity. Together, our data provides new insights on how APOE4 influences cortical neurodevelopmental processes and network formation."
GSE298818,Breast - Mammary Tissue,Breast - Mammary Tissue;Lung,True,True,False,"Understanding epithelial stem cell differentiation and morphogenesis during breast tissue development is essential, as disruption in these processes underlie breast cancer formation. Recent work has shown that epithelial stem and progenitor cells use the collagen receptor Discoidin Domain Receptor 1 (DDR1) for differentiation into both basal and luminal cell lineages, which together are necessary for complex ductal-lobular morphogenesis. Here, we used  a next-generation single cell derived organoid model that generates miniaturized breast tissue, to study how single stem cells can give rise to multiple cell types and compound tissue structures. We show that DDR1inhibition traps cells in a bipotent state, blocking alveolar morphogenesis and luminal cell expansion necessary for complex epithelium formation. Disrupting RUNX1 function produced nearly identical phenotypes, underscoring its critical role downstream of DDR1. Mechanistically, DDR1 affects the interaction and expression of RUNX1 and its cofactor CBFβ, thereby regulating its activity. Mutational analyses in breast cancer patients reveal frequent alterations in the DDR1-RUNX1 signaling axis, particularly co-occurring mutations. Together, these findings uncover DDR1-RUNX1 as a central signaling pathway driving breast epithelial differentiation, whose dysregulation may contribute fundamentally to breast cancer pathogenesis."
GSE269369,Colon - Transverse,Colon - Transverse;Liver,True,True,False,"Colorectal cancer (CRC) remains a leading cause of cancer death, primarily due to metastatic spread. LIN28B, an RNA-binding protein overexpressed in 30% of CRCs, acts as an oncogene and promotes CRC metastasis. However, the mechanisms through which LIN28B drives these effects remain unclear. In this study, we genetically modified CRC cell lines to overexpress LIN28B, leading to enhanced activation of the PI3K/AKT pathway and increased metastatic potential in mice. We developed genetically engineered mouse models (GEMMs) with mutant PIK3CA that are the first to exhibit primary intestinal tumors progressing to liver metastases with an intact immune system. Pharmacological inhibition with the PI3Kα-specific inhibitor alpelisib effectively reduced migration and invasion in vitro, as well as metastasis in vivo. Treatment of CRC patient-derived organoids (PDOs) with alpelisib, the AKT inhibitor capivasertib, and/or the S6K inhibitor LY2584702 demonstrated the potential of pathway inhibition to impair tumor growth. Tissue microarrays from CRC patients further indicated that pathway activation correlates with disease progression. These findings underscore the critical role of the PI3K/AKT pathway in CRC metastasis and open new avenues in targeted inhibition and combination therapies in metastatic CRC (mCRC)."
GSE288165,Brain - Cortex,Brain - Cortex,True,True,True,"Brain organoid technology has revolutionized our ability to model human neurodevelopment in vitro. However, current techniques remain limited by their reliance on simplified endothelial cell populations rather than a complete endothelial system. We engineered Multi-Region Brain Organoids (MRBOs) that integrate cerebral, mid/hindbrain, and complex endothelial organoids into one structure. Different from the earlier approaches based on isolated HUVECs, our endothelial organoids contain diverse vascular cell types, including vascular progenitors, mature endothelial cells, pericytes, proliferating angiogenic cells and stromal cells. Our strategy employs a sequential modulation of key developmental pathways to generate individual organoids, followed by optimized fusion conditions that maintain regional identities while supporting cellular integration. Single-nucleus RNA sequencing shows that MRBOs develop discrete neural populations specific to each brain region alongside specialized endothelial populations that establish paracrine signalling networks. Integration analysis with human fetal brain data shows that MRBOs contribute to 80% of cellular clusters found in human fetal brain tissue (Carnegie stages 12-16), whereas CellChat analysis identifies 13 previously uncharacterized endothelial-neural signalling interactions. Notably, we uncover endothelial-derived factors that support the persistence of intermediate progenitor populations during mid/hindbrain development, thereby revealing a new role for complex endothelial populations in regional brain patterning. This effect was not observed in cerebral development. This platform enables matching multiple developmental regions, fully incorporating the endothelial nature at the same time. There are opportunities for studying neurodevelopmental disorders in which neural-endothelial interactions are disrupted. Our engineered MRBO system establishes a foundation for investigating complex neurodevelopmental processes, providing an enabling context closer to physiological relevance."
GSE285436,Liver,Liver,True,True,True,"Under iHO conditions, distinctive grape-like organoids emerge. To evaluate the hepatocyte characteristics of grape-like organoids and other organoid forms, grape-like organoids were isolated under a microscope, and RNA-seq was performed."
GSE248110,Liver,Liver,True,True,True,"Liver has abundant regenerative capacity, but hepatocytes cannot be cultured long-term in vitro. Activation of FXR signaling induced iHOs with both hepatocyte traits and proliferative potential. To investigate the transcriptomic analysis of iHOs, we performed bulk RNA-seq analysis of organoids in different passages and single cell RNA-seq analysis of iHOs. Compared to 2D-iPS-Heps and organoids in other culture conditions, iHOs have expression profiles more similar to primary human hepatocytes and human fetal liver cells. Single cell RNA-seq revealed iHOs have a fraction that co-expresses hepatocyte markers and proliferation markers."
GSE252464,Liver,Kidney - Cortex;Liver,True,True,False,"The main obstacle to understanding the early stage of HCC is the lack of reliable models that mimic precancerous HCC in humans, leading to delayed diagnoses. In this study, we developed a CRISPR/Cas9-mediated TP53 knockout (TP53KO) human iPSC-derived endodermal hepatic organoid model (eHEPO) to simulate the early stage of liver cancer. Transcriptome analysis confirmed that TP53KO eHEPOs have an enrichment score across various signaling pathways, including inflammation, extracellular matrix (ECM) modification, fibrosis, and tumorigenesis as well as altered proliferation and differentiation balance. Furthermore, we observed enrichment in key regulatory elements, including HIF1A, IFNA, and STAT3, alongside discernible alterations in the Wnt/TGFB signaling pathways. Moreover, the histopathological analysis highlighted the presence of atypical cells with altered morphology, pseudo-glandular-tubular rosettes, inflammatory areas reminiscent of steatohepatitis, and hepatocytes displaying ballooning-like features. In conclusion, our in vitro eHEPO model confirms a faithful representation of human physiological and genomic landscapes, harmonizing closely with the current scientific discourse on the complications of liver cancer initiation, fibrogenesis, and disease progression. It proves to be a valuable tool for examining the impact of TP53-like first-hit genes and inflammation on the transformation of protumorigenic hepatic progenitor cells in diverse environments. We envision that this in vitro model holds promise for exploring the interactive effects of distinct microenvironments and gene knockouts. Additionally, it emerges as a potential platform for identifying candidates for early-stage drug development."
GSE252055,Kidney - Cortex,Kidney - Cortex,True,True,True,"Kidney organoids can be generated from commercially available human induced pluripotent stem cells (iPSC). They are amenable for genetic manipulation and useful for modelling development and early-onset genetic diseases. However, iPSC-derived kidney organoids lack longevity to model chronic stressors associated with chronic kidney disease. Adult epithelial kidney organoids (tubuloids) derived from nephrectomies or from renal cells suspended in urine can be passaged, expanded and cryopreserved, offering avenues to model epithelial injury and repair over longer timeframes. However, patient-derived organoids face regulatory barriers in their utilization. To leverage the benefits of both models, we establish a new protocol to generate tubuloids from iPSC-derived kidney organoids (iTubuloids). Kidney organoids were produced from iPSCs by directed differentiation then dissociated and cultured under adult organoid culture conditions. Epithelial organoids formed in less than 3 days from three distinct iPSC lines, each of which have been passaged > 12 times. Comparative analysis of gene expression profiles with RNA sequencing suggested that adult-derived tubuloids better represented the collecting duct, and iTubuloids showed increased expression of proximal and some distal markers. However, expression of proximal tubule markers was higher in iPSC-derived kidney organoids than any tubuloid model. We then evaluated the capacity of iTubuloids to model repetitive kidney injury and found exacerbation of the response and signs of failed repair as the injured progressed. Our study affirms capacity to extend the lifespan of epithelial cell types from short-lived iPSC-derived kidney organoids and reveal a need to optimise nephron cell identities in the tubuloid culture."
GSE291768,Brain - Cortex,Brain - Cortex,True,True,True,"Cerebral Cavernous Malformation (CCM) is a neurovascular disease distinguished by clusters of leaky, mulberry-like blood vessels. KRIT1 biallelic loss-of-function mutations in endothelial cells are known to trigger brain cavernomas, however, human pre-clinical models are needed to unveil the importance of germline KRIT1 heterozygous mutations in CCM pathogenesis. We generated three iPSCs from CCM patients with hereditary KRIT1 heterozygous mutations. Patient-derived vascularized organoids exhibited intricate and abnormal vascular structures with cavernoma-like morphology, and iPSCs-derived endothelial cells displayed phenotypic abnormalities at the junctional and transcriptional level. Upon injection into brain explants, CCM-endothelial cells integrated into the normal vasculature and created vascular anomalies. Lastly, transcriptional analysis showed that the endothelial progenitor marker PEG3 was highly expressed in iPSCs-derived CCM endothelial cells and further confirmed in familial and sporadic cavernoma biopsies. Overall, our study enlightens the molecular consequence of KRIT1 heterozygous mutations in endothelial cells and the potential implications in cavernoma pathogenesis."
GSE293756,Pancreas,Pancreas,True,True,True,"Treatment of pancreatic ductal carcinomas (PDACs) has been advanced by the development of KRAS mutant inhibitors. Despite this progress, PDACs invariably develop resistance to these agents by mechanisms that largely remain unclear. The MUC1 gene, which encodes an oncogenic MUC1-C protein, is upregulated in PDAC KRAS G12D tumors. We report that treatment of PDAC cells with the selective KRAS G12D MRTX1133 inhibitor is associated with induction of MUC1-C expression. We show that KRAS G12D inhibition activates a MUC1-C/NF-B p65 auto-inductive pathway. Our results further demonstrate that MUC1-C drives resistance to MRTX1133 by activating the inflammatory IFN type I and II pathways. Of clinical relevance, targeting MUC1-C genetically and pharmacologically reverses MRTX1133 resistance and is synergistic in combination with MRTX1133 treatment. In leveraging MRTX1133-induced upregulation of MUC1-C expression, an anti-MUC1-C (M1C) antibody-drug conjugate (ADC) is highly effective against MRTX1133-resistant PDAC KRAS G12D cell lines, patient-derived organoids and PDX tumor xenograft models. These findings demonstrate that MUC1-C confers resistance of PDAC KRAS G12D mutant cells to MRTX1133 and identify MUC1-C as a target for M1C ADC treatment of PDAC patients who are refractory to MRTX1133 treatment."
GSE287925,Prostate,Prostate,True,True,True,"Continued reliance on androgen receptor (AR) after androgen deprivation therapy (ADT) has failed causes 35,000 American prostate cancer (CaP) deaths annually. AR’s transcriptional activity is an attractive target to overcome this acquired resistance but has been challenging to pursue. We demonstrate the therapeutic potential of disrupting interactions between AR and its coregulator WDR77. WDR77 stimulated growth of CaP cells and xenografts and its overexpression associated with worse patient survival. AR and WDR77 cistromes overlapped considerably, AR- and WDR77-bound genes correlated with aggressive CaP features, and the AR cistrome was reduced after WDR77 loss. We delineated direct interaction between WDR77 and AR, which when disrupted prevented AR-WDR77 complex formation, reduced AR DNA-binding and AR-dependent gene expression. Such disruption decreased cell proliferation to the same extent as ADT, and inhibited cell growth when ADT-resistant AR action was modelled and after ADT-resistance without impacting AR-negative CaP cells or benign cells. Blocking AR-WDR77 cooperation also delayed growth of organoids generated from patient-derived xenografts and fresh CaP specimens. Disrupting coregulator control over AR action may thus improve survival from ADT-resistant CaP."
